Status,Hold Date,Cut Date,Release Date,Created date,Radio Single,Link (from Composition IDs),Artist,Song Title,Spirit Songwriters,Other Songwriters,Spirit %,Agreement Type,DOC (from Compositions),DOD (from Compositions),Usage Conflict,Featured Artists,Label,Parent Label,Release TBD,ISRC,Track Title,Album Title,Release Version,Release Type,Credit Type,Genre,Mixer IDs (from Composition),Office for Filtering,Fund,Venture,Tags,Notes,External Contact(s),Spirit Contact,Status Last Modified
Released,,,11/12/2021,9/21/2026,,,Marc Benjamin,Waiting For You,Camylio,"Daan Makkinga,Joel M Hailey,Marc Latapapua,Rory Bennett",13.34%,ESA/Co-Pub,,12/16/2024,,NEVRMIND,Universal International Music B.V.,UMG (Universal Music Group),,NL4SF2100009,Waiting For You (feat. NEVRMIND),Waiting For You (feat. NEVRMIND) - Single,Main Version,Single,Writer,Dance,SMG_MSG_109_16730,"SMN,SMG-US",SOS,SOS,,,,,9/21/2026
Released,,,5/12/2023,9/21/2026,,,Camylio,Unwanted,Camylio,"Liz Rose,Lucian Nagy",33.34%,ESA/Co-Pub,,12/16/2024,,,Mercury Records,,,USUG12302834,unwanted,unwanted - Single,Main Version,Single,"Writer,Artist,Producer",Singer/Songwriter,SMG_MSG_109_16708,"SMN,SMG-US",SOS,SOS,,,,,9/21/2026
Released,,,10/15/2021,9/21/2026,,,Camylio,Unbreak,Camylio,"Michael Needle,Rene Muller",33.34%,ESA/Co-Pub,,12/16/2024,,,Mercury Records,,,USUG12105231,unbreak,all the songs i used to love,Main Version,Album,"Writer,Artist,Producer",Alternative,SMG_MSG_109_16707,"SMN,SMG-US",SOS,SOS,,,,,9/21/2026
Released,,,5/24/2024,9/21/2026,,,Camylio,Trouble,Camylio,"Erik Teodor,Frans Thorell",33.34%,ESA/Co-Pub,,12/16/2024,Camylio (Released),,Mercury Records,,,USUG12402922,trouble,trouble - Single,Main Version,Single,"Writer,Artist,Producer",Alternative,SMG_MSG_109_16706,"SMN,SMG-US",SOS,SOS,,,,,9/21/2026
Released,,,8/25/2023,9/21/2026,,,Camylio,Strangers,Camylio,"Mazie Jane Olinger,Ryan Linvill",33.34%,ESA/Co-Pub,,12/16/2024,,,Mercury Records,,,USUG12307038,strangers,before we say goodbye,Main Version,Album,"Writer,Artist,Producer",Singer/Songwriter,SMG_MSG_109_16794,"SMN,SMG-US",SOS,SOS,,,,,9/21/2026
Released,,,8/25/2021,9/21/2026,,,Camylio,Sometimes,Camylio,,100.00%,ESA/Co-Pub,,12/16/2024,,,Mercury Records,,,USUG12101047,sometimes,sometimes - Single,Main Version,Single,"Writer,Artist,Producer",Alternative,SMG_MSG_109_16733,"SMN,SMG-US",SOS,SOS,,,,,9/21/2026
Released,,,10/6/2023,9/21/2026,,,Camylio,See You Soon,Camylio,"Alexander Bilowitz,Jesse St John Geller",33.34%,ESA/Co-Pub,,12/16/2024,,,Mercury Records,,,USUG12307036,see you soon,before we say goodbye,Main Version,Album,"Writer,Artist,Producer",Singer/Songwriter,SMG_MSG_109_16702,"SMN,SMG-US",SOS,SOS,,,,,9/21/2026
Released,,,10/6/2023,9/21/2026,,,Camylio,Running,Camylio,"Jesper Borgan,Sophie Alexandra Tweed-Simmons",33.34%,ESA/Co-Pub,,12/16/2024,,,Mercury Records,,,USUG12307034,running,before we say goodbye,Main Version,Album,"Writer,Artist,Producer",Singer/Songwriter,SMG_MSG_109_16701,"SMN,SMG-US",SOS,SOS,,,,,9/21/2026
Released,,,7/5/2024,9/21/2026,,,Camylio,Parachute,Camylio,"David Alan Schaeman,Michael Matosic",33.34%,ESA/Co-Pub,,12/16/2024,,,Mercury Records,,,USUG12403174,parachute,in the light and shadows,Main Version,Album,"Writer,Artist,Producer",Alternative,SMG_MSG_109_16700,"SMN,SMG-US",SOS,SOS,,,,,9/21/2026
Released,,,10/25/2024,9/21/2026,,,Camylio,Over Me,Camylio,Sophie Alexandra Tweed-Simmons,50.00%,ESA/Co-Pub,,12/16/2024,,,Mercury Records,,,USUG12405917,over me,over me - Single,Main Version,Single,"Writer,Artist,Producer",Alternative,SMG_MSG_109_16719,"SMN,SMG-US",SOS,SOS,,,,,9/21/2026
Released,,,7/21/2023,9/21/2026,,,Zach Hood,Neon Skies,"Camylio,Sawyer Utah","Jonny Joffe,Zach Hood",50.00%,"ESA/Co-Pub,ESA/Co-Pub",,12/16/2024,,,Coup D'Etat Recordings,,,USAR12300266,neon skies,neon skies - Single,Main Version,Single,"Writer,Producer",Pop,SMG_MSG_109_9449,"SMN,SMG-US",SOS,"SOS, VISCYRL / ARCADE JV",,,,,9/21/2026
Released,,,8/12/2022,9/21/2026,,,Camylio,Monsters,Camylio,"Justin Daly,Samuel Merrifield",42.50%,ESA/Co-Pub,,12/16/2024,,,Mercury Records,,,USUG12205669,Monsters,Monsters - Single,Main Version,Single,"Writer,Artist",Alternative,SMG_MSG_109_16729,"SMN,SMG-US",SOS,SOS,,,,,9/21/2026
Released,,,7/7/2021,9/21/2026,,,Camylio,Love and Hate,Camylio,"Dennis Neuer,Molly Irvine",33.34%,ESA/Co-Pub,,12/16/2024,,,Mercury Records,,,USUG12102798,love and hate,love and hate - Single,Main Version,Single,"Writer,Artist,Producer",Alternative,SMG_MSG_109_16699,"SMN,SMG-US",SOS,SOS,,,,,9/21/2026
Released,,,11/17/2023,9/21/2026,,,Bryant Barnes,Losing You,Camylio,"Andrew Luce,Bryant Barnes",47.50%,ESA/Co-Pub,,12/16/2024,,,Mercury Records,,,USUM72317023,Losing You,Losing You - Single,Main Version,Single,"Writer,Producer",R&B/Soul,SMG_MSG_109_16728,"SMN,SMG-US",SOS,SOS,,,,,9/21/2026
Released,,,7/5/2024,9/21/2026,,,Camylio,Littlest Things,Camylio,Rosaileen Scher,50.00%,ESA/Co-Pub,,12/16/2024,,,Mercury Records,,,USUG12403172,littlest things,in the light and shadows,Main Version,Album,"Writer,Artist,Producer",Alternative,SMG_MSG_109_16717,"SMN,SMG-US",SOS,SOS,,,,,9/21/2026
Released,,,3/10/2023,9/21/2026,,,Camylio,Leaving Home,Camylio,"Jez Ashurst,Nicholas Atkinson",33.34%,ESA/Co-Pub,,12/16/2024,,,Mercury Records,,,USUG12300953,leaving home,leaving home - Single,Main Version,Single,"Writer,Artist,Producer",Alternative,SMG_MSG_109_16697,"SMN,SMG-US",SOS,SOS,,,,,9/21/2026
Released,,,9/9/2022,9/21/2026,,,GATTÜSO,In Love With The Night (feat. Camylio),"Camylio,Remy Gautreau","Reem Taoz,Uri Illuz",50.00%,"ESA/Co-Pub,ESA/Co-Pub",4/9/2022,10/29/2024,,Camylio,Ultra Records,,,USUS12200420,In Love With The Night (feat. Camylio),In Love With The Night (feat. Camylio) - Single,Main Version,Single,"Writer,Artist",Dance,SMG_MSG_109_6678,"SMN,SMG-US",SOS,"SOS, ARCADE JV",,,,,9/21/2026
Released,,,6/30/2023,9/21/2026,,,Camylio,I'm Sorry,Camylio,Sophie Alexandra Tweed-Simmons,50.00%,ESA/Co-Pub,,12/16/2024,,,Mercury Records,,,USUG12305290,i'm sorry,i'm sorry - Single,Main Version,Single,"Writer,Artist,Producer",Singer/Songwriter,SMG_MSG_109_16715,"SMN,SMG-US",SOS,SOS,,,,,9/21/2026
Released,,,3/11/2022,9/21/2026,,,Camylio,I Tried,Camylio,Samuel James De Jong,50.00%,ESA/Co-Pub,,12/16/2024,,,Mercury Records,,,USUG12200867,i tried,i tried - Single,Main Version,Single,"Writer,Artist,Producer",Alternative,SMG_MSG_109_16714,"SMN,SMG-US",SOS,SOS,,,,,9/21/2026
Released,,,10/6/2023,9/21/2026,,,Camylio,"Hurting Me, Hurting You",Camylio,"David Alan Schaeman,Roland Spreckley",33.34%,ESA/Co-Pub,,12/16/2024,,,Mercury Records,,,USUG12307032,"hurting me, hurting you",before we say goodbye,Main Version,Album,"Writer,Artist,Producer",Singer/Songwriter,SMG_MSG_109_16696,"SMN,SMG-US",SOS,SOS,,,,,9/21/2026
Released,,,11/15/2024,9/21/2026,,,Zach Hood,Hole In My Pocket,"Camylio,Sawyer Utah",Zach Hood,66.66%,"ESA/Co-Pub,ESA/Co-Pub",,10/3/2024,Zach Hood (Released),,Coup D'Etat Recordings,,,USAR12400420,Hole In My Pocket,Whispering Pines (Deluxe),Main Version,Album,"Writer,Producer",Pop,SMG_MSG_109_15411,"SMN,SMG-US",SOS,"SOS, VISCYRL / ARCADE JV",,,,,9/21/2026
Released,,,2/2/2024,9/21/2026,,,Camylio,"High, High, High",Camylio,,100.00%,ESA/Co-Pub,,12/16/2024,Camylio (Released),,Mercury Records,,,USUG12400488,"high, high, high","high, high, high - Single",Main Version,Single,"Writer,Artist,Producer",Singer/Songwriter,SMG_MSG_109_16732,"SMN,SMG-US",SOS,SOS,,,,,9/21/2026
Released,,,10/28/2022,9/21/2026,,,Tom Gregory,Forget Somebody,Camylio,"David Straaf,Michael Needle,Rene Muller,Rick Boardman,Thomas Daniel Gregory",24.00%,ESA/Co-Pub,,12/16/2024,,,Sony Music Entertainment,,,DEE862201888,Forget Somebody,Forget Somebody - Single,Main Version,Single,Writer,Pop,SMG_MSG_109_16727,"SMN,SMG-US",SOS,SOS,,,,,9/21/2026
Released,,,11/5/2021,9/21/2026,,,Camylio,Foolish,Camylio,Samuel James De Jong,50.00%,ESA/Co-Pub,,12/16/2024,,,Mercury Records,,,USUG12105229,foolish,all the songs i used to love - EP,Main Version,EP,"Writer,Artist",Alternative,SMG_MSG_109_16713,"SMN,SMG-US",SOS,SOS,,,,,9/21/2026
Released,,,7/5/2024,9/21/2026,,,Camylio,Faith,Camylio,"James Matthew Norton,Skylar Mones",33.34%,ESA/Co-Pub,,12/16/2024,,,Mercury Records,,,USUG12403168,faith,in the light and shadows,Main Version,Album,"Writer,Artist,Producer",Alternative,SMG_MSG_109_16882,"SMN,SMG-US",SOS,SOS,,,,,9/21/2026
Released,,,11/15/2024,9/21/2026,,,Zach Hood,Dust n' Bones,Camylio,Zach Hood,50.00%,ESA/Co-Pub,,12/16/2024,,,Coup D'Etat Recordings,,,USAR12400379,Dust n' Bones,Whispering Pines (Deluxe),Main Version,Album,"Writer,Producer",Pop,SMG_MSG_109_16712,"SMN,SMG-US",SOS,SOS,,,,,9/21/2026
Released,,,7/5/2024,9/21/2026,,,Camylio,Dusk Till Dawn,Camylio,"Anton Nilsson,Felicia Magna Widen",33.34%,ESA/Co-Pub,,12/16/2024,Camylio (Released),,Mercury Records,,,USUG12403166,dusk till dawn,in the light and shadows,Main Version,Album,"Writer,Artist,Producer",Alternative,SMG_MSG_109_16694,"SMN,SMG-US",SOS,SOS,,,,,9/21/2026
Released,,,1/19/2024,9/21/2026,,,Zach Hood,Dopamine,Camylio,"Jonny Joffe,Ori Dulitzki,Zach Hood",25.00%,ESA/Co-Pub,,12/16/2024,Zach Hood (Released),,Coup D'Etat Recordings,,,USAR12300480,dopamine,dopamine - Single,Main Version,Single,"Writer,Producer",Pop,"SMG_MSG_101_239822, SMG_MSG_109_16723","SMN,SMG-US",SOS,SOS,,,,,9/21/2026
Released,,,12/6/2024,9/21/2026,,,"""Stellar, Camylio""",Dangerous Game,Camylio,Siddhant Banerjee,50.00%,ESA/Co-Pub,,12/16/2024,"""Stellar, Camylio"" (Released)",,Vydia,,,QZS7J2471444,Dangerous Game,Prince of Darkness,Main Version,Album,"Writer,Artist,Producer",Pop,SMG_MSG_109_16711,"SMN,SMG-US",SOS,SOS,,,,,9/21/2026
Released,,,11/5/2021,9/21/2026,,,Camylio,Bones,Camylio,Michael Wise,50.00%,ESA/Co-Pub,,12/16/2024,Camylio (Released),,Mercury Records,,,USUG12105230,bones,all the songs i used to love - EP,Main Version,EP,"Writer,Artist",Alternative,SMG_MSG_109_16709,"SMN,SMG-US",SOS,SOS,,,,,9/21/2026
Released,,,11/5/2021,9/21/2026,,,Camylio,Black and White,Camylio,"Benedikt Schoeller,Rene Muller,Timothy Auld",25.00%,ESA/Co-Pub,,12/16/2024,Camylio (Released),,Mercury Records,,,USUG12105226,black and white,all the songs i used to love - EP,Main Version,EP,"Writer,Artist",Alternative,SMG_MSG_109_16672,"SMN,SMG-US",SOS,SOS,,,,,9/21/2026
Released,,,10/6/2023,9/21/2026,,,Camylio,Better Love,Camylio,"Jonathan Green,Whakaio Taahi",33.34%,ESA/Co-Pub,,12/16/2024,Camylio (Released),,Mercury Records,,,USUG12307030,better love,before we say goodbye,Main Version,Album,"Writer,Artist",Singer/Songwriter,SMG_MSG_109_16671,"SMN,SMG-US",SOS,SOS,,,,,9/21/2026
Released,,,11/5/2021,9/21/2026,,,Cymo,Anyway,Camylio,"Dominic Rolke,Jintae Ko,Simon Adrian",33.30%,ESA/Co-Pub,,12/16/2024,Cymo (Released),,Soave Records,,,NLT2H2100851,Anyway,Anyway - Single,Main Version,Single,Writer,Dance,SMG_MSG_109_16670,"SMN,SMG-US",SOS,SOS,,,,,9/21/2026
Released,,,7/5/2024,9/21/2026,,,Camylio,Angel,Camylio,"Elin Johanna Bergman,Kristoffer Fogelmark",33.34%,ESA/Co-Pub,,12/16/2024,Camylio (Released),,Mercury Records,,,USUG12403164,angel,in the light and shadows,Main Version,Album,"Writer,Artist,Producer",Alternative,SMG_MSG_109_16669,"SMN,SMG-US",SOS,SOS,,,,,9/21/2026
Released,,,10/28/2022,9/21/2026,,,Camylio,Amnesia,Camylio,"Neil Ormandy,Stephen Miller",33.34%,ESA/Co-Pub,,12/16/2024,Camylio (Released),,Mercury Records,,,USUG12207837,amnesia,amnesia - Single,Main Version,Single,"Writer,Artist,Producer",Alternative,SMG_MSG_109_16666,"SMN,SMG-US",SOS,SOS,,,,,9/21/2026
Released,,,9/18/2026,9/18/2026,,,Midnight Til Morning,Bittersweet,Connor McCutcheon,"Evan Cline,Conor Smith,Mason Watts,Shane Appell,Zach Newbould",25.00%,ESA/Co-Pub,,9/18/2026,,,Chugg Music,,,AUBM02600236,Bittersweet,Anything - Single,Main Version,Single,Writer,Pop,SMG_MSG_109_22491,"SMN,SMG-US",SOS,FLUID JV II,,,,,9/18/2026
Released,,,9/18/2026,9/18/2026,,,Cassidy Daniels,Amen And Hell Yeah,Nick Autry,"Cassidy Daniels,Elizabeth Mc David Elkins",33.34%,ESA/Co-Pub,6/12/2024,2/28/2025,,,Country Road Records,,,QMBZ92691083,Amen & Hell Yeah,What Have I Got To Lose,Main Version,Album,Writer,Country,SMG_MSG_109_20030,"SMN,SMG-US",SOS,SOS,,,,,9/18/2026
Released,,,9/18/2026,9/18/2026,,,Gayle,Open Arms,Jessica Cayne,"Taylor Rutherford,Willie Breeding",33.33%,ESA/Co-Pub,9/24/2020,9/25/2020,"Gayle (Upcoming), Gayle (Released)",,Atlantic Recording Corporation,,,USAT22604437,Open Arms,Observing Chaos,Main Version,Album,Writer,Pop,SMG_MSG_101_206295,"SMN,SMG-US",CRESCENDO,2 MIX JV I,,,,,9/18/2026
Upcoming,,,,9/18/2026,,,The Prayers,Magic,Liz Lokre,"Tricky Stewart,Camara Alford,Jens Christian Isaksen",50.00%,ESA/Co-Pub,,9/15/2026,,,Independent,,checked,,,,Main Version,EP,Writer,,,"SMN,SMG-US",SOS,MATALON JV,,The Prayers are Liz Lokre and Tricky Stewart,,,9/18/2026
Released,,,7/5/2024,9/17/2026,,,Camylio,"High, High, High",Camylio,,100.00%,ESA/Co-Pub,,12/16/2024,Camylio (Released),,Mercury Records,,,USUG12400488,"high, high, high",in the light and shadows,Main Version,Album,"Writer,Artist",Alternative,SMG_MSG_109_16732,"SMN,SMG-US",SOS,SOS,,,,,9/17/2026
Released,,,2/2/2024,9/17/2026,,,Camylio,"High, High, High",Camylio,,100.00%,ESA/Co-Pub,,12/16/2024,Camylio (Released),,Mercury Records,,,USUG12400488,"high, high, high","high, high, high - Single",Main Version,Single,"Writer,Artist",Singer/Songwriter,SMG_MSG_109_16732,"SMN,SMG-US",SOS,SOS,,,,,9/17/2026
Hold,9/17/2026,,,9/17/2026,,,Blake Proehl,Hell Of A Way,Connor McCutcheon,"Blake Proehl,Spencer Jordan,Matt Hall,Lindsay Rimes",20.00%,ESA/Co-Pub,5/4/2026,5/5/2026,,,MCA Nashville,MCA (Music Corporation of America),,,,,Main Version,,Writer,Country,SMG_MSG_109_20971,"SMN,SMG-US",SOS,FLUID JV II,,,,,9/17/2026
Upcoming,,,11/6/2026,9/16/2026,,,Grace Bridie,Balancing Act,Grace Bridie,"Jordan Riley,Gez O'Connell",33.34%,ESA/Co-Pub,,4/13/2026,,,Independent,,,,,,Main Version,Single,Writer,,SMG_MSG_109_22477,"SMN,SMG-US",SOS,OUTSETT JV,,,,,9/16/2026
Upcoming,,,10/1/2026,9/16/2026,,,Grace Bridie,Love You From A Distance,"Grace Bridie,Jordan Cosmo",Ewan Mainwood,66.67%,"ESA/Co-Pub,ESA/Co-Pub",2/13/2026,2/17/2026,,,Independent,,,,,,Main Version,Single,Writer,,,"SMN,SMG-US",SOS,"OUTSETT JV, SOS",,,,,9/16/2026
Released,,,7/15/2026,9/15/2026,,,Tkay Maidza,Romanticize,Tkay Maidza,"Diederik van Elsas,Elijah Gabor,Jenevieve Johnson,Kareem James,Kieran Watters,Parrish Warrington",21.25%,ESA/Co-Pub,,7/23/2026,Tkay Maidza (Released),,Independent,,,QZNMT2636570,,Romanticize - Single,Main Version,Single,"Writer,Artist",,,"SMN,SMG-US",SOS,SOS,,,,,9/15/2026
Released,,,5/8/2026,9/15/2026,,,Tkay Maidza,Pressed,Tkay Maidza,"Kareem James,Timothy Worthington",30.00%,ESA/Co-Pub,,7/23/2026,Tkay Maidza (Released),,Independent,,,QZMEV2661248,,Pressed - Single,Main Version,Single,"Writer,Artist",,,"SMN,SMG-US",SOS,SOS,,,,,9/15/2026
Released,,,6/26/2026,9/15/2026,,,Snakehips,PLZ HOLD,Tkay Maidza,"Austin Millz,James Carter,Kareem James,Oliver Lee",20.00%,ESA/Co-Pub,,7/23/2026,Snakehips (Released),"Tkay Maidza,Austin Millz",Ultra Records,,,USUS12600333,,PLZ HOLD (feat. Tkay Maidza) - Single [Extended Mix],Main Version,Single,"Writer,Artist",,,"SMN,SMG-US",SOS,SOS,,,,,9/15/2026
Released,,,6/26/2026,9/15/2026,,,Snakehips,PLZ HOLD,Tkay Maidza,"Austin Millz,James Carter,Kareem James,Oliver Lee",20.00%,ESA/Co-Pub,,7/23/2026,Snakehips (Released),"Tkay Maidza,Austin Millz",Ultra Records,,,USUS12600332,,PLZ HOLD (feat. Tkay Maidza) - Single,Main Version,Single,"Writer,Artist",,,"SMN,SMG-US",SOS,SOS,,,,,9/15/2026
Released,,,3/27/2026,9/15/2026,,,Tkay Maidza,Must Be,Tkay Maidza,"Kareem James,Kieran Watters,Timothy Worthington",25.00%,ESA/Co-Pub,,7/23/2026,Tkay Maidza (Released),,Independent,,,QZNN22502366,,Must Be - Single,Main Version,Single,"Writer,Artist",,,"SMN,SMG-US",SOS,SOS,,,,,9/15/2026
Released,,,,9/15/2026,,,Tkay Maidza,Lemonade,Tkay Maidza,"Kareem James,Rowan Perkins",33.34%,ESA/Co-Pub,,7/23/2026,,,Independent,,checked,QZNMX2578774,,Baptize,Main Version,Album,"Writer,Artist",,,"SMN,SMG-US",SOS,SOS,,,,,9/15/2026
Released,,,5/29/2026,9/15/2026,,,Camylio,Take My Bones,"Camylio,Coleton Rubin",,100.00%,"ESA/Co-Pub,ESA/Co-Pub",,3/5/2026,Camylio (Released),,Mercury Records,,,USUG12603069,,Take My Bones,Main Version,Album,Writer,,SMG_MSG_109_21081,"SMN,SMG-US",SOS,SOS,,,,,9/15/2026
Released,,,6/11/2026,9/15/2026,,,Tanner Grigoli,Summer In Jersey,Coleton Rubin,Tanner Grigoli,50.00%,ESA/Co-Pub,,7/23/2026,,,Atlantic Records,,,USAT22603165,,Before You Press Play,Main Version,Album,Writer,,,"SMN,SMG-US",SOS,SOS,,,,,9/15/2026
Released,,,5/29/2026,9/15/2026,,,Camylio,Before You Do,"Camylio,Coleton Rubin",Will Jay,66.67%,"ESA/Co-Pub,ESA/Co-Pub",,3/5/2026,Camylio (Released),,Mercury Records,,,USUG12603063,,Take My Bones,Main Version,Album,Writer,,SMG_MSG_109_21084,"SMN,SMG-US",SOS,SOS,,,,,9/15/2026
Released,,,5/29/2026,9/15/2026,,,Camylio,Ashes,"Camylio,Coleton Rubin",Will Jay,66.67%,"ESA/Co-Pub,ESA/Co-Pub",,3/5/2026,Camylio (Released),,Mercury Records,,,USUG12603062,,Take My Bones,Main Version,Album,Writer,,SMG_MSG_109_21085,"SMN,SMG-US",SOS,SOS,,,,,9/15/2026
Released,,,11/4/2022,9/15/2026,,,Shawn K,White Lighter,Shawn K,Andrew Luce,50.00%,ESA/Co-Pub,6/12/2021,2/28/2026,,,Independent,,,QZJ842002199,,White Lighter - EP,Main Version,EP,"Writer,Artist",,,"SMN,SMG-US",SOS,ERB JV,,,,,9/15/2026
Released,,,7/19/2019,9/15/2026,,,Shawn K,Whispering Winds,Shawn K,Nandish Bharatkumar Patel,50.00%,ESA/Co-Pub,3/22/2019,2/28/2026,,,Independent,,,QZFZ21957902,,Soul Saver,Main Version,Album,"Writer,Artist",,,"SMN,SMG-US",SOS,ERB JV,,,,,9/15/2026
Released,,,8/5/2022,9/15/2026,,,Shawn K,Where U Been,Shawn K,Alexander Nicolas Oceguera,50.00%,ESA/Co-Pub,5/11/2022,2/28/2026,,,Independent,,,QZJ842001894,,Where U Been? - Single,Main Version,Single,"Writer,Artist",,,"SMN,SMG-US",SOS,ERB JV,,,,,9/15/2026
Released,,,11/4/2022,9/15/2026,,,Shawn K,Wanted,Shawn K,Enice Harris,50.00%,ESA/Co-Pub,10/22/2022,2/28/2026,,,Independent,,,QZJ842002151,,White Lighter - EP,Main Version,EP,"Writer,Artist",,,"SMN,SMG-US",SOS,ERB JV,,,,,9/15/2026
Released,,,6/25/2025,9/15/2026,,,Shawn K,Shadows,Shawn K,Danny Van T Hoff,50.00%,ESA/Co-Pub,5/26/2024,2/28/2026,,,Independent,,,QZTB62567601,,SHADOWS - Single,Main Version,Single,"Writer,Artist",,,"SMN,SMG-US",SOS,ERB JV,,,,,9/15/2026
Released,,,5/22/2020,9/15/2026,,,Shawn K,Raindrops From Heaven,Shawn K,,100.00%,ESA/Co-Pub,5/2/2019,2/28/2026,,,Independent,,,QZHN42046401,,Raindrops From Heaven - Single,Main Version,Single,"Writer,Artist",,,"SMN,SMG-US",SOS,ERB JV,,,,,9/15/2026
Released,,,7/19/2019,9/15/2026,,,Shawn K,Prism,Shawn K,Nandish Bharatkumar Patel,50.00%,ESA/Co-Pub,6/13/2019,2/28/2026,Shawn K (Released),,Independent,,,QZFZ21957898,,Soul Saver,Main Version,Album,"Writer,Artist",,,"SMN,SMG-US",SOS,ERB JV,,,,,9/15/2026
Released,,,7/19/2019,9/15/2026,,,Shawn K,Prism,Shawn K,Nandish Bharatkumar Patel,50.00%,ESA/Co-Pub,6/13/2019,2/28/2026,Shawn K (Released),,Independent,,,QZES81915029,,Soul Saver,Main Version,Album,"Writer,Artist",,,"SMN,SMG-US",SOS,ERB JV,,,,,9/15/2026
Released,,,11/4/2022,9/15/2026,,,Shawn K,Loose Lips,Shawn K,,100.00%,ESA/Co-Pub,4/2/2022,2/28/2026,,,Independent,,,QZJ842002106,,White Lighter - EP,Main Version,EP,"Writer,Artist",,,"SMN,SMG-US",SOS,ERB JV,,,,,9/15/2026
Released,,,7/19/2019,9/15/2026,,,Shawn K,Let It Be,Shawn K,Nandish Bharatkumar Patel,50.00%,ESA/Co-Pub,8/15/2018,2/28/2026,,,Independent,,,QZFZ21957899,,Soul Saver,Main Version,Album,"Writer,Artist",,,"SMN,SMG-US",SOS,ERB JV,,,,,9/15/2026
Released,,,7/19/2019,9/15/2026,,,Shawn K,Kumbaya,Shawn K,Nandish Bharatkumar Patel,50.00%,ESA/Co-Pub,5/11/2019,2/28/2026,,,Independent,,,QZFZ21957904,,Soul Saver,Main Version,Album,"Writer,Artist",,,"SMN,SMG-US",SOS,ERB JV,,,,,9/15/2026
Released,,,11/4/2022,9/15/2026,,,Shawn K,High As I,Shawn K,Bridget Perez,98.00%,ESA/Co-Pub,5/16/2022,2/28/2026,,,Independent,,,QZJ842001965,,White Lighter - EP,Main Version,EP,Writer,,,"SMN,SMG-US",SOS,ERB JV,,,,,9/15/2026
Released,,,7/19/2019,9/15/2026,,,Shawn K,Free Falling,Shawn K,Nandish Bharatkumar Patel,50.00%,ESA/Co-Pub,1/12/2019,2/28/2026,Shawn K (Released),,Independent,,,QZFYX1977668,,Soul Saver,Main Version,Album,"Writer,Artist",,,"SMN,SMG-US",SOS,ERB JV,,,,,9/15/2026
Released,,,7/19/2019,9/15/2026,,,Shawn K,Free Falling,Shawn K,Nandish Bharatkumar Patel,50.00%,ESA/Co-Pub,1/12/2019,2/28/2026,Shawn K (Released),,Independent,,,QZFZ21957903,,Soul Saver,Main Version,Album,"Writer,Artist",,,"SMN,SMG-US",SOS,ERB JV,,,,,9/15/2026
Released,,,10/20/2023,9/15/2026,,,Meechy Darko,Falling...Tab #3,Shawn K,"Demetri O'Neal Simms,Paul Anthony Irizarry",10.00%,ESA/Co-Pub,2/11/2021,2/28/2026,,Shawn K,Independent,,,USC4R2336232,,Doses,Main Version,Album,"Writer,Artist",,,"SMN,SMG-US",SOS,ERB JV,,,,,9/15/2026
Released,,,3/7/2025,9/15/2026,,,Sahil Datta,Dirt Mouth Baby,Shawn K,Sahil Datta,50.00%,ESA/Co-Pub,11/11/2021,2/28/2026,,Shawn K,Independent,,,QZTLA2527036,,DIRT MOUTH BABY - Single,Main Version,Single,"Writer,Artist",,,"SMN,SMG-US",SOS,ERB JV,,,,,9/15/2026
Released,,,10/31/2025,9/15/2026,,,Meechy Darko,Chef Kisses,Shawn K,"Antonio Lewis,Che Kevin Jessamy,Demetri O'Neal Simms",5.00%,ESA/Co-Pub,8/8/2025,2/28/2026,,"Zombie Juice,Flatbush Zombies,2DEAD BOYZ",Independent,,,QZZ8B2509134,,Chef Kisses - Single,Main Version,Single,Writer,,,"SMN,SMG-US",SOS,ERB JV,,,,,9/15/2026
Released,,,7/5/2023,9/15/2026,,,WesWill,Chase The Sun,Shawn K,"Wesley Allen Williams,William Bradley Lampley",60.00%,ESA/Co-Pub,8/11/2022,2/28/2026,,Shawn K,Independent,,,QZNWQ2383369,,Here For a Good Time,Main Version,Album,"Writer,Artist",,,"SMN,SMG-US",SOS,ERB JV,,,,,9/15/2026
Released,,,4/27/2025,9/15/2026,,,Shawn K,Blinds,Shawn K,"Danny Van T Hoff,David Gram",33.33%,ESA/Co-Pub,4/27/2023,2/28/2026,,,Independent,,,QZNWR2519392,,Blinds - Single,Main Version,Single,"Writer,Artist",,,"SMN,SMG-US",SOS,ERB JV,,,,,9/15/2026
Released,,,6/19/2019,9/15/2026,,,WesWill,3008,Shawn K,"Kito March II,Wesley Allen Williams",10.00%,ESA/Co-Pub,3/12/2019,2/28/2026,,Shawn K,Independent,,,QZFYX1967613,,"Summertime Slaps, Volume 2",Main Version,Album,"Writer,Artist",,,"SMN,SMG-US",SOS,ERB JV,,,,,9/15/2026
Released,,,5/29/2020,9/15/2026,,,Jayo,Zendaya,Jayo,"Simon Gaudes,Simon Kempner",50.00%,ESA/Co-Pub,,6/22/2026,,,Independent,,,GBKPL2005204,,Zendaya - Single,Main Version,Single,"Writer,Artist",,,"SMN,SMG-US",SOS,ERB JV,,,,,9/15/2026
Released,,,5/7/2021,9/15/2026,,,Jayo,Yoyo,Jayo,John Samuel Gerhart,50.00%,ESA/Co-Pub,,6/22/2026,,,Independent,,,QZQAY2175764,,Yoyo - Single,Main Version,Single,"Writer,Artist",,,"SMN,SMG-US",SOS,ERB JV,,,,,9/15/2026
Released,,,10/20/2023,9/15/2026,,,Jayo,Worst Case Scenario,Jayo,"Mike Skwark,Slush Puppy",33.34%,ESA/Co-Pub,,6/22/2026,,,Independent,,,QZS7J2350190,,Worst Case Scenario - Single,Main Version,Single,"Writer,Artist",,,"SMN,SMG-US",SOS,ERB JV,,,,,9/15/2026
Released,,,1/18/2019,9/15/2026,,,Jayo,Way Back When,Jayo,,100.00%,ESA/Co-Pub,,6/22/2026,,Ada Pasternak,Independent,,,GBKPL1933706,,Way Back When - Single,Main Version,Single,"Writer,Artist",,,"SMN,SMG-US",SOS,ERB JV,,,,,9/15/2026
Released,,,8/5/2026,9/15/2026,,,Jayo,U-Turn,Jayo,"Corey Blount,Ian Everson,Olivia Lunny",25.00%,ESA/Co-Pub,,6/22/2026,,Olivia Lunny,Independent,,,QZTLA2514477,,U-Turn - Single,Main Version,Single,"Writer,Artist",,,"SMN,SMG-US",SOS,ERB JV,,,,,9/15/2026
Released,,,2/12/2021,9/15/2026,,,Jayo,Twitter Girl,Jayo,"Elijah Howard,Paul Benjamin Howard",50.00%,ESA/Co-Pub,,6/22/2026,,Nightxime,Independent,,,GBKPL2141786,,Twitter Girl - Single,Main Version,Single,"Writer,Artist",,,"SMN,SMG-US",SOS,ERB JV,,,,,9/15/2026
Released,,,11/22/2022,9/15/2026,,,Jayo,Touch,Jayo,"Jason Strong,John Samuel Gerhart",33.34%,ESA/Co-Pub,,6/22/2026,,,Independent,,,SGB502252464,,Touch - Single,Main Version,Single,"Writer,Artist",,,"SMN,SMG-US",SOS,ERB JV,,,,,9/15/2026
Released,,,1/18/2019,9/15/2026,,,Jayo,Take Me Away,Jayo,Matthew Jacobson,50.00%,ESA/Co-Pub,,6/22/2026,,,Independent,,,GBKPL1933708,,Say It,Main Version,Album,"Writer,Artist",,,"SMN,SMG-US",SOS,ERB JV,,,,,9/15/2026
Released,,,8/21/2020,9/15/2026,,,Jayo,Summer Is Cancelled,Jayo,"Caleb Shapiro,Craig Anthony Giambrone",50.00%,ESA/Co-Pub,,6/22/2026,,,Independent,,,GBKPL2019858,,Summer Is Cancelled - Single,Main Version,Single,"Writer,Artist",,,"SMN,SMG-US",SOS,ERB JV,,,,,9/15/2026
Released,,,10/28/2021,9/15/2026,,,Jayo,Sugar Rush,Jayo,"Brandyn Burnette,John Samuel Gerhart",33.34%,ESA/Co-Pub,,6/22/2026,,,Independent,,,QZSYP2100433,,Sugar Rush - Single,Main Version,Single,"Writer,Artist",,,"SMN,SMG-US",SOS,ERB JV,,,,,9/15/2026
Released,,,3/19/2021,9/15/2026,,,Jayo,Still Broke,Jayo,"Elijah Howard,Jonathan Moss,Paul Benjamin Howard",25.00%,ESA/Co-Pub,,6/22/2026,,,Independent,,,QZQAY2175494,,Still Broke - Single,Main Version,Single,"Writer,Artist",,,"SMN,SMG-US",SOS,ERB JV,,,,,9/15/2026
Released,,,5/22/2026,9/15/2026,,,Jayo,Stay Up,Jayo,"Ian Everson,John Daniel Maxwell,Phiineas James Peters",25.00%,ESA/Co-Pub,,6/22/2026,,Citizen,Independent,,,QM6N22641516,,Stay Up - Single,Main Version,Single,"Writer,Artist",,,"SMN,SMG-US",SOS,ERB JV,,,,,9/15/2026
Released,,,10/20/2023,9/15/2026,,,Sad Alex,Smiling At Ur Text,Jayo,"Alexandra Grace Saad,John Samuel Gerhart",33.30%,ESA/Co-Pub,,6/22/2026,,,Independent,,,QZSYP2339413,,I Thought That I'd Know By Now,Main Version,Album,Writer,,,"SMN,SMG-US",SOS,ERB JV,,,,,9/15/2026
Released,,,2/17/2026,9/15/2026,,,Jayo,Small Fish Big Pond,Jayo,"Daniel Reimer Lama,Elisa Reimer Lama,Fabian Strandberg,Jonas Boesby Skou,Josefine Damtoft",19.00%,ESA/Co-Pub,,6/22/2026,,,Independent,,,QZS7J2542119,,Small Fish Big Pond - Single,Main Version,Single,"Writer,Artist",,,"SMN,SMG-US",SOS,ERB JV,,,,,9/15/2026
Released,,,1/18/2019,9/15/2026,,,Jayo,Say You Love Me,Jayo,,100.00%,ESA/Co-Pub,,6/22/2026,,,Independent,,,GBKPL1933709,Say You Love Me,SAY IT - EP,Main Version,EP,"Writer,Artist",R&B/Soul,,"SMN,SMG-US",SOS,ERB JV,,,,,9/15/2026
Released,,,2/17/2026,9/15/2026,,,Jayo,Ruin My Life,Jayo,"Corey Blount,Ian Everson",33.34%,ESA/Co-Pub,,6/22/2026,,,Independent,,,QZTLA2641362,Ruin My Life,Ruin My Life - Single,Main Version,Single,"Writer,Artist",Indie Pop,,"SMN,SMG-US",SOS,ERB JV,,,,,9/15/2026
Released,,,6/14/2019,9/15/2026,,,Jayo,Practice,Jayo,Matthew Jacobson,50.00%,ESA/Co-Pub,,6/22/2026,,,Independent,,,GBKPL1951453,,No Pearls For Swine,Main Version,Album,"Writer,Artist",,,"SMN,SMG-US",SOS,ERB JV,,,,,9/15/2026
Released,,,1/18/2019,9/15/2026,,,Jayo,Ooh Wee,Jayo,Matthew Jacobson,50.00%,ESA/Co-Pub,,6/22/2026,,,Independent,,,GBKPL1933704,,Say It,Main Version,Album,"Writer,Artist",,,"SMN,SMG-US",SOS,ERB JV,,,,,9/15/2026
Released,,,3/29/2024,9/15/2026,,,Jayo,Not My Fault,Jayo,"Ferruccio Montanino,Gabriel Pelletier",40.00%,ESA/Co-Pub,,6/22/2026,,,Independent,,,QZS7J2480955,,Not My Fault - Single,Main Version,Single,"Writer,Artist",,,"SMN,SMG-US",SOS,ERB JV,,,,,9/15/2026
Released,,,7/7/2023,9/15/2026,,,Jayo,Melting,Jayo,Stefan Adam Litrownik,50.00%,ESA/Co-Pub,,6/22/2026,,,Independent,,,QZQAY2396310,,Melting - Single,Main Version,Single,"Writer,Artist",,,"SMN,SMG-US",SOS,ERB JV,,,,,9/15/2026
Released,,,3/10/2023,9/15/2026,,,Jayo,Meant 2 Be,Jayo,"Christian Oestmoe,Leon Danielsen,Marie Foged",25.00%,ESA/Co-Pub,,6/22/2026,,,Independent,,,QZTLA2371690,,Meant 2 Be - Single,Main Version,Single,"Writer,Artist",,,"SMN,SMG-US",SOS,ERB JV,,,,,9/15/2026
Released,,,7/21/2023,9/15/2026,,,Bryce Vine,Margot Robbie,Jayo,"Bryce Vine,Fabian Strandberg,Kevin Faye,Philip Clark,Westly Monroe",20.00%,ESA/Co-Pub,,6/22/2026,,,BAMBOO .45,,,USWB12303339,,Margot Robbie - Single,Main Version,Single,Writer,,,"SMN,SMG-US",SOS,ERB JV,,,,,9/15/2026
Released,,,1/21/2025,9/15/2026,,,Jayo,Matador,Jayo,Duwayne John Phinisey,50.00%,ESA/Co-Pub,,6/22/2026,,,Independent,,,GBKPL1951452,,Matador (Red Flags) - Single,Main Version,Single,"Writer,Artist",,,"SMN,SMG-US",SOS,ERB JV,,,,,9/15/2026
Released,,,6/14/2019,9/15/2026,,,Jayo,Make Up,Jayo,"Ada Pasternak,Graham Anthony Lewis,Simon Kempner",35.50%,ESA/Co-Pub,,6/22/2026,,,Independent,,,GBKPL1951452,,No Pearls For Swine,Main Version,Album,"Writer,Artist",,,"SMN,SMG-US",SOS,ERB JV,,,,,9/15/2026
Released,,,11/17/2023,9/15/2026,,,Jayo,Love Plug,Jayo,Robert Vincent Auerbach,50.00%,ESA/Co-Pub,,6/22/2026,,,Independent,,,QZSYP2303783,,Love Plug - Single,Main Version,Single,"Writer,Artist",,,"SMN,SMG-US",SOS,ERB JV,,,,,9/15/2026
Released,,,3/22/2024,9/15/2026,,,Jayo,"Love, I Hate You",Jayo,"Fabian Strandberg,Justus Boris Oyimba Nzeribe,Tia Dajee Rice,Yasmeen Semaan",10.00%,ESA/Co-Pub,,6/22/2026,,Mougleta,Independent,,,QZQAY2482089,,"Love, I Hate You - Single",Main Version,Single,"Writer,Artist",,,"SMN,SMG-US",SOS,ERB JV,,,,,9/15/2026
Released,,,4/21/2023,9/15/2026,,,Jayo,Life Hack,Jayo,"Anthony Raglin,Jackson Westly Monroe,Stefan Adam Litrownik",40.00%,ESA/Co-Pub,,6/22/2026,,,Independent,,,QZQAY2322740,,Life Hack - Single,Main Version,Single,"Writer,Artist",,,"SMN,SMG-US",SOS,ERB JV,,,,,9/15/2026
Released,,,6/14/2019,9/15/2026,,,Jayo,Juice,Jayo,,100.00%,ESA/Co-Pub,,6/22/2026,,,Independent,,,GBKPL1951451,,No Pearls For Swine,Main Version,Album,"Writer,Artist",,,"SMN,SMG-US",SOS,ERB JV,,,,,9/15/2026
Released,,,8/26/2022,9/15/2026,,,Jayo,Iykyk,Jayo,"Fabian Strandberg,Omave Mance",47.50%,ESA/Co-Pub,,6/22/2026,,,Independent,,,QZS7J2293784,,Iykyk - Single,Main Version,Single,"Writer,Artist",,,"SMN,SMG-US",SOS,ERB JV,,,,,9/15/2026
Released,,,6/2/2023,9/15/2026,,,Jayo,I Want U,Jayo,John Lindahl,50.00%,ESA/Co-Pub,,6/22/2026,,,Independent,,,QZQAY2390186,,I Want U - Single,Main Version,Single,"Writer,Artist",,,"SMN,SMG-US",SOS,ERB JV,,,,,9/15/2026
Released,,,8/25/2023,9/15/2026,,,Jayo,In The Air,Jayo,Ferruccio Montanino,50.00%,ESA/Co-Pub,,6/22/2026,,,Independent,,,QZS7J2396318,,In The Air - Single,Main Version,Single,"Writer,Artist",,,"SMN,SMG-US",SOS,ERB JV,,,,,9/15/2026
Released,,,1/28/2019,9/15/2026,,,Jayo,Ily2,Jayo,,100.00%,ESA/Co-Pub,,6/22/2026,,,Independent,,,GBKPL1933707,,I.L.Y.2 - Single,Main Version,Single,"Writer,Artist",,,"SMN,SMG-US",SOS,ERB JV,,,,,9/15/2026
Released,,,4/9/2021,9/15/2026,,,Jayo,Hoodie,Jayo,"Caleb Shapiro,John Samuel Gerhart,Kathryn Kempthorn",30.00%,ESA/Co-Pub,,6/22/2026,,,Independent,,,QZQAY2156478,,Hoodie - Single,Main Version,Single,"Writer,Artist",,,"SMN,SMG-US",SOS,ERB JV,,,,,9/15/2026
Released,,,8/3/2021,9/15/2026,,,Jayo,High Wasted,Jayo,John Samuel Gerhart,50.00%,ESA/Co-Pub,,6/22/2026,,,Independent,,,QZS7J2107126,,High Wasted - Single,Main Version,Single,"Writer,Artist",,,"SMN,SMG-US",SOS,ERB JV,,,,,9/15/2026
Released,,,10/14/2022,9/15/2026,,,Jayo,High Sexpectations,Jayo,"Alexandra Grace Saad,John Samuel Gerhart",33.33%,ESA/Co-Pub,,6/22/2026,,,Independent,,,QM24S2204857,,High Sexpectations - Single,Main Version,Single,"Writer,Artist",,,"SMN,SMG-US",SOS,ERB JV,,,,,9/15/2026
Released,,,3/26/2021,9/15/2026,,,Jayo,Guacamole Remix,Jayo,"Jacob Paul Turner,John Samuel Gerhart,Jonathan Moss,Paul Benjamin Howard,Reginald Jermaine Garnett",20.00%,ESA/Co-Pub,,6/22/2026,,"Jonmosslol,Curtis Roach",Independent,,,QZQAY2133123,,Guacamole (Remix) - Single,Main Version,Single,"Writer,Artist",,,"SMN,SMG-US",SOS,ERB JV,,,,,9/15/2026
Released,,,3/23/2020,9/15/2026,,,Jayo,Guacamole,Jayo,"Benjamin Joel Weiss,Garrett Thomas Corbran",80.00%,ESA/Co-Pub,,6/22/2026,,,Independent,,,GBKPL2090170,,Guacamole - Single,Main Version,Single,"Writer,Artist",,,"SMN,SMG-US",SOS,ERB JV,,,,,9/15/2026
Released,,,5/28/2021,9/15/2026,,,Jayo,Friend Girl,Jayo,John Samuel Gerhart,50.00%,ESA/Co-Pub,,6/22/2026,,John Samuel,Independent,,,QZQAY2138041,,Friend Girl - Single,Main Version,Single,"Writer,Artist",,,"SMN,SMG-US",SOS,ERB JV,,,,,9/15/2026
Released,,,7/2/2021,9/15/2026,,,Jayo,Fool,Jayo,John Samuel Gerhart,85.00%,ESA/Co-Pub,,6/22/2026,,,Independent,,,QZQAY2198351,,Fool - Single,Main Version,Single,"Writer,Artist",,,"SMN,SMG-US",SOS,ERB JV,,,,,9/15/2026
Released,,,4/6/2023,9/15/2026,,,Jayo,Flirt,Jayo,"Camille Katherine Trzcinski,Wyatt Johnson,Zachary Rosss Rudulph",25.00%,ESA/Co-Pub,,6/22/2026,,,Independent,,,QZQAY2392475,,Flirt - Single,Main Version,Single,"Writer,Artist",,,"SMN,SMG-US",SOS,ERB JV,,,,,9/15/2026
Released,,,1/20/2023,9/15/2026,,,Jayo,Fall 4 U,Jayo,"Stefan Adam Litrownik,Wyatt Johnson",40.00%,ESA/Co-Pub,,6/22/2026,,,Independent,,,SGB502253926,,Fall 4 u - Single,Main Version,Single,"Writer,Artist",,,"SMN,SMG-US",SOS,ERB JV,,,,,9/15/2026
Released,,,5/27/2025,9/15/2026,,,Jayo,Do You Like Me Back?,Jayo,"Christopher Allen Robinson,Jack Gilbert Dosik",50.00%,ESA/Co-Pub,,6/22/2026,,,Independent,,,QZWDW2519129,,Do You Like Me Back? - Single,Main Version,Single,"Writer,Artist",,,"SMN,SMG-US",SOS,ERB JV,,,,,9/15/2026
Released,,,11/1/2024,9/15/2026,,,Jayo,Damage,Jayo,"Bryce Vine,Ian Everson,Jackson Westly Monroe,Jimmy Duvall",21.67%,ESA/Co-Pub,,6/22/2026,,"Bryce Vine,Ian Everson",Independent,,,QT2VB2492541,,Damage - Single,Main Version,Single,"Writer,Artist",,,"SMN,SMG-US",SOS,ERB JV,,,,,9/15/2026
Released,,,1/5/2024,9/15/2026,,,Jayo,Crash,Jayo,"Jaylon Ashaun Jenkins,Zachary William Paradis",33.00%,ESA/Co-Pub,,6/22/2026,,,Independent,,,QZWFP2371176,,Crash - Single,Main Version,Single,"Writer,Artist",,,"SMN,SMG-US",SOS,ERB JV,,,,,9/15/2026
Released,,,7/20/2023,9/15/2026,,,Jayo,Comfortably You,Jayo,"Adam Friedman,Jerome Castille",33.34%,ESA/Co-Pub,,6/22/2026,,,Independent,,,SGB502390161,,Comfortably You - Single,Main Version,Single,"Writer,Artist",,,"SMN,SMG-US",SOS,ERB JV,,,,,9/15/2026
Released,,,6/17/2022,9/15/2026,,,Jayo,Chronically Single,Jayo,"Fabian Strandberg,John Samuel Gerhart",45.00%,ESA/Co-Pub,,6/22/2026,,,Independent,,,QZQAY2236379,,Chronically Single - Single,Main Version,Single,"Writer,Artist",,,"SMN,SMG-US",SOS,ERB JV,,,,,9/15/2026
Released,,,4/17/2026,9/15/2026,,,Jayo,Best Case Scenario,Jayo,"Corey Blount,Ferruccio Montanino,Slush Puppy",25.00%,ESA/Co-Pub,,6/22/2026,,,Independent,,,QM6N22602152,,Best Case Scenario - Single,Main Version,Single,"Writer,Artist",,,"SMN,SMG-US",SOS,ERB JV,,,,,9/15/2026
Released,,,9/8/2023,9/15/2026,,,Jayo,Back To Basics,Jayo,Michael Matta,50.00%,ESA/Co-Pub,,6/22/2026,,,Independent,,,QZSYP2329239,,Back To Basics - Single,Main Version,Single,"Writer,Artist",,,"SMN,SMG-US",SOS,ERB JV,,,,,9/15/2026
Released,,,2/17/2026,9/15/2026,,,Jayo,After The Honeymoon,Jayo,"Corey Blount,Ian Everson",33.34%,ESA/Co-Pub,,6/22/2026,,,Independent,,,QZS7J2635479,,After The Honeymoon - Single,Main Version,Single,"Writer,Artist",,SMG_MSG_109_22290,"SMN,SMG-US",SOS,ERB JV,,,,,9/15/2026
Released,,,11/20/2020,9/15/2026,,,Jonmosslol,2K (Games),Jayo,"Caleb Shapiro,Jonathan Moss",50.00%,ESA/Co-Pub,,6/22/2026,,,Independent,,,GBKPL2030182,,2k (Games) - Single,Main Version,Single,Writer,,SMG_MSG_109_22268,"SMN,SMG-US",SOS,ERB JV,,,,,9/15/2026
Released,,,3/30/2021,9/15/2026,,,Jonmosslol,10X Strong,Jayo,"John Samuel Gerhart,Jonathan Moss",33.33%,ESA/Co-Pub,,6/22/2026,,,Independent,,,QZDA72114394,,10x Strong - Single,Main Version,Single,Writer,,SMG_MSG_109_22287,"SMN,SMG-US",SOS,ERB JV,,,,,9/15/2026
Released,,,6/28/2019,9/15/2026,,,Angelo Mota,Woosah,Angelo Mota,,100.00%,ESA/Co-Pub,,8/11/2026,,,LONG PLAYS ONLY,,,TCAEG1986752,,My Art Is Bad,Main Version,Album,"Writer,Artist",,,"SMN,SMG-US",SOS,SOS,,,,,9/15/2026
Released,,,9/20/2023,9/15/2026,,,HYMN,Woop,Angelo Mota,,100.00%,ESA/Co-Pub,,8/11/2026,,,Independent,,,QZS7J2390679,,"HYMN, Vol. 3",Main Version,Album,Writer,,,"SMN,SMG-US",SOS,SOS,,,,,9/15/2026
Released,,,1/24/2025,9/15/2026,,,Angelo Mota,Who Wanna Fight,Angelo Mota,Nikita Vadim Madorsky,50.00%,ESA/Co-Pub,,8/11/2026,,,LONG PLAYS ONLY,,,QM24S2500162,,WHO WANNA FIGHT - Single,Main Version,Single,"Writer,Artist",,,"SMN,SMG-US",SOS,SOS,,,,,9/15/2026
Released,,,5/25/2018,9/15/2026,,,Angelo Mota,When I Get There,Angelo Mota,,100.00%,ESA/Co-Pub,,8/11/2026,,,LONG PLAYS ONLY,,,USUYG1195080,,When All Is Said and Done,Main Version,Album,"Writer,Artist",,,"SMN,SMG-US",SOS,SOS,,,,,9/15/2026
Released,,,4/8/2022,9/15/2026,,,Angelo Mota,Whatever U Like,Angelo Mota,,100.00%,ESA/Co-Pub,,8/11/2026,,,LONG PLAYS ONLY,,,QZDA82285373,,WHATEVER U LIKE - Single,Main Version,Single,"Writer,Artist",,,"SMN,SMG-US",SOS,SOS,,,,,9/15/2026
Released,,,11/12/2021,9/15/2026,,,Angelo Mota,We've Both Been Lying,Angelo Mota,"Jaleel Antonio James,Leroy Oteka Shingu",40.00%,ESA/Co-Pub,,8/11/2026,,WELL$,LONG PLAYS ONLY,,,QZNWS2128300,,ZAÏRE,Main Version,Album,"Writer,Artist",,,"SMN,SMG-US",SOS,SOS,,,,,9/15/2026
Released,,,9/20/2023,9/15/2026,,,HYMN,Wanna,Angelo Mota,,100.00%,ESA/Co-Pub,,8/11/2026,,,Independent,,,QZS7J2307940,,"HYMN, Vol. 3",Main Version,Album,Writer,,,"SMN,SMG-US",SOS,SOS,,,,,9/15/2026
Released,,,9/20/2023,9/15/2026,,,HYMN,VR Road Sim,Angelo Mota,,100.00%,ESA/Co-Pub,,8/11/2026,,,Independent,,,QZS7J2313286,,"HYMN, Vol. 3",Main Version,Album,Writer,,,"SMN,SMG-US",SOS,SOS,,,,,9/15/2026
Released,,,2/24/2023,9/15/2026,,,Angelo Mota,Vendetta,Angelo Mota,Jon Kensington Savare Walter,50.00%,ESA/Co-Pub,,8/11/2026,,,LONG PLAYS ONLY,,,QZN882321506,,i changed my mind,Main Version,Album,"Writer,Artist",,,"SMN,SMG-US",SOS,SOS,,,,,9/15/2026
Released,,,4/15/2024,9/15/2026,,,HYMN,Vacation Feel,Angelo Mota,,100.00%,ESA/Co-Pub,,8/11/2026,,,Independent,,,QZTLA2483098,,"HYMN, Vol. 4",Main Version,Album,Writer,,,"SMN,SMG-US",SOS,SOS,,,,,9/15/2026
Released,,,4/15/2024,9/15/2026,,,HYMN,Undefeated,Angelo Mota,,100.00%,ESA/Co-Pub,,8/11/2026,,,Independent,,,QZTLA2400268,,"HYMN, Vol. 4",Main Version,Album,Writer,,,"SMN,SMG-US",SOS,SOS,,,,,9/15/2026
Released,,,11/12/2021,9/15/2026,,,Angelo Mota,Twenty On Pump One,Angelo Mota,Leroy Oteka Shingu,50.00%,ESA/Co-Pub,,8/11/2026,,WELL$,LONG PLAYS ONLY,,,QZNWS2128299,,ZAÏRE,Main Version,Album,"Writer,Artist",,,"SMN,SMG-US",SOS,SOS,,,,,9/15/2026
Released,,,7/19/2023,9/15/2026,,,HYMN,Toxic,Angelo Mota,,100.00%,ESA/Co-Pub,,8/11/2026,,,Independent,,,QZTLA2316379,,"HYMN, Vol. 1",Main Version,Album,Writer,,,"SMN,SMG-US",SOS,SOS,,,,,9/15/2026
Released,,,11/12/2021,9/15/2026,,,Angelo Mota,Tornado,Angelo Mota,"Leroy Oteka Shingu,Mack Hickey",40.00%,ESA/Co-Pub,,8/11/2026,,WELL$,LONG PLAYS ONLY,,,QZNWS2128294,,ZAÏRE,Main Version,Album,"Writer,Artist",,,"SMN,SMG-US",SOS,SOS,,,,,9/15/2026
Released,,,8/22/2025,9/15/2026,,,Lecrae,Too Much,Angelo Mota,"Aklesso Agama,Ali Bamshad,Armon Alexander Alaghband,Deandre Hunter,Jackson Paul Lomastro,Lecrae Moore,Lewis Shoates,Mijh Grey",20.00%,ESA/Co-Pub,,8/11/2026,,,Independent,,,QMTND2500191,,Reconstruction,Main Version,Album,Writer,,,"SMN,SMG-US",SOS,SOS,,,,,9/15/2026
Released,,,10/15/2021,9/15/2026,,,Angelo Mota,Tony With the Nissan,Angelo Mota,Leroy Oteka Shingu,50.00%,ESA/Co-Pub,,8/11/2026,,WELL$,LONG PLAYS ONLY,,,QZNWQ2199251,,TONY WITH THE NISSAN - Single,Main Version,Single,"Writer,Artist",,,"SMN,SMG-US",SOS,SOS,,,,,9/15/2026
Released,,,11/12/2021,9/15/2026,,,Angelo Mota,Tongue In Cheek,Angelo Mota,Leroy Oteka Shingu,50.00%,ESA/Co-Pub,,8/11/2026,,WELL$,LONG PLAYS ONLY,,,QZNWS2128297,,ZAÏRE,Main Version,Album,"Writer,Artist",,,"SMN,SMG-US",SOS,SOS,,,,,9/15/2026
Released,,,7/19/2023,9/15/2026,,,HYMN,Tires,Angelo Mota,,100.00%,ESA/Co-Pub,,8/11/2026,,,Independent,,,QZTLA2318179,,"HYMN, Vol. 1",Main Version,Album,Writer,,,"SMN,SMG-US",SOS,SOS,,,,,9/15/2026
Released,,,4/21/2023,9/15/2026,,,Angelo Mota,The Rounds,Hamish,"Angelo Mota,Trey Nakhoda",33.33%,ESA/Co-Pub,,12/22/2025,Angelo Mota (Released),,LONG PLAYS ONLY,,,QZN882321504,,i changed my mind,Main Version,Album,"Writer,Artist",,,"SMN,SMG-US",SOS,PLENTY JV,,,,,9/15/2026
Released,,,10/27/2016,9/15/2026,,,Angelo Mota,The End,Angelo Mota,,100.00%,ESA/Co-Pub,,8/11/2026,,,LONG PLAYS ONLY,,,USQY51602446,,House of Diamonds,Main Version,Album,"Writer,Artist",,,"SMN,SMG-US",SOS,SOS,,,,,9/15/2026
Released,,,9/20/2023,9/15/2026,,,HYMN,The Child,Angelo Mota,,100.00%,ESA/Co-Pub,,8/11/2026,,,Independent,,,QZS7J2380924,,"HYMN, Vol. 3",Main Version,Album,Writer,,,"SMN,SMG-US",SOS,SOS,,,,,9/15/2026
Released,,,11/12/2021,9/15/2026,,,Angelo Mota,Telfar + Fenty,Angelo Mota,"Jeremy Alexander Hagan,Leroy Oteka Shingu",40.00%,ESA/Co-Pub,,8/11/2026,,WELL$,LONG PLAYS ONLY,,,QZNWS2128301,,ZAÏRE,Main Version,Album,"Writer,Artist",,,"SMN,SMG-US",SOS,SOS,,,,,9/15/2026
Released,,,4/15/2024,9/15/2026,,,HYMN,Tall Glass,Angelo Mota,,100.00%,ESA/Co-Pub,,8/11/2026,,,Independent,,,QZQAY2485168,,"HYMN, Vol. 4",Main Version,Album,Writer,,,"SMN,SMG-US",SOS,SOS,,,,,9/15/2026
Released,,,2/16/2018,9/15/2026,,,Angelo Mota,Talk Too Much,Angelo Mota,,100.00%,ESA/Co-Pub,,8/11/2026,,,LONG PLAYS ONLY,,,USUYG1179978,,Talk Too Much - Single,Main Version,Single,"Writer,Artist",,,"SMN,SMG-US",SOS,SOS,,,,,9/15/2026
Released,,,10/27/2016,9/15/2026,,,Angelo Mota,Swim,Angelo Mota,,100.00%,ESA/Co-Pub,,8/11/2026,,,LONG PLAYS ONLY,,,USQY51602442,,House of Diamonds,Main Version,Album,"Writer,Artist",,,"SMN,SMG-US",SOS,SOS,,,,,9/15/2026
Released,,,5/25/2018,9/15/2026,,,Angelo Mota,Sweet Tooth,Angelo Mota,,100.00%,ESA/Co-Pub,,8/11/2026,,,LONG PLAYS ONLY,,,USUYG1195345,,When All Is Said and Done,Main Version,Album,"Writer,Artist",,,"SMN,SMG-US",SOS,SOS,,,,,9/15/2026
Released,,,9/20/2023,9/15/2026,,,HYMN,Sunny Son,Angelo Mota,,100.00%,ESA/Co-Pub,,8/11/2026,,,Independent,,,QZS7J2369904,,"HYMN, Vol. 3",Main Version,Album,Writer,,,"SMN,SMG-US",SOS,SOS,,,,,9/15/2026
Released,,,4/27/2018,9/15/2026,,,Angelo Mota,Sucks,Angelo Mota,,100.00%,ESA/Co-Pub,,8/11/2026,,,LONG PLAYS ONLY,,,"QZPEW2229248, USUYG1192928",,When All Is Said and Done,Main Version,Album,"Writer,Artist",,,"SMN,SMG-US",SOS,SOS,,,,,9/15/2026
Released,,,4/15/2024,9/15/2026,,,HYMN,Stuttrz,Angelo Mota,,100.00%,ESA/Co-Pub,,8/11/2026,,,Independent,,,QZQAY2466310,,"HYMN, Vol. 4",Main Version,Album,Writer,,,"SMN,SMG-US",SOS,SOS,,,,,9/15/2026
Released,,,9/20/2023,9/15/2026,,,HYMN,Stop Right There,Angelo Mota,,100.00%,ESA/Co-Pub,,8/11/2026,,,Independent,,,QZS7J2355434,,"HYMN, Vol. 3",Main Version,Album,Writer,,,"SMN,SMG-US",SOS,SOS,,,,,9/15/2026
Released,,,3/11/2022,9/15/2026,,,Angelo Mota,Stocks,Angelo Mota,,100.00%,ESA/Co-Pub,,8/11/2026,,,LONG PLAYS ONLY,,,QZFZ72243858,,STOCKS - Single,Main Version,Single,"Writer,Artist",,,"SMN,SMG-US",SOS,SOS,,,,,9/15/2026
Released,,,7/19/2024,9/15/2026,,,Angelo Mota,Still Ain'T You,Angelo Mota,Tamir Komarov,75.00%,ESA/Co-Pub,,8/11/2026,,,LONG PLAYS ONLY,,,TLVEM2424603,,angelo is tired,Main Version,Album,"Writer,Artist",,,"SMN,SMG-US",SOS,SOS,,,,,9/15/2026
Released,,,9/20/2023,9/15/2026,,,HYMN,Start Over,Angelo Mota,,100.00%,ESA/Co-Pub,,8/11/2026,,,Independent,,,QZS7J2382873,,"HYMN, Vol. 3",Main Version,Album,Writer,,,"SMN,SMG-US",SOS,SOS,,,,,9/15/2026
Released,,,2/7/2020,9/15/2026,,,Angelo Mota,Spin,Angelo Mota,"Michael Moraes,Timothy Lawrence Gunter",70.00%,ESA/Co-Pub,,8/11/2026,,,LONG PLAYS ONLY,,,TCAEQ2017519,,Spin - Single,Main Version,Single,"Writer,Artist",,,"SMN,SMG-US",SOS,SOS,,,,,9/15/2026
Released,,,8/13/2019,9/15/2026,,,Angelo Mota,Spicy,Angelo Mota,Nick Herald,80.00%,ESA/Co-Pub,,8/11/2026,,,LONG PLAYS ONLY,,,TCAEJ1909568,,My Art Is Bad,Main Version,Album,"Writer,Artist",,,"SMN,SMG-US",SOS,SOS,,,,,9/15/2026
Released,,,9/20/2023,9/15/2026,,,HYMN,Soap Opera,Angelo Mota,,100.00%,ESA/Co-Pub,,8/11/2026,,,Independent,,,QZS7J2322896,,"HYMN, Vol. 3",Main Version,Album,Writer,,,"SMN,SMG-US",SOS,SOS,,,,,9/15/2026
Released,,,11/12/2021,9/15/2026,,,Angelo Mota,Slide For Me,Angelo Mota,Leroy Oteka Shingu,50.00%,ESA/Co-Pub,,8/11/2026,,WELL$,LONG PLAYS ONLY,,,QZNWS2128298,,ZAÏRE,Main Version,Album,"Writer,Artist",,,"SMN,SMG-US",SOS,SOS,,,,,9/15/2026
Released,,,9/20/2023,9/15/2026,,,HYMN,Simplicity,Angelo Mota,,100.00%,ESA/Co-Pub,,8/11/2026,,,Independent,,,QZS7J2387881,,"HYMN, Vol. 3",Main Version,Album,Writer,,,"SMN,SMG-US",SOS,SOS,,,,,9/15/2026
Released,,,9/20/2023,9/15/2026,,,HYMN,Shure Thing,Angelo Mota,,100.00%,ESA/Co-Pub,,8/11/2026,,,Independent,,,QZS7J2367791,,"HYMN, Vol. 3",Main Version,Album,Writer,,,"SMN,SMG-US",SOS,SOS,,,,,9/15/2026
Released,,,9/13/2023,9/15/2026,,,HYMN,Shake,Angelo Mota,,100.00%,ESA/Co-Pub,,8/11/2026,,,Independent,,,QZS7J2397003,,"HYMN, Vol. 2",Main Version,Album,Writer,,,"SMN,SMG-US",SOS,SOS,,,,,9/15/2026
Released,,,5/25/2018,9/15/2026,,,Angelo Mota,Pretty Long Day,Angelo Mota,,100.00%,ESA/Co-Pub,,8/11/2026,,,LONG PLAYS ONLY,,,USUYG1195350,,When All Is Said and Done,Main Version,Album,"Writer,Artist",,,"SMN,SMG-US",SOS,SOS,,,,,9/15/2026
Released,,,9/13/2023,9/15/2026,,,HYMN,Playoffs,Angelo Mota,,100.00%,ESA/Co-Pub,,8/11/2026,,,Independent,,,QZS7J2380275,,"HYMN, Vol. 2",Main Version,Album,Writer,,,"SMN,SMG-US",SOS,SOS,,,,,9/15/2026
Released,,,5/25/2018,9/15/2026,,,Angelo Mota,Pity Party,Angelo Mota,,100.00%,ESA/Co-Pub,,8/11/2026,,,LONG PLAYS ONLY,,,USUYG1195347,,When All Is Said and Done,Main Version,Album,"Writer,Artist",,,"SMN,SMG-US",SOS,SOS,,,,,9/15/2026
Released,,,8/13/2019,9/15/2026,,,Angelo Mota,Perfect Timing,Angelo Mota,Marco Gomez,80.00%,ESA/Co-Pub,,8/11/2026,,,LONG PLAYS ONLY,,,TCAEJ1909587,,My Art Is Bad,Main Version,Album,"Writer,Artist",,,"SMN,SMG-US",SOS,SOS,,,,,9/15/2026
Released,,,8/13/2019,9/15/2026,,,Angelo Mota,Pele,Angelo Mota,,100.00%,ESA/Co-Pub,,8/11/2026,,,LONG PLAYS ONLY,,,TCAEJ1905694,,My Art Is Bad,Main Version,Album,"Writer,Artist",,,"SMN,SMG-US",SOS,SOS,,,,,9/15/2026
Released,,,7/19/2023,9/15/2026,,,HYMN,Paradise,Angelo Mota,,100.00%,ESA/Co-Pub,,8/11/2026,,,Independent,,,QZTLA2327487,,"HYMN, Vol. 1",Main Version,Album,Writer,,,"SMN,SMG-US",SOS,SOS,,,,,9/15/2026
Upcoming,,9/15/2026,,9/15/2026,,,A.R. Simmons,Side B Memory,Brent Anderson,"AR Simmons,Ray Fulcher",33.33%,ESA/Co-Pub,2/25/2026,6/8/2026,,,Atlantic Outpost,,checked,,,,Main Version,,Writer,Country,SMG_MSG_109_21181,"SMN,SMG-US",SOS,FLUID JV II,,,,,9/15/2026
Released,,,4/21/2023,9/14/2026,,,Angelo Mota,Overthinking,Angelo Mota,,100.00%,ESA/Co-Pub,,8/11/2026,,,LONG PLAYS ONLY,,,QZN882321510,,i changed my mind,Main Version,Album,"Writer,Artist",,,"SMN,SMG-US",SOS,SOS,,,,,9/14/2026
Released,,,10/27/2016,9/14/2026,,,Angelo Mota,One Day,Angelo Mota,,100.00%,ESA/Co-Pub,,8/11/2026,,,LONG PLAYS ONLY,,,USQY51602441,,House of Diamonds,Main Version,Album,"Writer,Artist",,,"SMN,SMG-US",SOS,SOS,,,,,9/14/2026
Released,,,2/2/2024,9/14/2026,,,Angelo Mota,Omega,Angelo Mota,Davud Ahmedzade,75.00%,ESA/Co-Pub,,8/11/2026,,,LONG PLAYS ONLY,,,QZVEM2388525,,omega - Single,Main Version,Single,"Writer,Artist",,,"SMN,SMG-US",SOS,SOS,,,,,9/14/2026
Released,,,8/10/2016,9/14/2026,,,Angelo Mota,Oath,Angelo Mota,,100.00%,ESA/Co-Pub,,8/11/2026,,,LONG PLAYS ONLY,,,"TCACQ1699155, USQY51602447",,House of Diamonds,Main Version,Album,"Writer,Artist",,,"SMN,SMG-US",SOS,SOS,,,,,9/14/2026
Released,,,9/17/2021,9/14/2026,,,Angelo Mota,NASCAR,Angelo Mota,Leroy Oteka Shingu,50.00%,ESA/Co-Pub,,8/11/2026,,WELL$,LONG PLAYS ONLY,,,QZMEM2137355,,ZAÏRE,Main Version,Album,"Writer,Artist",,,"SMN,SMG-US",SOS,SOS,,,,,9/14/2026
Released,,,3/28/2017,9/14/2026,,,Angelo Mota,Namaste,Angelo Mota,,100.00%,ESA/Co-Pub,,8/11/2026,,,LONG PLAYS ONLY,,,USQY51723937,,Namaste - Single,Main Version,Single,"Writer,Artist",,,"SMN,SMG-US",SOS,SOS,,,,,9/14/2026
Released,,,4/15/2024,9/14/2026,,,HYMN,Mountaintop,Angelo Mota,,100.00%,ESA/Co-Pub,,8/11/2026,,,Independent,,,QZQAY2459455,,"HYMN, Vol. 4",Main Version,Album,Writer,,,"SMN,SMG-US",SOS,SOS,,,,,9/14/2026
Released,,,4/15/2024,9/14/2026,,,HYMN,Midnight Club,Angelo Mota,,100.00%,ESA/Co-Pub,,8/11/2026,,,Independent,,,QZQAY2413896,,"HYMN, Vol. 4",Main Version,Album,Writer,,,"SMN,SMG-US",SOS,SOS,,,,,9/14/2026
Released,,,7/19/2023,9/14/2026,,,HYMN,Matchbox,Angelo Mota,,100.00%,ESA/Co-Pub,,8/11/2026,,,Independent,,,QZTLA2324551,,"HYMN, Vol. 1",Main Version,Album,Writer,,,"SMN,SMG-US",SOS,SOS,,,,,9/14/2026
Released,,,7/19/2023,9/14/2026,,,HYMN,Magic Feeling,Angelo Mota,,100.00%,ESA/Co-Pub,,8/11/2026,,,Independent,,,QZTLA2379506,,"HYMN, Vol. 1",Main Version,Album,Writer,,,"SMN,SMG-US",SOS,SOS,,,,,9/14/2026
Released,,,5/25/2018,9/14/2026,,,Angelo Mota,Madonna,Angelo Mota,,100.00%,ESA/Co-Pub,,8/11/2026,,,LONG PLAYS ONLY,,,USUYG1195346,,When All Is Said and Done,Main Version,Album,"Writer,Artist",,,"SMN,SMG-US",SOS,SOS,,,,,9/14/2026
Released,,,7/19/2023,9/14/2026,,,HYMN,Loophole,Angelo Mota,,100.00%,ESA/Co-Pub,,8/11/2026,,,Independent,,,QZTLA2362702,,"HYMN, Vol. 1",Main Version,Album,Writer,,,"SMN,SMG-US",SOS,SOS,,,,,9/14/2026
Released,,,1/10/2020,9/14/2026,,,Angelo Mota,Look In The Mirror,Angelo Mota,Timothy Lawrence Gunter,70.00%,ESA/Co-Pub,,8/11/2026,,,LONG PLAYS ONLY,,,QZPEW2229772,,Look in the Mirror - Single,Main Version,Single,"Writer,Artist",,,"SMN,SMG-US",SOS,SOS,,,,,9/14/2026
Released,,,11/12/2021,9/14/2026,,,Angelo Mota,Light In The Physical,Angelo Mota,"Leroy Oteka Shingu,Timothy Lawrence Gunter",40.00%,ESA/Co-Pub,,8/11/2026,,WELL$,LONG PLAYS ONLY,,,QZNWS2128295,,ZAÏRE,Main Version,Album,"Writer,Artist",,,"SMN,SMG-US",SOS,SOS,,,,,9/14/2026
Released,,,7/19/2019,9/14/2026,,,Angelo Mota,Let Me Know,Angelo Mota,,100.00%,ESA/Co-Pub,,8/11/2026,,,LONG PLAYS ONLY,,,TCAEH1976453,,My Art Is Bad,Main Version,Album,"Writer,Artist",,,"SMN,SMG-US",SOS,SOS,,,,,9/14/2026
Released,,,11/15/2024,9/14/2026,,,Angelo Mota,Leash,Angelo Mota,Lewis Shoates,80.00%,ESA/Co-Pub,,8/11/2026,,,LONG PLAYS ONLY,,,QZVEM1802722,,leash - Single,Main Version,Single,"Writer,Artist",,,"SMN,SMG-US",SOS,SOS,,,,,9/14/2026
Released,,,11/8/2019,9/14/2026,,,Angelo Mota,Lame Lil,Angelo Mota,"Michael Moraes,Timothy Lawrence Gunter",40.00%,ESA/Co-Pub,,8/11/2026,,,LONG PLAYS ONLY,,,TCAEM1976832,,Lame Lil - Single,Main Version,Single,"Writer,Artist",,,"SMN,SMG-US",SOS,SOS,,,,,9/14/2026
Released,,,7/30/2021,9/14/2026,,,Angelo Mota,Kick,Angelo Mota,"Adam King Feeney,Antonio Balderas Barba,Timothy Lawrence Gunter",75.00%,ESA/Co-Pub,,8/11/2026,,,LONG PLAYS ONLY,,,USUM72108412,,Kick - Single,Main Version,Single,"Writer,Artist",,,"SMN,SMG-US",SOS,SOS,,,,,9/14/2026
Released,,,5/11/2018,9/14/2026,,,Angelo Mota,Jaded,Angelo Mota,,100.00%,ESA/Co-Pub,,8/11/2026,,,LONG PLAYS ONLY,,,"USUYG1195339, USUYG1196931",,When All Is Said and Done,Main Version,Album,"Writer,Artist",,,"SMN,SMG-US",SOS,SOS,,,,,9/14/2026
Released,,,5/15/2026,9/14/2026,,,Angelo Mota,Is This My Life,"Angelo Mota,Hamish","Alex Metcalfe,Lewis Shoates,Elijah Galeota-Alpern",50.00%,"ESA/Co-Pub,ESA/Co-Pub",,6/22/2026,Angelo Mota (Released),,LONG PLAYS ONLY,,,QT4K32616647,,thank you saturn,Main Version,Album,"Writer,Artist",,,"SMN,SMG-US",SOS,"SOS, PLENTY JV",,,,,9/14/2026
Released,,,11/10/2017,9/14/2026,,,Angelo Mota,Internet,Angelo Mota,,100.00%,ESA/Co-Pub,,8/11/2026,,,LONG PLAYS ONLY,,,USUYG1161922,,Internet - Single,Main Version,Single,"Writer,Artist",,,"SMN,SMG-US",SOS,SOS,,,,,9/14/2026
Released,,,7/19/2023,9/14/2026,,,HYMN,I Need Some Tape,Angelo Mota,,100.00%,ESA/Co-Pub,,8/11/2026,,,Independent,,,QZTLA2336553,,"HYMN, Vol. 1",Main Version,Album,Writer,,,"SMN,SMG-US",SOS,SOS,,,,,9/14/2026
Released,,,4/21/2023,9/14/2026,,,Angelo Mota,I'll Never Forgive You,Angelo Mota,"Aniko K. Thomas,Michael James Washington Jr.",33.34%,ESA/Co-Pub,,8/11/2026,,,LONG PLAYS ONLY,,,QZN882321501,,i changed my mind,Main Version,Album,"Writer,Artist",,,"SMN,SMG-US",SOS,SOS,,,,,9/14/2026
Released,,,8/13/2019,9/14/2026,,,Angelo Mota,I Don't Care,Angelo Mota,Richard Einhorn,50.00%,ESA/Co-Pub,,8/11/2026,,,LONG PLAYS ONLY,,,TCAEJ1909667,,My Art Is Bad,Main Version,Album,"Writer,Artist",,,"SMN,SMG-US",SOS,SOS,,,,,9/14/2026
Released,,,9/13/2023,9/14/2026,,,HYMN,IdeaSep11,Angelo Mota,,100.00%,ESA/Co-Pub,,8/11/2026,,,Independent,,,QZS7J2337408,,"HYMN, Vol. 2",Main Version,Album,Writer,,,"SMN,SMG-US",SOS,SOS,,,,,9/14/2026
Released,,,4/10/2020,9/14/2026,,,Angelo Mota,I Can't Hate Myself,Angelo Mota,"Byron Nichols Jr.,Timothy Lawrence Gunter",60.00%,ESA/Co-Pub,,8/11/2026,,,LONG PLAYS ONLY,,,TCAES2076909,,I Can't Hate Myself - Single,Main Version,Single,"Writer,Artist",,,"SMN,SMG-US",SOS,SOS,,,,,9/14/2026
Released,,,11/11/2022,9/14/2026,,,Angelo Mota,I Am,Angelo Mota,Jack Nilsson,50.00%,ESA/Co-Pub,,8/11/2026,,,LONG PLAYS ONLY,,,QZN882298680,,I AM - Single,Main Version,Single,"Writer,Artist",,,"SMN,SMG-US",SOS,SOS,,,,,9/14/2026
Released,,,8/13/2019,9/14/2026,,,Angelo Mota,Highkey,Angelo Mota,,100.00%,ESA/Co-Pub,,8/11/2026,,,LONG PLAYS ONLY,,,TCAEJ1909560,,My Art Is Bad,Main Version,Album,"Writer,Artist",,,"SMN,SMG-US",SOS,SOS,,,,,9/14/2026
Released,,,6/17/2022,9/14/2026,,,Angelo Mota,Hide In The Phantom,Angelo Mota,Timothy Lawrence Gunter,80.00%,ESA/Co-Pub,,8/11/2026,,,LONG PLAYS ONLY,,,QT2VB2585334,,HIDE IN THE PHANTOM - Single,Main Version,Single,"Writer,Artist",,,"SMN,SMG-US",SOS,SOS,,,,,9/14/2026
Released,,,11/12/2021,9/14/2026,,,Angelo Mota,Hermés,Angelo Mota,"Erick L. Dingle,Leroy Oteka Shingu",40.00%,ESA/Co-Pub,,8/11/2026,,WELL$,LONG PLAYS ONLY,,,QZNWS2128296,,ZAÏRE,Main Version,Album,"Writer,Artist",,,"SMN,SMG-US",SOS,SOS,,,,,9/14/2026
Released,,,9/13/2023,9/14/2026,,,HYMN,Heatstroke,Angelo Mota,,100.00%,ESA/Co-Pub,,8/11/2026,,,Independent,,,QZS7J2377381,,"HYMN, Vol. 2",Main Version,Album,Writer,,,"SMN,SMG-US",SOS,SOS,,,,,9/14/2026
Released,,,10/27/2016,9/14/2026,,,Angelo Mota,Have A Nice Trip,Angelo Mota,,100.00%,ESA/Co-Pub,,8/11/2026,,,LONG PLAYS ONLY,,,USQY51602445,,House of Diamonds,Main Version,Album,"Writer,Artist",,,"SMN,SMG-US",SOS,SOS,,,,,9/14/2026
Released,,,9/13/2023,9/14/2026,,,HYMN,Groundcontrol,Angelo Mota,,100.00%,ESA/Co-Pub,,8/11/2026,,,Independent,,,QZS7J2313659,,"HYMN, Vol. 2",Main Version,Album,Writer,,,"SMN,SMG-US",SOS,SOS,,,,,9/14/2026
Released,,,4/15/2024,9/14/2026,,,HYMN,Grind Mode,Angelo Mota,,100.00%,ESA/Co-Pub,,8/11/2026,,,Independent,,,QZQAY2406088,,"HYMN, Vol. 4",Main Version,Album,Writer,,,"SMN,SMG-US",SOS,SOS,,,,,9/14/2026
Released,,,9/13/2023,9/14/2026,,,HYMN,Graveyrd,Angelo Mota,,100.00%,ESA/Co-Pub,,8/11/2026,,,Independent,,,QZS7J2344608,,"HYMN, Vol. 2",Main Version,Album,Writer,,,"SMN,SMG-US",SOS,SOS,,,,,9/14/2026
Released,,,10/27/2016,9/14/2026,,,Angelo Mota,Grace,Angelo Mota,,100.00%,ESA/Co-Pub,,8/11/2026,,,LONG PLAYS ONLY,,,USQY51602440,,House of Diamonds,Main Version,Album,"Writer,Artist",,,"SMN,SMG-US",SOS,SOS,,,,,9/14/2026
Released,,,4/15/2024,9/14/2026,,,HYMN,Future Warped,Angelo Mota,,100.00%,ESA/Co-Pub,,8/11/2026,,,Independent,,,QZQAY2459667,,"HYMN, Vol. 4",Main Version,Album,Writer,,,"SMN,SMG-US",SOS,SOS,,,,,9/14/2026
Released,,,9/13/2023,9/14/2026,,,HYMN,Fused,Angelo Mota,,100.00%,ESA/Co-Pub,,8/11/2026,,,Independent,,,QZS7J2340402,,"HYMN, Vol. 2",Main Version,Album,Writer,,,"SMN,SMG-US",SOS,SOS,,,,,9/14/2026
Released,,,9/13/2023,9/14/2026,,,HYMN,Froyo,Angelo Mota,,100.00%,ESA/Co-Pub,,8/11/2026,,,Independent,,,QZS7J2326598,,"HYMN, Vol. 2",Main Version,Album,Writer,,,"SMN,SMG-US",SOS,SOS,,,,,9/14/2026
Released,,,5/16/2025,9/14/2026,,,Angelo Mota,Freak,Angelo Mota,"Alex Metcalfe,Kimmel Tearoun Green",50.00%,ESA/Co-Pub,,8/11/2026,,,LONG PLAYS ONLY,,,QT4K32515932,,freak - Single,Main Version,Single,"Writer,Artist",,,"SMN,SMG-US",SOS,SOS,,,,,9/14/2026
Released,,,7/19/2024,9/14/2026,,,Angelo Mota,Four Four Four,Angelo Mota,,100.00%,ESA/Co-Pub,,8/11/2026,,,LONG PLAYS ONLY,,,TLVEM2424602,,angelo is tired,Main Version,Album,"Writer,Artist",,,"SMN,SMG-US",SOS,SOS,,,,,9/14/2026
Released,,,4/9/2021,9/14/2026,,,Angelo Mota,First Gear,Angelo Mota,"Michael Moraes,Nick Isaiah Tajee Herald Hightower,Timothy Lawrence Gunter",55.00%,ESA/Co-Pub,,8/11/2026,,,LONG PLAYS ONLY,,,USUM72102106,,First Gear - Single,Main Version,Single,"Writer,Artist",,,"SMN,SMG-US",SOS,SOS,,,,,9/14/2026
Released,,,7/19/2024,9/14/2026,,,Angelo Mota,Fed Up,Angelo Mota,"Adi Bublil,Anton Kossoy,Lewis Shoates,Tamir Komarov,Tomer Cohen",65.00%,ESA/Co-Pub,,8/11/2026,,,LONG PLAYS ONLY,,,TLVEM2424601,,angelo is tired,Main Version,Album,"Writer,Artist",,,"SMN,SMG-US",SOS,SOS,,,,,9/14/2026
Released,,,3/31/2023,9/14/2026,,,Angelo Mota,Eyes Can't See,Angelo Mota,"CJ Francis IV,Michael James Washington Jr.",33.34%,ESA/Co-Pub,,8/11/2026,,,LONG PLAYS ONLY,,,QZN882321509,,i changed my mind,Main Version,Album,"Writer,Artist",,,"SMN,SMG-US",SOS,SOS,,,,,9/14/2026
Released,,,5/25/2018,9/14/2026,,,Angelo Mota,Eyes,Angelo Mota,,100.00%,ESA/Co-Pub,,8/11/2026,,,LONG PLAYS ONLY,,,USUYG1195342,,When All Is Said and Done,Main Version,Album,"Writer,Artist",,,"SMN,SMG-US",SOS,SOS,,,,,9/14/2026
Released,,,10/27/2016,9/14/2026,,,Angelo Mota,Eve,Angelo Mota,George David Brandon Jones,80.00%,ESA/Co-Pub,,8/11/2026,,,LONG PLAYS ONLY,,,USQY51602443,,House of Diamonds,Main Version,Album,"Writer,Artist",,,"SMN,SMG-US",SOS,SOS,,,,,9/14/2026
Released,,,5/15/2020,9/14/2026,,,Angelo Mota,Enough,Angelo Mota,"Jan Lilienthal,Marco Gomez,Michael Moraes,Michael Nowatzky,Natnaiel Long,Timothy Lawrence Gunter",30.00%,ESA/Co-Pub,,8/11/2026,,,LONG PLAYS ONLY,,,TLVEM2424604,,Enough - Single,Main Version,Single,"Writer,Artist",,,"SMN,SMG-US",SOS,SOS,,,,,9/14/2026
Released,,,7/19/2024,9/14/2026,,,Angelo Mota,End Times,Angelo Mota,"Leroy Oteka Shingu,Morris Wayne Ricks II,Shaquille Artavis Mitchell",25.00%,ESA/Co-Pub,,8/11/2026,,,LONG PLAYS ONLY,,,TLVEM2424604,,angelo is tired,Main Version,Album,"Writer,Artist",,,"SMN,SMG-US",SOS,SOS,,,,,9/14/2026
Released,,,10/27/2016,9/14/2026,,,Angelo Mota,Dusk,Angelo Mota,Marco McKinnis,85.00%,ESA/Co-Pub,,8/11/2026,,,LONG PLAYS ONLY,,,USQY51602444,,House of Diamonds,Main Version,Album,"Writer,Artist",,,"SMN,SMG-US",SOS,SOS,,,,,9/14/2026
Cut,,9/14/2026,,9/14/2026,,,Ashley Walls,Waterproof Makeup,"Connor McCutcheon,Justin Richards",Ashley Walls,33.34%,"Recording,ESA/Co-Pub",5/5/2024,9/8/2026,,,Independent,,,,,,Main Version,,Writer,Country,SMG_MSG_109_22229,"SMN,SMG-US",SOS,"FLUID JV II, 2 MIX JV II",,,,,9/14/2026
Released,,,5/6/2022,9/14/2026,,,Angelo Mota,Drugs Don't Work,Angelo Mota,,100.00%,ESA/Co-Pub,,8/11/2026,,,LONG PLAYS ONLY,,,QZHN32281005,,DRUGS DON'T WORK - Single,Main Version,Single,"Writer,Artist",,,"SMN,SMG-US",SOS,SOS,,,,,9/14/2026
Released,,,3/9/2020,9/14/2026,,,Angelo Mota,Do Not Disturb,Angelo Mota,"Michael Moraes,Timothy Lawrence Gunter",70.00%,ESA/Co-Pub,,8/11/2026,,,LONG PLAYS ONLY,,,TCAER2044407,,Do Not Disturb - Single,Main Version,Single,"Writer,Artist",,,"SMN,SMG-US",SOS,SOS,,,,,9/14/2026
Released,,,7/5/2016,9/14/2026,,,Angelo Mota,Dawn,Angelo Mota,,100.00%,ESA/Co-Pub,,8/11/2026,,,LONG PLAYS ONLY,,,"TCACP1681296, USUYG1189559",,House of Diamonds,Main Version,Album,"Writer,Artist",,,"SMN,SMG-US",SOS,SOS,,,,,9/14/2026
Released,,,5/10/2024,9/14/2026,,,Angelo Mota,"Damn, I Know",Angelo Mota,Uton G. Dixon III,80.00%,ESA/Co-Pub,,8/11/2026,,,LONG PLAYS ONLY,,,QZPEW2438372,,"damn, i know - Single",Main Version,Single,"Writer,Artist",,,"SMN,SMG-US",SOS,SOS,,,,,9/14/2026
Released,,,4/21/2023,9/14/2026,,,Angelo Mota,Cut Up,Angelo Mota,,100.00%,ESA/Co-Pub,,8/11/2026,,,LONG PLAYS ONLY,,,QZN882321502,,i changed my mind,Main Version,Album,"Writer,Artist",,,"SMN,SMG-US",SOS,SOS,,,,,9/14/2026
Released,,,11/17/2023,9/14/2026,,,Angelo Mota,CPR,Angelo Mota,Samuel Morris Zornow,90.00%,ESA/Co-Pub,,8/11/2026,,,LONG PLAYS ONLY,,,QZVEM2366457,,CPR - Single,Main Version,Single,"Writer,Artist",,,"SMN,SMG-US",SOS,SOS,,,,,9/14/2026
Released,,,1/27/2023,9/14/2026,,,Angelo Mota,Come Back In An Hour,Angelo Mota,Kerion Deontae' York,50.00%,ESA/Co-Pub,,8/11/2026,,,LONG PLAYS ONLY,,,QZWDW2218529,,i changed my mind,Main Version,Single -> Album,"Writer,Artist",,,"SMN,SMG-US",SOS,SOS,,,,,9/14/2026
Released,,,9/13/2023,9/14/2026,,,HYMN,Cocoblue,Angelo Mota,,100.00%,ESA/Co-Pub,,8/11/2026,,,Independent,,,QZS7J2375677,,"HYMN, Vol. 2",Main Version,Album,Writer,,,"SMN,SMG-US",SOS,SOS,,,,,9/14/2026
Released,,,4/21/2023,9/14/2026,,,Angelo Mota,Choice,Angelo Mota,"Aniko K. Thomas,Julian Akogu,Michael James Washington Jr.,Mykyta Tkach",20.00%,ESA/Co-Pub,,8/11/2026,,,LONG PLAYS ONLY,,,QZN882321505,,i changed my mind,Main Version,Album,"Writer,Artist",,,"SMN,SMG-US",SOS,SOS,,,,,9/14/2026
Released,,,4/21/2023,9/14/2026,,,Angelo Mota,Chemicals,Angelo Mota,,100.00%,ESA/Co-Pub,,8/11/2026,,,LONG PLAYS ONLY,,,QZN882321507,,i changed my mind,Main Version,Album,"Writer,Artist",,,"SMN,SMG-US",SOS,SOS,,,,,9/14/2026
Released,,,4/15/2024,9/14/2026,,,HYMN,Champions,Angelo Mota,,100.00%,ESA/Co-Pub,,8/11/2026,,,Independent,,,QZQAY2418567,,"HYMN, Vol. 4",Main Version,Album,Writer,,,"SMN,SMG-US",SOS,SOS,,,,,9/14/2026
Released,,,4/21/2023,9/14/2026,,,Angelo Mota,Cat Got My Tongue,Angelo Mota,Michael Moraes,75.00%,ESA/Co-Pub,,8/11/2026,,,LONG PLAYS ONLY,,,QZN882321503,,i changed my mind,Main Version,Album,"Writer,Artist",,,"SMN,SMG-US",SOS,SOS,,,,,9/14/2026
Released,,,4/21/2023,9/14/2026,,,Angelo Mota,Can't Be Yours,Angelo Mota,,100.00%,ESA/Co-Pub,,8/11/2026,,,LONG PLAYS ONLY,,,QZN882321508,,i changed my mind,Main Version,Album,"Writer,Artist",,,"SMN,SMG-US",SOS,SOS,,,,,9/14/2026
Released,,,7/27/2018,9/14/2026,,,Angelo Mota,Candy,Angelo Mota,,100.00%,ESA/Co-Pub,,8/11/2026,,,LONG PLAYS ONLY,,,USUYG1207742,,Candy - Single,Main Version,Single,"Writer,Artist",,,"SMN,SMG-US",SOS,SOS,,,,,9/14/2026
Released,,,4/15/2024,9/14/2026,,,HYMN,Calm Breathing,Angelo Mota,,100.00%,ESA/Co-Pub,,8/11/2026,,,Independent,,,QZQAY2402691,,"HYMN, Vol. 4",Main Version,Album,Writer,,,"SMN,SMG-US",SOS,SOS,,,,,9/14/2026
Released,,,3/30/2018,9/14/2026,,,Angelo Mota,Better Than Breakfast,Angelo Mota,,100.00%,ESA/Co-Pub,,8/11/2026,,,LONG PLAYS ONLY,,,"QZPEW2229247, USUYG1187824",,When All Is Said And Done,Main Version,Album,"Writer,Artist",,,"SMN,SMG-US",SOS,SOS,,,,,9/14/2026
Released,,,8/15/2025,9/14/2026,,,Angelo Mota,Battery Back,Angelo Mota,"Alex Metcalfe,Lewis Shoates,Tamir Komarov",60.00%,ESA/Co-Pub,,8/11/2026,,,LONG PLAYS ONLY,,,QT4K42503617,,battery back - Single,Main Version,Single,"Writer,Artist",,,"SMN,SMG-US",SOS,SOS,,,,,9/14/2026
Released,,,7/19/2023,9/14/2026,,,HYMN,Aqua Teen,Angelo Mota,,100.00%,ESA/Co-Pub,,8/11/2026,,,Independent,,,QZQAY2339674,,"HYMN, Vol. 1",Main Version,Album,Writer,,SMG_MSG_109_22007,"SMN,SMG-US",SOS,SOS,,,,,9/14/2026
Released,,,7/19/2023,9/14/2026,,,HYMN,Anti Anti,Angelo Mota,,100.00%,ESA/Co-Pub,,8/11/2026,,,Independent,,,QZTLA2376764,,"HYMN, Vol. 1",Main Version,Album,Writer,,SMG_MSG_109_22006,"SMN,SMG-US",SOS,SOS,,,,,9/14/2026
Released,,,7/19/2024,9/14/2026,,,Angelo Mota,Animal,Angelo Mota,Zakhi Jermaine Lamb McCray,90.00%,ESA/Co-Pub,,8/11/2026,,,LONG PLAYS ONLY,,,TLVEM2424605,,angelo is tired,Main Version,Album,"Writer,Artist",,SMG_MSG_109_22082,"SMN,SMG-US",SOS,SOS,,,,,9/14/2026
Released,,,10/24/2025,9/14/2026,,,Angelo Mota,Angry,Angelo Mota,"Henry Lother Nichols,Jordan C. Church",50.00%,ESA/Co-Pub,,8/11/2026,,,LONG PLAYS ONLY,,,QT62U2559645,,angry - Single,Main Version,Single,"Writer,Artist",,SMG_MSG_109_22081,"SMN,SMG-US",SOS,SOS,,,,,9/14/2026
Released,,,3/28/2025,9/14/2026,,,Angelo Mota,Anesthesia,Angelo Mota,Alex Metcalfe,75.00%,ESA/Co-Pub,,8/11/2026,,,LONG PLAYS ONLY,,,QZVEM2528966,,anesthesia - Single,Main Version,Single,"Writer,Artist",,SMG_MSG_109_22080,"SMN,SMG-US",SOS,SOS,,,,,9/14/2026
Released,,,9/7/2016,9/14/2026,,,Angelo Mota,All Over You,Angelo Mota,Michael Christmas,80.00%,ESA/Co-Pub,,8/11/2026,,,LONG PLAYS ONLY,,,"QZPEW2229246, USA2P1691125",,House of Diamonds,Main Version,Album,"Writer,Artist",,SMG_MSG_109_22079,"SMN,SMG-US",SOS,SOS,,,,,9/14/2026
Released,,,9/4/2020,9/14/2026,,,Angelo Mota,All Luv,Angelo Mota,Timothy Lawrence Gunter,75.00%,ESA/Co-Pub,,8/11/2026,,,LONG PLAYS ONLY,,,TCAFB2031453,,All Luv - Single,Main Version,Single,"Writer,Artist",,SMG_MSG_109_22078,"SMN,SMG-US",SOS,SOS,,,,,9/14/2026
Released,,,6/14/2024,9/14/2026,,,Angelo Mota,All Good,Angelo Mota,Uton G. Dixon III,85.00%,ESA/Co-Pub,,8/11/2026,,,LONG PLAYS ONLY,,,QZPEW2463946,,angelo is tired,Main Version,Album,"Writer,Artist",,SMG_MSG_109_22077,"SMN,SMG-US",SOS,SOS,,,,,9/14/2026
Released,,,9/13/2023,9/14/2026,,,HYMN,Adveel,Angelo Mota,,100.00%,ESA/Co-Pub,,8/11/2026,,,Independent,,,QZS7J2344809,,"HYMN, Vol, 2",Main Version,Album,Writer,,SMG_MSG_109_22005,"SMN,SMG-US",SOS,SOS,,,,,9/14/2026
Released,,,7/19/2023,9/14/2026,,,HYMN,Acid Mushrooms,Angelo Mota,,100.00%,ESA/Co-Pub,,8/11/2026,,,Independent,,,QZTLA2374278,,"HYMN, Vol. 1",Main Version,Album,Writer,,SMG_MSG_109_22004,"SMN,SMG-US",SOS,SOS,,,,,9/14/2026
Released,,,3/5/2021,9/14/2026,,,Angelo Mota,90210,Angelo Mota,Timothy Lawrence Gunter,75.00%,ESA/Co-Pub,,8/11/2026,,,LONG PLAYS ONLY,,,USUM72102059,,90210 - Single,Main Version,Single,"Writer,Artist",,SMG_MSG_109_22076,"SMN,SMG-US",SOS,SOS,,,,,9/14/2026
Released,,,2/11/2022,9/14/2026,,,Angelo Mota,14Grams,Angelo Mota,,100.00%,ESA/Co-Pub,,8/11/2026,,,LONG PLAYS ONLY,,,QZFZ22208383,,14GRAMS - Single,Main Version,Single,"Writer,Artist",,SMG_MSG_109_22003,"SMN,SMG-US",SOS,SOS,,,,,9/14/2026
Upcoming,,9/4/2026,10/23/2026,9/14/2026,,,Penelope Road,Just Another Night,Ryan Beaver,"Anthony L. Smith,Charles Eastman,Daniel Tashian,James Kopp,Koan Roy Meighoo,Max Moore",14.29%,ESA/Co-Pub,1/8/2026,9/4/2026,,,Warner Records,,,,,,Main Version,,Writer,Country,SMG_MSG_109_21235,"SMN,SMG-US",SOS,2 MIX JV II,,,,,9/14/2026
Hold,9/14/2026,,,9/14/2026,,,Emily Ann Roberts,Just Run,"Ryan Beaver,Derek George,Frank Rogers","Jeremy Spillman,Emily Ann Roberts",60.00%,"ESA/Co-Pub,ESA/Co-Pub,Admin",8/20/2026,9/9/2026,,,"Sony Music Nashville,RECORDS Nashville",Sony Music Nashville,,,,,Main Version,,Writer,Country,,"SMN,SMG-US",SOS,"2 MIX JV II, FLUID JV II",,,,,9/14/2026
Hold,9/3/2026,,,9/14/2026,,,Emily Ann Roberts,Last Call Lullabye,"Derek George,Frank Rogers,Ryan Beaver","Emily Ann Roberts,Jeremy Spillman",60.00%,"ESA/Co-Pub,Admin,ESA/Co-Pub",8/22/2026,9/4/2026,,,"Sony Music Nashville,RECORDS Nashville",Sony Music Nashville,,,,,Main Version,,Writer,Country,,"SMN,SMG-US",SOS,"FLUID JV II, 2 MIX JV II",,,,,9/14/2026
Hold,9/3/2026,,,9/14/2026,,,Emily Ann Roberts,Patchwork Heart,"Derek George,Frank Rogers,Ryan Beaver","Emily Ann Roberts,Jeremy Spillman",60.00%,"ESA/Co-Pub,Admin,ESA/Co-Pub",8/22/2026,9/3/2026,,,"Sony Music Nashville,RECORDS Nashville",Sony Music Nashville,,,,,Main Version,,Writer,Country,,"SMN,SMG-US",SOS,"FLUID JV II, 2 MIX JV II",,,,,9/14/2026
Released,,,9/11/2026,9/14/2026,,,Tommy Lyon,Hotel Room,Jordan Cosmo,"Tommy Lyon,SVEA,Ryan Burns",30.00%,ESA/Co-Pub,,9/14/2026,,SVEA,BKM Artists,,,SE6XW2698885,Hotel Room (feat. SVEA),Hotel Room (feat. SVEA) - Single,Main Version,Single,Writer,Pop,SMG_MSG_109_22435,"SMN,SMG-US",SOS,SOS,,,,,9/14/2026
Released,,,10/23/2023,9/10/2026,,,Sidewalk Prophets,I Apologize,Justin Richards,"Ben McDonald,Dave Frey,Jonathan Gamble",25.00%,ESA/Co-Pub,11/15/2022,10/4/2023,Sidewalk Prophets (Released),,Curb Records,,,USM1C2600363,I Apologize (Live),Great Big Family Christmas Live,Live Version,Album,Writer,Christian,SMG_MSG_101_9886,"SMN,SMG-US",SOS,2 MIX JV II,,,,,9/10/2026
Released,,,9/18/2026,9/10/2026,,,Bella Poarch,Down,Coleton Rubin,"Lucas Sim,Hugo Chan,Bella Poarch,Kunfetti",20.00%,ESA/Co-Pub,,9/10/2026,,,MNRK Records LP,,,US5ED2508155,Down,Picnic at the Cemetery,Explicit,Album,Writer,Alternative,,"SMN,SMG-US",SOS,SOS,,,,,9/18/2026
Released,,,9/10/2026,9/10/2026,,,Eden Golan,Love's a (Monster),Autumn Rowe,"Eden Golan,Yinon Yahel,Stav Beger",25.00%,Admin,,9/10/2026,,,Independent,,,CH7812682569,Love's a (Monster),Imperfections,Main Version,Album,Writer,Pop,SMG_MSG_109_22281,"SMN,SMG-US",SOS,SOS,,,,,9/10/2026
Released,,,11/14/2025,9/9/2026,,,Leanna Crawford,Still Waters,Justin Richards,"Jonathan Gamble,Leanna Crawford",33.34%,ESA/Co-Pub,4/18/2022,10/12/2023,Leanna Crawford (Released),,Provident Label Group,Sony Music Entertainment,,USA5W2500686,Still Waters (Psalm 23) [Strings & Choir Version],Still Waters (Psalm 23) [Strings & Choir Version] - Single,Main Version,Single,Writer,Christian,SMG_MSG_101_10049,"SMN,SMG-US",SOS,2 MIX JV II,,,,,9/9/2026
Released,,,2/14/2025,9/9/2026,,,Leanna Crawford,Still Waters,Justin Richards,"Jonathan Gamble,Leanna Crawford",33.34%,ESA/Co-Pub,4/18/2022,10/12/2023,Leanna Crawford (Released),,Provident Label Group,Sony Music Entertainment,,USA5W2400632,Still Waters (Psalm 23) [Acoustic],Still Waters (Deluxe),Acoustic,Album,Writer,Christian,SMG_MSG_101_10049,"SMN,SMG-US",SOS,2 MIX JV II,,,,,9/9/2026
Released,,,11/15/2024,9/9/2026,,,Leanna Crawford,Still Waters,Justin Richards,"Jonathan Gamble,Leanna Crawford",33.34%,ESA/Co-Pub,4/18/2022,10/12/2023,Leanna Crawford (Released),,Provident Label Group,Sony Music Entertainment,,USA5W2400632,Still Waters (Psalm 23) [Acoustic],Still Waters (Psalm 23) [Acoustic] - Single,Acoustic,Single,Writer,Christian,SMG_MSG_101_10049,"SMN,SMG-US",SOS,2 MIX JV II,,,,,9/9/2026
Released,,,2/14/2025,9/9/2026,,,Leanna Crawford,Still Waters,Justin Richards,"Jonathan Gamble,Leanna Crawford",33.34%,ESA/Co-Pub,4/18/2022,10/12/2023,Leanna Crawford (Released),,Provident Label Group,Sony Music Entertainment,,USA5W2300669,Still Waters (Psalm 23),Still Waters (Deluxe),Main Version,Album,Writer,Christian,SMG_MSG_101_10049,"SMN,SMG-US",SOS,2 MIX JV II,,,,,9/9/2026
Released,,,7/19/2024,9/9/2026,,,Leanna Crawford,Still Waters,Justin Richards,"Jonathan Gamble,Leanna Crawford",33.34%,ESA/Co-Pub,4/18/2022,10/12/2023,Leanna Crawford (Released),,Provident Label Group,Sony Music Entertainment,,USA5W2300669,Still Waters (Psalm 23),Still Waters,Main Version,Album,Writer,Christian,SMG_MSG_101_10049,"SMN,SMG-US",SOS,2 MIX JV II,,,,,9/9/2026
Hold,,,9/1/2026,9/8/2026,,,Emily Ann Roberts,Sweet T,"Ryan Beaver,Derek George,Frank Rogers","Jeremy Spillman,Emily Ann Roberts",60.00%,"ESA/Co-Pub,ESA/Co-Pub,Admin",8/21/2026,8/28/2026,,,"Sony Music Nashville,RECORDS Nashville",Sony Music Nashville,,,Sweet T,,Main Version,,Writer,Country,,"SMN,SMG-US",SOS,"2 MIX JV II, FLUID JV II",,,,,9/8/2026
Cut,,9/8/2026,9/8/2026,9/8/2026,,,Kasey Tyndall ,Last Man Out,"Kasey Tyndall,Mike Fiorentino",Rob Ragosta,66.67%,"ESA/Co-Pub,ESA/Co-Pub",8/26/2025,9/2/2026,,,MNRK Records LP,,,,,,Main Version,,Writer,Country,SMG_MSG_109_22243,"SMN,SMG-US",SOS,"2 MIX JV III, FLUID JV II",,,,,9/8/2026
Upcoming,,,,9/8/2026,,,Sugababes,Full Circle,Anya Jones,,20.00%,ESA/Co-Pub,,9/8/2026,,,Independent,,checked,,,,Main Version,,Writer,,,"SMN,SMG-US",SOS,SOS,,,,,9/8/2026
Upcoming,,,,9/8/2026,,,Sugababes,After All,Anya Jones,,20.00%,ESA/Co-Pub,,9/8/2026,,,Independent,,checked,,,,Main Version,,Writer,,,"SMN,SMG-US",SOS,SOS,,,,,9/8/2026
Upcoming,,,,9/8/2026,,,Sugababes,Scorpio,Anya Jones,,20.00%,ESA/Co-Pub,,9/8/2026,,,Independent,,checked,,,,Main Version,,Writer,,,"SMN,SMG-US",SOS,SOS,,,,,9/8/2026
Upcoming,,,,9/8/2026,,,Sugababes,Modern Love,Anya Jones,,20.00%,ESA/Co-Pub,,9/8/2026,,,Independent,,checked,,,,Main Version,,Writer,,,"SMN,SMG-US",SOS,SOS,,,,,9/8/2026
Upcoming,,,,9/8/2026,,,Sugababes,Love Language,Anya Jones,,20.00%,ESA/Co-Pub,,9/8/2026,,,Independent,,checked,,,,Main Version,,Writer,,,"SMN,SMG-US",SOS,SOS,,,,,9/8/2026
Hold,,,,9/7/2026,,,ITZY,Fussy,Sara Boe,"Andrew Goldstein,Taylor Upsahl",33.33%,ESA/Co-Pub,,9/7/2026,,,JYP Entertainment,,,,,,Main Version,,Writer,,,"SMN,SMG-US",SOS,SOS,,,,,9/7/2026
Released,,,10/27/2023,9/4/2026,,,Maverick City Music,For My Good,Melodie Wagner,"Brandon Lake,Dante Bowe",33.34%,ESA/Co-Pub,,9/4/2026,,,Independent,,,QMDA62390338,,The Maverick Way Complete,Main Version,Album,Writer,,SMG_MSG_109_22218,"SMN,SMG-US",SOS,SOS,,,,,9/4/2026
Hold,9/3/2026,,,9/3/2026,,,Emily Ann Roberts,All The Things,"Frank Rogers,Derek George,Ryan Beaver","Jeremy Spillman,Emily Ann Roberts",60.00%,"Admin,ESA/Co-Pub,ESA/Co-Pub",8/22/2026,8/31/2026,,,"Sony Music Nashville,RECORDS Nashville",Sony Music Nashville,,,,,Main Version,,Writer,Country,,"SMN,SMG-US",SOS,"FLUID JV II, 2 MIX JV II",,,,,9/3/2026
Upcoming,,,10/2/2026,9/3/2026,,,Knox,I Think You Should Leave,Jordan Cosmo,"Knox Morris,Chase Cimala",33.33%,ESA/Co-Pub,,9/3/2026,,,Atlantic Recording Corporation,,,,,My Midwest Best,Main Version,Album,Writer,,SMG_MSG_109_22166,"SMN,SMG-US",SOS,SOS,,,,,9/3/2026
Released,,,5/8/2026,9/2/2026,,,Jenevieve,Bellafonte,Tkay Maidza,"Jenevieve,Jonathan Beuzieron,Jamil Chammas,Justin Lucas",15.00%,ESA/Co-Pub,,7/23/2026,,Tkay Maidza,Interscope Records,,,USUM72603312,Bellafonte (feat. Tkay Maidza),Chrysalis (Coda),Main Version,Album,Writer,R&B/Soul,,"SMN,SMG-US",SOS,SOS,,,,,9/2/2026
Released,,,9/4/2026,9/2/2026,,,The Paradox,That's Not Fair,Nick Gale,"Eric Dangerfield,Percy Crews III,Christopher Xelan Bernard,Donald Bryant,Nick Furlong",0.00%,ESA/Co-Pub,,9/2/2026,,,Independent,,,USA2P2647669,That's Not Fair,Proceed With Caution - EP,Explicit,EP,Writer,Pop/Rock,,"SMN,SMG-US",SOS,SOS,,,,,9/4/2026
Released,,,8/28/2026,9/2/2026,,,Angelo Mota,Is This My Life,"Angelo Mota,Hamish","Alex Metcalfe,Lewis Shoates,Elijah Galeota-Alpern",50.00%,"ESA/Co-Pub,ESA/Co-Pub",,6/22/2026,Angelo Mota (Released),,LONG PLAYS ONLY,,,QT4K32616647,is this my life,thank you saturn,Main Version,Album,"Writer,Artist",Hip-Hop/Rap,,"SMN,SMG-US",SOS,"SOS, PLENTY JV",,,,,9/2/2026
Released,,,8/28/2026,9/2/2026,,,Angelo Mota,five minutes with god,Angelo Mota,"Alexander James Metcalfe,Devin Maurice Austin,Evan Dawkins,Ian Crumley",75.00%,ESA/Co-Pub,,8/25/2026,,,LONG PLAYS ONLY,,,QT62W2609023,five minutes with god,thank you saturn,Main Version,Album,"Writer,Artist",Hip-Hop/Rap,SMG_MSG_109_22224,"SMN,SMG-US",SOS,SOS,,,,,9/2/2026
Released,,,8/28/2026,9/2/2026,,,Angelo Mota,keep your head up,Angelo Mota,"Alexander James Metcalfe,Lewis Shoates",60.00%,ESA/Co-Pub,,8/25/2026,,,LONG PLAYS ONLY,,,QT62W2609022,keep your head up,thank you saturn,Main Version,Album,"Writer,Artist",Hip-Hop/Rap,SMG_MSG_109_22223,"SMN,SMG-US",SOS,SOS,,,,,9/2/2026
Released,,,8/28/2026,9/2/2026,,,Angelo Mota,Pray For Me,Angelo Mota,"Alexander James Metcalfe,Patrick James Saint Fort",62.50%,ESA/Co-Pub,,8/25/2026,,,LONG PLAYS ONLY,,,QT62W2609017,pray for me,thank you saturn,Main Version,Album,"Writer,Artist",Hip-Hop/Rap,SMG_MSG_109_22257,"SMN,SMG-US",SOS,SOS,,,,,9/2/2026
Released,,,8/28/2026,9/2/2026,,,Angelo Mota,Terrified,Angelo Mota,"Alexander James Metcalfe,Anton Kossoy,Adi Bublil,Timothy Fogerty",65.00%,ESA/Co-Pub,,8/25/2026,,,LONG PLAYS ONLY,,,QT62W2609016,terrified,thank you saturn,Main Version,Album,"Writer,Artist",Hip-Hop/Rap,SMG_MSG_109_22258,"SMN,SMG-US",SOS,SOS,,,,,9/2/2026
Released,,,8/28/2026,9/2/2026,,,Angelo Mota,or not,Angelo Mota,"Lewis Shoates,Alexander James Metcalfe",50.00%,ESA/Co-Pub,,8/25/2026,,,LONG PLAYS ONLY,,,QT4K42673607,or not,thank you saturn,Main Version,Album,"Writer,Artist",Hip-Hop/Rap,SMG_MSG_109_22259,"SMN,SMG-US",SOS,SOS,,,,,9/2/2026
Released,,,8/28/2026,9/2/2026,,,Angelo Mota,Javelin,"Angelo Mota,Hamish","Patrick James Saint Fort,Alexander James Metcalfe,George Langford,Tom Van Buskirk",65.00%,"ESA/Co-Pub,ESA/Co-Pub",,8/25/2026,,,LONG PLAYS ONLY,,,QT62U2685069,javelin,thank you saturn,Main Version,Album,"Writer,Artist",Hip-Hop/Rap,SMG_MSG_109_22260,"SMN,SMG-US",SOS,"SOS, PLENTY JV",,,,,9/2/2026
Released,,,8/28/2026,9/2/2026,,,Angelo Mota,Madman,Angelo Mota,Alexander James Metcalfe,75.00%,ESA/Co-Pub,,8/25/2026,,,LONG PLAYS ONLY,,,QT62W2609015,madman,thank you saturn,Main Version,Album,"Writer,Artist",Hip-Hop/Rap,SMG_MSG_109_22261,"SMN,SMG-US",SOS,SOS,,,,,9/2/2026
Upcoming,,9/4/2026,,9/1/2026,,,Lainey Wilson,Avalanche,Kasey Tyndall,"Lainey Wilson,Trannie Anderson,Dallas Wilson",25.00%,ESA/Co-Pub,10/7/2025,11/14/2025,,,BMG BBR,,checked,,,,Main Version,,Writer,Country,SMG_MSG_109_19531,"SMN,SMG-US",SOS,2 MIX JV III,,,,,9/1/2026
Hold,9/1/2026,,,9/1/2026,,,Larry Fleet,Whose Side I'm On,Jeremy Bussey,"Adam Wheeler,Scott Sean White",33.34%,ESA/Co-Pub,11/5/2025,12/15/2025,,,Independent,,,,,,Main Version,,Writer,Country,SMG_MSG_109_19644,"SMN,SMG-US",SOS,FLUID JV II,,,,,9/1/2026
Hold,9/1/2026,,,9/1/2026,,,Jade Eagleson,"Me, Myself, and Why",Jade Eagleson,"Autumn Buysse,Brian Davis,Joseph Patton,Danick Dupelle",20.00%,ESA/Co-Pub,,8/31/2026,,,BMG BBR,,,,,,Main Version,,Writer,Country,,"SMN,SMG-US",SOS,AMP JV,,,,,9/1/2026
Hold,9/1/2026,,,9/1/2026,,,Emily Ann Roberts,Time Of My Life,"Derek George,Frank Rogers,Ryan Beaver","Emily Ann Roberts,Jeremy Spillman",60.00%,"ESA/Co-Pub,Admin,ESA/Co-Pub",8/21/2026,8/28/2026,,,"Sony Music Nashville,RECORDS Nashville",Sony Music Nashville,,,,,Main Version,,Writer,Country,,"SMN,SMG-US",SOS,"FLUID JV II, 2 MIX JV II",,,,,9/1/2026
Hold,9/1/2026,,,9/1/2026,,,Emily Ann Roberts,Tumbleweed,"Ryan Beaver,Derek George,Frank Rogers","Emily Ann Roberts,Jeremy Spillman",60.00%,"ESA/Co-Pub,ESA/Co-Pub,Admin",8/20/2026,8/28/2026,,,"Sony Music Nashville,RECORDS Nashville",Sony Music Nashville,,,,,Main Version,,Writer,Country,,"SMN,SMG-US",SOS,"2 MIX JV II, FLUID JV II",,,,,9/1/2026
Released,,,8/28/2026,9/1/2026,,,Angelo Mota,Good Enough,Angelo Mota,"Alexander James Metcalfe,Henry Nichols,Maximilian McFarlin,Lewis Shoates",35.00%,ESA/Co-Pub,,8/25/2026,,,LONG PLAYS ONLY,,,QT62W2609021,good enough,thank you saturn,Main Version,Album,"Writer,Artist",Hip-Hop/Rap,SMG_MSG_109_22301,"SMN,SMG-US",SOS,SOS,,,,,9/1/2026
Released,,,8/28/2026,9/1/2026,,,Angelo Mota,Program,Angelo Mota,"Alexander James Metcalfe,Lewis Shoates,Calvin Dickinson,Nathaniel Cardenas,Mathieu Balay",30.00%,ESA/Co-Pub,,8/25/2026,,,LONG PLAYS ONLY,,,QT62W2609020,program,thank you saturn,Main Version,Album,"Writer,Artist",Hip-Hop/Rap,SMG_MSG_109_22407,"SMN,SMG-US",SOS,SOS,,,,,9/1/2026
Released,,,8/28/2026,9/1/2026,,,Angelo Mota,Hills Have Eyes,Angelo Mota,"Alexander James Metcalfe,Lewis Shoates,Calvin Dickinson,Lucas da Mota Siqueira,Hidde Ament",30.00%,ESA/Co-Pub,,8/25/2026,,,LONG PLAYS ONLY,,,QT62W2609019,hills have eyes,thank you saturn,Main Version,Album,"Writer,Artist",Hip-Hop/Rap,SMG_MSG_109_22419,"SMN,SMG-US",SOS,SOS,,,,,9/1/2026
Released,,,8/21/2026,9/1/2026,,,NGHTMRE,No Air,Melodie Wagner,"Tyler Marenyi,Jordin Sparks,Negin Djafari,Rhett Williams Lee,Conran Williams Lee,Erik Griggs,James Fauntelroy,Harvey Mason,Steve Russell,Damon Thomas",4.16%,ESA/Co-Pub,,8/27/2026,,Jordin Sparks,BMG Rights Management,,,CA5KR2667363,,,Main Version,Single,Writer,,SMG_MSG_109_22437,"SMN,SMG-US",SOS,SOS,,,,,9/1/2026
Cut,,,,9/1/2026,,,JERUB,Everywhere I Go,Jordan Cosmo,"JERUB,Jonny Hockings",33.33%,ESA/Co-Pub,8/14/2026,9/1/2026,,,Independent,,,,,,Main Version,,Writer,,,"SMN,SMG-US",SOS,SOS,,,,,9/1/2026
Cut,,,,9/1/2026,,,Pedro Santos,Apologies,Jordan Cosmo,"Pedro Santos,Brad Simpson",33.33%,ESA/Co-Pub,8/25/2026,9/1/2026,,,Independent,,,,,,Main Version,,Writer,,,"SMN,SMG-US",SOS,SOS,,,,,9/1/2026
Released,,,9/8/2026,9/1/2026,,https://s.disco.ac/srogizzjugov,&TEAM,Accelerate,"Chizzy,Will Jay","Mia,YX Labels,Mun Yeo Reum",86.54%,"Admin,ESA/Co-Pub",,8/28/2026,,,YX Labels,,,USA2P2647293,Accelerate,MARK ON ME,Main Version,Album,Writer,K-Pop,SMG_MSG_109_22434,"SMN,SMG-US",SOS,SOS,,,,,9/9/2026
Released,,,8/28/2026,9/1/2026,,https://s.disco.ac/zsrmmimdrzrl,JENNIE,Heaven,Volta,"James Essien,Oji",11.25%,ESA/Co-Pub,,9/1/2026,,,Columbia Records,Sony Music Entertainment,,USQX92604649,HEAVEN,Fallen Angel - EP,Explicit,EP,Writer,Pop,,"SMN,SMG-US",SOS,SOS,,,,,9/1/2026
Upcoming,,8/31/2026,,8/31/2026,,,Tyler Hubbard,Good For It,David Garcia,"Canaan Smith,Corey Crowder,Josh Miller ,Tyler Hubbard",20.00%,ESA/Co-Pub,6/23/2026,7/7/2026,,,EMI Records Nashville,MCA (Music Corporation of America),checked,,,,Main Version,,Writer,Country,SMG_MSG_109_21330,"SMN,SMG-US",SOS,SOS,,,,,8/31/2026
Released,,,8/28/2026,8/31/2026,,,Connor McCutcheon,Mine To Miss,Connor McCutcheon,"Nathan Wilson,Evan Cline,Seth Packan",25.00%,ESA/Co-Pub,2/15/2026,3/12/2026,Connor McCutcheon (Released),,Independent,,,QT6HJ2636439,Mine to Miss,Mine to Miss - Single,Acoustic,Single,"Writer,Artist",Country,SMG_MSG_109_20403,"SMN,SMG-US",SOS,FLUID JV II,,,,,8/31/2026
Released,,,8/28/2026,8/29/2026,,,Brian Fuller,Jukebox,Brent Anderson,Brian Fuller,50.00%,ESA/Co-Pub,2/9/2026,6/8/2026,,,Independent,,,,Jukebox,Jukebox - Single,Main Version,Single,"Writer,Producer",Country,SMG_MSG_109_21167,"SMN,SMG-US",SOS,FLUID JV II,,,,,8/29/2026
Released,,,8/28/2026,8/28/2026,,,Jem Cassar-Daley,Cliches,Brock Westover,"Jem Cassar-Daley,Jordyn Dodd",33.33%,ESA/Co-Pub,5/29/2024,7/31/2024,"Jem Cassar-Daley (Upcoming), Jem Cassar-Daley (Released)",,Sony Music Entertainment,,,AUNCC2500106,Clichés,tattoos used to come off in the pool,Main Version,Album,"Writer,Producer",Pop,SMG_MSG_109_13967,"SMN,SMG-US",SOS,FUTURISTICS JV,,,,,8/28/2026
Hold,8/28/2026,,,8/28/2026,,,Cole Goodwin,Might As Well Be Us,"Derek George,Monty Criswell",Cole Goodwin,66.67%,"ESA/Co-Pub,ESA/Co-Pub",7/7/2026,7/16/2026,,,Big Machine Label Group,,,,,,Main Version,,Writer,,SMG_MSG_109_21462,"SMN,SMG-US",SOS,FLUID JV II,,,,,8/28/2026
Released,,,8/28/2026,8/28/2026,,,Jess Moskaluke,Why Does The Moon,"Jessica Cayne,Matthew Morrisey","Emily Reid,Jess Moskaluke",50.00%,"ESA/Co-Pub,ESA/Co-Pub",4/26/2024,5/2/2024,,,Independent,,,CA74P2600010,Why Does the Moon,Why Does the Moon - Single,Main Version,Single,Writer,Country,SMG_MSG_109_12547,"SMN,SMG-US",SOS,"2 MIX JV II, SOS",,,,,8/28/2026
Released,,,8/28/2026,8/28/2026,,,Jem Cassar-Daley,Souvenir,Brock Westover,"Brigetta Truitt,Jem Cassar-Daley",33.33%,ESA/Co-Pub,5/30/2024,7/31/2024,,,Sony Music Entertainment,,,AUNCC2600016,Souvenir,tattoos used to come off in the pool,Main Version,Album,"Writer,Producer",Pop,SMG_MSG_109_13956,"SMN,SMG-US",SOS,FUTURISTICS JV,,,,,8/28/2026
Released,,,8/28/2026,8/28/2026,,,Brooke Lee,Mess Of It,Brooke Lee,"Danielle Blakey,Peytan Porter",33.34%,ESA/Co-Pub,4/1/2026,8/17/2026,,,Spirit Nashville Recordings,,,QMDA62630329,Mess of It,Mess of It - Single,Main Version,Single,"Writer,Artist",Country,SMG_MSG_109_21786,"SMN,SMG-US",SOS,2 MIX JV II,,,,,8/28/2026
Hold,8/25/2026,,,8/25/2026,,,Eric Church,The Song,Brent Anderson,"Jameson Rodgers,Ray Fulcher",33.34%,ESA/Co-Pub,10/7/2025,12/12/2025,,,EMI Records Nashville,MCA (Music Corporation of America),,,,,Main Version,,Writer,,SMG_MSG_109_19717,"SMN,SMG-US",SOS,FLUID JV II,,,,,8/25/2026
Cut,,8/25/2026,,8/25/2026,,,Kasey Tyndall ,Happy,"Kasey Tyndall,Mike Fiorentino",Michael Hobby,66.67%,"ESA/Co-Pub,ESA/Co-Pub",4/28/2026,6/24/2026,,,MNRK Records LP,,,,,,Main Version,,Writer,Country,SMG_MSG_109_21282,"SMN,SMG-US",SOS,"2 MIX JV III, FLUID JV II",,,,,8/25/2026
Cut,,8/25/2026,,8/25/2026,,,Kasey Tyndall ,Something's Coming,"Kasey Tyndall,Nathan Barlowe",Danielle Blakey,66.67%,"ESA/Co-Pub,ESA/Co-Pub",3/2/2026,3/5/2026,,,MNRK Records LP,,,,,,Main Version,,Writer,Country,SMG_MSG_109_20270,"SMN,SMG-US",SOS,"2 MIX JV III, FLUID JV II",,,,,8/25/2026
Cut,,8/25/2026,,8/25/2026,,,Jordan Davis,Snowball's Chance,Michael Hardy,"Greylan James,Carson Wallace,Jordan Schmidt",25.00%,ESA/Co-Pub,3/31/2026,5/25/2026,,,MCA Nashville,MCA (Music Corporation of America),,,,,Main Version,,Writer,Country,SMG_MSG_109_21777,"SMN,SMG-US",SOS,SOS,,,,,8/25/2026
Released,,,8/14/2026,8/25/2026,,,Lukas Graham ,Last Mile,Remy Gautreau,"Remme Ter Haar,Isa Azier,Stefan Forrest,Zachary Seman,Roger Kleinman,Lukas Graham",12.50%,ESA/Co-Pub,,8/24/2026,,,Universal International Music B.V.,UMG (Universal Music Group),,DKQ7G2600084,,Good Times,Main Version,Album,Writer,,SMG_MSG_109_21894,"SMN,SMG-US",SOS,ARCADE JV,,,,,8/25/2026
Released,,,2/28/2025,8/24/2026,,,Timothy Wayne,That'd Be You,Jamie Moore,"Mark Collie,Timothy Wayne",33.33%,Admin,8/17/2023,12/31/2025,,,Capitol Records Nashville,MCA (Music Corporation of America),,USUM72500753,That'd Be You,That'd Be You - Single,Main Version,Single,Writer,Country,,"SMN,SMG-US",SOS,SOS,,,,,8/24/2026
Released,,,5/2/2025,8/24/2026,,,Maddie & Tae,Drunk Girls in Bathrooms,"Jamie Moore,Ryan Beaver","Maddie Marlow,Taylor Dye",50.00%,"Admin,ESA/Co-Pub",6/19/2023,10/30/2023,Maddie & Tae (Released),,Mercury Nashville,MCA (Music Corporation of America),,USUM72500504,Drunk Girls In Bathrooms,Love & Light,Main Version,Album,Writer,Country,SMG_MSG_109_12381,"SMN,SMG-US",SOS,"SOS, 2 MIX JV II",,,,,8/24/2026
Released,,,2/27/2026,8/24/2026,,,Mackenzie Carpenter,Drunk Cigs,Jamie Moore,"Mackenzie Carpenter,Nicolle Galyon",33.33%,Admin,10/7/2025,12/31/2025,,,Big Machine Records,"""Borchetta Entertainment Group, LLC""",,QZRD92608512,Drunk Cigs,Drunk Cigs - Single,Main Version,Single,Writer,Country,,"SMN,SMG-US",SOS,SOS,,,,,8/24/2026
Released,,,8/28/2026,8/24/2026,,,"""AUGUSTKID, Laurentius, Mitchy & André & one more cig""",Live Without You,Justin Halpin,"Andrea Bratti,Jeffrey Holstein,Lars Beerda",25.00%,ESA/Co-Pub,4/6/2020,8/20/2026,,,Allude Collective,,,GXJ2E2610400,,,Main Version,Single,Writer,,SMG_MSG_109_21879,"SMN,SMG-US",SOS,FLUID JV II,,,,,8/28/2026
Upcoming,,,,8/24/2026,,,Ella Red,Catastrophe,Ben Samama,"Ella Red,Boy Blue",33.33%,ESA/Co-Pub,,8/24/2026,,,Nettwerk Music Group,,checked,,,,Main Version,,Writer,,SMG_MSG_109_21888,"SMN,SMG-US",SOS,SOS,,,,,8/24/2026
Upcoming,,8/24/2026,,8/24/2026,,,HARDY,Hell,Michael Hardy,"Zach Abend,Kyle Clark,Jeb Gipson",25.00%,ESA/Co-Pub,5/13/2026,5/25/2026,,,Big Loud Records,,checked,,,,Main Version,,Writer,Country,SMG_MSG_109_21781,"SMN,SMG-US",SOS,SOS,,,,,8/24/2026
Upcoming,,8/24/2026,,8/24/2026,,,HARDY,Man In The Box,"David Garcia,Michael Hardy","Hunter Phelps,Chase McGill",50.00%,"ESA/Co-Pub,ESA/Co-Pub",5/18/2026,8/21/2026,,,Big Loud Records,,checked,,,,Main Version,,Writer,Country,SMG_MSG_109_21885,"SMN,SMG-US",SOS,SOS,,,,,8/24/2026
Hold,8/20/2026,,,8/20/2026,,,Jade Eagleson,Gettin Late Early,Brent Anderson,"Jake Mitchell,Jameson Rodgers,Smith Ahnquist",25.00%,ESA/Co-Pub,1/5/2023,1/13/2023,"Chris Young (Hold), Jade Eagleson (Hold)",,BMG BBR,,,,,,Main Version,,Writer,Country,SMG_MSG_109_7380,"SMN,SMG-US",SOS,FLUID JV II,,,,,8/20/2026
Released,,,7/17/2026,8/20/2026,,,Adam Chaffins,Lucky Me,Adam Chaffins,"Brit Taylor,Adam Landry",33.34%,ESA/Co-Pub,,6/30/2022,,,Spirit Nashville Recordings,,,QM6N22644021,Lucky Me,Trailer Trash Doublewide,Main Version,Album,"Writer,Artist",Country,SMG_MSG_109_13231,"SMN,SMG-US",SOS,FLUID JV II,,,,,9/18/2026
Hold,8/20/2026,,,8/20/2026,,,Jade Eagleson,Five Star Experience,Jade Eagleson,"Benji Davis,Joe Clemmons",33.34%,ESA/Co-Pub,3/5/2025,4/30/2026,,,BMG BBR,,,,,,Main Version,,Writer,Country,,"SMN,SMG-US",SOS,AMP JV,,,,,8/20/2026
Released,,,8/21/2026,8/20/2026,,,Adam Chaffins,Easy Love ,Adam Chaffins,,100.00%,ESA/Co-Pub,6/30/2021,6/30/2022,,,Spirit Nashville Recordings,,,QM6N22646772,,Trailer Trash: Doublewide,Main Version,Album,Writer,Country,,"SMN,SMG-US",SOS,FLUID JV II,,,,,8/21/2026
Hold,8/20/2026,,,8/20/2026,,,Jade Eagleson,By the Look of Things,Jade Eagleson,"Derek Bahr,Jared Conrad,Joseph Patton",25.00%,ESA/Co-Pub,3/3/2025,4/30/2026,,,BMG BBR,,,,,,Main Version,,Writer,Country,,"SMN,SMG-US",SOS,AMP JV,,,,,8/20/2026
Upcoming,,,,8/19/2026,,,CRAVITY,Arrest Me,Honi,,25.00%,ESA/Co-Pub,,8/19/2026,,,Starship Entertainment,,checked,,,,Main Version,Single,Writer,,,"SMN,SMG-US",SOS,SOS,,,,,8/19/2026
Released,,,9/2/2026,8/19/2026,,https://s.disco.ac/vseatarlblsl,LISA,SaWaDiKa,Volta,"LISA,Oji,Thom Bridges,Rachel West,Danny Chung",12.50%,ESA/Co-Pub,,8/19/2026,,,RCA Records,Sony Music Entertainment,,USRC12601645,SaWaDiKa,SaWaDiKa - Single,Explicit,Single,Writer,Pop,SMG_MSG_109_21796,"SMN,SMG-US",SOS,SOS,,,,,9/4/2026
Upcoming,,,,8/19/2026,,,Ravyn Lenae,Love Sick,Ely Rise,"Dahi,Ravyn Lenae,Eric Leva,Rex Orange County,Livvi Franc",0.00%,ESA/Co-Pub,,8/19/2026,,,Atlantic Recording Corporation,,checked,,,,Main Version,Single,Writer,,,"SMN,SMG-US",SOS,DAHI JV,,"This is due to be used in a sync for the Netflix show 'Nobody Wants This', release details are TBC",,,8/19/2026
Released,,,8/14/2026,8/18/2026,,,Gigi Moss,Criminal,Nick Gale,"Gigi Moss,Jonah Shy,Solly",0.00%,ESA/Co-Pub,,8/18/2026,,,Independent,,,QZJ842610605,,,Main Version,Single,Writer,,SMG_MSG_109_21795,"SMN,SMG-US",SOS,SOS,,,,,8/18/2026
Released,,,8/14/2026,8/18/2026,,,Trippie Redd,For Her,Ely Rise,,0.00%,ESA/Co-Pub,,8/18/2026,,Rema,Atlantic Recording Corporation,,,QZJ842610450,For Her,NDA,Main Version,Album,Writer,Hip-Hop/Rap,,"SMN,SMG-US",SOS,DAHI JV,,,,,8/18/2026
Upcoming,,8/17/2026,10/23/2026,8/17/2026,,,Penelope Road,Keep Driving,Ryan Beaver,"Daniel Tashian,Charles Eastman,Max Moore,Koan Roy Meighoo,Anthony L. Smith,James Kopp",14.29%,ESA/Co-Pub,1/8/2026,7/7/2026,,,Warner Records,,,,,,Main Version,,Writer,,SMG_MSG_109_22471,"SMN,SMG-US",SOS,2 MIX JV II,,,,,8/17/2026
Hold,8/17/2026,,,8/17/2026,,,Kate Sykes,The Girl of Your Dreams,Mike Fiorentino,Kate Sykes,50.00%,ESA/Co-Pub,7/15/2026,8/13/2026,Kate Sykes (Hold),,Independent,,,,,,Main Version,,Writer,Rock,SMG_MSG_109_21809,"SMN,SMG-US",SOS,FLUID JV II,,,,,8/17/2026
Upcoming,8/17/2026,8/25/2026,,8/17/2026,,,Kasey Tyndall ,White Picket Fence,"Brock Westover,Kasey Tyndall",Justin Ebach,66.67%,"ESA/Co-Pub,ESA/Co-Pub",7/16/2026,8/4/2026,,,MNRK Records LP,,checked,,,,Main Version,,Writer,Country,SMG_MSG_109_21499,"SMN,SMG-US",SOS,"FUTURISTICS JV, 2 MIX JV III",,,,,9/16/2026
Cut,8/17/2026,8/25/2026,,8/17/2026,,,Kasey Tyndall ,Blanket of Rust,"Kasey Tyndall,Adam Wood,Brock Westover",,100.00%,"ESA/Co-Pub,ESA/Co-Pub,ESA/Co-Pub",8/5/2026,8/12/2026,,,MNRK Records LP,,,,,,Main Version,,Writer,Country,SMG_MSG_109_21810,"SMN,SMG-US",SOS,"2 MIX JV III, LBJV, FUTURISTICS JV",,,,,8/25/2026
Hold,8/17/2026,,,8/17/2026,,,Kate Sykes,Alien,Mike Fiorentino,Kate Sykes,50.00%,ESA/Co-Pub,6/26/2026,8/13/2026,,,Independent,,,,,,Main Version,,Writer,Rock,SMG_MSG_109_21808,"SMN,SMG-US",SOS,FLUID JV II,,,,,8/17/2026
Hold,,,,8/17/2026,,,Kate Sykes,The Girl of Your Dreams,Mike Fiorentino,Kate Sykes,50.00%,ESA/Co-Pub,7/15/2026,8/13/2026,Kate Sykes (Hold),,Independent,,,,,,Main Version,,Writer,Rock,SMG_MSG_109_21809,"SMN,SMG-US",SOS,FLUID JV II,,,,,8/17/2026
Hold,8/17/2026,,,8/17/2026,,,Shane Profitt,The Cigarette,Brent Anderson,"Drew Parker,Shane Proffit",33.34%,ESA/Co-Pub,8/4/2026,8/4/2026,,,"Sony Music Nashville,Triple Tigers",,,,,,Main Version,,Writer,Country,SMG_MSG_109_21536,"SMN,SMG-US",SOS,FLUID JV II,,,,,8/17/2026
Hold,8/17/2026,,,8/17/2026,,,Shane Profitt,Good Girl's Gone,"Brent Anderson,Jeremy Bussey",Shane Proffit,66.67%,"ESA/Co-Pub,ESA/Co-Pub",7/24/2026,8/4/2026,,,"Sony Music Nashville,Triple Tigers",,,,,,Main Version,,Writer,Country,SMG_MSG_109_21520,"SMN,SMG-US",SOS,FLUID JV II,,,,,8/17/2026
Hold,8/17/2026,,,8/17/2026,,,Shane Profitt,In A Beer From Now,"Brent Anderson,Jeremy Bussey",Shane Proffit,66.67%,"ESA/Co-Pub,ESA/Co-Pub",7/23/2026,8/4/2026,,,"Sony Music Nashville,Triple Tigers",,,,,,Main Version,,Writer,Country,SMG_MSG_109_21522,"SMN,SMG-US",SOS,FLUID JV II,,,,,8/17/2026
Hold,8/17/2026,,,8/17/2026,,,Dustin Lynch,Somewhere To Me,Brent Anderson,"Andy Albert,Dustin Lynch",33.34%,ESA/Co-Pub,7/21/2026,8/4/2026,,,BMG BBR,,,,,,Main Version,,Writer,Country,SMG_MSG_109_21534,"SMN,SMG-US",SOS,FLUID JV II,,,,,8/17/2026
Hold,8/17/2026,,,8/17/2026,,,Dustin Lynch,Ride Off,Brent Anderson,"Andy Albert,Dustin Lynch",33.34%,ESA/Co-Pub,7/20/2026,8/4/2026,,,BMG BBR,,,,,,Main Version,,Writer,Country,SMG_MSG_109_21532,"SMN,SMG-US",SOS,FLUID JV II,,,,,8/17/2026
Hold,8/17/2026,,,8/17/2026,,,Dustin Lynch,Where The Night Went,Brent Anderson,"Andy Albert,Dustin Lynch",33.34%,ESA/Co-Pub,7/19/2026,8/4/2026,,,BMG BBR,,,,,,Main Version,,Writer,Country,SMG_MSG_109_21541,"SMN,SMG-US",SOS,FLUID JV II,,,,,8/17/2026
Hold,8/17/2026,,,8/17/2026,,,LOCASH,My Space,Brent Anderson,"Ben Hayslip,Chris Lucas,Jacob Rice,Preston Brust",20.00%,ESA/Co-Pub,7/18/2026,8/4/2026,,,BMG BBR,,,,,,Main Version,,Writer,Country,SMG_MSG_109_21528,"SMN,SMG-US",SOS,FLUID JV II,,,,,8/17/2026
Hold,8/17/2026,,,8/17/2026,,,LOCASH,Church In A Truck,Brent Anderson,"Ben Hayslip,Chris Lucas,Jacob Rice,Preston Brust",20.00%,ESA/Co-Pub,7/18/2026,8/4/2026,,,BMG BBR,,,,,,Main Version,,Writer,Country,SMG_MSG_109_21515,"SMN,SMG-US",SOS,FLUID JV II,,,,,8/17/2026
Hold,8/17/2026,,,8/17/2026,,,LOCASH,Everything I Ain't,Brent Anderson,"Ben Hayslip,Chris Lucas,Jacob Rice,Preston Brust",20.00%,ESA/Co-Pub,7/18/2026,8/4/2026,,,BMG BBR,,,,,,Main Version,,Writer,Country,SMG_MSG_109_21517,"SMN,SMG-US",SOS,FLUID JV II,,,,,8/17/2026
Hold,8/17/2026,,,8/17/2026,,,LOCASH,If You Ain't First,Brent Anderson,"Ben Hayslip,Chris Lucas,Jacob Rice,Preston Brust",20.00%,ESA/Co-Pub,7/17/2026,8/4/2026,,,BMG BBR,,,,,,Main Version,,Writer,Country,SMG_MSG_109_21521,"SMN,SMG-US",SOS,FLUID JV II,,,,,8/17/2026
Hold,8/17/2026,,,8/17/2026,,,LOCASH,One Red Light Town,Brent Anderson,"Ben Hayslip,Chris Lucas,Jacob Rice,Preston Brust",20.00%,ESA/Co-Pub,7/17/2026,8/4/2026,,,BMG BBR,,,,,,Main Version,,Writer,Country,SMG_MSG_109_21530,"SMN,SMG-US",SOS,FLUID JV II,,,,,8/17/2026
Hold,8/17/2026,,,8/17/2026,,,LOCASH,Ain't Enough Beer,Brent Anderson,"Ben Hayslip,Chris Lucas,Jacob Rice,Preston Brust",20.00%,ESA/Co-Pub,7/17/2026,8/4/2026,,,BMG BBR,,,,,,Main Version,,Writer,Country,SMG_MSG_109_21510,"SMN,SMG-US",SOS,FLUID JV II,,,,,8/17/2026
Hold,8/17/2026,,,8/17/2026,,,LOCASH,Round Here's Got You,Brent Anderson,"Ben Hayslip,Chris Lucas,Jacob Rice,Preston Brust",20.00%,ESA/Co-Pub,7/16/2026,8/4/2026,,,BMG BBR,,,,,,Main Version,,Writer,Country,SMG_MSG_109_21533,"SMN,SMG-US",SOS,FLUID JV II,,,,,8/17/2026
Hold,8/17/2026,,,8/17/2026,,,LOCASH,Bad Boy Gone Good,Brent Anderson,"Ben Hayslip,Chris Lucas,Jacob Rice,Preston Brust",20.00%,ESA/Co-Pub,7/16/2026,8/4/2026,,,BMG BBR,,,,,,Main Version,,Writer,Country,SMG_MSG_109_21512,"SMN,SMG-US",SOS,FLUID JV II,,,,,8/17/2026
Hold,8/17/2026,,,8/17/2026,,,LOCASH,Only Need One,Brent Anderson,"Ben Hayslip,Chris Lucas,Jacob Rice,Preston Brust",20.00%,ESA/Co-Pub,7/16/2026,8/4/2026,,,BMG BBR,,,,,,Main Version,,Writer,Country,SMG_MSG_109_21531,"SMN,SMG-US",SOS,FLUID JV II,,,,,8/17/2026
Hold,8/17/2026,,,8/17/2026,,,LOCASH,Leave It Like We Found It,Brent Anderson,"Ben Hayslip,Chris Lucas,Jacob Rice,Preston Brust",20.00%,ESA/Co-Pub,7/16/2026,8/4/2026,,,BMG BBR,,,,,,Main Version,,Writer,Country,SMG_MSG_109_21524,"SMN,SMG-US",SOS,FLUID JV II,,,,,8/17/2026
Hold,8/17/2026,,,8/17/2026,,,Maddie Font,More Than Enough,Brent Anderson,"Jonathon Singleton,Maddie Font",33.34%,ESA/Co-Pub,6/25/2026,8/4/2026,,,MCA Nashville,MCA (Music Corporation of America),,,,,Main Version,,Writer,Country,SMG_MSG_109_21527,"SMN,SMG-US",SOS,FLUID JV II,,,,,8/17/2026
Upcoming,8/17/2026,9/15/2026,,8/17/2026,,,A.R. Simmons,4 Or 5,Brent Anderson,"AR Simmons,Travis Denning",33.33%,ESA/Co-Pub,6/22/2026,8/4/2026,,,Atlantic Outpost,,checked,,,,Main Version,,Writer,Country,SMG_MSG_109_21508,"SMN,SMG-US",SOS,FLUID JV II,,,,,9/15/2026
Hold,8/17/2026,,,8/17/2026,,,Will Terry,Get Down To It,Brent Anderson,"Ben Hayslip,Jacob Rice,Will Terry",25.00%,ESA/Co-Pub,6/15/2026,8/4/2026,,,Amigo Records,,,,,,Main Version,,Writer,Country,SMG_MSG_109_21519,"SMN,SMG-US",SOS,FLUID JV II,,,,,8/17/2026
Hold,8/17/2026,,,8/17/2026,,,Matt Gorman,Father Time,Brent Anderson,Matt Gorman,50.00%,ESA/Co-Pub,6/10/2026,8/4/2026,,,Independent,,,,,,Main Version,,Writer,Country,SMG_MSG_109_21518,"SMN,SMG-US",SOS,FLUID JV II,,,,,8/17/2026
Hold,8/17/2026,,,8/17/2026,,,George Birge,Eyes Off You,Tyler Reeve,"Trannie Anderson,John Daly,Cole Taylor,George Birge",20.00%,ESA/Co-Pub,8/8/2026,8/10/2026,,,RECORDS Nashville,Sony Music Nashville,,,,,Main Version,,Writer,Country,SMG_MSG_109_21555,"SMN,SMG-US",SOS,SOS,,,,,8/17/2026
Hold,8/21/2026,8/17/2026,,8/17/2026,,,Kenny Chesney,Party With Strangers,Bobby Hamrick,"James Slater,Jamie Paulin",33.34%,ESA/Co-Pub,3/16/2021,4/26/2021,,,HEY NOW Records,Warner Records,,,,,Main Version,,Writer,Country,SMG_MSG_101_213254,"SMN,SMG-US",CRESCENDO,CRESCENDO,,,,,8/24/2026
Hold,8/11/2026,,,8/17/2026,,,Jasper Charles,Open My Eyes,Joe Bryson,"Jasper Pocopani,Caleb Mills Ellett",33.34%,ESA/Co-Pub,8/10/2026,8/11/2026,,,Independent,,,,,,Main Version,,Writer,Country,SMG_MSG_109_21620,"SMN,SMG-US",SOS,SOS,,,,,8/17/2026
Cut,,8/17/2026,,8/17/2026,,,HARDY,Don't Get Me Started,Michael Hardy,"Hunter Phelps,Chase McGill,Jordan Schmidt",25.00%,ESA/Co-Pub,4/29/2026,5/25/2026,,,Big Loud Records,,,,,,Main Version,,Writer,Country,SMG_MSG_109_21773,"SMN,SMG-US",SOS,SOS,,,,,8/17/2026
Released,,,7/24/2026,8/17/2026,,,VITA,Pleaser,Hamish,"Vita Jutsen,Naz,Aabo,Chloe George",15.00%,ESA/Co-Pub,,8/7/2026,,,Interscope Records,,,USUG12606261,,,Main Version,Single,Writer,,,"SMN,SMG-US",SOS,PLENTY JV,,,,,8/17/2026
Released,,,8/7/2026,8/17/2026,,,AG Club,Avoidance,Hamish,"Jahan Michael Jayubo-Williams,Dilip Venkatesh,Bailey Rial Goldberg,Aaron Sayre,Jonathan Jerod Naranjo Jr,Patrick Liam O'Halloran",16.66%,ESA/Co-Pub,,8/7/2026,,Baby Boy,"TheNamelessCollective,Epic Records","Sony Music Entertainment,Sony Music Entertainment",,USSM12603931,,Buck*,Main Version,Single,Writer,,,"SMN,SMG-US",SOS,PLENTY JV,,,,,8/17/2026
Cut,,,,8/16/2026,,,Ray Dalton,Who Do You Love Now,Melodie Wagner,,25.00%,ESA/Co-Pub,,8/14/2026,,,Universal International Music B.V.,UMG (Universal Music Group),,,,,Main Version,,Writer,,,"SMN,SMG-US",SOS,SOS,,,,,8/16/2026
Released,,,8/7/2026,8/15/2026,,,Ravyn Lenae,Babygirl,Ely Rise,"Ravyn Lenae,Eric Leva,Tayla Parx,Jaylah Hickmon,ALISSIA,Dahi,Karriem Riggins",12.50%,ESA/Co-Pub,,8/5/2026,,Doechii,Atlantic Recording Corporation,,,USAT22603602,,,Main Version,,Writer,,SMG_MSG_109_21828,"SMN,SMG-US",SOS,DAHI JV,,,,,8/15/2026
Released,,,8/7/2026,8/15/2026,,,Ravyn Lenae,Let Us In,Ely Rise,"Ravyn Lenae,Eric Leva,Samuel Tyler Johnson,Veronika Wyman,Dahi,Ilsey Anna Juber",14.30%,ESA/Co-Pub,,8/5/2026,,,Atlantic Recording Corporation,,,USAT22603606,,Blue Island,Main Version,Album,Writer,,SMG_MSG_109_21820,"SMN,SMG-US",SOS,DAHI JV,,,,,8/15/2026
Released,,,8/7/2026,8/15/2026,,,Ravyn Lenae,Find It One Day,Ely Rise,"Ernest Wilson,Marcus Semaj,Ravyn Lenae,Eric Leva,Dahi,Andrew Aged",12.96%,ESA/Co-Pub,,8/5/2026,,,Atlantic Recording Corporation,,,USAT22603605,,Blue Island,Main Version,Album,Writer,,SMG_MSG_109_21819,"SMN,SMG-US",SOS,DAHI JV,,,,,8/15/2026
Released,,,8/7/2026,8/15/2026,,,Ravyn Lenae,Wish You Well,Ely Rise,"Dahi,Flanafi,Ravyn Lenae,Diana Gordon,Eric Leva,Justin Tranter",16.67%,ESA/Co-Pub,,8/5/2026,,,Atlantic Recording Corporation,,,USAT22603604,,Blue Island,Main Version,Album,Writer,,SMG_MSG_109_21818,"SMN,SMG-US",SOS,DAHI JV,,,,,8/15/2026
Released,,,8/7/2026,8/15/2026,,,Ravyn Lenae,Barriers,Ely Rise,"Ravyn Lenae,Eric Leva,Dahi,Danny Mckinnon,James Stack",18.00%,ESA/Co-Pub,,8/5/2026,,,Atlantic Recording Corporation,,,USAT22603603,,Blue Island,Main Version,Album,Writer,,SMG_MSG_109_21817,"SMN,SMG-US",SOS,DAHI JV,,,,,8/15/2026
Released,,,8/7/2026,8/15/2026,,,Ravyn Lenae,Saturday Night,Ely Rise,"Ravyn Lenae,Eric Leva,Tayla Parx,ALISSIA,Dahi,Daniel McKinnon",12.50%,ESA/Co-Pub,,6/26/2026,Ravyn Lenae (Released),,Atlantic Recording Corporation,,,USAT22603601,,Blue Island,Main Version,Album,Writer,,SMG_MSG_109_21814,"SMN,SMG-US",SOS,DAHI JV,,,,,8/15/2026
Released,,,8/7/2026,8/15/2026,,,Ravyn Lenae,Reputation,Ely Rise,"Ravyn Lenae,Dahi,Sarah Aarons,Dominic Fike,Devin Workman,Spencer Stewart",18.75%,ESA/Co-Pub,,8/5/2026,Ravyn Lenae (Released),,Atlantic Recording Corporation,,,USAT22601331,,Blue Island,Main Version,Album,Writer,,,"SMN,SMG-US",SOS,DAHI JV,,,,,8/15/2026
Released,,,8/7/2026,8/15/2026,,,Ravyn Lenae,Sew Me Back Together,Ely Rise,"Ravyn Lenae,Dahi,Ian Kirkpatrick,Eric Leva",20.00%,ESA/Co-Pub,,8/5/2026,,,Atlantic Recording Corporation,,,USAT22603600,,Blue Island,Main Version,Album,Writer,,SMG_MSG_109_21815,"SMN,SMG-US",SOS,DAHI JV,,,,,8/15/2026
Released,,,8/7/2026,8/15/2026,,,Ravyn Lenae,In & Out,Ely Rise,"Ravyn Lenae,Eric Leva,Tayla Parx,Dahi,Jonah Stevens",16.66%,ESA/Co-Pub,,8/5/2026,,,Atlantic Recording Corporation,,,USAT22603598,,Blue Island,Main Version,Album,Writer,,SMG_MSG_109_22470,"SMN,SMG-US",SOS,DAHI JV,,,,,8/15/2026
Released,,,8/7/2026,8/15/2026,,,Ravyn Lenae,Never Let Me Go,Ely Rise,"Ravyn Lenae,Dahi,Tobias Breuer,Eric Leva,Lily Kaplan,Charles Jackson",8.30%,ESA/Co-Pub,,8/5/2026,,,Atlantic Recording Corporation,,,USAT22603597,,Blue Island,Main Version,Album,Writer,,SMG_MSG_109_21813,"SMN,SMG-US",SOS,DAHI JV,,,,,8/15/2026
Released,,,8/7/2026,8/15/2026,,,Ravyn Lenae,Handle,Ely Rise,"Spencer Stewart,Flanafi,Dahi,Mikky Ekko,Eric Leva,Ravyn Lenae",2.00%,ESA/Co-Pub,,6/1/2026,Ravyn Lenae (Released),,Atlantic Recording Corporation,,,USAT22603251,,Blue Island,Main Version,Album,Writer,,SMG_MSG_109_21256,"SMN,SMG-US",SOS,DAHI JV,,,,,8/15/2026
Released,,,8/21/2026,8/14/2026,,,John Daly,This Old Road Is Coming To An End,"Nick Autry,Mike Fiorentino","Joel Matthew Cooley,John Daly,Joseph Edward Nash",40.00%,"ESA/Co-Pub,ESA/Co-Pub",2/18/2025,2/28/2025,,,Independent,,,QZTV32601643,,,Main Version,Single,Writer,Country,,"SMN,SMG-US",SOS,"SOS, FLUID JV II",,,,,8/21/2026
Released,,,8/14/2026,8/14/2026,,,Blake Shelton,Let Him In Anyway,Michael Hardy,"Carson Wallace,Kyle Clark,Zach Abend",25.00%,Admin,8/27/2024,8/18/2025,Blake Shelton (Released),,"BMG BBR,Warner Music Nashville",WMG (Warner Music Group),,QMRSZ2602590,,,Acoustic,Single,Writer,Country,,"SMN,SMG-US",SOS,SOS,,,,,8/14/2026
Upcoming,,8/13/2026,,8/13/2026,,,Jaren Johnston,Memories Like You,David Garcia,"Hillary Lindsey,Jaren Johnston",33.34%,ESA/Co-Pub,4/15/2024,8/28/2024,"Nate Smith (Hold), Jaren Johnston (Upcoming)",,Blue Highway Records,HYBE America,checked,,,,Main Version,,Writer,Country,SMG_MSG_109_13459,"SMN,SMG-US",SOS,SOS,,,,,8/13/2026
Upcoming,,5/14/2026,11/20/2026,8/13/2026,,,Joe Bryson,Let You Break It,Joe Bryson,Colleen McKenna,50.00%,ESA/Co-Pub,2/24/2025,4/21/2026,,,Spirit Nashville Recordings,,,,,,Main Version,Single,Writer,Country,SMG_MSG_109_20884,"SMN,SMG-US",SOS,SOS,,,,,8/13/2026
Released,,8/12/2026,8/14/2026,8/13/2026,,,Adam Mac,Talk Shit,Jessica Cayne,"Adam Mac,Chris Rafetto",33.34%,ESA/Co-Pub,2/20/2026,2/25/2026,,Brittney Spencer,Independent,,,QZEQU2601153,,,Main Version,Album,Writer,Country,SMG_MSG_109_20219,"SMN,SMG-US",SOS,2 MIX JV II,,,,,8/14/2026
Cut,,,,8/13/2026,,,Fast Boy,My People,Melodie Wagner,"Lucas Hain,Felix Hain,Johannes Berger",25.00%,ESA/Co-Pub,,8/12/2026,,,Universal International Music B.V.,UMG (Universal Music Group),,,,,Main Version,,Writer,,,"SMN,SMG-US",SOS,SOS,,,,,8/13/2026
Upcoming,,,11/13/2026,8/13/2026,,,DJ Heartstring ,Oxytocin ,Melodie Wagner,"David Jackson,Jonas Hellberg,DJ Heartstring",40.00%,ESA/Co-Pub,,8/13/2026,,,Independent,,,,,,Main Version,Single,Writer,,SMG_MSG_109_21633,"SMN,SMG-US",SOS,SOS,,,,,8/13/2026
Cut,,,,8/13/2026,,,Duffy,Blue,Nick Gale,,0.00%,ESA/Co-Pub,,8/13/2026,,,,,,,,,Main Version,,Writer,,,"SMN,SMG-US",SOS,SOS,,,,,8/13/2026
Cut,,,,8/13/2026,,,Duffy,Woman,Nick Gale,,0.00%,ESA/Co-Pub,,8/13/2026,,,,,,,,,Main Version,,Writer,,,"SMN,SMG-US",SOS,SOS,,,,,8/13/2026
Cut,,,,8/13/2026,,,Duffy,Amen,Nick Gale,,0.00%,ESA/Co-Pub,,8/13/2026,,,,,,,,,Main Version,,Writer,,,"SMN,SMG-US",SOS,SOS,,,,,8/13/2026
Released,,,7/15/2026,8/12/2026,,,Tkay Maidza,Romanticize,Tkay Maidza,"Diederik van Elsas,Elijah Gabor,Jenevieve Johnson,Kareem James,Kieran Watters,Parrish Warrington",21.25%,ESA/Co-Pub,,7/23/2026,Tkay Maidza (Released),Jenevieve,Independent,,,QZNMT2636570,Romanticize,Romanticize - Single,Main Version,Single,"Writer,Artist",R&B/Soul,,"SMN,SMG-US",SOS,SOS,,,,,8/12/2026
Released,,,5/8/2026,8/12/2026,,,Tkay Maidza,Pressed,Tkay Maidza,"Kareem James,Timothy Worthington",30.00%,ESA/Co-Pub,,7/23/2026,Tkay Maidza (Released),,Independent,,,QZMEV2661248,Pressed,Pressed - Single,Explicit,Single,"Writer,Artist",Hip-Hop/Rap,,"SMN,SMG-US",SOS,SOS,,,,,8/12/2026
Released,,,6/26/2026,8/12/2026,,,Snakehips,PLZ HOLD,Tkay Maidza,"Austin Millz,James Carter,Kareem James,Oliver Lee",20.00%,ESA/Co-Pub,,7/23/2026,Snakehips (Released),"Tkay Maidza,Austin Millz",Ultra Records,,,USUS12600333,PLZ HOLD (feat. Tkay Maidza) [Extended Mix],PLZ HOLD (feat. Tkay Maidza) - Single,Alternate Version,Single,"Writer,Artist",Dance,,"SMN,SMG-US",SOS,SOS,,,,,8/12/2026
Released,,,6/26/2026,8/12/2026,,,Snakehips,PLZ HOLD,Tkay Maidza,"Austin Millz,James Carter,Kareem James,Oliver Lee",20.00%,ESA/Co-Pub,,7/23/2026,Snakehips (Released),"Tkay Maidza,Austin Millz",Ultra Records,,,USUS12600332,PLZ HOLD (feat. Okay Maidza),PLZ HOLD (feat. Okay Maidza) - Single,Main Version,Single,"Writer,Artist",Dance,,"SMN,SMG-US",SOS,SOS,,,,,8/12/2026
Released,,,3/27/2026,8/12/2026,,,Tkay Maidza,Must Be,Tkay Maidza,"Kareem James,Kieran Watters,Timothy Worthington",25.00%,ESA/Co-Pub,,7/23/2026,Tkay Maidza (Released),,Independent,,,QZNN22502366,Must Be,Must Be - Single,Main Version,Single,"Writer,Artist",Hip-Hop/Rap,,"SMN,SMG-US",SOS,SOS,,,,,8/12/2026
Released,,8/11/2026,8/14/2026,8/11/2026,,,Gable Bradley ,Losing Horse,Mike Fiorentino,Gable Bradley,50.00%,ESA/Co-Pub,12/10/2025,8/11/2026,,,Independent,,,QT6F82630691,,,Main Version,Single,Writer,Country,SMG_MSG_109_21618,"SMN,SMG-US",SOS,FLUID JV II,,,,,8/14/2026
Released,,,6/12/2026,8/10/2026,,,Nicky James,Pour Decisions,"Derek George,Jeremy Bussey,Monty Criswell",,100.00%,"ESA/Co-Pub,ESA/Co-Pub,ESA/Co-Pub",1/7/2022,3/14/2022,Nicky James (Released),,Independent,,,,,,Main Version,,Writer,,SMG_MSG_101_222717,"SMN,SMG-US",CRESCENDO,FLUID JV I,,,,,8/10/2026
Released,,,8/14/2026,8/10/2026,,,Nicky James,Pour Decisions,"Derek George,Jeremy Bussey,Monty Criswell",,100.00%,"ESA/Co-Pub,ESA/Co-Pub,ESA/Co-Pub",1/7/2022,3/14/2022,Nicky James (Released),,Independent,,,QT6672652534,,,Acoustic,Single,Writer,Country,SMG_MSG_101_222717,"SMN,SMG-US",CRESCENDO,FLUID JV I,,,,,8/14/2026
Upcoming,,8/10/2026,,8/10/2026,,,Scotty McCreery ,Mother Nature Father Time,"Bobby Hamrick,Frank Rogers",Scotty McCreery,66.66%,"ESA/Co-Pub,Admin",4/25/2026,5/1/2026,,,"Sony Music Nashville,Triple Tigers",,checked,,,,Main Version,,Writer,Country,SMG_MSG_109_22324,"SMN,SMG-US",SOS,"SOS, FLUID JV II",,,,,8/10/2026
Released,,,8/14/2026,8/10/2026,,,Arkade,Komplicated,Patrick Ridgen,"Jordan Jones,Dylan Davis",33.34%,ESA/Co-Pub,6/16/2026,8/4/2026,,,Independent,,,QT6FY2678770,,,Main Version,Single,Writer,,SMG_MSG_109_21542,"SMN,SMG-US",SOS,ERB JV,,,,,8/14/2026
Hold,8/6/2026,,,8/6/2026,,,Maddox Baston,Hits Different,David Garcia,"Chris Lane,Earnest Smith,Geoff Warburton",25.00%,ESA/Co-Pub,9/12/2019,10/10/2019,,,Warner Music Nashville,WMG (Warner Music Group),,,,,Main Version,,Writer,,SMG_MSG_101_193668,"SMN,SMG-US",CRESCENDO,CRESCENDO,,,,,8/6/2026
Released,,8/6/2026,8/14/2026,8/6/2026,,,Brandie Caroline,Prairie Queen,Jade Eagleson,"Braison Cyrus,Brandi Sidoryk",33.34%,ESA/Co-Pub,6/5/2022,4/30/2026,,Jade Turner,Independent,,,CBGAH2600010,,,Main Version,Single,Writer,Country,,"SMN,SMG-US",SOS,AMP JV,,,,,8/14/2026
Released,,,8/7/2026,8/6/2026,,,Mackenzie Carpenter,I Kinda Want Your Man,Jamie Moore,"Chris Tompkins ,Jonathan Hutcherson,Mackenzie Carpenter",25.00%,Admin,7/31/2025,12/31/2025,,,Big Machine Records,"""Borchetta Entertainment Group, LLC""",,QZRD92609202,Kinda Want Your Man,Kinda Want Your Man - Single,Main Version,Single,Writer,Country,,"SMN,SMG-US",SOS,SOS,,,,,8/7/2026
Released,,,8/7/2026,8/6/2026,,,Riley Taylor,Watering the Lawn,Jade Eagleson,"Daryl Scott,Jesse Slack",33.34%,ESA/Co-Pub,10/25/2025,4/30/2026,,,,,,QZTRX2646743,,,Main Version,Single,Writer,Country,,"SMN,SMG-US",SOS,AMP JV,,,,,8/7/2026
Released,8/5/2026,,9/18/2026,8/5/2026,,,Caleb Hearn,Keeping Me Around,"Jessica Cayne,Bobby Hamrick",Caleb Hearn,66.67%,"ESA/Co-Pub,ESA/Co-Pub",6/27/2026,7/27/2026,,,Independent,,,QT6HZ2689442,Keeping Me Around,Keeping Me Around - Single,Main Version,Single,Writer,Country,SMG_MSG_109_21479,"SMN,SMG-US",SOS,"2 MIX JV II, SOS",,,,,9/18/2026
Released,,,9/18/2026,8/5/2026,,,Beabadoobee,In Motion,Jason Vance Harris,,5.00%,ESA/Co-Pub,,8/5/2026,,,Dirty Hit,Interscope Records,,USA2P2565403,In Motion,Pylon,Main Version,Album,"Writer,Producer",Rock,,"SMN,SMG-US",SOS,SOS,,,,,9/18/2026
Released,,,9/18/2026,8/5/2026,,,Beabadoobee,Despite That,Jason Vance Harris,,10.00%,ESA/Co-Pub,,8/5/2026,,,Dirty Hit,Interscope Records,,USA2P2565409,Despite That,Pylon,Main Version,Album,"Writer,Producer",Rock,,"SMN,SMG-US",SOS,SOS,,,,,9/18/2026
Released,,,9/18/2026,8/5/2026,,,Beabadoobee,Estranged,Jason Vance Harris,,15.00%,ESA/Co-Pub,,8/5/2026,,,Dirty Hit,Interscope Records,,USA2P2565399,Estranged,Pylon,Main Version,Album,"Writer,Producer",Rock,,"SMN,SMG-US",SOS,SOS,,,,,9/18/2026
Released,,,7/31/2026,8/3/2026,,,Smithfield,Drunk Love You,Adam Wood,"Jennifer Fiedler,Trey Smith",33.34%,ESA/Co-Pub,7/16/2026,7/29/2026,,,Independent,,,QZEQU2601206,Drunk Love You,Drunk Love You - Single,Main Version,Single,Writer,Country,SMG_MSG_109_21398,"SMN,SMG-US",SOS,LBJV,,,,,8/3/2026
Released,,,9/17/2026,7/31/2026,,,Jade Eagleson,Coming Soon to a Honky Tonk Near You,Jade Eagleson,"Casey Brown,Matt Roy,Travis Wood",25.00%,ESA/Co-Pub,10/12/2024,4/30/2026,,Midland,BMG BBR,,,QMRSZ2602854,Coming Soon To A Honky Tonk Near You,Coming Soon To A Honky Tonk Near You - Single,Main Version,Single,"Writer,Artist",Country,,"SMN,SMG-US",SOS,AMP JV,,,,,9/17/2026
Released,,,7/31/2026,7/29/2026,,,Tim Montana,Long Long Year,Tim Montana,"Kyle Rife,Micah Wilshire",33.34%,ESA/Co-Pub,5/28/2024,6/6/2024,,,BMG BBR,,,QMRSZ2600931,,Entire State of Tim Montana,Main Version,Album,Writer,Rock,SMG_MSG_109_12744,"SMN,SMG-US",SOS,SOS,,,,,7/31/2026
Released,,,7/31/2026,7/29/2026,,,Tim Montana,Like A Satellite,"Mike Fiorentino,Nathan Barlowe,Tim Montana",Micah Wilshire,75.00%,"ESA/Co-Pub,ESA/Co-Pub,ESA/Co-Pub",4/26/2025,8/8/2025,,,BMG BBR,,,QMRSZ2600936,,Entire State of Tim Montana,Main Version,Album,Writer,Rock,SMG_MSG_109_18498,"SMN,SMG-US",SOS,"FLUID JV II, SOS",,,,,7/31/2026
Released,,,7/31/2026,7/29/2026,,,Tim Montana,Vampires,Tim Montana,"Erik Dylan,Micah Wilshire",33.34%,ESA/Co-Pub,9/9/2024,8/21/2025,,,BMG BBR,,,QMRSZ2600932,,Entire State of Tim Montana,Main Version,Album,Writer,Rock,SMG_MSG_109_18581,"SMN,SMG-US",SOS,SOS,,,,,7/31/2026
Released,,7/29/2026,9/4/2026,7/29/2026,,,Kassi Ashton,Chrome Pony,Ryan Beaver,"Kassi Ashton,Jared Keim",33.33%,ESA/Co-Pub,10/2/2025,11/14/2025,,,"MCA Nashville,Interscope Records",MCA (Music Corporation of America),,USUM72607047,Chrome Pony,Chrome Pony - Single,Main Version,Single,Writer,Country,SMG_MSG_109_21391,"SMN,SMG-US",SOS,2 MIX JV II,,,,,9/4/2026
Released,,,7/31/2026,7/28/2026,,,Tim Montana,Everything I'm Not,Tim Montana,,100.00%,ESA/Co-Pub,8/22/2025,8/22/2025,,,BMG BBR,,,QMRSZ2600940,,Entire State of Tim Montana,Main Version,Album,Writer,Rock,SMG_MSG_109_18586,"SMN,SMG-US",SOS,SOS,,,,,7/31/2026
Released,,,7/31/2026,7/28/2026,,,Tim Montana,When It's Over,Tim Montana,Kyle Rife,50.00%,ESA/Co-Pub,8/20/2025,8/21/2025,,,BMG BBR,,,QMRSZ2600939,,Entire State of Tim Montana,Main Version,Album,Writer,Rock,SMG_MSG_109_18582,"SMN,SMG-US",SOS,SOS,,,,,7/31/2026
Released,,,7/31/2026,7/28/2026,,,Tim Montana,Like A Kennedy,Tim Montana,"Erik Dylan,Micah Wilshire",33.34%,ESA/Co-Pub,9/9/2024,8/21/2025,,,BMG BBR,,,QMRSZ2600938,,Entire State of Tim Montana,Main Version,Album,Writer,Rock,SMG_MSG_109_18560,"SMN,SMG-US",SOS,SOS,,,,,7/31/2026
Released,,,7/31/2026,7/28/2026,,,Tim Montana,Off The Ground,Tim Montana,Micah Wilshire,50.00%,ESA/Co-Pub,5/29/2024,6/6/2024,,,BMG BBR,,, QMRSZ2600937,,Entire State of Tim Montana,Main Version,Album,Writer,Rock,SMG_MSG_109_12748,"SMN,SMG-US",SOS,SOS,,,,,7/31/2026
Released,,,7/31/2026,7/28/2026,,,Tim Montana,One Black Thumbnail,"Mike Fiorentino,Nathan Barlowe,Tim Montana",Micah Wilshire,75.00%,"ESA/Co-Pub,ESA/Co-Pub,ESA/Co-Pub",4/27/2025,8/8/2025,,,BMG BBR,,,QMRSZ2600934,,Entire State of Tim Montana,Main Version,Album,Writer,Rock,SMG_MSG_109_18500,"SMN,SMG-US",SOS,"FLUID JV II, SOS",,,,,7/31/2026
Released,,,7/31/2026,7/28/2026,,,Tim Montana,Crown of Ash,"Nathan Barlowe,Tim Montana","Micah Wilshire,Royale Lynn",50.00%,"ESA/Co-Pub,ESA/Co-Pub",6/4/2025,8/8/2025,,Royale Lynn,BMG BBR,,,QMRSZ2600933,,Entire State of Tim Montana,Main Version,Album,Writer,Rock,SMG_MSG_109_18499,"SMN,SMG-US",SOS,"FLUID JV II, SOS",,,,,7/31/2026
Released,,,7/31/2026,7/28/2026,,,Tim Montana,Kinda Like It,Tim Montana,"John Pierce,Micah Wilshire",33.34%,ESA/Co-Pub,1/15/2025,8/21/2025,,Jerry Cantrell,BMG BBR,,,QMRSZ2600930,,Entire State of Tim Montana,Main Version,Album,Writer,Rock,SMG_MSG_109_18561,"SMN,SMG-US",SOS,SOS,,,,,7/31/2026
Released,,,7/31/2026,7/28/2026,,,Tim Montana,Watch Me Drown,Tim Montana,,100.00%,ESA/Co-Pub,7/20/2024,7/22/2024,,"First Crazy Bear,Wolfbear",BMG BBR,,,QMRSZ2600929,,Entire State of Tim Montana,Main Version,Album,Writer,Rock,SMG_MSG_109_13177,"SMN,SMG-US",SOS,SOS,,,,,7/31/2026
Released,,7/22/2026,8/14/2026,7/28/2026,,,Unroyal,Both Sides Of Me,Mike Fiorentino,"Eddie Anthony,Elliot Polokoff",33.34%,ESA/Co-Pub,6/23/2026,7/17/2026,,,CloudKid,,,DEWO71701010,,,Main Version,Single,Writer,,SMG_MSG_109_21422,"SMN,SMG-US",SOS,FLUID JV II,,,,,8/14/2026
Hold,7/28/2026,,,7/28/2026,,,Mack Geiger,Tequila and Time,Adam Wood,"Jason Duke,Mark Irwin",33.34%,ESA/Co-Pub,3/13/2026,3/27/2026,,,RECORDS Nashville,Sony Music Nashville,,,,,Main Version,,Writer,Country,SMG_MSG_109_20491,"SMN,SMG-US",SOS,LBJV,,,,,7/28/2026
Cut,,7/28/2026,,7/28/2026,,,Alex Hall,Brighter Days,Adam Wood,"Alex Hall,Brett Warren,Lance Miller",25.00%,ESA/Co-Pub,1/14/2025,1/29/2025,,,Sony Music Nashville,,,,,,Main Version,,Writer,Country,SMG_MSG_109_16564,"SMN,SMG-US",SOS,LBJV,,,,,7/28/2026
Released,,,8/5/2026,7/28/2026,,,Bri3,Whistle,Chizzy,"Abria Parrish,Diego Avendano",25.00%,Admin,,7/28/2026,,,Atlantic Recording Corporation,,,USAT22605028,,,Main Version,Single,Writer,,,"SMN,SMG-US",SOS,SOS,,,,,8/10/2026
Released,,,7/17/2026,7/27/2026,,,NURKO,I Want You,Remy Gautreau,"Benzi Edelson,NURKO,Iann Dior,Nathan Mondry,Mxrgan",25.00%,ESA/Co-Pub,,11/6/2025,NURKO (Released),,Create Music Group,,,QZTGW2604354,I Want You (PatFromLastYear Remix),,Main Version,Single,Writer,,"SMG_MSG_101_246794, SMG_MSG_109_19424","SMN,SMG-US",SOS,ARCADE JV,,,,,7/27/2026
Hold,7/27/2026,,,7/27/2026,,,Kate Sykes,Sex Tape,Mike Fiorentino,"Kate Sykes,Tony Esterly",33.33%,ESA/Co-Pub,7/21/2026,7/27/2026,,,Independent,,,,,,Main Version,,Writer,Pop,SMG_MSG_109_21414,"SMN,SMG-US",SOS,FLUID JV II,,,,,7/27/2026
Hold,7/27/2026,,,7/27/2026,,,Parker McCollum,Red on Rust,Monty Criswell,"Parker McCollum,Randy Rogers",33.34%,ESA/Co-Pub,6/30/2026,7/20/2026,,,MCA Nashville,MCA (Music Corporation of America),,,,,Main Version,,Writer,Country,SMG_MSG_109_21431,"SMN,SMG-US",SOS,FLUID JV II,,,,,7/27/2026
Hold,7/27/2026,,,7/27/2026,,,Schmitty,Never Gets Old,Monty Criswell,"Brett Sharokey,Steven Schmitt",33.34%,ESA/Co-Pub,4/22/2026,7/20/2026,,,Independent,,,,,,Main Version,,Writer,Country,SMG_MSG_109_21427,"SMN,SMG-US",SOS,FLUID JV II,,,,,7/27/2026
Released,,7/27/2026,9/4/2026,7/27/2026,,,Maddie Font,Drive Me Around,Brent Anderson,"Jonathan Singleton,Maddie Font",33.34%,ESA/Co-Pub,3/11/2026,6/8/2026,,,Independent,,,QM24S2605038,Drive Me Around,Drive Me Around - Single,Main Version,Single,Writer,Country,SMG_MSG_109_21157,"SMN,SMG-US",SOS,FLUID JV II,,,,,9/4/2026
Upcoming,,7/22/2026,,7/22/2026,,,Brooks & Dunn,Margarita Smile,Ryan Beaver,Kix Brooks,50.00%,ESA/Co-Pub,5/23/2025,7/15/2026,,,Sony Music Nashville,,checked,,,,Main Version,,Writer,Country,SMG_MSG_109_21426,"SMN,SMG-US",SOS,2 MIX JV II,,,,,7/22/2026
Released,,,8/5/2026,7/21/2026,,,Chizzy Stephens,Walk To Fame,Chizzy,Rick Vega,50.00%,Admin,,7/21/2026,,Rick Vega,Independent,,,QT3F92692503,,California Nights II,Main Version,EP,Writer,,SMG_MSG_109_21419,"SMN,SMG-US",SOS,SOS,,,,,8/19/2026
Released,,,8/5/2026,7/21/2026,,,Chizzy Stephens,Duffy,Chizzy,,100.00%,Admin,,7/21/2026,,,Independent,,,QT3F92692501,,California Nights II,Main Version,EP,Writer,,SMG_MSG_109_21417,"SMN,SMG-US",SOS,SOS,,,,,8/19/2026
Released,,,8/5/2026,7/21/2026,,,Chizzy Stephens,Top Of The Morning,Chizzy,,100.00%,Admin,,7/21/2026,,,Independent,,,QT3F92692500,,California Nights II,Main Version,EP,Writer,,SMG_MSG_109_21416,"SMN,SMG-US",SOS,SOS,,,,,8/19/2026
Upcoming,,7/20/2026,,7/20/2026,,,Dan Alley,Sand Keeps Falling,Ryan Beaver,"Dan Alley,Deric Ruttan",33.33%,ESA/Co-Pub,5/14/2025,10/10/2025,,,River House Artists,,checked,,,,Main Version,,Writer,Country,SMG_MSG_109_19214,"SMN,SMG-US",SOS,2 MIX JV II,,,,,7/20/2026
Released,,,7/17/2026,7/17/2026,,, Mathias Julin,Cruel World,Jordan Cosmo,"Ewan Mainwood,Mathias Julin",33.33%,ESA/Co-Pub,,5/7/2026,,,Independent,,,CA5KR2661623,,,Main Version,Single,Writer,,SMG_MSG_109_21449,"SMN,SMG-US",SOS,SOS,,,,,7/17/2026
Released,,,7/17/2026,7/17/2026,,,Chris Housman,Another Love Song,Jessica Cayne,"Jerry Fuentes,Chris Housman",33.33%,ESA/Co-Pub,12/6/2024,7/17/2026,,,Independent,,,QZEQU2600827,,Another Love Song - Single ,Main Version,Single,Writer,Country,SMG_MSG_109_21387,"SMN,SMG-US",SOS,2 MIX JV II,,,,,7/17/2026
Released,,,7/17/2026,7/16/2026,,,Emily Ann Roberts,Jack & Jill Daniel's,Ryan Beaver,"Emily Ann Roberts,Jeremy Spillman,Trent Willmon",25.00%,ESA/Co-Pub,1/15/2025,1/29/2025,Emily Ann Roberts (Released),Ian Munsick,"Sony Music Nashville,RECORDS Nashville",Sony Music Nashville,,US6XF2600173,,,Main Version,Single,Writer,Country,SMG_MSG_109_16573,"SMN,SMG-US",SOS,2 MIX JV II,,,,,7/17/2026
Released,,,8/28/2026,7/16/2026,,,Ross Quinn,What It Means To Me,Jordan Cosmo,Ross Quinn,50.00%,ESA/Co-Pub,,7/16/2026,,,Payday Records,,,QZUCN2202809,What It Means to Me,What It Means to Me - Single,Main Version,Single,Writer,Dance,SMG_MSG_109_21376,"SMN,SMG-US",SOS,SOS,,,,,8/28/2026
Upcoming,,7/15/2026,,7/15/2026,,,K. Michelle,If It Ain't Broke,Jamie Moore,"Emily Landis,Justin Wilson,K. Michelle",25.00%,Admin,4/19/2025,12/31/2025,,,BMG BBR,,checked,,,,Main Version,,Writer,,,"SMN,SMG-US",SOS,SOS,,,,,7/15/2026
Released,,7/15/2026,8/7/2026,7/15/2026,,,Connor McCutcheon,Sugar,Connor McCutcheon,"Chase Cimala,Joe Tounge,Spencer Jordan,Todd Tran",20.00%,ESA/Co-Pub,3/16/2026,6/30/2026,,Jake Banfield,Independent,,,QT6FF2690801,,,Main Version,Single,Writer,Country,SMG_MSG_109_21292,"SMN,SMG-US",SOS,FLUID JV II,,,,,8/7/2026
Released,,,8/28/2026,7/14/2026,,,Dahi,Square Up,Ely Rise,"Britanny Fatima Foushee,John Key,Dahi,Wishpig,Danny Mckinnon",10.00%,ESA/Co-Pub,,7/14/2026,,Fousheé,Def Jam Recordings,UMG (Universal Music Group),,QZWH32600307,Square Up,Black Boy (Alternative),Main Version,Album,"Writer,Producer",Alternative,SMG_MSG_109_21375,"SMN,SMG-US",SOS,DAHI JV,,,,,8/28/2026
Released,,,8/28/2026,7/14/2026,,,Dahi,Stand For Something,Ely Rise,"Jasmine Rose Wilson,Ant Clemons,Carlos Munoz,Daniel Tannenbaum,Jesse Boykins,Dahi,Kareen Lomax",13.30%,ESA/Co-Pub,,7/14/2026,,"Jesse Boykins III,Baby Rose,Ant Clemons",Def Jam Recordings,UMG (Universal Music Group),,QZWH32600344,Stand For Something,Black Boy (Alternative),Main Version,Album,"Writer,Producer",Alternative,SMG_MSG_109_21373,"SMN,SMG-US",SOS,DAHI JV,,,,,8/28/2026
Released,,,5/8/2026,7/14/2026,,,Dahi,Rest Of Your Life,Ely Rise,"Jonah Stevens,Ant Clemons,Morris Wayne Ricks II,Dahi,Danny Mckinnon,John Key,Stephen R Gumbo,Hugh Tracey",7.50%,ESA/Co-Pub,,7/14/2026,,,Def Jam Recordings,UMG (Universal Music Group),,QZWH32600272,,Black Boy (Alternative),Main Version,Single,Writer,,SMG_MSG_109_21372,"SMN,SMG-US",SOS,DAHI JV,,,,,7/14/2026
Released,,,8/28/2026,7/14/2026,,,Dahi,The Night,Ely Rise,"Morris Wayne Ricks II,Kurtis Wells,Jonah Stevens,Wishpig,John Key,Danny Mckinnon,Dahi",10.00%,ESA/Co-Pub,,7/14/2026,,Kurtis Wells,Def Jam Recordings,UMG (Universal Music Group),,QZWH32600343,The Night,Black Boy (Alternative),Main Version,Album,"Writer,Producer",Alternative,SMG_MSG_109_21371,"SMN,SMG-US",SOS,DAHI JV,,,,,8/28/2026
Released,,,8/28/2026,7/14/2026,,,Dahi,They Don't Know Me,Ely Rise,"Dahi,Danny Mckinnon,Jonah Stevens,John Key,Morris Wayne Ricks II",10.00%,ESA/Co-Pub,,7/14/2026,,Mez,Def Jam Recordings,UMG (Universal Music Group),,QZWH32600342,They Don't Know Me,Black Boy (Alternative),Main Version,Album,"Writer,Producer",Alternative,SMG_MSG_109_21370,"SMN,SMG-US",SOS,DAHI JV,,,,,8/28/2026
Released,,,8/28/2026,7/14/2026,,,Dahi,Love Me,Ely Rise,"John Key,Dahi,Jonah Stevens,Steven Umoh,Danny Mckinnon",10.00%,ESA/Co-Pub,,7/14/2026,,Obongjayar,Def Jam Recordings,UMG (Universal Music Group),,QZWH32600341,Love Me,Black Boy (Alternative),Main Version,Album,"Writer,Producer",Alternative,SMG_MSG_109_21369,"SMN,SMG-US",SOS,DAHI JV,,,,,8/28/2026
Released,,,7/10/2026,7/14/2026,,,Dahi,Running,Ely Rise,"John Key,Dahi,Jonah Stevens,Danny Mckinnon,Malik Venner,Donald Glover",9.00%,ESA/Co-Pub,,7/14/2026,,Childish Gambino,Def Jam Recordings,UMG (Universal Music Group),,QZWH32600305,,Black Boy (Alternative),Main Version,Single,Writer,,SMG_MSG_109_21368,"SMN,SMG-US",SOS,DAHI JV,,,,,7/14/2026
Released,,,6/5/2026,7/14/2026,,,Dahi,Find Me,Ely Rise,"Dahi,Moses Sumney,Danny Mckinnon,John Key,Morris Wayne Ricks II",12.50%,ESA/Co-Pub,,7/14/2026,,,Def Jam Recordings,UMG (Universal Music Group),,QZWH32600288,,Black Boy (Alternative),Main Version,Single,Writer,,SMG_MSG_109_21367,"SMN,SMG-US",SOS,DAHI JV,,,,,7/14/2026
Released,,,8/28/2026,7/14/2026,,,Dahi,Who Are You,Ely Rise,"Dahi,Danny Mckinnon,John Key,Jonah Stevens,Antoine Norwood,Sheldon Jerome Young,Vincent Staples",10.00%,ESA/Co-Pub,,7/14/2026,,"Vince Staples,French Anthony,Channel Tres",Def Jam Recordings,UMG (Universal Music Group),,QZWH32600339,Who Are You,Black Boy (Alternative),Main Version,Album,"Writer,Producer",Alternative,SMG_MSG_109_21366,"SMN,SMG-US",SOS,DAHI JV,,,,,8/28/2026
Upcoming,,7/10/2026,,7/13/2026,,,Dylan Marlowe,Shotgun Seat,Michael Hardy,"Dylan Marlowe,Smith Ahnquist,Jordan Schmidt",25.00%,Admin,8/26/2024,7/10/2026,,,Sony Music Nashville,,checked,,,,Main Version,,Writer,Country,SMG_MSG_109_21365,"SMN,SMG-US",SOS,SOS,,,,,7/13/2026
Upcoming,,7/13/2026,,7/13/2026,,,Hudson Westbrook,Don't Worry About Me,Ryan Beaver,"Beau Bailey,Hudson Westbrook,Lukas Scott,Neil Medley",20.00%,ESA/Co-Pub,2/26/2026,7/8/2026,,,River House Artists (Warner Music Nashville),Warner Music Nashville,checked,,,,Main Version,,Writer,Country,SMG_MSG_109_21329,"SMN,SMG-US",SOS,2 MIX JV II,,,,,7/13/2026
Upcoming,,7/10/2026,,7/10/2026,,,Dylan Marlowe,Rock The Jukebox,David Garcia,"Dylan Marlowe,Hunter Phelps",33.33%,ESA/Co-Pub,7/14/2025,7/8/2026,,,Sony Music Nashville,,checked,,,,Main Version,,Writer,Country,SMG_MSG_109_21361,"SMN,SMG-US",SOS,SOS,,,,,7/10/2026
Released,,,8/21/2026,7/10/2026,,,Peacemode,Ghost,Joe Janiak,,100.00%,ESA/Co-Pub,,8/21/2026,,,Independent,,,QMBZ92623609,,,Main Version,Single,Writer,,SMG_MSG_109_21364,"SMN,SMG-US",SOS,SOS,,,,,8/21/2026
Released,,,7/17/2026,7/10/2026,,,Peacemode,More Life,Joe Janiak,,100.00%,ESA/Co-Pub,,7/9/2026,,,Independent,,,QMBZ92622437,,,Main Version,Single,Writer,,SMG_MSG_109_21363,"SMN,SMG-US",SOS,SOS,,,,,7/17/2026
Hold,7/9/2026,,,7/9/2026,,,Parker McCollum,Glass All By Myself,"Brent Anderson,Derek George,Monty Criswell","Parker McCollum,Randy Rogers",60.00%,"ESA/Co-Pub,ESA/Co-Pub,ESA/Co-Pub",6/30/2026,7/8/2026,,,MCA Nashville,MCA (Music Corporation of America),,,,,Main Version,,Writer,Country,SMG_MSG_109_21342,"SMN,SMG-US",SOS,FLUID JV II,,,,,7/9/2026
Released,,,7/10/2026,7/9/2026,,,JIHYO,Distant Lover,Angel Delrae,"Chinsea Lee,Nija,London Tyler Holmes,Remi Williams,Wallis Lane,Ink,Waka,Donny Flores,JIHYO",5.00%,ESA/Co-Pub,,7/9/2026,,Shenseea,JYP Entertainment,,,QT3RR2600002,,,Main Version,Single,Writer,,,"SMN,SMG-US",SOS,AON JV,,,,,7/10/2026
Hold,7/8/2026,,,7/8/2026,,,Gabby Barrett,Woman Eyes Her Man,David Garcia,"Ben Stennis,Gabby Barrett,Matt Jenkins",25.00%,ESA/Co-Pub,5/12/2026,7/6/2026,,,Warner Music Nashville,WMG (Warner Music Group),,,,,Main Version,,Writer,Country,SMG_MSG_109_21355,"SMN,SMG-US",SOS,SOS,,,,,7/8/2026
Hold,7/8/2026,,,7/8/2026,,,Alexandra Kay,His Story,David Garcia,"Alexandra Kay,Lydia Vaughan",33.34%,ESA/Co-Pub,5/11/2026,7/6/2026,,,BMG BBR,,,,,,Main Version,,Writer,Country,SMG_MSG_109_21331,"SMN,SMG-US",SOS,SOS,,,,,7/8/2026
Hold,7/8/2026,,,7/8/2026,,,HARDY,Make It A Mile,Michael Hardy,"Hunter Phelps,Zach Abend",33.34%,ESA/Co-Pub,6/16/2026,7/6/2026,,,Big Loud Records,,,,,,Main Version,,Writer,Country,SMG_MSG_109_21333,"SMN,SMG-US",SOS,SOS,,,,,7/8/2026
Upcoming,7/8/2026,,,7/8/2026,,,HARDY,By God,Michael Hardy,"Hunter Phelps,Zach Abend",33.34%,ESA/Co-Pub,6/17/2026,7/6/2026,,,Big Loud Records,,checked,,,,Main Version,,Writer,Country,SMG_MSG_109_21324,"SMN,SMG-US",SOS,SOS,,,,,8/24/2026
Cut,7/8/2026,8/17/2026,,7/8/2026,,,HARDY,Country Ain't Cool,Michael Hardy,"Hunter Phelps,Jeb Gipson,Jordan Schmidt",25.00%,ESA/Co-Pub,6/15/2026,7/6/2026,,,Big Loud Records,,,,,,Main Version,,Writer,Country,SMG_MSG_109_21325,"SMN,SMG-US",SOS,SOS,,,,,8/17/2026
Hold,7/8/2026,,,7/8/2026,,,HARDY,2 Cents,Michael Hardy,"Andy Albert,Chase McGill,Jordan Schmidt",25.00%,ESA/Co-Pub,6/2/2026,7/6/2026,,,Big Loud Records,,,,,,Main Version,,Writer,Country,SMG_MSG_109_21320,"SMN,SMG-US",SOS,SOS,,,,,7/8/2026
Released,,,7/10/2026,7/8/2026,,,Chizzy Stephens,Juvie 99,Chizzy,,100.00%,Admin,,7/8/2026,,,Independent,,,QT3F32666649,,,Main Version,Single,Writer,,SMG_MSG_109_21357,"SMN,SMG-US",SOS,SOS,,,,,7/10/2026
Upcoming,,,,7/8/2026,,,Playboi Carti,Ahh Yea,Volta,"Oji,Playboi Carti,F1lthy,Twisco,Ssort,mochila",10.00%,ESA/Co-Pub,,7/8/2026,,,Interscope Records,,checked,,,,Main Version,Single,Writer,,SMG_MSG_109_21356,"SMN,SMG-US",SOS,SOS,,,,,7/8/2026
Upcoming,,,,7/8/2026,,,Christian French,Shoulda Coulda Woulda,Jordan Cosmo,"Christian French,Ray Goren",33.33%,ESA/Co-Pub,,7/7/2026,,,Independent,,checked,,,,Main Version,Single,Writer,,SMG_MSG_109_21319,"SMN,SMG-US",SOS,SOS,,,,,7/8/2026
Released,,,8/14/2026,7/8/2026,,,Jay Sean,Body,Angel Delrae,"Jay Sean,Lou Xtwo",33.33%,ESA/Co-Pub,,7/7/2026,,,Independent,,,USA2P2643642,,,Main Version,Single,Writer,,SMG_MSG_109_21322,"SMN,SMG-US",SOS,AON JV,,,,,8/14/2026
Released,,,6/26/2026,7/2/2026,,,Charlotte MacInnes,Celestial,Joe Janiak,"Ryan Daly,Jussi Ilmari Karvinen,Charlotte MacInnes,Amanda Ghost",23.75%,ESA/Co-Pub,,7/2/2026,,,Atlantic Records,,,USAT22602375,,Highwater,Main Version,EP,Writer,,SMG_MSG_109_21338,"SMN,SMG-US",SOS,SOS,,,,,7/2/2026
Released,,,6/26/2026,7/2/2026,,,Charlotte MacInnes,Beast,Joe Janiak,"Charlotte MacInnes,Ryan Daly,Jussi Ilmari Karvinen,Amanda Ghost",23.75%,ESA/Co-Pub,,7/2/2026,,,Atlantic Records,,,USAT22602534,,Highwater,Main Version,EP,Writer,,SMG_MSG_109_21337,"SMN,SMG-US",SOS,SOS,,,,,7/2/2026
Released,,,8/7/2026,7/2/2026,,,Sawyer Utah,Thrill,Sawyer Utah,,100.00%,ESA/Co-Pub,,7/2/2026,,,VISCYRL X,,,QMBZ92672936,,,Main Version,Single,Writer,Pop,SMG_MSG_109_21304,"SMN,SMG-US",SOS,VISCYRL / ARCADE JV,,,,,8/7/2026
Released,,,7/3/2026,7/2/2026,,,JERUB,Forever Right Now,Jordan Cosmo,"Josh McClelland,JERUB",33.33%,ESA/Co-Pub,,7/1/2026,,,Independent,,,UKW3Z2601713,,,Main Version,Single,Writer,,SMG_MSG_109_21303,"SMN,SMG-US",SOS,SOS,,,,,7/3/2026
Hold,6/30/2026,,,6/30/2026,,,Josh Ross,Johnny Cash,Tyler Reeve,"Jet Harvey,Matt Alderman,Nate Kenyon",25.00%,ESA/Co-Pub,6/24/2026,6/29/2026,,,"The Core Entertainment,Universal Music Canada Inc,MCA Nashville","MCA (Music Corporation of America),MCA (Music Corporation of America)",,,,,Main Version,,Writer,Country,SMG_MSG_109_21285,"SMN,SMG-US",SOS,SOS,,,,,6/30/2026
Released,,,8/21/2026,6/30/2026,,,Mustard Service,Werewolves of Hialeah,"Marco Ochoa,Adam Perez,Leonardo Cattani",Jordan Matthew Abramowitz,75.00%,"ESA/Co-Pub,ESA/Co-Pub,ESA/Co-Pub",,6/26/2026,,,Independent,,,QZ9H32600088,,Paradise,Main Version,Album,Writer,,SMG_MSG_109_21278,"SMN,SMG-US",SOS,RUDY PEREZ JV,,,,,8/21/2026
Released,,,8/21/2026,6/30/2026,,,Mustard Service,Caballito,Marco Ochoa,,100.00%,ESA/Co-Pub,,6/26/2026,,,Independent,,,QZ9H32600087,,Paradise,Main Version,Album,Writer,,SMG_MSG_109_21275,"SMN,SMG-US",SOS,RUDY PEREZ JV,,,,,8/21/2026
Released,,,8/21/2026,6/30/2026,,,Mustard Service,Psalm 2,Marco Ochoa,,100.00%,ESA/Co-Pub,,6/26/2026,,,Independent,,,QZ9H32600065,,Paradise,Main Version,Album,Writer,,SMG_MSG_109_21274,"SMN,SMG-US",SOS,RUDY PEREZ JV,,,,,8/21/2026
Released,,,8/21/2026,6/30/2026,,,Mustard Service,The Clock,Marco Ochoa,,100.00%,ESA/Co-Pub,,6/26/2026,,,Independent,,,QZ9H32600086,,Paradise,Main Version,Album,Writer,,SMG_MSG_109_21273,"SMN,SMG-US",SOS,RUDY PEREZ JV,,,,,8/21/2026
Released,,,8/21/2026,6/30/2026,,,Mustard Service,Leap Year,Marco Ochoa,,100.00%,ESA/Co-Pub,,6/26/2026,,,Independent,,,QZ9H32600085,,Paradise,Main Version,Album,Writer,,SMG_MSG_109_21272,"SMN,SMG-US",SOS,RUDY PEREZ JV,,,,,8/21/2026
Released,,,8/21/2026,6/30/2026,,,Mustard Service,Today I Killed My Son,Marco Ochoa,,100.00%,ESA/Co-Pub,,6/26/2026,,,Independent,,,QZ9H32600084,,Paradise,Main Version,Album,Writer,,SMG_MSG_109_21271,"SMN,SMG-US",SOS,RUDY PEREZ JV,,,,,8/21/2026
Released,,,8/21/2026,6/30/2026,,,Mustard Service,County,"Marco Ochoa,Adam Perez,Leonardo Cattani",Jordan Matthew Abramowitz,75.00%,"ESA/Co-Pub,ESA/Co-Pub,ESA/Co-Pub",,6/26/2026,,,Independent,,,QZ9H32600084,,Paradise,Main Version,Album,Writer,,SMG_MSG_109_21277,"SMN,SMG-US",SOS,RUDY PEREZ JV,,,,,8/21/2026
Released,,,8/21/2026,6/30/2026,,,Mustard Service,I Want It All,Marco Ochoa,,100.00%,ESA/Co-Pub,,6/26/2026,,,Independent,,,QZ9H32600082,,Paradise,Main Version,Album,Writer,,SMG_MSG_109_21270,"SMN,SMG-US",SOS,RUDY PEREZ JV,,,,,8/21/2026
Released,,,6/26/2026,6/30/2026,,,Mustard Service,Aerolineas Mostaza,Marco Ochoa,,100.00%,ESA/Co-Pub,,6/26/2026,,,Independent,,,QZ9H32600062,,Paradise,Main Version,Single,Writer,,SMG_MSG_109_21269,"SMN,SMG-US",SOS,RUDY PEREZ JV,,,,,6/30/2026
Released,,,7/31/2026,6/30/2026,,,Mustard Service,Sharks,Marco Ochoa,,100.00%,ESA/Co-Pub,,6/26/2026,,,Independent,,,QZ9H32600064,,Paradise,Main Version,Single,Writer,,SMG_MSG_109_21268,"SMN,SMG-US",SOS,RUDY PEREZ JV,,,,,7/31/2026
Released,,,8/21/2026,6/30/2026,,,Mustard Service,Paradise,Marco Ochoa,,100.00%,ESA/Co-Pub,,6/23/2026,,,Independent,,,QZ9H32600081,,Paradise,Main Version,Album,Writer,,SMG_MSG_109_21267,"SMN,SMG-US",SOS,RUDY PEREZ JV,,,,,8/21/2026
Released,,,5/16/2025,6/29/2026,,,JIN,Nothing Without Your Love,Nick Gale,,0.00%,ESA/Co-Pub,,6/29/2026,,,BIGHIT MUSIC,,,USA2P2514497,,ECHO,Main Version,EP,Writer,,,"SMN,SMG-US",SOS,SOS,,,,,6/29/2026
Released,,,3/11/2024,6/29/2026,,,Chung Ha,I'm Ready,Nick Gale,"Joe Harvey,Jack Harvey",0.00%,ESA/Co-Pub,,6/29/2026,,,Kakao Entertainment,,,KRMIM2420154,,,Main Version,Single,Writer,,,"SMN,SMG-US",SOS,SOS,,,,,6/29/2026
Released,,,11/10/2023,6/29/2026,,,Maneskin,Off My Face,Nick Gale,RuthAnne,0.00%,ESA/Co-Pub,,6/29/2026,,,"Sony Music Entertainment,Epic Records",Sony Music Entertainment,,ITB002301343,,RUSH! (ARE YOU COMING?),Main Version,Album,Writer,,,"SMN,SMG-US",SOS,SOS,,,,,6/29/2026
Released,,,10/4/2023,6/29/2026,,,Say Now,S.I.N.G.L.E,Nick Gale,Rick Boardman,0.00%,ESA/Co-Pub,,6/29/2026,,,Atlantic Records,,,GBAHS2301133,,,Main Version,Single,Writer,,,"SMN,SMG-US",SOS,SOS,,,,,6/29/2026
Released,,,9/8/2023,6/29/2026,,,Marshmello,Other Boys,Nick Gale,Christopher Comstock,0.00%,ESA/Co-Pub,,6/29/2026,,Dove Cameron,Joytime Collective,,,USQX92305154,,,Main Version,Single,Writer,,,"SMN,SMG-US",SOS,SOS,,,,,6/29/2026
Released,,,5/9/2025,6/29/2026,,,KC Lights,Choose Love ,Melodie Wagner,"Sean Finnegan,Tim Deal,Conor Larkman,Kieran McIntosh,John Kerr Slaven",25.00%,ESA/Co-Pub,,6/5/2024,,Marlo Rex,Independent,,,QM6N22566115,,,Main Version,Single,Writer,,SMG_MSG_109_17186,"SMN,SMG-US",SOS,SOS,,,,,6/29/2026
Released,,,1/24/2025,6/29/2026,,,Joel Corry,Tears On My Piano,Melodie Wagner,"Joel Corry,Moa Petterson Hammar,Neave Applebaum",30.00%,ESA/Co-Pub,,2/26/2025,,,Independent,,,BEIW12500028,,,Main Version,Single,Writer,,SMG_MSG_109_16781,"SMN,SMG-US",SOS,SOS,,,,,6/29/2026
Released,,,6/7/2024,6/29/2026,,,Beyond,Sleep Talking,Melodie Wagner,"Cameron Louis Warren,Conran Williams Lee,Daniel Slattebakken,Markus Slettebakken,Rhett Williams Lee",20.00%,ESA/Co-Pub,,7/31/2024,,Marlo Rex,Independent,,,DES232400210,,,Main Version,Single,Writer,,SMG_MSG_109_13219,"SMN,SMG-US",SOS,SOS,,,,,6/29/2026
Released,,,6/7/2024,6/29/2026,,,Marshmello,Don't Speak,Nick Gale,"Christopher Comstock,Nasri Atweh,Sabrina Claudio,Thomas Erikson,Zetra",0.00%,ESA/Co-Pub,,6/10/2024,,Sabrina Claudio,Joytime Collective,,,CA5KR2463706,,,Main Version,Single,Writer,,SMG_MSG_109_12777,"SMN,SMG-US",SOS,SOS,,,,,6/29/2026
Released,,,5/3/2024,6/29/2026,,,Marshmello,Miles On It,Nick Gale,"Christopher Comstock,Connor McDonough,Jake Torrey,Castle,Kane Brown,Riley McDonough,Thomas Erikson",0.00%,ESA/Co-Pub,,5/3/2024,,Kane Brown,Joytime Collective,,,QZZVQ2400059,,,Main Version,Single,Writer,,SMG_MSG_109_12552,"SMN,SMG-US",SOS,SOS,,,,,6/29/2026
Released,,,2/9/2024,6/29/2026,,,Prinz,Life Story,Nick Gale,"Jack Harvey,James Murray,Joe Harvey,Mustafa Omer,Prince Oziegbe Eni",0.00%,ESA/Co-Pub,,2/9/2024,,,Sony Music Entertainment,,,GBARL2400043,,,Main Version,Single,Writer,,SMG_MSG_109_11611,"SMN,SMG-US",SOS,SOS,,,,,6/29/2026
Released,,,1/17/2025,6/29/2026,,,Marshmello,Slow Motion,Nick Gale,"Christopher Comstock,Connor McDonough,Jake Torrey,Castle,Riley McDonough,Thomas Erikson",0.00%,ESA/Co-Pub,,2/25/2025,,Jonas Brothers,Joytime Collective,,,USUG12500506,,,Main Version,Single,Writer,,SMG_MSG_109_16782,"SMN,SMG-US",SOS,SOS,,,,,6/29/2026
Released,,,8/30/2024,6/29/2026,,,David Kushner,Universe,Nick Gale,"David Kushner,Justin Parker,Lydia Kitto,Simon Aldred",0.00%,ESA/Co-Pub,,9/4/2024,,,Independent,,,QZXDB2300109,,The Dichotomy,Main Version,Album,Writer,,SMG_MSG_109_13493,"SMN,SMG-US",SOS,SOS,,,,,6/29/2026
Released,,,8/16/2024,6/29/2026,,,KATSEYE,I'm Pretty,Nick Gale,"Amanda Renee Ibanez,Rick Boardman,Sam Romans",0.00%,ESA/Co-Pub,,8/21/2024,,,HYBE,,,USUM72407249,,SIS (Soft Is Strong),Main Version,EP,Writer,,SMG_MSG_109_13391,"SMN,SMG-US",SOS,SOS,,,,,6/29/2026
Released,,,8/1/2024,6/29/2026,,,Gryffin,Where Are You Tonight?,Melodie Wagner,"Conran Williams Lee,Daniel Griffith,Rachel Salvit,Rhett Williams Lee",20.00%,ESA/Co-Pub,,7/31/2024,,,Independent,,,USA2P2444866,,,Main Version,Single,Writer,,SMG_MSG_109_13220,"SMN,SMG-US",SOS,SOS,,,,,6/29/2026
Released,,,7/26/2024,6/29/2026,,,Navos,With You Now ,Melodie Wagner,"Ed Drewett,Ross Harrington,Conran Williams Lee,Rhett Williams Lee",20.00%,ESA/Co-Pub,,6/5/2024,,Marlo Rex,Independent,,,QM6P42480093,,,Main Version,Single,Writer,,SMG_MSG_109_13221,"SMN,SMG-US",SOS,SOS,,,,,6/29/2026
Released,,,6/13/2024,6/29/2026,,,Alan Walker,Barcelona,Nick Gale,"Alan Walker,Fredrik Borch Olsen,Gunnar Greve,Ina Wroldsen,Marcus Arnbekk,Mats Lie Skare",0.00%,ESA/Co-Pub,,5/28/2024,,,Independent,,,GXD7G2390633,,,Main Version,Single,Writer,,SMG_MSG_109_12641,"SMN,SMG-US",SOS,SOS,,,,,6/29/2026
Released,,,1/10/2024,6/29/2026,,,Sam Ryder,Back In Love,Nick Gale,"Ines Dunn,Jack Harvey,Sam Robinson 20,William Vaughn",0.00%,ESA/Co-Pub,,1/17/2024,,,WMG (Warner Music Group),,,KRA252400050,,,Main Version,Single,Writer,,SMG_MSG_109_11098,"SMN,SMG-US",SOS,SOS,,,,,6/29/2026
Released,,,3/29/2023,6/29/2026,,,Oliver Tree,One & Only,Nick Gale,"James Murray,Mustafa Omer,Oliver Nickell,William Vaughn",0.00%,ESA/Co-Pub,,8/16/2023,,,Atlantic Recording Corporation,,,USAT22304489,,,Main Version,Single,Writer,,SMG_MSG_109_9427,"SMN,SMG-US",SOS,SOS,,,,,6/29/2026
Released,,,5/5/2023,6/29/2026,,,Digital Farm Animals,B.O.O.T.Y,Nick Gale,Ben Duncombe,0.00%,ESA/Co-Pub,4/17/2023,8/16/2023,,,Independent,,,GX3Q92390765,,,Main Version,Single,Writer,,SMG_MSG_109_8862,"SMN,SMG-US",SOS,SOS,,,,,6/29/2026
Released,,,3/17/2023,6/29/2026,,,Nico Santos,Number 1,"Nick Gale,Sara Boe","Pascal Reinhardt,William Vaughn,Nick Wellenbrink",22.00%,"ESA/Co-Pub,ESA/Co-Pub",4/17/2023,8/15/2023,,,UMG (Universal Music Group),,,DEUM72300559,,,Main Version,Single,Writer,,SMG_MSG_109_17153,"SMN,SMG-US",SOS,SOS,,,,,6/29/2026
Released,,,6/26/2026,6/29/2026,,,Chanpan,Jesus In China (Overflow),Wes Singerman,"Taydex,Grace Dumdaw,Lance Tran,Matthew Tran",20.00%,ESA/Co-Pub,,6/26/2026,,,EQT Recordings,,,QM6N22640719,,Autogratis,Main Version,Album,Writer,,SMG_MSG_109_21266,"SMN,SMG-US",SOS,SOS,,,,,6/29/2026
Hold,6/27/2026,,,6/27/2026,,,Kenny Chesney,Barefoot,Brent Anderson,"Brian Fuller,Jeb Gipson,Tyler Chambers",25.00%,ESA/Co-Pub,5/26/2026,6/8/2026,,,HEY NOW Records,Warner Records,,,,,Main Version,,Writer,,SMG_MSG_109_21152,"SMN,SMG-US",SOS,FLUID JV II,,,,,6/27/2026
Hold,6/23/2026,,,6/27/2026,,,Tyler Hubbard,Good 'N Country,Cale Dodds,"Canaan Smith,Andy Skib",33.34%,ESA/Co-Pub,6/17/2026,6/23/2026,,,EMI Records Nashville,MCA (Music Corporation of America),,,,,Main Version,,Writer,,SMG_MSG_109_21259,"SMN,SMG-US",SOS,FLUID JV II,,,,,6/27/2026
Released,,,6/26/2026,6/26/2026,,,Ravyn Lenae,Saturday Night,Ely Rise,"Ravyn Lenae,Eric Leva,Tayla Parx,ALISSIA,Dahi,Daniel McKinnon",12.50%,ESA/Co-Pub,,6/26/2026,Ravyn Lenae (Released),,Atlantic Recording Corporation,,,USAT22603601,,,Main Version,Single,Writer,,SMG_MSG_109_21814,"SMN,SMG-US",SOS,DAHI JV,,,,,6/26/2026
Released,,,6/12/2026,6/25/2026,,,Infinity Song,Michigan,Joe Janiak,,0.00%,ESA/Co-Pub,,6/25/2026,,,Roc Nation Records,,,QMJMT2605961,,Infinity Song,Main Version,Album,Writer,,,"SMN,SMG-US",SOS,SOS,,,,,6/25/2026
Released,,,5/1/2026,6/24/2026,,,O.A.R.,Crew,Remy Gautreau,Marc Roberge,50.00%,ESA/Co-Pub,,6/24/2026,,,Independent,,,GBRKQ2600686,,,Main Version,Single,Writer,,SMG_MSG_109_21262,"SMN,SMG-US",SOS,ARCADE JV,,,,,6/24/2026
Cut,,,,6/24/2026,,,Morgan Seatree,100 Degrees,Melodie Wagner,,25.00%,ESA/Co-Pub,,6/24/2026,,,Independent,,,,,,Main Version,,Writer,,,"SMN,SMG-US",SOS,SOS,,,,,6/24/2026
Cut,,,,6/24/2026,,,&Friends,Shiver,Melodie Wagner,,25.00%,ESA/Co-Pub,,6/24/2026,,,Independent,,,,,,Main Version,,Writer,,,"SMN,SMG-US",SOS,SOS,,,,,6/24/2026
Cut,,,,6/24/2026,,,NGHTMRE,,,,,,,,,,BMG Rights Management,,,,,,Main Version,,Writer,,,"SMN,SMG-US",,,,,,,6/24/2026
Released,,,5/15/2026,6/24/2026,,,Angelo Mota,Is This My Life,"Angelo Mota,Hamish","Alex Metcalfe,Lewis Shoates,Elijah Galeota-Alpern",50.00%,"ESA/Co-Pub,ESA/Co-Pub",,6/22/2026,Angelo Mota (Released),,LONG PLAYS ONLY,,,QT4K32616647,,,Main Version,Single,Writer,,,"SMN,SMG-US",SOS,"SOS, PLENTY JV",,,,,6/24/2026
Cut,,6/24/2026,,6/24/2026,,,Shane Profitt,Old School,"Tyler Reeve,Adam Wood",Shane Proffit,66.67%,"ESA/Co-Pub,ESA/Co-Pub",3/31/2026,6/13/2026,,,"Sony Music Nashville,Triple Tigers",,checked,,,,Main Version,,Writer,Country,SMG_MSG_109_21227,"SMN,SMG-US",SOS,"SOS, LBJV",,,,,6/29/2026
Upcoming,,,,6/24/2026,,,KiiiKiii,AAA,Ben Samama,,20.00%,ESA/Co-Pub,,6/24/2026,,,Starship Entertainment,,checked,,,,Main Version,Single,Writer,,,"SMN,SMG-US",SOS,SOS,,,,,6/24/2026
Upcoming,,,,6/24/2026,,,Lost Frequencies,Lead Me To You,Melodie Wagner,,20.00%,ESA/Co-Pub,,6/24/2026,,,Sony Music Entertainment,,checked,,,,Main Version,Single,Writer,,,"SMN,SMG-US",SOS,SOS,,,,,6/24/2026
Hold,,,,6/24/2026,,,The Chainsmokers,The Feeling,Melodie Wagner,,33.33%,ESA/Co-Pub,,5/19/2026,,,Columbia Records,Sony Music Entertainment,,,,,Main Version,Single,Writer,,,"SMN,SMG-US",SOS,SOS,,,,,6/24/2026
Hold,,,,6/24/2026,,,Karina,After Hours,Ben Samama,,20.00%,ESA/Co-Pub,,6/24/2026,,,SM Entertainment,,,,,,Main Version,,Writer,,,"SMN,SMG-US",SOS,SOS,,,,,6/24/2026
Hold,,,,6/24/2026,,,Matt Hansen,Different People,Ben Samama,,20.00%,ESA/Co-Pub,,6/24/2026,,,Independent,,,,,,Main Version,,Writer,,,"SMN,SMG-US",SOS,SOS,,,,,6/24/2026
Upcoming,,,,6/24/2026,,,El Capitxn,Drama Queen,Ben Samama,,0.00%,ESA/Co-Pub,,1/28/2026,,,Independent,,checked,,,,Main Version,Single,Writer,,,"SMN,SMG-US",SOS,SOS,,,,,6/24/2026
Released,,,6/26/2026,6/24/2026,,,Gigi Moss,Sad and Beautiful,Nick Gale,"Dan Rothman,Andrew Jackson,Gigi Moss",0.00%,ESA/Co-Pub,,6/24/2026,,,Independent,,,QZJ842605822,,,Main Version,Single,Writer,,SMG_MSG_109_21263,"SMN,SMG-US",SOS,SOS,,,,,6/26/2026
Upcoming,,,,6/24/2026,,,Lost Frequencies,Don't Forget,Nick Gale,"Clem Douglas,Louis Richard Fulford-Smith,Lost Frequencies",0.00%,ESA/Co-Pub,,6/24/2026,,,Sony Music Entertainment,,checked,,,,Main Version,Single,Writer,,,"SMN,SMG-US",SOS,SOS,,,,,9/15/2026
Upcoming,,,,6/24/2026,,,The Paradox,Living Hell,Nick Gale,,0.00%,ESA/Co-Pub,,6/24/2026,,,Independent,,checked,,,,Main Version,,Writer,,,"SMN,SMG-US",SOS,SOS,,,,,6/24/2026
Upcoming,,,,6/24/2026,,,The Paradox,,,,,,,,,,Independent,,checked,,,,Main Version,EP,Writer,,,"SMN,SMG-US",,,,,,,6/24/2026
Hold,6/23/2026,,,6/23/2026,,,Kasey Tyndall ,Same Place,"Kasey Tyndall,Adam Wood,Brock Westover",Meghan Patrick,75.00%,"ESA/Co-Pub,ESA/Co-Pub,ESA/Co-Pub",6/3/2026,6/22/2026,,,MNRK Records LP,,,,,,Main Version,,Writer,Country,SMG_MSG_109_21254,"SMN,SMG-US",SOS,"2 MIX JV III, LBJV, FUTURISTICS JV",,,,,6/23/2026
Released,,6/22/2026,7/23/2026,6/22/2026,,,Tanner Gomes,Handyman,"Brooke Lee,Justin Richards",Tanner Gomes,66.67%,"ESA/Co-Pub,ESA/Co-Pub",3/12/2025,3/17/2025,,,Independent,,,QT6EC2680540,Handyman,Handyman - Single,Main Version,Single,Writer,Country,SMG_MSG_109_16842,"SMN,SMG-US",SOS,2 MIX JV II,,,,,9/9/2026
Released,,,9/26/2025,6/22/2026,,,Black Caviar,Smooth,Remy Gautreau,"Jared Piccone,Troy Hinson",45.00%,ESA/Co-Pub,,6/19/2026,,,Independent,,,QZTL92556787,,,Main Version,Single,Writer,,SMG_MSG_109_21205,"SMN,SMG-US",SOS,ARCADE JV,,,,,6/22/2026
Upcoming,,,,6/17/2026,,,LISA,,,,,,,,,,RCA Records,Sony Music Entertainment,checked,,,,Main Version,Single,Writer,,,"SMN,SMG-US",,,,,,,6/17/2026
Released,,,6/19/2026,6/17/2026,,,FKA Twigs,On Your Mind,Volta,"Oji,FKA Twigs,Manni Dee,Lil Yachty,Philip Andre Mueller",5.00%,ESA/Co-Pub,,6/17/2026,,Lil Yachty,Atlantic Records,,,USAT22603941,,,Main Version,Single,Writer,,SMG_MSG_109_21257,"SMN,SMG-US",SOS,SOS,,,,,6/22/2026
Hold,6/17/2026,,,6/17/2026,,,Alyssa Flaherty,Flowers On Your Grave,"Justin Halpin,Brock Westover","Justin Ebach,Alyssa Flaherty",50.00%,"ESA/Co-Pub,ESA/Co-Pub",5/28/2026,6/15/2026,,,Independent,,,,,,Main Version,,Writer,Country,SMG_MSG_109_21228,"SMN,SMG-US",SOS,"FLUID JV II, FUTURISTICS JV",,,,,6/17/2026
Hold,6/17/2026,,,6/17/2026,,,Timmy McKeever ,Shot Worth Takin',"Cale Dodds,Justin Halpin,Brock Westover",Timmy McKeever,75.00%,"ESA/Co-Pub,ESA/Co-Pub,ESA/Co-Pub",6/2/2026,6/15/2026,,,"Big Loud Records,Droptine Recordings",,,,,,Main Version,,Writer,Country,SMG_MSG_109_21233,"SMN,SMG-US",SOS,"FLUID JV II, FUTURISTICS JV",,,,,6/17/2026
Hold,6/17/2026,,,6/17/2026,,,The Creekers,Stay Awhile,Joe Bryson,"Addison Simmons,Chase Guillory,Kevin Moon",25.00%,ESA/Co-Pub,5/6/2025,12/8/2025,,,Warner Music Nashville,WMG (Warner Music Group),,,,,Main Version,,Writer,,SMG_MSG_109_19594,"SMN,SMG-US",SOS,SOS,,,,,6/17/2026
Hold,6/16/2026,,,6/16/2026,,,Scotty McCreery ,Lucky,"Derek George,Frank Rogers,Monty Criswell",Scotty McCreery,75.00%,"ESA/Co-Pub,Admin,ESA/Co-Pub",6/6/2026,6/7/2026,,,"Sony Music Nashville,Triple Tigers",,,,,,Main Version,,Writer,Country,,"SMN,SMG-US",SOS,FLUID JV II,,,,,6/16/2026
Hold,6/16/2026,,,6/16/2026,,,Scotty McCreery ,Forever To Go,"Derek George,Frank Rogers,Monty Criswell",Scotty McCreery,75.00%,"ESA/Co-Pub,Admin,ESA/Co-Pub",6/6/2026,6/7/2026,,,"Sony Music Nashville,Triple Tigers",,,,,,Main Version,,Writer,Country,,"SMN,SMG-US",SOS,FLUID JV II,,,,,6/16/2026
Hold,6/16/2026,,,6/16/2026,,,Scotty McCreery ,Good To See 'Em,"Derek George,Frank Rogers,Monty Criswell",Scotty McCreery,75.00%,"ESA/Co-Pub,Admin,ESA/Co-Pub",6/6/2026,6/7/2026,,,"Sony Music Nashville,Triple Tigers",,,,,,Main Version,,Writer,Country,,"SMN,SMG-US",SOS,FLUID JV II,,,,,6/16/2026
Hold,6/16/2026,,,6/16/2026,,,Scotty McCreery ,Where I'm Coming From,"Derek George,Monty Criswell","David Lee Murphy,Kiefer Thompson",50.00%,"ESA/Co-Pub,ESA/Co-Pub",9/28/2022,10/20/2022,,,"Sony Music Nashville,Triple Tigers",,,,,,Main Version,,Writer,Country,SMG_MSG_109_6727,"SMN,SMG-US",SOS,FLUID JV II,,,,,6/16/2026
Hold,6/16/2026,,,6/16/2026,,,Scotty McCreery ,Faith Family Friends,"Derek George,Frank Rogers,Monty Criswell",Scotty McCreery,75.00%,"ESA/Co-Pub,Admin,ESA/Co-Pub",6/5/2026,6/7/2026,,,"Sony Music Nashville,Triple Tigers",,,,,,Main Version,,Writer,Country,,"SMN,SMG-US",SOS,FLUID JV II,,,,,6/16/2026
Hold,6/16/2026,,,6/16/2026,,,Scotty McCreery ,Lovin' That Thought,"Brent Anderson,Derek George,Frank Rogers,Monty Criswell",Scotty McCreery,80.00%,"ESA/Co-Pub,ESA/Co-Pub,Admin,ESA/Co-Pub",6/4/2026,6/7/2026,,,"Sony Music Nashville,Triple Tigers",,,,,,Main Version,,Writer,Country,,"SMN,SMG-US",SOS,FLUID JV II,,,,,6/16/2026
Hold,6/16/2026,,,6/16/2026,,,Scotty McCreery ,Low Key,"Derek George,Frank Rogers,Monty Criswell",Scotty McCreery,75.00%,"ESA/Co-Pub,Admin,ESA/Co-Pub",6/4/2026,6/7/2026,,,"Sony Music Nashville,Triple Tigers",,,,,,Main Version,,Writer,Country,,"SMN,SMG-US",SOS,FLUID JV II,,,,,6/16/2026
Hold,6/16/2026,,,6/16/2026,,,Scotty McCreery ,Goodbye Gone,"Brent Anderson,Derek George,Frank Rogers,Monty Criswell",Scotty McCreery,80.00%,"ESA/Co-Pub,ESA/Co-Pub,Admin,ESA/Co-Pub",6/4/2026,6/7/2026,,,"Sony Music Nashville,Triple Tigers",,,,,,Main Version,,Writer,Country,,"SMN,SMG-US",SOS,FLUID JV II,,,,,6/16/2026
Released,,,4/17/2026,6/16/2026,,,Jake Clark,Sunkissed,Mira Housey,Jake Clark,50.00%,ESA/Co-Pub,,6/16/2026,,,,,,QZTB92614625,,,Main Version,Single,Writer,,SMG_MSG_109_21202,"SMN,SMG-US",SOS,ROWE JV,,,,,6/16/2026
Hold,,,,6/16/2026,,,Pink Slip,You & Me Tonight,Noelle Scaggs,"Kyle Buckley,Rayvon Owen",33.33%,Admin,,6/15/2026,,,Independent,,,,,,Main Version,,Writer,,SMG_MSG_109_21201,"SMN,SMG-US",SOS,SOS,,,,,6/16/2026
Released,,,7/31/2026,6/16/2026,,,Loek,Focus,Melodie Wagner,"Luke Scott,Neil Barrett,Hayley Maye",25.00%,ESA/Co-Pub,,6/16/2026,,Leon Lour,Independent,,,CA5KR2662169,,,Main Version,Single,Writer,,SMG_MSG_109_21200,"SMN,SMG-US",SOS,SOS,,,,,7/31/2026
Upcoming,,8/10/2026,,6/15/2026,,,Scotty McCreery ,I Was Here First,"Derek George,Frank Rogers,Monty Criswell",Scotty McCreery,75.00%,"ESA/Co-Pub,Admin,ESA/Co-Pub",6/6/2026,6/7/2026,,,"Sony Music Nashville,Triple Tigers",,checked,,,,Main Version,,Writer,Country,SMG_MSG_109_22319,"SMN,SMG-US",SOS,FLUID JV II,,,,,8/10/2026
Hold,6/15/2026,,,6/15/2026,,,Scotty McCreery ,Water Tank,"Brent Anderson,Derek George,Frank Rogers,Monty Criswell",Scotty McCreery,80.00%,"ESA/Co-Pub,ESA/Co-Pub,Admin,ESA/Co-Pub",6/5/2026,6/7/2026,,,"Sony Music Nashville,Triple Tigers",,,,,,Main Version,,Writer,Country,,"SMN,SMG-US",SOS,FLUID JV II,,,,,6/15/2026
Hold,6/15/2026,,,6/15/2026,,,Scotty McCreery ,I Got My Reasons,"Derek George,Frank Rogers,Jeremy Bussey,Monty Criswell",Scotty McCreery,80.00%,"ESA/Co-Pub,Admin,ESA/Co-Pub,ESA/Co-Pub",6/4/2026,6/7/2026,,,"Sony Music Nashville,Triple Tigers",,,,,,Main Version,,Writer,Country,,"SMN,SMG-US",SOS,FLUID JV II,,,,,6/15/2026
Released,,,5/22/2026,6/15/2026,,,Mustard Service,Who Knew Your Body,Marco Ochoa,,100.00%,ESA/Co-Pub,,6/15/2026,,,Independent,,,QZ9H32600046,,,Main Version,Single,Writer,,SMG_MSG_109_21276,"SMN,SMG-US",SOS,RUDY PEREZ JV,,,,,6/15/2026
Released,,,6/12/2026,6/12/2026,,,Connor McCutcheon,Rhyme or Reason,Connor McCutcheon,"Todd Tran,Joe Tounge,Jordan Anthony",25.00%,ESA/Co-Pub,4/29/2026,5/5/2026,,,Independent,,,QT3EX2653716,,,Main Version,Single,Writer,Country,SMG_MSG_109_20956,"SMN,SMG-US",SOS,FLUID JV II,,,,,6/12/2026
Released,,6/11/2026,6/24/2026,6/11/2026,,,Jelly Roll ,Hands Up,Michael Hardy,"Chase McGill,Joe Fox,Rocky Block,Jason Deford",23.75%,Admin,7/8/2025,8/18/2025,,,BMG BBR,,,QMRSZ2601970,,,Main Version,Single,Writer,Country,,"SMN,SMG-US",SOS,SOS,,,,,7/1/2026
Hold,6/11/2026,,,6/11/2026,,,Lainey Wilson,Pretty Much,"Michael Hardy,David Garcia","Emily Weisband,Lainey Wilson",50.00%,"ESA/Co-Pub,ESA/Co-Pub",6/1/2026,6/10/2026,,,BMG BBR,,,,,,Main Version,,Writer,Country,SMG_MSG_109_21217,"SMN,SMG-US",SOS,SOS,,,,,6/11/2026
Cut,,6/9/2026,,6/9/2026,,,Adam Doleac ,Somebody's Gonna Thank Me,Monty Criswell,"Adam Doleac,Jason Gantt",33.34%,ESA/Co-Pub,3/3/2020,3/6/2020,,,Independent,,,,,,Main Version,,Writer,Country,SMG_MSG_101_196996,"SMN,SMG-US",CRESCENDO,FLUID JV I,,,,,6/9/2026
Released,,6/8/2026,8/28/2026,6/8/2026,,,Clayton Mullen,Wild West,Brent Anderson,"Clayton Mullen,Will Bundy",33.34%,ESA/Co-Pub,6/22/2023,6/30/2023,,,Independent,,,QZEQU2601464,Wild West,Take You Up On That - EP,Main Version,EP,Writer,Country,SMG_MSG_109_92333,"SMN,SMG-US",SOS,FLUID JV II,,,,,8/29/2026
Cut,,6/2/2026,,6/8/2026,,,Restless Road,The Hard Way,Adam Wood,"Ty Graham,Garrett Nichols",33.34%,ESA/Co-Pub,2/4/2026,2/9/2026,,,Independent,,,,,,Main Version,,Writer,Country,SMG_MSG_109_19984,"SMN,SMG-US",SOS,LBJV,,,,,6/8/2026
Cut,,6/8/2026,,6/8/2026,,,Billy Dean,Buckshot Jones,Monty Criswell,Billy Dean,50.00%,ESA/Co-Pub,5/10/2021,5/17/2021,,,Independent,,,,,,Main Version,,Writer,Country,SMG_MSG_101_213755,"SMN,SMG-US",CRESCENDO,FLUID JV I,,,,,6/8/2026
Hold,6/4/2026,,,6/4/2026,,,Eric Church,81,Monty Criswell,"Eric Church,Casey Beathard",33.33%,ESA/Co-Pub,10/25/2025,6/3/2026,,,EMI Records Nashville,MCA (Music Corporation of America),,,,,Main Version,,Writer,Country,SMG_MSG_109_21094,"SMN,SMG-US",SOS,FLUID JV II,,,,,6/4/2026
Cut,,6/2/2026,,6/4/2026,,,Restless Road,Neon Queen,"Nick Autry,Zach Beeken","Garrett Nichols,Colton Pack,Tina Parol",40.00%,"ESA/Co-Pub,ESA/Co-Pub",5/20/2026,6/3/2026,,,Independent,,,,,,Main Version,,Writer,Country,SMG_MSG_109_21098,"SMN,SMG-US",SOS,"SOS, FLUID JV II",,,,,6/4/2026
Released,,,6/26/2026,6/4/2026,,,Alle Farben,Voices,Melodie Wagner,"Alexander Cramp,James Watts,Frans Zimmer,Maurice Lessing",26.70%,ESA/Co-Pub,,6/3/2026,,MELODIE,UMG (Universal Music Group),,,DEUM72603242,,,Main Version,Single,Writer,,SMG_MSG_109_21104,"SMN,SMG-US",SOS,SOS,,,,,6/26/2026
Cut,,6/2/2026,,6/3/2026,,,GIRLSET,You Don't,"Angel Delrae,Jordan Cosmo,Hunter Madrid","Christina Galligan,GIRLSET",62.00%,"ESA/Co-Pub,ESA/Co-Pub,ESA/Co-Pub",11/14/2025,6/2/2026,,,"JYP Entertainment,Republic Records",UMG Recordings Inc,,,,,Main Version,Album,Writer,,,"SMN,SMG-US",SOS,"AON JV, SOS",,,,,8/13/2026
Released,,,5/6/2026,6/3/2026,,,Myya,World In You,Liz Lokre,"Myya,Keandra Shan Lal",33.00%,ESA/Co-Pub,,6/3/2026,,,Independent,,,QZWFN2646389,,,Main Version,Single,Writer,,SMG_MSG_109_21137,"SMN,SMG-US",SOS,MATALON JV,,,,,6/3/2026
Upcoming,,,,6/3/2026,,,JISOO,Symphony,Ben Samama,,2.50%,ESA/Co-Pub,,6/3/2026,,,Warner Records,,checked,,,,Main Version,Album,Writer,,,"SMN,SMG-US",SOS,SOS,,,,,6/3/2026
Released,,,5/29/2026,6/2/2026,,,Camylio,Ashes,"Camylio,Coleton Rubin",Will Jay,66.67%,"ESA/Co-Pub,ESA/Co-Pub",,3/5/2026,Camylio (Released),,Mercury Records,,,USUG12603062,,Take My Bones,Main Version,Album,Writer,,SMG_MSG_109_21085,"SMN,SMG-US",SOS,SOS,,,,,6/2/2026
Released,,,5/29/2026,6/2/2026,,,Camylio,Before You Do,"Camylio,Coleton Rubin",Will Jay,66.67%,"ESA/Co-Pub,ESA/Co-Pub",,3/5/2026,Camylio (Released),,Mercury Records,,,USUG12603063,,Take My Bones,Main Version,Album,Writer,,SMG_MSG_109_21084,"SMN,SMG-US",SOS,SOS,,,,,6/2/2026
Released,,,5/29/2026,6/2/2026,,,Camylio,Steal Some Love,"Camylio,Joe Janiak",,100.00%,"ESA/Co-Pub,ESA/Co-Pub",3/10/2025,8/11/2025,Camylio (Released),,Mercury Records,,,USUG12603067,,Take My Bones,Main Version,Album,Writer,,SMG_MSG_109_19873,"SMN,SMG-US",SOS,SOS,,,,,6/2/2026
Released,,,5/29/2026,6/2/2026,,,Camylio,Steal Some Love,"Camylio,Joe Janiak",,100.00%,"ESA/Co-Pub,ESA/Co-Pub",3/10/2025,8/11/2025,Camylio (Released),,Mercury Records,,,USUG12603067,,Take My Bones,Main Version,Album,Writer,,SMG_MSG_109_19873,"SMN,SMG-US",SOS,SOS,,,,,6/2/2026
Released,,,5/29/2026,6/2/2026,,,Camylio,Angel,Camylio,"Elin Johanna Bergman,Kristoffer Fogelmark",33.34%,ESA/Co-Pub,,12/16/2024,Camylio (Released),,Mercury Records,,,USUG12403164,,Take My Bones,Main Version,Album,Writer,,SMG_MSG_109_16669,"SMN,SMG-US",SOS,SOS,,,,,6/2/2026
Released,,,5/29/2026,6/2/2026,,,Camylio,How Far Down,Camylio,"Edison Boon Eason,Jeremy Fedryk",33.34%,ESA/Co-Pub,,3/5/2026,Camylio (Released),,Mercury Records,,,USUG12603065,,Take My Bones,Main Version,Album,Writer,,SMG_MSG_109_20597,"SMN,SMG-US",SOS,SOS,,,,,6/2/2026
Released,,,5/29/2026,6/2/2026,,,Camylio,Fall Into You,"Camylio,Joe Janiak",,100.00%,"ESA/Co-Pub,ESA/Co-Pub",3/11/2025,8/11/2025,Camylio (Released),,Mercury Records,,,USUG12601283,,Take My Bones,Main Version,Album,Writer,,SMG_MSG_109_19872,"SMN,SMG-US",SOS,SOS,,,,,6/2/2026
Released,,,5/29/2026,6/2/2026,,,Camylio,Gravity,Camylio,"Emily Beihold,Nick Lopez",33.34%,ESA/Co-Pub,,3/5/2026,,,Mercury Records,,,USUG12603064,,Take My Bones,Main Version,Album,Writer,,SMG_MSG_109_21083,"SMN,SMG-US",SOS,SOS,,,,,6/2/2026
Released,,,5/29/2026,6/2/2026,,,Camylio,Strung Out On You ,Camylio,Jeremy Fedryk,50.00%,ESA/Co-Pub,,12/16/2024,,,Mercury Records,,,USUG12603068,,Take My Bones,Main Version,Album,Writer,,SMG_MSG_109_16726,"SMN,SMG-US",SOS,SOS,,,,,6/2/2026
Released,,,5/29/2026,6/2/2026,,,Camylio,Take My Bones,"Camylio,Coleton Rubin",,100.00%,"ESA/Co-Pub,ESA/Co-Pub",,3/5/2026,Camylio (Released),,Mercury Records,,,USUG12603069,,Take My Bones,Main Version,Album,Writer,,SMG_MSG_109_21081,"SMN,SMG-US",SOS,SOS,,,,,6/2/2026
Released,,,5/29/2026,6/2/2026,,,Camylio,Trouble,Camylio,"Erik Teodor,Frans Thorell",33.34%,ESA/Co-Pub,,12/16/2024,Camylio (Released),,Mercury Records,,,USUG12402922,,Take My Bones,Main Version,Album,Writer,,SMG_MSG_109_16706,"SMN,SMG-US",SOS,SOS,,,,,6/2/2026
Released,,,5/29/2026,6/2/2026,,,Camylio,Nightmare ,Camylio,Abe Parker,50.00%,ESA/Co-Pub,,12/16/2024,,,Mercury Records,,,USUG12603066,,Take My Bones,Main Version,Album,Writer,,SMG_MSG_109_16718,"SMN,SMG-US",SOS,SOS,,,,,6/2/2026
Released,,,5/29/2026,6/2/2026,,,Camylio,Waterfall,Camylio,Alex O'Shaughnessy,50.00%,ESA/Co-Pub,,3/5/2026,,,Mercury Records,,,USUG12603061,,Take My Bones,Main Version,Album,Writer,,SMG_MSG_109_21081,"SMN,SMG-US",SOS,SOS,,,,,6/2/2026
Released,,,5/29/2026,6/2/2026,,https://s.disco.ac/jtcihevdxtzm,Camylio,Psycho,Camylio,Jack Koplin,50.00%,ESA/Co-Pub,,3/5/2026,Camylio (Released),,Mercury Records,,,USUG12505198,,Take My Bones,Main Version,Album,Writer,,SMG_MSG_109_16721,"SMN,SMG-US",SOS,SOS,,,,,6/2/2026
Released,,,5/28/2026,6/1/2026,,,Ravyn Lenae,Handle,Ely Rise,"Spencer Stewart,Flanafi,Dahi,Mikky Ekko,Eric Leva,Ravyn Lenae",2.00%,ESA/Co-Pub,,6/1/2026,Ravyn Lenae (Released),,Atlantic Recording Corporation,,,USAT22603251,,,Main Version,Single,Writer,,SMG_MSG_109_21256,"SMN,SMG-US",SOS,DAHI JV,,,,,6/1/2026
Hold,6/1/2026,,,6/1/2026,,,Tyler Farr,I Guess I Am,Jeremy Bussey,Bernie Nelson,50.00%,ESA/Co-Pub,11/12/2025,11/12/2025,,,Independent,,,,,,Main Version,,Writer,,SMG_MSG_109_19506,"SMN,SMG-US",SOS,FLUID JV II,,,,,6/1/2026
Hold,6/1/2026,,,6/1/2026,,,Tyler Farr,Shouldn't Drink Whiskey,Jeremy Bussey,,100.00%,ESA/Co-Pub,6/18/2024,6/21/2024,,,Independent,,,,,,Main Version,,Writer,,SMG_MSG_109_12837,"SMN,SMG-US",SOS,FLUID JV II,,,,,6/1/2026
Hold,5/29/2026,,,6/1/2026,,,Mackenzie Carpenter,Who's Fallin,Jamie Moore,"Mackenzie Carpenter,Lori McKenna",0.00%,Admin,5/26/2026,5/28/2026,,,Big Machine Label Group,,,,,,Main Version,,Writer,Country,SMG_MSG_109_21069,"SMN,SMG-US",SOS,SOS,,,,,6/1/2026
Released,,,6/26/2026,5/31/2026,,,UNSECRET,Life Of The Party,Noelle Scaggs,"Fiona Bevan,Matt Bronleewe",33.34%,Admin,4/21/2026,5/29/2026,,,Independent,,,QM24S2603382,,,Main Version,Single,Writer,,SMG_MSG_109_21078,"SMN,SMG-US",SOS,SOS,,,,,6/26/2026
Released,,,6/5/2026,5/31/2026,,,CAKES,Cola,Melodie Wagner,"Tancrede,Johannes Shore,Muhamod Animashaun",25.00%,ESA/Co-Pub,,5/29/2026,,Moelogo,UMG (Universal Music Group),,,DEUM72603114,,,Main Version,Single,Writer,,SMG_MSG_109_21077,"SMN,SMG-US",SOS,SOS,,,,,6/5/2026
Released,,,5/29/2026,5/29/2026,,,408,Vodka Soda,"Cale Dodds,Justin Halpin","Nick Bailey,Mark Faroudi ,Jake Cerretani ,Nick Roque,Nick Hanus",45.00%,"ESA/Co-Pub,ESA/Co-Pub",2/1/2026,5/13/2026,,,Independent,,,QM6P42635875,,,Main Version,Single,Writer,Pop,SMG_MSG_109_21038,"SMN,SMG-US",SOS,FLUID JV II,,,,,5/29/2026
Released,,,5/29/2026,5/29/2026,,,Brody Clementi,Maybe Baby,"Nick Autry,Jessica Cayne",Brody Clementi,66.67%,"ESA/Co-Pub,ESA/Co-Pub",4/1/2026,4/13/2026,,,Independent,,,QZEQU2600924,,,Main Version,Single,Writer,Country,SMG_MSG_109_20647,"SMN,SMG-US",SOS,"SOS, 2 MIX JV II",,,,,5/29/2026
Released,,5/28/2026,6/12/2026,5/28/2026,,,LOCASH,Let The Country Music Play,Brinley Addington,"Matt Thomas,Rupert Holmes,Tommy Cecil",25.00%,ESA/Co-Pub,1/24/2023,2/27/2023,"Parmalee (Dropped Hold), LOCASH (Released)",Parmalee,BMG BBR,,,QT2672400024,,,Main Version,Single,Writer,Country,SMG_MSG_101_236201,"SMN,SMG-US",CRESCENDO,CRESCENDO,,,,,6/12/2026
Released,,,7/17/2026,5/28/2026,,,Brooke Lee,Driver Drive,"Brock Westover,Brooke Lee","Reid Haughton,Danielle Blakey",63.34%,"ESA/Co-Pub,ESA/Co-Pub",2/4/2025,2/18/2025,"ATLUS (Hold), Brooke Lee (Released)",,Spirit Nashville Recordings,,,QM6P42687629,,,Main Version,Single,Writer,Country,SMG_MSG_109_16749,"SMN,SMG-US",SOS,"FUTURISTICS JV, 2 MIX JV II",,,,,7/17/2026
Released,,5/28/2026,5/29/2026,5/28/2026,,,Zach Hood,Strangers to Strangers,Sawyer Utah,Zach Hood,50.00%,ESA/Co-Pub,,4/15/2026,,,Coup D'Etat Recordings,,,CA5KR2652570,,,Main Version,Single,Writer,Pop,SMG_MSG_109_21076,"SMN,SMG-US",SOS,VISCYRL / ARCADE JV,,,,,5/29/2026
Upcoming,,5/27/2026,,5/27/2026,,,Dillon Carmichael,Be Here A While,"Brent Anderson,Derek George,Monty Criswell",Dillon Carmichael,75.00%,"ESA/Co-Pub,ESA/Co-Pub,ESA/Co-Pub",7/12/2024,8/5/2024,,,Riser House Records,,checked,,,,Main Version,,Writer,Country,SMG_MSG_109_13223,"SMN,SMG-US",SOS,FLUID JV II,,,,,8/3/2026
Released,,5/15/2026,5/29/2026,5/26/2026,,,Toby Lightman,Wild Kids,Shane Stevens,"Toby Lightman,John King,Cameron Montgomery ",25.00%,ESA/Co-Pub,,5/6/2026,,,Independent,,,GBRKQ2615687,,,Main Version,Album,Writer,Pop,SMG_MSG_109_20958,"SMN,SMG-US",SOS,VAULT II,,,,,5/29/2026
Hold,5/26/2026,,,5/26/2026,,,Alyssa Flaherty,After Party,Brock Westover,"Averie Bielski,Alyssa Flaherty",33.34%,ESA/Co-Pub,5/6/2026,5/21/2026,,,Independent,,,,,,Main Version,,Writer,Country,SMG_MSG_109_21059,"SMN,SMG-US",SOS,FUTURISTICS JV,,,,,5/26/2026
Released,,,5/22/2026,5/22/2026,,,Alle Farben,Heroes Of The Night,Melodie Wagner,"Dean Bremerich,Dustin Bremerich,Frans Zimmer",25.00%,ESA/Co-Pub,,5/22/2026,,,UMG (Universal Music Group),,,DEUM72602921,,Disco EP,Main Version,EP,Writer,,SMG_MSG_109_21057,"SMN,SMG-US",SOS,SOS,,,,,5/22/2026
Released,,,6/5/2026,5/20/2026,,,Blake Proehl,She Got It,Connor McCutcheon,"Blake Proehl,Joe Tounge,Lydia Sutherland,Spencer Jordan,Todd Tran",16.67%,ESA/Co-Pub,2/5/2026,4/6/2026,,,MCA Nashville,MCA (Music Corporation of America),,USUG12604541,,,Main Version,Single,Writer,Country,SMG_MSG_109_20617,"SMN,SMG-US",SOS,FLUID JV II,,,,,6/8/2026
Released,,,5/22/2026,5/20/2026,,,Connor McCutcheon,X Games,Connor McCutcheon,"Evan Cline,Jared Scott,Matt Hall",25.00%,ESA/Co-Pub,3/11/2026,4/6/2026,,,Independent,,,QZWFP2688981,,,Main Version,Single,"Writer,Artist",Country,SMG_MSG_109_20625,"SMN,SMG-US",SOS,FLUID JV II,,,,,5/22/2026
Released,,,5/1/2026,5/19/2026,,,KNEECAP,Palestine,JJ Scheff,"Mo Chara,Móglaí Bap,DAN CAREY,FAWZI",20.00%,ESA/Co-Pub,,5/18/2026,,FAWZI,HEAVENLY RECORDINGS,,,GBPVV2500140,,FENIAN,Main Version,Album,Writer,,SMG_MSG_109_21255,"SMN,SMG-US",SOS,SOS,,,,,5/19/2026
Cut,5/19/2026,8/25/2026,,5/19/2026,,,Kasey Tyndall ,Sick,Kasey Tyndall,Jordan Fletcher,50.00%,ESA/Co-Pub,5/14/2026,5/18/2026,,,MNRK Records LP,,,,,,Main Version,,Writer,Country,SMG_MSG_109_21031,"SMN,SMG-US",SOS,2 MIX JV III,,,,,8/25/2026
Upcoming,,,9/25/2026,5/18/2026,,,Bea,Peter Pan,Sara Boe,"Jordan Riley,Bea",33.33%,ESA/Co-Pub,,5/18/2026,,,WMG (Warner Music Group),,,,,,Main Version,Single,Writer,,SMG_MSG_109_21026,"SMN,SMG-US",SOS,SOS,,,,,6/29/2026
Released,,,5/15/2026,5/16/2026,,,Ally Salort,Housekeeping,Sara Boe,"Harry Charles,Ally Salort",33.33%,ESA/Co-Pub,,5/16/2026,,,RCA Records,Sony Music Entertainment,,USRC12600932,,,Main Version,Single,Writer,,SMG_MSG_109_21025,"SMN,SMG-US",SOS,SOS,,,,,5/16/2026
Released,,,5/15/2026,5/16/2026,,,Matt Hansen,Compass,Sara Boe,"Alexander Borel,Matt Hansen,Colin Foote",25.00%,ESA/Co-Pub,,12/9/2025,Matt Hansen (Released),,Independent,,,QM24S2506949,,Orchid,Main Version,Album,Writer,,SMG_MSG_109_19596,"SMN,SMG-US",SOS,SOS,,,,,5/16/2026
Released,,,5/15/2026,5/16/2026,,https://s.disco.ac/ccdxuffzsyas,Matt Hansen,Somewhere In Between,Ben Samama,"Matt Hansen,Colin Foote,Alexander Borel",25.00%,ESA/Co-Pub,,1/22/2026,Matt Hansen (Released),,Independent,,,QM24S2600021,,Orchid,Main Version,Album,Writer,,SMG_MSG_109_19753,"SMN,SMG-US",SOS,SOS,,,,,5/16/2026
Released,,,5/15/2026,5/16/2026,,,Matt Hansen,Before We Know It,Sara Boe,"Alex Borel,Matt Hansen,Colin Foote,Riley Biederer",20.00%,ESA/Co-Pub,,5/15/2026,,,Independent,,,QM24S2602507,,Orchid,Main Version,Album,Writer,,SMG_MSG_109_21024,"SMN,SMG-US",SOS,SOS,,,,,5/16/2026
Released,,5/12/2026,6/5/2026,5/12/2026,,,Dylan Rockoff,Burden,Justin Halpin,"Greer Baxter,Dylan Rockoff,Tucker Bickell",25.00%,ESA/Co-Pub,6/12/2025,5/11/2026,,,Independent,,,QZAKB2562380,,,Main Version,Single,Writer,Pop,SMG_MSG_109_21004,"SMN,SMG-US",SOS,FLUID JV II,,,,,6/8/2026
Released,,,5/18/2026,5/12/2026,,,ZEROBASEONE,Intro,Ben Samama,"Jeremy Dussolliet,Tim Sommers,Nate Sander,Imlay,No2zcat,Kimjiseop,X3ro,Bhavik Pattani,Perklee,Mingtion,Antti Oikarinen,WILJAM,Jimmy Mathias Claeson,Etham Ian Basden,Hautboi Rich",3.57%,ESA/Co-Pub,,5/12/2026,,,WAKEONE,,,KRA492600312,,ASCEND,Main Version,EP,Writer,,SMG_MSG_109_21020,"SMN,SMG-US",SOS,SOS,,,,,5/18/2026
Released,,,5/15/2026,5/12/2026,,,GIVEON,Jezebel,Peter Lee Johnson,,6.70%,ESA/Co-Pub,,5/11/2026,,,Epic Records,Sony Music Entertainment,,USSM12600807,,BELOVED: ACT II,Main Version,Album,Writer,,,"SMN,SMG-US",SOS,CHAMPAGNE THERAPY JV,,,,,5/18/2026
Released,,5/11/2026,8/7/2026,5/11/2026,,,Lucas Ball,You Only Call When It's Raining,Ryan Beaver,"Jared Keim,Lucas Ball",33.34%,ESA/Co-Pub,1/20/2026,1/31/2026,,,Twelve6 Entertainment,,,QMDA62600113,you only call when it's raining,,Main Version,Single,Writer,Country,SMG_MSG_109_19920,"SMN,SMG-US",SOS,2 MIX JV II,,,,,8/7/2026
Hold,5/8/2026,,,5/11/2026,,,Harper Grace,I Love That For You,"Brock Westover,Cale Dodds","Autumn Buysee,Harper Grace",50.00%,"ESA/Co-Pub,ESA/Co-Pub",4/13/2026,5/11/2026,,,Curb Records,,,,,,Main Version,,Writer,Country,SMG_MSG_109_20983,"SMN,SMG-US",SOS,"FUTURISTICS JV, FLUID JV II",,,,,5/11/2026
Hold,5/8/2026,,,5/11/2026,,,Stella Hennen,I Only Miss You When I'm Bored,Brock Westover,"Henry Allen ,Stella Hennen",33.34%,ESA/Co-Pub,4/24/2026,5/11/2026,,,Independent,,,,,,Main Version,,Writer,Pop,SMG_MSG_109_20986,"SMN,SMG-US",SOS,FUTURISTICS JV,,,,,5/11/2026
Hold,5/8/2026,,,5/11/2026,,,Haven Madison,World's On Fire,Jamie Moore,"Haven Madison,Lauren McLamb",0.00%,Admin,5/6/2026,5/6/2026,,,BMG BBR,,,,,,Main Version,,Writer,Pop,SMG_MSG_109_20975,"SMN,SMG-US",SOS,SOS,,,,,5/11/2026
Released,,,5/7/2026,5/7/2026,,,Loods,Say That You'll Be There,Melodie Wagner,"Paul Harris,James Hurr,Sophie Elton,Elliot Struck",20.00%,ESA/Co-Pub,,5/7/2026,,Marlo Rex,Independent,,,CBEFB2602145,,,Main Version,Single,Writer,,SMG_MSG_109_20974,"SMN,SMG-US",SOS,SOS,,,,,5/7/2026
Hold,5/4/2026,,,5/5/2026,,,Harper Grace,In The Cards,Brock Westover,"Harper Grace,Aaron Armstrong",33.34%,ESA/Co-Pub,4/6/2026,4/30/2026,,,Curb Records,,,,,,Main Version,,Writer,Country,SMG_MSG_109_20920,"SMN,SMG-US",SOS,FUTURISTICS JV,,,,,5/5/2026
Released,,,5/1/2026,5/4/2026,,,Sara Jean Kelley,It Gets Better,David Ryan Harris,Sara Jean Kelley,50.00%,Admin,3/3/2025,4/30/2026,,David Ryan Harris,Independent,,,QZTB42618405,,,Main Version,Single,Writer,Country,,"SMN,SMG-US",SOS,SOS,,,,,5/4/2026
Hold,5/4/2026,,,5/4/2026,,,Alyssa Flaherty,In The Dark,Brock Westover,"Tim Nichols,Alyssa Flaherty",33.34%,ESA/Co-Pub,4/15/2026,4/30/2026,,,Independent,,,,,,Main Version,,Writer,Country,SMG_MSG_109_20926,"SMN,SMG-US",SOS,FUTURISTICS JV,,,,,5/4/2026
Cut,,5/2/2026,,5/2/2026,,,Chase Matthew,Get A Grip,Michael Hardy,"Chase Matthew,Carson Wallace,Matt Dragstrem,Smith Ahnquist",20.00%,ESA/Co-Pub,1/28/2026,3/23/2026,,,Warner Music Nashville,WMG (Warner Music Group),,,,,Main Version,,Writer,Country,SMG_MSG_109_20459,"SMN,SMG-US",SOS,SOS,,,,,5/2/2026
Cut,,,,4/28/2026,,,Michael Aldag,Trainwreck,Ben Samama,Michael Aldag,50.00%,ESA/Co-Pub,,4/28/2026,,,Independent,,,,,,Main Version,,Writer,,,"SMN,SMG-US",SOS,SOS,,,,,4/28/2026
Released,,,7/29/2026,4/28/2026,,,Michael Aldag,Territorial,Ben Samama,"Michael Aldag,Tobias Jundt",33.33%,ESA/Co-Pub,,4/28/2026,,,Independent,,,GBLFP2673099,,,Main Version,Single,Writer,,SMG_MSG_109_21448,"SMN,SMG-US",SOS,SOS,,,,,7/29/2026
Released,,,9/16/2026,4/28/2026,,,Michael Aldag,Skincare,Ben Samama,"Michael Aldag,Bailey Lindley",33.33%,ESA/Co-Pub,,4/28/2026,,,Independent,,,GXLEX2643410,Skincare,Skincare - Single,Main Version,Single,"Writer,Producer",Pop,SMG_MSG_109_22474,"SMN,SMG-US",SOS,SOS,,,,,9/18/2026
Cut,,,,4/28/2026,,,Michael Aldag,Pilates,Ben Samama,Michael Aldag,50.00%,ESA/Co-Pub,,4/28/2026,,,Independent,,,,,,Main Version,,Writer,,,"SMN,SMG-US",SOS,SOS,,,,,4/28/2026
Cut,,,,4/28/2026,,,Michael Aldag,Late Shift,Ben Samama,Michael Aldag,50.00%,ESA/Co-Pub,,4/28/2026,,,Independent,,,,,,Main Version,,Writer,,,"SMN,SMG-US",SOS,SOS,,,,,4/28/2026
Cut,,,,4/28/2026,,,Michael Aldag,Animal Cruelty ,Ben Samama,Michael Aldag,50.00%,ESA/Co-Pub,,4/28/2026,,,Independent,,,,,,Main Version,,Writer,,,"SMN,SMG-US",SOS,SOS,,,,,4/28/2026
Cut,,,,4/28/2026,,,Michael Aldag,Acne,Ben Samama,Michael Aldag,50.00%,ESA/Co-Pub,,4/28/2026,,,Independent,,,,,,Main Version,,Writer,,,"SMN,SMG-US",SOS,SOS,,,,,4/28/2026
Released,,,4/23/2026,4/27/2026,,,Musza,Scarlet Witch,Autumn Rowe,"Rodolfo Guajardo Lugo,Gerardo Antonio Rodriguez,Oluwatobi Feyisara Ajibolade,Jason  Kevin Pounds",20.00%,Admin,,4/27/2026,,,Independent,,,USA2P2622923,,"It's Musza, Baby!",Main Version,Album,Writer,,SMG_MSG_109_20976,"SMN,SMG-US",SOS,SOS,,,,,4/27/2026
Upcoming,,4/27/2026,,4/27/2026,,,Gayle,Open Arms,Jessica Cayne,"Taylor Rutherford,Willie Breeding",33.33%,ESA/Co-Pub,9/24/2020,9/25/2020,"Gayle (Upcoming), Gayle (Released)",,Atlantic Recording Corporation,,checked,,,,Main Version,,Writer,Pop,SMG_MSG_101_206295,"SMN,SMG-US",CRESCENDO,2 MIX JV I,,,,,4/27/2026
Released,,,3/28/2025,4/27/2026,,,Lost Frequencies,Dance In The Sunlight,Nick Gale,"Sarah Thompson,Felix De Laet",0.00%,ESA/Co-Pub,,4/24/2026,,,Sony Music Entertainment,,,BEHP42500003,,,Main Version,Single,Writer,,,"SMN,SMG-US",SOS,SOS,,,,,4/27/2026
Released,,4/23/2026,5/5/2026,4/24/2026,,,Kimberly Dunn,Pocket Change,"Jason Lehning,Jessica Cayne",Kimberly Dunn,66.67%,"ESA/Co-Pub,ESA/Co-Pub",8/24/2020,2/5/2021,,,Independent,,,QMX4R2400004,,,Main Version,Single,Writer,Country,SMG_MSG_101_210336,"SMN,SMG-US",CRESCENDO,"FLUID JV I, 2 MIX JV I",,,,,5/5/2026
Hold,4/23/2026,,,4/23/2026,,,Jordan Davis,Missin' Me Away,Michael Hardy,"Chase McGill,Zach Abend,Jordan Davis",25.00%,ESA/Co-Pub,4/14/2026,4/20/2026,,,MCA Nashville,MCA (Music Corporation of America),,,,,Main Version,,Writer,Country,SMG_MSG_109_20880,"SMN,SMG-US",SOS,SOS,,,,,4/23/2026
Hold,4/23/2026,,,4/23/2026,,,Jordan Davis,Country Land,Michael Hardy,"Jacob Davis,Jordan Davis,Dan Pellarin",25.00%,ESA/Co-Pub,4/15/2026,4/17/2026,,,MCA Nashville,MCA (Music Corporation of America),,,,,Main Version,,Writer,Country,SMG_MSG_109_20866,"SMN,SMG-US",SOS,SOS,,,,,4/23/2026
Hold,4/23/2026,,,4/23/2026,,,George Birge,Friends Don't Dance,Jamie Moore,"George Birge,Kyle Sturrock,Matt Stell",0.00%,Admin,4/22/2026,4/22/2026,,,RECORDS Nashville,Sony Music Nashville,,,,,Main Version,,Writer,Country,SMG_MSG_109_20913,"SMN,SMG-US",SOS,SOS,,,,,4/23/2026
Hold,4/23/2026,,,4/23/2026,,,Mackenzie Carpenter,Goodbye First,Jamie Moore,"Mackenzie Carpenter,Jonathan Hutcherson",0.00%,Admin,4/21/2026,4/21/2026,,,Big Machine Label Group,,,,,,Main Version,,Writer,Country,SMG_MSG_109_20912,"SMN,SMG-US",SOS,SOS,,,,,4/23/2026
Upcoming,,4/22/2026,10/30/2026,4/23/2026,,,Bryan Martin,If Loving Me Was Easy,"Jeremy Bussey,Ryan Beaver","Bryan Martin,Kayla Ray",50.00%,"ESA/Co-Pub,ESA/Co-Pub",7/26/2023,12/19/2023,,,Average Joes Entertainment,,,,,,Main Version,,Writer,Country,SMG_MSG_109_11836,"SMN,SMG-US",SOS,"FLUID JV II, 2 MIX JV II",,,,,9/16/2026
Hold,,,,4/23/2026,,,Lukas Graham ,Poor Boy,"Autumn Rowe,Shane Stevens","Andrae Alexander,Lukas Graham,Tearce Kizzo",40.00%,"Admin,Admin",7/27/2023,3/1/2024,,,Universal International Music B.V.,UMG (Universal Music Group),,,,,Main Version,,Writer,,SMG_MSG_109_11842,"SMN,SMG-US",SOS,SOS,,,,,4/23/2026
Hold,,,,4/23/2026,,,Tkay Maidza,Bliss,JJ Scheff,,0.00%,ESA/Co-Pub,,4/23/2026,,,Independent,,,,,,Main Version,,Writer,,,"SMN,SMG-US",SOS,SOS,,,,,4/23/2026
Hold,,,,4/23/2026,,,Hyzteria,Witness,Melodie Wagner,,0.00%,ESA/Co-Pub,,4/23/2026,,,Independent,,,,,,Main Version,,Writer,,,"SMN,SMG-US",SOS,SOS,,,,,4/23/2026
Hold,,,,4/23/2026,,,Duffy,Standing Up,Nick Gale,,0.00%,ESA/Co-Pub,,4/23/2026,,,,,,,,,Main Version,,Writer,,,"SMN,SMG-US",SOS,SOS,,,,,4/23/2026
Hold,,,,4/23/2026,,,Vance Joy,Something To Believe In,Nick Gale,,0.00%,ESA/Co-Pub,,4/23/2026,,,Atlantic Recording Corporation,,,,,,Main Version,,Writer,,,"SMN,SMG-US",SOS,SOS,,,,,4/23/2026
Hold,,,,4/23/2026,,,Hugel,Ride Or Die,Melodie Wagner,,0.00%,ESA/Co-Pub,,4/23/2026,,,Independent,,,,,,Main Version,,Writer,,,"SMN,SMG-US",SOS,SOS,,,,,4/23/2026
Hold,,,,4/23/2026,,,Hyzteria,Promise My Love,Melodie Wagner,"Alasu Mateus,Benji Mateus",33.34%,ESA/Co-Pub,,2/26/2025,,,Independent,,,,,,Main Version,,Writer,,,"SMN,SMG-US",SOS,SOS,,,,,4/23/2026
Hold,,,,4/23/2026,,,Bea,,,,,,,,,,WMG (Warner Music Group),,,,,,Main Version,,Writer,,,"SMN,SMG-US",,,,,,,4/23/2026
Hold,,,,4/23/2026,,,GAEUL,Origami,Sara Boe,,0.00%,ESA/Co-Pub,,4/23/2026,,,Kakao Entertainment,,,,,,Main Version,,Writer,,,"SMN,SMG-US",SOS,SOS,,,,,4/23/2026
Hold,,,,4/23/2026,,,Bryce Vine,On Your Mind,Nick Gale,,0.00%,ESA/Co-Pub,,4/23/2026,,,BAMBOO .45,,,,,,Main Version,,Writer,,,"SMN,SMG-US",SOS,SOS,,,,,4/23/2026
Hold,,,,4/23/2026,,,Niklas Dee,Losing Sleep,Ben Samama,"Jordan Kyle Reynolds,Niklas Dee",33.33%,ESA/Co-Pub,,4/23/2026,,,,,,,,,Main Version,,Writer,,,"SMN,SMG-US",SOS,SOS,,,,,4/23/2026
Hold,,,,4/23/2026,,,Jess Glynne,Don't Make Me Cry,Nick Gale,,0.00%,ESA/Co-Pub,,4/23/2026,,,Universal Music Operations Limited,UMG (Universal Music Group),,,,,Main Version,,Writer,,,"SMN,SMG-US",SOS,SOS,,,,,4/23/2026
Released,,,7/23/2026,4/23/2026,,,CHINCHILLA,Dog Eat Dog,Sara Boe,"Chinchilla,Michael Wise",33.33%,ESA/Co-Pub,,4/23/2026,,,Independent,,,GBGLW2600583,,,Main Version,Single,Writer,,SMG_MSG_109_21447,"SMN,SMG-US",SOS,SOS,,,,,7/27/2026
Hold,,,,4/23/2026,,,Marshmello,Dangerous Game,Nick Gale,,0.00%,ESA/Co-Pub,,4/23/2026,,,Joytime Collective,,,,,,Main Version,,Writer,,,"SMN,SMG-US",SOS,SOS,,,,,4/23/2026
Hold,,,,4/23/2026,,,LF System,Burnin,Melodie Wagner,,0.00%,ESA/Co-Pub,,6/5/2024,,,Three Six Zero Recordings,,,,,,Main Version,,Writer,,,"SMN,SMG-US",SOS,SOS,,,,,4/23/2026
Hold,,,,4/23/2026,,,Maneskin,Concrete Heart,Ben Samama,,25.00%,ESA/Co-Pub,,4/23/2026,,,"Sony Music Entertainment,Epic Records",Sony Music Entertainment,,,,,Main Version,,Writer,,,"SMN,SMG-US",SOS,SOS,,,,,4/23/2026
Hold,,,,4/23/2026,,,STARGLOW,Prime Time,Ben Samama,"David Arkwright,Dwilly",33.33%,ESA/Co-Pub,,4/23/2026,,,,,,,,,Main Version,,Writer,,,"SMN,SMG-US",SOS,SOS,,,,,4/23/2026
Released,,,5/18/2026,4/23/2026,,,ZEROBASEONE,Top 5,Ben Samama,"Jeremy Dussolliet,Tim Sommers,Nate Sander,Hyun Jiwon,Underscore,Deeno,SAINT,Mia,Gaule Seo,damduck",21.87%,ESA/Co-Pub,,4/23/2026,,,WAKEONE,,,KRA492600313,,ASCEND,Main Version,EP,Writer,,SMG_MSG_109_21019,"SMN,SMG-US",SOS,SOS,,,,,5/18/2026
Cut,,,,4/23/2026,,,JISOO,Blur,"Jordan Cosmo,Angel Delrae","Christina Galligan,Jisoo",53.33%,"ESA/Co-Pub,ESA/Co-Pub",,4/23/2026,,,Warner Records,,,,,,Main Version,,Writer,,,"SMN,SMG-US",SOS,"SOS, AON JV",,,,,6/10/2026
Cut,,4/21/2026,,4/22/2026,,,Brooks & Dunn,She'll Be Back,Ryan Beaver,"Jeremy Spillman,Kix Brooks",33.33%,ESA/Co-Pub,6/29/2025,4/21/2026,,,Sony Music Nashville,,,,,,Main Version,,Writer,Country,SMG_MSG_109_20890,"SMN,SMG-US",SOS,2 MIX JV II,,,,,4/22/2026
Released,,4/22/2026,7/17/2026,4/22/2026,,,Scotty McCreery ,Been A Good Run,"Derek George,Monty Criswell","Rodney Clawson,Scotty McCreery",50.00%,"ESA/Co-Pub,ESA/Co-Pub",3/2/2023,3/13/2023,,,"Sony Music Nashville,Triple Tigers",,,USQX92602821,,,Main Version,Album,Writer,Country,SMG_MSG_109_7951,"SMN,SMG-US",SOS,FLUID JV II,,,,,7/17/2026
Released,,4/21/2026,6/13/2025,4/21/2026,,,Lauren Alaina ,Heaven Sent,Michael Hardy,"Ben Johnson,Lauren Alaina",33.34%,Admin,12/20/2024,8/18/2025,,,Big Loud Records,,,USUG12503694,,,Main Version,Single,Writer,Country,,"SMN,SMG-US",SOS,SOS,,,,,4/21/2026
Hold,4/21/2026,,,4/21/2026,,,Nicky James,Z71,"Brent Anderson,Derek George,Monty Criswell",Nicky James,75.00%,"ESA/Co-Pub,ESA/Co-Pub,ESA/Co-Pub",8/3/2025,10/3/2025,,,Independent,,,,,,Main Version,,Writer,Country,SMG_MSG_109_19292,"SMN,SMG-US",SOS,FLUID JV II,,,,,4/21/2026
Upcoming,4/15/2026,5/14/2026,,4/21/2026,,,Emily Ann Roberts,Needle In A Haystack,"Frank Rogers,Ryan Beaver",Emily Ann Roberts,66.67%,"Admin,ESA/Co-Pub",4/14/2026,4/15/2026,,,"Sony Music Nashville,RECORDS Nashville",Sony Music Nashville,checked,,,,Main Version,,Writer,Country,SMG_MSG_109_22315,"SMN,SMG-US",SOS,"FLUID JV II, 2 MIX JV II",,,,,6/30/2026
Released,4/15/2026,5/14/2026,9/18/2026,4/21/2026,,,Emily Ann Roberts,Lonely Boy,"Ryan Beaver,Frank Rogers",Emily Ann Roberts,66.67%,"ESA/Co-Pub,Admin",4/14/2026,4/15/2026,,,"RECORDS Nashville,Sony Music Nashville",Sony Music Nashville,,US6XF2600193,Lonely Boy,Lonely Boy - Single,Main Version,Single,"Writer,Producer",Country,SMG_MSG_109_22323,"SMN,SMG-US",SOS,"2 MIX JV II, FLUID JV II",,,,,9/18/2026
Upcoming,,,,4/21/2026,,,Chung Ha,Rainy Days,Nick Gale,,0.00%,ESA/Co-Pub,,4/21/2026,,,Kakao Entertainment,,checked,,,,Main Version,,Writer,,,"SMN,SMG-US",SOS,SOS,,,,,4/21/2026
Released,,4/16/2026,7/10/2026,4/20/2026,,,Joe Bryson,Got That Right,"Joe Bryson,Justin Halpin,Cale Dodds",Neil Mason,75.00%,"ESA/Co-Pub,ESA/Co-Pub,ESA/Co-Pub",4/10/2026,4/14/2026,,,Spirit Nashville Recordings,,,QMBZ92614738,,,Main Version,Single,Writer,Country,SMG_MSG_109_20855,"SMN,SMG-US",SOS,"SOS, FLUID JV II",,,,,7/10/2026
Upcoming,,4/16/2026,1/15/2027,4/20/2026,,,Joe Bryson,Way Down,"Joe Bryson,Jeremy Bussey",,100.00%,"ESA/Co-Pub,ESA/Co-Pub",8/28/2025,8/29/2025,,,Spirit Nashville Recordings,,,,,,Main Version,Single,Writer,Country,SMG_MSG_109_18654,"SMN,SMG-US",SOS,"SOS, FLUID JV II",,,,,8/13/2026
Released,,4/16/2026,8/28/2026,4/20/2026,,,Joe Bryson,Dirt In My Teeth,"Bobby Hamrick,Justin Halpin,Joe Bryson",,100.00%,"ESA/Co-Pub,ESA/Co-Pub,ESA/Co-Pub",4/14/2026,4/14/2026,,,Spirit Nashville Recordings,,,QMDA62673423,Dirt In My Teeth,Dirt In My Teeth - Single,Main Version,Single,"Writer,Artist,Producer",Country,SMG_MSG_109_20851,"SMN,SMG-US",SOS,"SOS, FLUID JV II",,,,,8/28/2026
Upcoming,,4/16/2026,10/9/2026,4/20/2026,,,Joe Bryson,Snake Oil,Joe Bryson,"Lee Star,Reid Haughton",33.34%,ESA/Co-Pub,1/7/2026,1/8/2026,,,Spirit Nashville Recordings,,,,,,Main Version,Single,Writer,Country,SMG_MSG_109_19729,"SMN,SMG-US",SOS,SOS,,,,,8/13/2026
Released,,,4/16/2026,4/16/2026,,,Cale Dodds,How's It Going For You?,Cale Dodds,Corey Crowder,50.00%,Admin,9/25/2024,4/3/2026,,,Independent,,,USLZJ2656431,,,Main Version,Single,Writer,Country,SMG_MSG_109_20612,"SMN,SMG-US",SOS,SOS,,,,,4/17/2026
Upcoming,,,,4/15/2026,,,Eli,The Finale,Jason Vance Harris,Eli,0.00%,ESA/Co-Pub,,4/15/2026,,,RCA Records,Sony Music Entertainment,checked,,The Finale,,Main Version,,Writer,,,"SMN,SMG-US",SOS,SOS,,,,,4/15/2026
Upcoming,4/15/2026,5/8/2026,,4/15/2026,,,Hudson Westbrook,Texas Tear,Ryan Beaver,"Dan Alley,Hudson Westbrook",33.34%,ESA/Co-Pub,3/13/2026,4/15/2026,,,River House Artists (Warner Music Nashville),Warner Music Nashville,checked,,,,Main Version,,Writer,Country,SMG_MSG_109_20844,"SMN,SMG-US",SOS,2 MIX JV II,,,,,6/29/2026
Upcoming,4/15/2026,5/8/2026,,4/15/2026,,,Hudson Westbrook,The Odds Of Me Getting Even,Ryan Beaver,"Hudson Westbrook,Dan Alley",33.34%,ESA/Co-Pub,3/13/2026,4/15/2026,,,River House Artists (Warner Music Nashville),Warner Music Nashville,checked,,,,Main Version,,Writer,Country,SMG_MSG_109_20843,"SMN,SMG-US",SOS,2 MIX JV II,,,,,6/29/2026
Upcoming,4/15/2026,5/8/2026,,4/15/2026,,,Hudson Westbrook,Love On The Line,Ryan Beaver,"Dan Alley,Hudson Westbrook",33.34%,ESA/Co-Pub,3/13/2026,4/14/2026,,,River House Artists (Warner Music Nashville),Warner Music Nashville,checked,,,,Main Version,,Writer,Country,SMG_MSG_109_20842,"SMN,SMG-US",SOS,2 MIX JV II,,,,,6/29/2026
Released,4/15/2026,5/8/2026,7/10/2026,4/15/2026,,,Hudson Westbrook,Hits Me,Ryan Beaver,"Dan Alley,Hudson Westbrook",33.33%,ESA/Co-Pub,3/13/2026,4/15/2026,,,River House Artists (Warner Music Nashville),Warner Music Nashville,,USWB12600201,,,Main Version,Single,Writer,Country,SMG_MSG_109_20841,"SMN,SMG-US",SOS,2 MIX JV II,,,,,7/10/2026
Hold,4/15/2026,,,4/15/2026,,,Emily Ann Roberts,Prayer List,Ryan Beaver,"Jeremy Spillman,Emily Ann Roberts,Trent Willmon",25.00%,ESA/Co-Pub,1/28/2026,4/14/2026,,,"Sony Music Nashville,RECORDS Nashville",Sony Music Nashville,,,,,Main Version,,Writer,Country,SMG_MSG_109_20836,"SMN,SMG-US",SOS,2 MIX JV II,,,,,4/15/2026
Hold,4/15/2026,,,4/15/2026,,,Emily Ann Roberts,Highfalutin,Ryan Beaver,"Trent Willmon,Emily Ann Roberts,Jeremy Spillman",25.00%,ESA/Co-Pub,9/8/2025,4/14/2026,,,"Sony Music Nashville,RECORDS Nashville",Sony Music Nashville,,,,,Main Version,,Writer,Country,SMG_MSG_109_20835,"SMN,SMG-US",SOS,2 MIX JV II,,,,,4/15/2026
Upcoming,,8/10/2026,,4/15/2026,,,Scotty McCreery ,King Size Bed,"Frank Rogers,Bobby Hamrick,Derek George,Brent Anderson,Monty Criswell,Jeremy Bussey",Scotty McCreery,85.71%,"Admin,ESA/Co-Pub,ESA/Co-Pub,ESA/Co-Pub,ESA/Co-Pub,ESA/Co-Pub",1/14/2026,4/15/2026,,,"Sony Music Nashville,Triple Tigers",,checked,,,,Main Version,,Writer,Country,,"SMN,SMG-US",SOS,"FLUID JV II, SOS",,,,,8/10/2026
Hold,4/15/2026,,,4/15/2026,,,ATLUS,Right About Now,"Justin Halpin,Tyler Reeve","Andrew Baylis,Sean Haywood",50.00%,"ESA/Co-Pub,ESA/Co-Pub",4/2/2026,4/14/2026,,,BMG BBR,,,,,,Main Version,,Writer,Country,SMG_MSG_109_20856,"SMN,SMG-US",SOS,"FLUID JV II, SOS",,,,,4/15/2026
Released,,,5/1/2026,4/15/2026,,,Noelle Scaggs,Man's World,Noelle Scaggs,"Isaac Per Koren,John David Humphrey,Serban Cazan,Thorry McRae Koren",20.00%,Admin,,4/7/2025,,,Adventures With Scaggs LLC,,,QT5752500015,,Money Fame Love,Main Version,Album,Writer,,SMG_MSG_109_17187,"SMN,SMG-US",SOS,SOS,,,,,5/1/2026
Released,,,5/1/2026,4/15/2026,,,Noelle Scaggs,Feel Your Body,Noelle Scaggs,"Jean-Francois Perrier,Jules Le Foff",10.00%,Admin,,4/7/2025,,,Adventures With Scaggs LLC,,,QT5752500019,,Money Fame Love,Main Version,Album,Writer,,SMG_MSG_109_17183,"SMN,SMG-US",SOS,SOS,,,,,5/1/2026
Released,,,5/1/2026,4/15/2026,,,Noelle Scaggs,Diamonds On The Floor,Noelle Scaggs,,100.00%,Admin,1/25/2025,10/17/2025,Noelle Scaggs (Released),,Adventures With Scaggs LLC,,,QT5752500025,,Money Fame Love,Main Version,Album,Writer,,SMG_MSG_109_19271,"SMN,SMG-US",SOS,SOS,,,,,5/1/2026
Released,,,5/1/2026,4/15/2026,,,Noelle Scaggs,World Stop,Noelle Scaggs,"Michael Fitzpatrick,Serban Cazan",40.00%,Admin,,5/2/2024,,,Adventures With Scaggs LLC,,,QT5752500012,,Money Fame Love,Main Version,Album,Writer,,,"SMN,SMG-US",SOS,SOS,,,,,5/1/2026
Released,,,5/1/2026,4/15/2026,,,Noelle Scaggs,Head To The Sky,Noelle Scaggs,"Lee Anna McCollum,Serban Cazan",33.34%,Admin,,4/7/2025,,,Adventures With Scaggs LLC,,,QT5752500009,,Money Fame Love,Main Version,Album,Writer,,SMG_MSG_109_17180,"SMN,SMG-US",SOS,SOS,,,,,5/1/2026
Released,,,5/1/2026,4/15/2026,,,Noelle Scaggs,Money Fame Love,"Bobby Hamrick,Brock Westover,Noelle Scaggs",,100.00%,"ESA/Co-Pub,ESA/Co-Pub,Admin",2/26/2025,4/7/2025,Noelle Scaggs (Released),,Adventures With Scaggs LLC,,,QT5752500022,,Money Fame Love,Main Version,Album,Writer,,SMG_MSG_109_16916,"SMN,SMG-US",SOS,"SOS, FUTURISTICS JV",,,,,5/1/2026
Released,,,5/1/2026,4/15/2026,,,Noelle Scaggs,The Ultimate,Noelle Scaggs,"Bad Milk,Lee Anna McCollum,Serban Cazan",25.00%,Admin,,4/7/2025,,,Adventures With Scaggs LLC,,,QT5752500004,,Money Fame Love,Main Version,Album,Writer,,SMG_MSG_109_17182,"SMN,SMG-US",SOS,SOS,,,,,5/1/2026
Released,,,5/1/2026,4/15/2026,,,Noelle Scaggs,Bless The DJ,Noelle Scaggs,"Benjamin McIldowie,Lee Anna McCollum,Serban Cazan",28.00%,Admin,,4/7/2025,Noelle Scaggs (Released),,Adventures With Scaggs LLC,,,QT5752500001,,Money Fame Love,Main Version,Album,Writer,,SMG_MSG_109_17179,"SMN,SMG-US",SOS,SOS,,,,,5/1/2026
Released,,,5/1/2026,4/15/2026,,,Noelle Scaggs,Get Loose,Noelle Scaggs,,100.00%,Admin,,1/7/2026,,,Adventures With Scaggs LLC,,,QT5752500027,,Money Fame Love,Main Version,Album,Writer,,SMG_MSG_109_20815,"SMN,SMG-US",SOS,SOS,,,,,5/1/2026
Released,,,4/11/2026,4/14/2026,,,John Daly,,,,,,,,,,Independent,,,GBRKQ2623464,,,Main Version,Single,Writer,Country,,"SMN,SMG-US",,,,,,,4/14/2026
Released,,,6/30/2022,4/14/2026,,,MILCK,We Won't Go Back,Autumn Rowe,"Connie Lim,Gabby Biianco,Mallory Finne",5.00%,Admin,,6/13/2023,,Autumn Rowe,,,,TCAGG2266931,,,Main Version,Single,Writer,,SMG_MSG_109_9219,"SMN,SMG-US",SOS,SOS,,,,,4/14/2026
Upcoming,,4/14/2026,,4/14/2026,,,Billy F Gibbons,Brown Paper Bag,"Billy F. Gibbons,Tim Montana",Micah Wilshire,66.67%,"Admin,ESA/Co-Pub",3/31/2025,8/28/2025,,Keith Urban,Concord Records,,checked,,,,Main Version,Single,Writer,Country,SMG_MSG_109_18596,"SMN,SMG-US",SOS,SOS,,,,,4/14/2026
Released,,,4/10/2026,4/14/2026,,,Luke Alexander,On The Loose,Melodie Wagner,"Oli Som,Tiffany Aris,Lauren Dyson,Luke Kyriazis",20.00%,ESA/Co-Pub,,4/10/2026,,,Independent,,,QM6MZ2662966,,,Main Version,Single,Writer,,SMG_MSG_109_20830,"SMN,SMG-US",SOS,SOS,,,,,4/14/2026
Released,,,4/24/2026,4/14/2026,,,Armin Van Buuren,Like A Child,Melodie Wagner,"Armin Van Buuren,Argy,Jorgen Trooyen",37.50%,ESA/Co-Pub,,4/10/2026,,Marlo Rex,Armada,,,NLF712601983,,,Main Version,Single,Writer,,SMG_MSG_109_20829,"SMN,SMG-US",SOS,SOS,,,,,4/24/2026
Cut,,4/10/2026,,4/13/2026,,,Preslee,I'm Not One To Share,Brooke Lee,"Preslee Campbell,Danielle Blakey",33.34%,ESA/Co-Pub,9/17/2025,4/9/2026,,,Independent,,,,,,Main Version,,Writer,Country,SMG_MSG_109_20640,"SMN,SMG-US",SOS,2 MIX JV II,,,,,4/13/2026
Hold,9/17/2026,,,4/13/2026,,,Blake Proehl,Comeback Kid,Connor McCutcheon,"Blake Proehl,Joe Tounge,Lydia Sutherland,Spencer Jordan,Todd Tran",16.67%,ESA/Co-Pub,2/7/2026,4/6/2026,,,MCA Nashville,MCA (Music Corporation of America),,,,,Main Version,,Writer,Country,SMG_MSG_109_20608,"SMN,SMG-US",SOS,FLUID JV II,,,,,4/13/2026
Hold,4/10/2026,,,4/13/2026,,,Blake Proehl,More Than Him,Connor McCutcheon,"Blake Proehl,Joe Tounge,Lydia Sutherland,Spencer Jordan,Todd Tran",16.67%,ESA/Co-Pub,2/7/2026,4/6/2026,,,MCA Nashville,MCA (Music Corporation of America),,,,,Main Version,,Writer,Country,SMG_MSG_109_20613,"SMN,SMG-US",SOS,FLUID JV II,,,,,4/13/2026
Hold,4/10/2026,,,4/13/2026,,,Blake Proehl,Give That Boy A Bottle,Connor McCutcheon,"Blake Proehl,Joe Tounge,Lydia Sutherland,Spencer Jordan,Todd Tran",16.67%,ESA/Co-Pub,2/6/2026,4/6/2026,,,MCA Nashville,MCA (Music Corporation of America),,,,,Main Version,,Writer,Country,SMG_MSG_109_20610,"SMN,SMG-US",SOS,FLUID JV II,,,,,4/13/2026
Hold,4/10/2026,,,4/13/2026,,,Blake Proehl,Give Me A Minute,Connor McCutcheon,"Blake Proehl,Joe Tounge,Lydia Sutherland,Spencer Jordan,Todd Tran",16.67%,ESA/Co-Pub,2/6/2026,4/6/2026,,,MCA Nashville,MCA (Music Corporation of America),,,,,Main Version,,Writer,Country,SMG_MSG_109_20609,"SMN,SMG-US",SOS,FLUID JV II,,,,,4/13/2026
Hold,4/10/2026,,,4/13/2026,,,Blake Proehl,"""I"" in Whiskey",Connor McCutcheon,"Blake Proehl,Joe Tounge,Lydia Sutherland,Spencer Jordan,Todd Tran",16.67%,ESA/Co-Pub,2/9/2026,4/6/2026,,,MCA Nashville,MCA (Music Corporation of America),,,,,Main Version,,Writer,Country,SMG_MSG_109_20600,"SMN,SMG-US",SOS,FLUID JV II,,,,,4/13/2026
Hold,4/10/2026,,,4/13/2026,,,Blake Proehl,Radio,Connor McCutcheon,"Blake Proehl,Joe Tounge,Lydia Sutherland,Spencer Jordan,Todd Tran",16.67%,ESA/Co-Pub,2/6/2026,4/6/2026,,,MCA Nashville,MCA (Music Corporation of America),,,,,Main Version,,Writer,Country,SMG_MSG_109_20614,"SMN,SMG-US",SOS,FLUID JV II,,,,,4/13/2026
Hold,4/10/2026,,,4/13/2026,,,Blake Proehl,Strikes Twice,Connor McCutcheon,"Blake Proehl,Joe Tounge,Lydia Sutherland,Spencer Jordan,Todd Tran",16.67%,ESA/Co-Pub,2/6/2026,4/6/2026,,,MCA Nashville,MCA (Music Corporation of America),,,,,Main Version,,Writer,Country,SMG_MSG_109_20619,"SMN,SMG-US",SOS,FLUID JV II,,,,,4/13/2026
Cut,,4/10/2026,,4/13/2026,,,Kane Brown,That's All Folks,Michael Hardy,"Carson Wallace,Greylan James,Matt Roy,Zach Abend",20.00%,Admin,8/27/2025,8/28/2025,,,Sony Music Nashville,,,,,,Main Version,,Writer,Country,,"SMN,SMG-US",SOS,SOS,,,,,4/13/2026
Cut,,4/10/2026,,4/10/2026,,,Jenna Paulette,Maggie's Song (Old Blue Jeans),Brent Anderson,"Jenna Paulette,Smith Ahnquist",33.33%,ESA/Co-Pub,7/27/2025,9/10/2025,"Jenna Paulette (Released), Jenna Paulette (Cut)",,LEO33,,,,,,Main Version,,Writer,Country,SMG_MSG_109_18738,"SMN,SMG-US",SOS,FLUID JV II,,,,,4/10/2026
Released,,,3/20/2026,4/9/2026,,,O.A.R.,Three Tinted Windows,Remy Gautreau,Marc Roberge,20.00%,ESA/Co-Pub,,4/8/2026,,,Independent,,,USLZJ2605283,,,Main Version,Single,Writer,,SMG_MSG_109_20635,"SMN,SMG-US",SOS,ARCADE JV,,,,,4/9/2026
Released,,,10/30/2025,4/9/2026,,,O.A.R.,Where We Are Right Now,Remy Gautreau,"Gregg Wattenberg,John Lampley,Marc Roberge",30.00%,ESA/Co-Pub,,10/30/2024,,,Independent,,,QZZ8B2504305,,,Main Version,Single,Writer,,,"SMN,SMG-US",SOS,ARCADE JV,,,,,4/9/2026
Hold,4/8/2026,,,4/8/2026,,,Liam Coleman,All My X's Got Boyfriends,Joe Bryson,"Bo Tillman,Justin Corley,Liam Coleman",25.00%,ESA/Co-Pub,3/26/2026,4/6/2026,,,Independent,,,,,,Main Version,,Writer,Country,SMG_MSG_109_20601,"SMN,SMG-US",SOS,SOS,,,,,4/8/2026
Released,,,4/17/2026,4/8/2026,,,Camylio,How Far Down,Camylio,"Edison Boon Eason,Jeremy Fedryk",33.34%,ESA/Co-Pub,,3/5/2026,Camylio (Released),,Mercury Records,,,USUG12603065,,,Main Version,Single,Writer,,SMG_MSG_109_20597,"SMN,SMG-US",SOS,SOS,,,,,4/21/2026
Released,,,2/6/2026,4/8/2026,,,Shankz,Two Steppin,Melodie Wagner,"Shaun Farrugia,Shankz,Samuel John Butler",25.00%,ESA/Co-Pub,,4/7/2026,,Marlo Rex,Independent,,,CA5KR2614549,,,Main Version,Single,Writer,,SMG_MSG_109_20598,"SMN,SMG-US",SOS,SOS,,,,,4/8/2026
Upcoming,,4/8/2026,,4/8/2026,,,Lee Brice,Never Meet Your Heroes,Michael Hardy,Jordan Schmidt,50.00%,Admin,4/19/2024,8/18/2025,,,Curb Records,,checked,,,,Main Version,,Writer,Country,,"SMN,SMG-US",SOS,SOS,,,,,4/8/2026
Released,,,4/10/2026,4/8/2026,,,Connor McCutcheon,Only Devils,Connor McCutcheon,"Joe Tounge,Spencer Jordan,Todd Tran",25.00%,ESA/Co-Pub,2/17/2026,3/31/2026,,,Independent,,,QZTB32616647,,,Main Version,Single,Writer,Country,SMG_MSG_109_20563,"SMN,SMG-US",SOS,FLUID JV II,,,,,4/10/2026
Released,,,4/10/2026,4/7/2026,,,Harry T,No Loyalty,Nick Gale,,0.00%,ESA/Co-Pub,,4/7/2026,,,Independent,,,QT82U2697780,,,Main Version,Single,Writer,,,"SMN,SMG-US",SOS,SOS,,,,,4/10/2026
Released,,,4/17/2026,4/7/2026,,,Mira Housey,Layup,Mira Housey,,100.00%,ESA/Co-Pub,,3/26/2026,,,Independent,,,USLZJ2681758,,Mirror,Main Version,Single,Writer,,SMG_MSG_109_20568,"SMN,SMG-US",SOS,ROWE JV,,,,,4/21/2026
Cut,,4/3/2026,,4/6/2026,,,Colby Lee Swift,Old Man Someday,Jeremy Bussey,"Lance Miller,Jamie Paulin,Colby Lee Swift",25.00%,ESA/Co-Pub,2/6/2026,3/28/2026,,,Independent,,,,,,Main Version,,Writer,Country,SMG_MSG_109_20495,"SMN,SMG-US",SOS,FLUID JV II,,,,,4/6/2026
Hold,4/3/2026,,,4/6/2026,,,Alyssa Flaherty,Pretty Little Maybes,"Jessica Cayne,Brock Westover","Alyssa Flaherty,Charlie Green",50.00%,"ESA/Co-Pub,ESA/Co-Pub",3/27/2026,4/1/2026,,,Independent,,,,,,Main Version,,Writer,Pop,SMG_MSG_109_20552,"SMN,SMG-US",SOS,"2 MIX JV II, FUTURISTICS JV",,,,,4/6/2026
Released,,,1/23/2026,4/1/2026,,,Kylie Morgan,Like My Own,Kasey Tyndall,"Kylie Morgan,Aaron Zuckerberg",33.33%,ESA/Co-Pub,10/21/2025,1/28/2026,Kylie Morgan (Released),,Independent,,,,,,Main Version,Single,Writer,Country,SMG_MSG_109_19833,"SMN,SMG-US",SOS,2 MIX JV III,,,,,4/1/2026
Released,,4/1/2026,4/10/2026,4/1/2026,,,Kylie Morgan,You Had Me At Howdy,"Brock Westover,Jessica Cayne",Kylie Morgan,66.67%,"ESA/Co-Pub,ESA/Co-Pub",10/16/2025,10/27/2025,,,Independent,,,USLZJ2652643,,,Main Version,Album,Writer,Country,SMG_MSG_109_19348,"SMN,SMG-US",SOS,"FUTURISTICS JV, 2 MIX JV II",,,,,4/10/2026
Released,,,6/26/2026,4/1/2026,,,Muse,Hush,Nick Gale,"Rick Boardman,Dan Lancaster,Theo Hutchcraft,Matt Bellamy",0.00%,ESA/Co-Pub,,4/1/2026,,Ellie Goulding,Warner Records,,,GBAYE2600209,,The Wow! Signal,Main Version,Album,Writer,,SMG_MSG_109_21264,"SMN,SMG-US",SOS,SOS,,,,,6/26/2026
Released,,,2/28/2025,4/1/2026,,,Capri Everitt,Breath on Me,Timothy Prater,"Anna Piscatelli,Capri Everitt",40.00%,ESA/Co-Pub,,3/11/2025,,,,,,USA2P2507757,,When I Cry I Like To Dance,Main Version,EP,Writer,,SMG_MSG_109_16835,"SMN,SMG-US",SOS,ASORE JV,,,,,4/1/2026
Released,,,2/28/2025,4/1/2026,,,Capri Everitt,Unbreak Me,Timothy Prater,"Anna Piscatelli,Capri Everitt",40.00%,ESA/Co-Pub,,3/11/2025,,,,,,USA2P2507756,,When I Cry I Like To Dance,Main Version,EP,Writer,,SMG_MSG_109_16838,"SMN,SMG-US",SOS,ASORE JV,,,,,4/1/2026
Released,,,2/28/2025,4/1/2026,,,Capri Everitt,Starlight,Timothy Prater,"Anna Piscatelli,Capri Everitt",40.00%,ESA/Co-Pub,,3/11/2025,,,,,,USA2P2507758,,When I Cry I Like To Dance,Main Version,EP,Writer,,SMG_MSG_109_16837,"SMN,SMG-US",SOS,ASORE JV,,,,,4/1/2026
Released,,,2/28/2025,4/1/2026,,,Capri Everitt,Dancing With Your Shadow,Timothy Prater,"Anna Piscatelli,Capri Everitt",40.00%,ESA/Co-Pub,,3/11/2025,,,,,,USA2P2507755,,When I Cry I Like To Dance,Main Version,EP,Writer,,SMG_MSG_109_16836,"SMN,SMG-US",SOS,ASORE JV,,,,,4/1/2026
Released,,,2/28/2025,4/1/2026,,,Capri Everitt,Spiders,Timothy Prater,"Anna Piscatelli,Capri Everitt",33.30%,ESA/Co-Pub,,12/16/2024,Capri Everitt (Released),,,,,USA2P2474729,,When I Cry I Like To Dance,Main Version,EP,Writer,,SMG_MSG_109_15495,"SMN,SMG-US",SOS,ASORE JV,,,,,4/1/2026
Released,,,2/28/2025,4/1/2026,,,Capri Everitt,Runnin,Timothy Prater,"Anna Piscatelli,Capri Everitt",33.40%,ESA/Co-Pub,,1/8/2025,,,,,,,,When I Cry I Like To Dance,Main Version,EP,Writer,,SMG_MSG_109_16668,"SMN,SMG-US",SOS,ASORE JV,,,,,4/1/2026
Released,,,7/14/2023,4/1/2026,,,Alex Angelo,You Go FIrst,Sawyer Utah,"Alex Angelo,McCall Chapin",33.34%,ESA/Co-Pub,2/8/2022,11/27/2023,,,Independent,,,QZTRX2324492,,,Main Version,Single,Writer,,SMG_MSG_109_7498,"SMN,SMG-US",SOS,VISCYRL / ARCADE JV,,,,,4/1/2026
Released,,,1/17/2025,4/1/2026,,,mxrgan,Sundress Cigarette,Sawyer Utah,Morgan Magargee,50.00%,ESA/Co-Pub,,10/4/2024,,,,,,QZXF32400015,,,Main Version,Single,Writer,,SMG_MSG_109_15478,"SMN,SMG-US",SOS,VISCYRL / ARCADE JV,,,,,4/1/2026
Released,,,5/23/2025,4/1/2026,,,mxrgan,Credit Card,Sawyer Utah,"Morgan Magargee,Rowan Kemble",33.33%,ESA/Co-Pub,6/25/2024,8/22/2024,,,,,,QZXF32500005,,,Main Version,Single,Writer,,SMG_MSG_109_17203,"SMN,SMG-US",SOS,VISCYRL / ARCADE JV,,,,,4/1/2026
Released,,,3/21/2025,4/1/2026,,,mxrgan,180,Sawyer Utah,Morgan Magargee,50.00%,ESA/Co-Pub,6/27/2024,8/22/2024,,,,,,QZXF32500001,,,Main Version,Single,Writer,,SMG_MSG_109_16884,"SMN,SMG-US",SOS,VISCYRL / ARCADE JV,,,,,4/1/2026
Released,,,1/19/2024,4/1/2026,,,Remedy Club,Halo,Melodie Wagner,,100.00%,ESA/Co-Pub,,6/25/2024,,,Independent,,,QZS632234149,,,Main Version,Single,Writer,,SMG_MSG_109_13287,"SMN,SMG-US",SOS,SOS,,,,,4/1/2026
Released,,,2/16/2024,4/1/2026,,,Millean.,Obsessed,Melodie Wagner,,100.00%,ESA/Co-Pub,,6/26/2024,,,Independent,,,NLZ542400071,,,Main Version,Single,Writer,,SMG_MSG_109_13271,"SMN,SMG-US",SOS,SOS,,,,,4/1/2026
Released,,,10/27/2023,4/1/2026,,,sunnytheduo,Stockholm,Melodie Wagner,,100.00%,ESA/Co-Pub,,6/25/2024,,,Capitol CMG,UMG (Universal Music Group),,USUG12208658,,How To Lose Your Mind in 10 Days,Main Version,Album,Writer,,,"SMN,SMG-US",SOS,SOS,,,,,4/1/2026
Released,,,10/4/2024,4/1/2026,,,Bryce Vine,Something That You're Not,Erik Belz,"Aaron Max Zuckerman,Bryce Vine,Grady Lee",10.00%,Admin,,10/16/2024,,,BAMBOO .45,,,GXD7V2301213,,,Main Version,Single,Writer,,SMG_MSG_109_13998,"SMN,SMG-US",SOS,SOS,,,,,4/1/2026
Released,,,1/27/2023,4/1/2026,,,LILO,Favour,Honi,Adam Berntsson,50.00%,ESA/Co-Pub,,4/23/2023,,,Independent,,,FR10S2316778,,,Main Version,Single,Writer,,,"SMN,SMG-US",SOS,SOS,,,,,4/1/2026
Released,,,5/16/2025,4/1/2026,,,Chris Murphy,One Dark Night,Ben Samama,"Gabriel Haber,Chris Murphy,Arturo Kahan",25.00%,ESA/Co-Pub,,4/1/2026,,,Independent,,,QZTV32545928,,,Main Version,Single,Writer,,,"SMN,SMG-US",SOS,SOS,,,,,4/1/2026
Released,,,3/28/2025,4/1/2026,,,Tele,More,Ben Samama,"Nathan Sender,Sophie Telegadis",33.34%,ESA/Co-Pub,,3/12/2025,,,Independent,,,USRC12500367,,,Main Version,Single,Writer,,SMG_MSG_109_16841,"SMN,SMG-US",SOS,SOS,,,,,4/1/2026
Released,,3/31/2026,9/18/2026,3/31/2026,,,Drew Baldridge,Cool Enough Now,Monty Criswell,"Drew Baldridge,Tim Nichols",33.33%,ESA/Co-Pub,7/2/2020,9/10/2020,,,Stoney Creek Records,BMG BBR,,QMRSZ2601480,Cool Enough Now,FARM FAITH FAMILY,Main Version,Album,Writer,Country,SMG_MSG_101_205682,"SMN,SMG-US",CRESCENDO,FLUID JV I,,,,,9/18/2026
Released,,,2/27/2026,3/31/2026,,,Remy,Buried Together,Remy Gautreau,"Pat Linehan,Shane Becker",33.34%,ESA/Co-Pub,,3/31/2026,,,,,,QZVEM2622901,,,Main Version,Single,Writer,,SMG_MSG_109_20500,"SMN,SMG-US",SOS,ARCADE JV,,,,,3/31/2026
Released,,,3/13/2026,3/31/2026,,,Remy,Gut Check,Remy Gautreau,"Conrad Tsiang,Stephen Ordonez",33.34%,ESA/Co-Pub,,3/31/2026,,Labit,,,,QZMER2673013,,,Main Version,Single,Writer,,SMG_MSG_109_ 20499,"SMN,SMG-US",SOS,ARCADE JV,,,,,3/31/2026
Released,,,3/18/2026,3/31/2026,,,Digital Farm Animals,The Weekend,Nick Gale,"Andrew Jackson,Matt Wills,Harry Thompson",0.00%,ESA/Co-Pub,,3/31/2026,,,Independent,,,QT5M52611420,,,Main Version,Single,Writer,,,"SMN,SMG-US",SOS,SOS,,,,,3/31/2026
Hold,3/26/2026,,,3/26/2026,,,Blake Shelton,Heavy On The Heart,David Garcia,Jesse Frasure,50.00%,ESA/Co-Pub,2/26/2026,3/26/2026,,,"BMG BBR,Warner Music Nashville",WMG (Warner Music Group),,,,,Main Version,,Writer,Country,SMG_MSG_109_20479,"SMN,SMG-US",SOS,SOS,,,,,3/26/2026
Released,,3/26/2026,7/17/2026,3/26/2026,,,ROTUNDO ,This House Is A Wreck,Zach Beeken,"Colton Pack,Garrett Nichols,Michael Rotundo,Chris Mackey",20.00%,ESA/Co-Pub,8/9/2025,9/4/2025,,,Independent,,,QZEQU2600928,This House Is a Wreck,This House Is a Wreck - Single,Main Version,Single,Writer,Country,SMG_MSG_109_18663,"SMN,SMG-US",SOS,FLUID JV II,,,,,9/18/2026
Released,,3/26/2026,7/17/2026,3/26/2026,,,Fuller Debes,HOOCH,Joe Bryson,Fuller Debes,50.00%,ESA/Co-Pub,7/2/2025,7/31/2025,,,Independent,,,QT6EC2671861,HOOCH,,Main Version,Single,Writer,Country,,"SMN,SMG-US",SOS,SOS,,,,,7/17/2026
Released,,,4/1/2026,3/26/2026,,,Chizzy Stephens,Spose To Be,Chizzy,,100.00%,Admin,,3/26/2026,,,Independent,,,QZRP42645021,,,Main Version,Single,Writer,R&B/Soul,SMG_MSG_109_20477,"SMN,SMG-US",SOS,SOS,,,,,4/6/2026
Released,,,3/13/2026,3/26/2026,,,carteblanche,Telescope,Melodie Wagner,"Joshua Grimmett,Johannes Shore,Tancrede",25.00%,ESA/Co-Pub,,3/26/2026,,,Independent,,,,,,Main Version,Single,Writer,,SMG_MSG_109_20476,"SMN,SMG-US",SOS,SOS,,,,,4/7/2026
Released,,3/25/2026,3/25/2026,3/25/2026,,,Jay Sean,Pulling Me Back,Angel Delrae,"Antonio Travis,Dean Bryce,Veyah,Jay Sean",5.00%,ESA/Co-Pub,,3/25/2026,,Véyah,Independent,,,QM6MZ2646871,"Pulling Me Back - Music Inspired by the Original Series ""Bait""",,Main Version,Single,Writer,,,"SMN,SMG-US",SOS,AON JV,,https://open.spotify.com/album/0tiwe98zuKoNO6jUFkjdKZ?si=czzMW2mlS1G8LysP0ibMGA ,,,3/25/2026
Cut,,,,3/25/2026,,,Beyonce,Night Moves (Jet Black Two),Joseph of Mercury,,100.00%,ESA/Co-Pub,,12/4/2025,,,Columbia Records,Sony Music Entertainment,,,,,Main Version,,Writer,,,"SMN,SMG-US",SOS,SOS,,,,,3/25/2026
Cut,,,,3/25/2026,,,Beyonce,Lovers In A Dangerous Time,Joseph of Mercury,"Mike Dean,Sage Skolfield",0.00%,ESA/Co-Pub,,12/3/2025,,,Columbia Records,Sony Music Entertainment,,,,,Main Version,,Writer,,,"SMN,SMG-US",SOS,SOS,,,,,3/25/2026
Hold,,,,3/25/2026,,,Maneskin,Love Is The Dawn,Joseph of Mercury,,0.00%,ESA/Co-Pub,,3/25/2026,,,"Sony Music Entertainment,Epic Records",Sony Music Entertainment,,,,,Main Version,,Writer,,,"SMN,SMG-US",SOS,SOS,,,,,3/25/2026
Hold,,,,3/25/2026,,,Maneskin,Run For The Hills,Joseph of Mercury,,0.00%,ESA/Co-Pub,,3/25/2026,,,"Sony Music Entertainment,Epic Records",Sony Music Entertainment,,,,,Main Version,,Writer,,,"SMN,SMG-US",SOS,SOS,,,,,3/25/2026
Hold,,,,3/25/2026,,,Maneskin,Most Dangerous Game,Joseph of Mercury,,0.00%,ESA/Co-Pub,,3/25/2026,,,"Sony Music Entertainment,Epic Records",Sony Music Entertainment,,,,,Main Version,,Writer,,,"SMN,SMG-US",SOS,SOS,,,,,3/25/2026
Hold,,,,3/25/2026,,,Maneskin,Hearts Won't Survive,Joseph of Mercury,,0.00%,ESA/Co-Pub,,3/25/2026,,,"Sony Music Entertainment,Epic Records",Sony Music Entertainment,,,,,Main Version,,Writer,,,"SMN,SMG-US",SOS,SOS,,,,,3/25/2026
Hold,,,,3/25/2026,,,Maneskin,Doves,Joseph of Mercury,,0.00%,ESA/Co-Pub,,3/25/2026,,,"Sony Music Entertainment,Epic Records",Sony Music Entertainment,,,,,Main Version,,Writer,,,"SMN,SMG-US",SOS,SOS,,,,,3/25/2026
Hold,,,,3/25/2026,,,Maneskin,Chasing The Sun,Joseph of Mercury,,0.00%,ESA/Co-Pub,,3/25/2026,,,"Sony Music Entertainment,Epic Records",Sony Music Entertainment,,,,,Main Version,,Writer,,,"SMN,SMG-US",SOS,SOS,,,,,3/25/2026
Hold,,,,3/25/2026,,,Maneskin,Last Thing I See,Joseph of Mercury,,0.00%,ESA/Co-Pub,,3/25/2026,,,"Sony Music Entertainment,Epic Records",Sony Music Entertainment,,,,,Main Version,,Writer,,,"SMN,SMG-US",SOS,SOS,,,,,3/25/2026
Hold,,,,3/25/2026,,,Maneskin,The Door,Joseph of Mercury,,0.00%,ESA/Co-Pub,,3/25/2026,,,"Sony Music Entertainment,Epic Records",Sony Music Entertainment,,,,,Main Version,,Writer,,,"SMN,SMG-US",SOS,SOS,,,,,3/25/2026
Hold,,,,3/25/2026,,,Maneskin,Bad Idea,Joseph of Mercury,,0.00%,ESA/Co-Pub,,3/25/2026,,,"Sony Music Entertainment,Epic Records",Sony Music Entertainment,,,,,Main Version,,Writer,,,"SMN,SMG-US",SOS,SOS,,,,,3/25/2026
Hold,,,,3/25/2026,,,Maneskin,Universe,Joseph of Mercury,,0.00%,ESA/Co-Pub,,3/25/2026,,,"Sony Music Entertainment,Epic Records",Sony Music Entertainment,,,,,Main Version,,Writer,,,"SMN,SMG-US",SOS,SOS,,,,,3/25/2026
Hold,,,,3/25/2026,,,Maneskin,Wow,Joseph of Mercury,,0.00%,ESA/Co-Pub,,3/25/2026,,,"Sony Music Entertainment,Epic Records",Sony Music Entertainment,,,,,Main Version,,Writer,,,"SMN,SMG-US",SOS,SOS,,,,,3/25/2026
Released,,,4/3/2026,3/25/2026,,,Ravyn Lenae,Reputation,Ely Rise,"Ravyn Lenae,Dahi,Sarah Aarons,Dominic Fike,Devin Workman,Spencer Stewart",18.75%,ESA/Co-Pub,,8/5/2026,Ravyn Lenae (Released),Dominic Fike,Atlantic Recording Corporation,,,USAT22601331,,,Main Version,Single,Writer,Alternative,,"SMN,SMG-US",SOS,DAHI JV,,,,,4/3/2026
Released,,,3/30/2026,3/25/2026,,,IRENE,Million Miles Away,Melodie Wagner,"Jacob Manson,Conor Blake Manning,Vincent J van den Ende,Korean Lyricist",21.88%,ESA/Co-Pub,,3/25/2026,,,SM Entertainment,,,KRA302600046,,Biggest Fan,Main Version,EP,Writer,K-Pop,SMG_MSG_109_20544,"SMN,SMG-US",SOS,SOS,,,,,4/6/2026
Upcoming,,,,3/25/2026,,,NewJeans,eLOVEator,Sara Boe,,24.33%,ESA/Co-Pub,,3/15/2026,,,HYBE,,checked,,,,Main Version,,Writer,,,"SMN,SMG-US",SOS,SOS,,,,,3/25/2026
Released,,,4/17/2026,3/25/2026,,,Xdinary Heroes,Rise High Rise,Ben Samama,"Nickko Young,Keunil,Jungsu,Gaon,O.de,Jun Han,Jooyeon,Anthony Russo,YOG$,Hautboi Rich,Alexander Karlsson,Alexa,Miles Barker",2.05%,ESA/Co-Pub,,3/25/2026,,,JYP Entertainment,,,US5TA2600053,,Dead And,Main Version,EP,Writer,,SMG_MSG_109_20943,"SMN,SMG-US",SOS,SOS,,,,,4/17/2026
Released,,,4/17/2026,3/25/2026,,,Xdinary Heroes,Hurt So Good,Ben Samama,"Esum,I:Ruum (PAPERMAKER),Wi Hana (PAPERMAKER),Keunil,Jungsu,Gaon,Kalli,YOG$,Hautboi Rich",8.32%,ESA/Co-Pub,,3/25/2026,,,JYP Entertainment,,,US5TA2600053,,Dead And,Main Version,EP,Writer,,SMG_MSG_109_20942,"SMN,SMG-US",SOS,SOS,,,,,4/17/2026
Released,,,10/31/2025,3/24/2026,,,Eli,Falsetto,Jason Vance Harris,"Eli,Tom Brocker",37.50%,ESA/Co-Pub,,9/23/2024,,,RCA Records,Sony Music Entertainment,,USRC12501996,,Stage Girl,Main Version,Album,Writer,,SMG_MSG_109_21305,"SMN,SMG-US",SOS,SOS,,,,,3/24/2026
Released,,,10/31/2025,3/24/2026,,,Eli,I Wish I Was A Girl,Jason Vance Harris,Eli,50.00%,ESA/Co-Pub,,3/24/2026,,,RCA Records,Sony Music Entertainment,,USRC12501997,,Stage Girl,Main Version,Album,Writer,,SMG_MSG_109_20458,"SMN,SMG-US",SOS,SOS,,,,,3/24/2026
Released,,,10/31/2025,3/24/2026,,,Eli,Marianne,Jason Vance Harris,Eli,50.00%,ESA/Co-Pub,,3/24/2026,,,RCA Records,Sony Music Entertainment,,USRC12500828,,Stage Girl,Main Version,Album,Writer,,SMG_MSG_109_20457,"SMN,SMG-US",SOS,SOS,,,,,3/24/2026
Hold,3/23/2026,,,3/23/2026,,,Haven Madison,Rich Man,"Shane Stevens,Jessica Cayne,Bobby Hamrick,Brock Westover",Haven Madison,80.00%,"ESA/Co-Pub,ESA/Co-Pub,ESA/Co-Pub,ESA/Co-Pub",3/5/2026,3/23/2026,,,BMG BBR,,,,,,Main Version,,Writer,Pop,SMG_MSG_109_20515,"SMN,SMG-US",SOS,"VAULT II, 2 MIX JV II, SOS, FUTURISTICS JV",,,,,3/23/2026
Hold,3/23/2026,,,3/23/2026,,,Haven Madison,Time Machine,"Shane Stevens,Bobby Hamrick,Jessica Cayne,Brock Westover",Haven Madison,80.00%,"ESA/Co-Pub,ESA/Co-Pub,ESA/Co-Pub,ESA/Co-Pub",3/6/2026,3/23/2026,,,BMG BBR,,,,,,Main Version,,Writer,Pop,SMG_MSG_109_20521,"SMN,SMG-US",SOS,"VAULT II, SOS, 2 MIX JV II, FUTURISTICS JV",,,,,3/23/2026
Hold,3/23/2026,,,3/23/2026,,,Haven Madison,Hate Me Now,"Shane Stevens,Jessica Cayne,Bobby Hamrick,Brock Westover",Haven Madison,80.00%,"ESA/Co-Pub,ESA/Co-Pub,ESA/Co-Pub,ESA/Co-Pub",3/6/2026,3/23/2026,,,BMG BBR,,,,,,Main Version,,Writer,Pop,SMG_MSG_109_20527,"SMN,SMG-US",SOS,"VAULT II, 2 MIX JV II, SOS, FUTURISTICS JV",,,,,3/23/2026
Released,,3/23/2026,6/23/2026,3/23/2026,,,Jonny West,Washington,Brock Westover,Johnny West,50.00%,ESA/Co-Pub,4/23/2025,3/23/2026,,,Independent,,,QZTGW2602119,,'B',Main Version,Album,Writer,Pop,SMG_MSG_109_20449,"SMN,SMG-US",SOS,FUTURISTICS JV,,,,,6/23/2026
Released,,3/23/2026,6/23/2026,3/23/2026,,,Jonny West,Bone Deep,Brock Westover,Johnny West,50.00%,ESA/Co-Pub,4/22/2025,3/23/2026,,,Independent,,,QZTGW2602118,,'B',Main Version,Album,Writer,Pop,SMG_MSG_109_20448,"SMN,SMG-US",SOS,FUTURISTICS JV,,,,,6/23/2026
Released,,3/23/2026,6/23/2026,3/23/2026,,,Jonny West,Week,Brock Westover,Johnny West,50.00%,ESA/Co-Pub,11/4/2025,3/23/2026,,,Independent,,,QZTGW2602115,Week,'B',Main Version,Album,Writer,Pop,SMG_MSG_109_20447,"SMN,SMG-US",SOS,FUTURISTICS JV,,,,,6/23/2026
Released,,3/23/2026,6/23/2026,3/23/2026,,,Jonny West,"Can I Call You, Baby?",Brock Westover,Johnny West,50.00%,ESA/Co-Pub,11/3/2025,3/23/2026,,,Independent,,,QZTGW2602116,,'B',Main Version,Album,Writer,Pop,SMG_MSG_109_20446,"SMN,SMG-US",SOS,FUTURISTICS JV,,,,,6/23/2026
Released,,3/23/2026,6/23/2026,3/23/2026,,,Jonny West,WCYS?,Brock Westover,Johnny West,50.00%,ESA/Co-Pub,11/2/2025,3/23/2026,,,Independent,,,QZTGW2602117,WCYS?,'B',Main Version,Album,Writer,Pop,SMG_MSG_109_20445,"SMN,SMG-US",SOS,FUTURISTICS JV,,,,,6/23/2026
Hold,3/23/2026,,,3/23/2026,,,Haven Madison,Petty Enough,"Shane Stevens,Jessica Cayne,Bobby Hamrick,Brock Westover",Haven Madison,80.00%,"ESA/Co-Pub,ESA/Co-Pub,ESA/Co-Pub,ESA/Co-Pub",3/6/2026,3/23/2026,,,BMG BBR,,,,,,Main Version,,Writer,Pop,SMG_MSG_109_20533,"SMN,SMG-US",SOS,"VAULT II, 2 MIX JV II, SOS, FUTURISTICS JV",,,,,3/23/2026
Hold,3/23/2026,,,3/23/2026,,,Haven Madison,Get Get,"Shane Stevens,Jessica Cayne,Bobby Hamrick,Brock Westover",Haven Madison,80.00%,"ESA/Co-Pub,ESA/Co-Pub,ESA/Co-Pub,ESA/Co-Pub",3/5/2026,3/23/2026,,,BMG BBR,,,,,,Main Version,,Writer,Pop,SMG_MSG_109_20508,"SMN,SMG-US",SOS,"VAULT II, 2 MIX JV II, SOS, FUTURISTICS JV",,,,,3/23/2026
Released,,,3/13/2026,3/23/2026,,,Connor McCutcheon,Mine To Miss,Connor McCutcheon,"Nathan Wilson,Evan Cline,Seth Packan",25.00%,ESA/Co-Pub,2/15/2026,3/12/2026,Connor McCutcheon (Released),,Independent,,,QZNWT2628895,,,Main Version,Single,Writer,Country,SMG_MSG_109_20403,"SMN,SMG-US",SOS,FLUID JV II,,,,,3/23/2026
Released,,,3/20/2026,3/20/2026,,,Tyler Nance,Ways Away,Connor McCutcheon,"Autumn Buysse,Tyler Nance,Ben Van Maarth",0.00%,,7/8/2025,2/9/2026,,,Santa Anna,Sony Music Entertainment,,USLD91786253,,Midwest Memoir,Main Version,Album,Writer,Country,SMG_MSG_109_20444,"SMN,SMG-US",SOS,FLUID JV II,,,,,3/20/2026
Released,,,4/17/2026,3/20/2026,,,The Elovaters,Pockets Full Of Sand,"Justin Halpin,Cale Dodds","Jackson Wetherbee,Nick Bailey,Bryce Vine,Nicholas Asta,John Joseph Alves,Greg Nectow,James Link,Derrick Cabral",13.32%,"ESA/Co-Pub,ESA/Co-Pub",,2/26/2026,,Bryce Vine,Ineffable Records,,,QZ5FN2651573,,,Main Version,Single,Writer,Rock,SMG_MSG_109_20503,"SMN,SMG-US",SOS,FLUID JV II,,,,,4/17/2026
Released,,,3/19/2026,3/19/2026,,,Budjerah,Gentleman,Autumn Rowe,"Tierce Person,Philip Lawrence,Andrea Alexander",37.50%,Admin,,3/18/2026,,,WMG (Warner Music Group),,,AUWA02600032,,,Main Version,Single,Writer,,SMG_MSG_109_20426,"SMN,SMG-US",SOS,SOS,,,,,3/19/2026
Released,,,11/4/2025,3/18/2026,,,Shoshana Bean,What If I Don't,David Ryan Harris,"Chuck Harmony,Claude Kelly,Shoshana Bean",25.00%,Admin,6/1/2025,2/5/2026,,,Independent,,,QMEU32514888,What If I Don't,Only Smoke,Main Version,Album,Writer,,,"SMN,SMG-US",SOS,SOS,,,,,3/18/2026
Released,,,11/4/2025,3/18/2026,,,Shoshana Bean,Strangers Again,David Ryan Harris,"Chris Gelbuda,Shoshana Bean",33.33%,Admin,1/1/1999,2/5/2026,,,Independent,,,QMEU32514893,Strangers Again,Only Smoke,Main Version,Album,Writer,,,"SMN,SMG-US",SOS,SOS,,,,,3/18/2026
Released,,,11/4/2025,3/18/2026,,,Shoshana Bean,Quite Like Me,David Ryan Harris,"Chuck Harmony,Claude Kelly,Shoshana Bean",25.00%,Admin,6/1/2025,2/5/2026,,,Independent,,,QMEU32514887,Quite Like Me,Only Smoke,Main Version,Album,Writer,,,"SMN,SMG-US",SOS,SOS,,,,,3/18/2026
Released,,,11/4/2025,3/18/2026,,,Shoshana Bean,Only Thing Left,David Ryan Harris,"Melissa Fuller,Mike Reid,Shoshana Bean",25.00%,Admin,6/1/2025,2/5/2026,,,Independent,,,QMEU32514896,Only Thing Left,Only Smoke,Main Version,Album,Writer,,,"SMN,SMG-US",SOS,SOS,,,,,3/18/2026
Released,,,11/4/2025,3/18/2026,,,Shoshana Bean,Montana,David Ryan Harris,Shoshana Bean,50.00%,Admin,6/1/2025,2/5/2026,,,Independent,,,QMEU32514898,Montana,Only Smoke,Main Version,Album,Writer,,,"SMN,SMG-US",SOS,SOS,,,,,3/18/2026
Released,,,11/4/2025,3/18/2026,,,Shoshana Bean,Man Of His Word,David Ryan Harris,"Charles Myers,Melissa Fuller,Shoshana Bean",2.00%,Admin,6/1/2025,2/5/2026,,,Independent,,,QMEU32514889,Man Of His Word,Only Smoke,Main Version,Album,Writer,,,"SMN,SMG-US",SOS,SOS,,,,,3/18/2026
Released,,,11/4/2025,3/18/2026,,,Shoshana Bean,Make Me A Mistake,David Ryan Harris,Shoshana Bean,50.00%,Admin,6/1/2025,2/5/2026,,,Independent,,,QMEU32514897,Make Me A Mistake,Only Smoke,Main Version,Album,Writer,,,"SMN,SMG-US",SOS,SOS,,,,,3/18/2026
Released,,,11/4/2025,3/18/2026,,,Shoshana Bean,Lone Soldier,David Ryan Harris,"Chuck Harmony,Claude Kelly,Melissa Fuller,Shoshana Bean",20.00%,Admin,6/1/2025,2/5/2026,,,Independent,,,QMEU32514895,Lone Soldier,Only Smoke,Main Version,Album,Writer,,,"SMN,SMG-US",SOS,SOS,,,,,3/18/2026
Released,,,11/4/2025,3/18/2026,,,Shoshana Bean,Let Me Believe,David Ryan Harris,"Chris Gelbuda,Melissa Fuller,Shoshana Bean",2.00%,Admin,6/1/2025,2/5/2026,,,Independent,,,QMEU32514890,Let Me Believe,Only Smoke,Main Version,Album,Writer,,,"SMN,SMG-US",SOS,SOS,,,,,3/18/2026
Released,,,11/4/2025,3/18/2026,,,Shoshana Bean,Left Over Love,David Ryan Harris,"Chuck Harmony,Claude Kelly,Shoshana Bean",2.00%,Admin,6/1/2025,2/5/2026,,,Independent,,,QMEU32514886,Left Over Love,Only Smoke,Main Version,Album,Writer,,,"SMN,SMG-US",SOS,SOS,,,,,3/18/2026
Released,,,1/1/2006,3/18/2026,,,David Ryan Harris,Hold My Fire,David Ryan Harris,,100.00%,Admin,1/1/2003,2/5/2026,,,Independent,,,USTC10735800,Hold My Fire,The Bittersweet,Main Version,Album,Writer,,,"SMN,SMG-US",SOS,SOS,,,,,3/18/2026
Released,,,11/4/2025,3/18/2026,,,Shoshana Bean,Hard Woman To Love,David Ryan Harris,"Chuck Harmony,Claude Kelly,Shoshana Bean",10.00%,Admin,6/1/2025,2/5/2026,,,Independent,,,QMEU32514891,Hard Woman To Love,Only Smoke,Main Version,Album,Writer,,,"SMN,SMG-US",SOS,SOS,,,,,3/18/2026
Released,,,11/4/2025,3/18/2026,,,Shoshana Bean,Forward,David Ryan Harris,"Chuck Harmony,Claude Kelly,Shoshana Bean",25.00%,Admin,6/1/2025,2/5/2026,,,Independent,,,QMEU32514894,Forward,Only Smoke,Main Version,Album,Writer,,,"SMN,SMG-US",SOS,SOS,,,,,3/18/2026
Released,,,6/23/2017,3/18/2026,,,David Ryan Harris,Darling Come With Me,David Ryan Harris,"Cass Lowe,David Hall Hodges",33.34%,Admin,7/18/2015,2/5/2026,,,Independent,,,GBKPL1782350,Darling Come With Me,Songs For Other People,Main Version,Album,Writer,,,"SMN,SMG-US",SOS,SOS,,,,,3/18/2026
Released,,,1/1/2011,3/18/2026,,,Trombone Shorty,Yoy,David Ryan Harris,Troy Andrews,50.00%,Admin,6/21/2011,2/5/2026,,,UMG (Universal Music Group),,,USUM71113259,Yoy,For True,Main Version,Album,Writer,,,"SMN,SMG-US",SOS,SOS,,,,,3/18/2026
Released,,,4/1/2011,3/18/2026,,,David Ryan Harris,Worst Enemy,David Ryan Harris,"Chris DeStefano,Fransisca Hall,Thomas Lee Brown",25.00%,Admin,5/3/2011,2/5/2026,,,Independent,,,USCGJ1104627,Worst Enemy,South of Nashville,Main Version,Album,Writer,,,"SMN,SMG-US",SOS,SOS,,,,,3/18/2026
Released,,,10/23/2015,3/18/2026,,,David Ryan Harris,Which Way Home,David Ryan Harris,Inara George,50.00%,Admin,8/5/2011,2/5/2026,,,Independent,,,TCACJ1538850,Which Way Home,Lightyears,Main Version,Album,Writer,,,"SMN,SMG-US",SOS,SOS,,,,,3/18/2026
Released,,,1/1/2004,3/18/2026,,,David Ryan Harris,Used To This,David Ryan Harris,,100.00%,Admin,1/1/2000,2/5/2026,,,Independent,,,USTC10671624,Used To This,Soulstice,Main Version,Album,Writer,,,"SMN,SMG-US",SOS,SOS,,,,,3/18/2026
Released,,,8/20/2021,3/18/2026,,,Wanda Jackson,Two Shots,David Ryan Harris,Tanner Schneider,50.00%,Admin,4/1/2011,2/5/2026,,,Independent,,,USCJY2194001,Two Shots,Encore,Main Version,Album,Writer,,,"SMN,SMG-US",SOS,SOS,,,,,3/18/2026
Released,,,1/1/2011,3/18/2026,,,Dia Frampton,Trapeze,David Ryan Harris,"David Hall Hodges,Dia Frampton",33.33%,Admin,7/28/2011,2/5/2026,,,Independent,,,USUM71118070,Trapeze,Red,Main Version,Album,Writer,,,"SMN,SMG-US",SOS,SOS,,,,,3/18/2026
Released,,,10/23/2015,3/18/2026,,,David Ryan Harris,Things That You Are,David Ryan Harris,Josiah Bell,50.00%,Admin,1/26/2011,2/5/2026,,,Independent,,,TCACJ1538858,Things That You Are,Lightyears,Main Version,Album,Writer,,,"SMN,SMG-US",SOS,SOS,,,,,3/18/2026
Released,,,10/23/2015,3/18/2026,,,David Ryan Harris,Sunshine,David Ryan Harris,"John Gordon,Julie Frost",50.00%,Admin,5/13/2011,2/5/2026,,,Independent,,,TCACJ1538856,Sunshine,Lightyears,Main Version,Album,Writer,,,"SMN,SMG-US",SOS,SOS,,,,,3/18/2026
Released,,,1/1/2006,3/18/2026,,,David Ryan Harris,Strong Enough,David Ryan Harris,,100.00%,Admin,1/1/1999,2/5/2026,,,Independent,,,USTC10735803,Strong Enough,The Bittersweet,Main Version,Album,Writer,,,"SMN,SMG-US",SOS,SOS,,,,,3/18/2026
Released,,,10/23/2015,3/18/2026,,,David Ryan Harris,Still Be Loving You,David Ryan Harris,,100.00%,Admin,9/15/2009,2/5/2026,,,Independent,,,TCACJ1538860,Still Be Loving You,Lightyears,Main Version,Album,Writer,,,"SMN,SMG-US",SOS,SOS,,,,,3/18/2026
Released,,,10/23/2015,3/18/2026,,,David Ryan Harris,So Is Mine,David Ryan Harris,Joe Gil,50.00%,Admin,11/29/2012,2/5/2026,,,Independent,,,TCACJ1538857,So Is Mine,Lightyears,Main Version,Album,Writer,,,"SMN,SMG-US",SOS,SOS,,,,,3/18/2026
Released,,,10/23/2015,3/18/2026,,,David Ryan Harris,Shelter,David Ryan Harris,"Derek Trucks,Susan Tedeschi",33.33%,Admin,8/10/2010,2/5/2026,,,Independent,,,TCACJ1538853,Shelter,Lightyears,Main Version,Album,Writer,,,"SMN,SMG-US",SOS,SOS,,,,,3/18/2026
Released,,,1/1/2004,3/18/2026,,,David Ryan Harris,Pretty Girl,David Ryan Harris,,100.00%,Admin,4/29/2000,2/5/2026,,,Independent,,,USTC10671626,Pretty Girl,Soultice,Main Version,Album,Writer,,,"SMN,SMG-US",SOS,SOS,,,,,3/18/2026
Released,,,2/10/2015,3/18/2026,,,Various (The Barden Bellas),Pool Mashup: Just The Way You Are/Just A Dream,David Ryan Harris,"Ari Levine,Cornell Haynes,Damon Sharpe,Frank Romano,James Scheffer,Khalil Walton,Khari Cain,Peter Hernandez,Phillip Lawrence,Richard Preston Butler Jr",2.00%,Admin,1/1/2010,2/5/2026,,,UMG (Universal Music Group),,,USUM71209200,Pool Mashup: Just The Way You Are/Just A Dream,Ultimate Pitch Perfect (Original Motion Picture Soundtrack),Main Version,Album,Writer,,,"SMN,SMG-US",SOS,SOS,,,,,3/18/2026
Released,,,10/23/2015,3/18/2026,,,David Ryan Harris,Our Day,David Ryan Harris,,100.00%,Admin,1/1/1998,2/5/2026,,,Independent,,,TCACJ1538849,Our Day,Lightyears,Main Version,Album,Writer,,,"SMN,SMG-US",SOS,SOS,,,,,3/18/2026
Released,,,10/23/2015,3/18/2026,,,David Ryan Harris,The One You Love,David Ryan Harris,Tyler Lyle,50.00%,Admin,6/29/2012,2/5/2026,,,Independent,,,TCACJ1538859,The One You Love,Lightyears,Main Version,Album,Writer,,,"SMN,SMG-US",SOS,SOS,,,,,3/18/2026
Released,,,10/23/2015,3/18/2026,,,David Ryan Harris,Junkie,David Ryan Harris,,100.00%,Admin,1/1/2015,2/5/2026,,,Independent,,,TCACJ1538851,Junkie,Lightyears,Main Version,Album,Writer,,,"SMN,SMG-US",SOS,SOS,,,,,3/18/2026
Released,,,10/26/2009,3/18/2026,,,Guy Sebastian,I Like It Like That,David Ryan Harris,"Guy Sebastian,Sean Hurley",33.33%,Admin,10/29/2008,2/5/2026,,,Sony Music Entertainment,,,AUBM00900190,Like It Like That,Like It Like That,Main Version,Album,Writer,,,"SMN,SMG-US",SOS,SOS,,,,,3/18/2026
Released,,,10/23/2015,3/18/2026,,,David Ryan Harris,I Can't Wait To Meet You,David Ryan Harris,James Slater,50.00%,Admin,11/10/2011,2/5/2026,,,Independent,,,TCACJ1538855,I Can't Wait To Meet You,Lightyears,Main Version,Album,Writer,,,"SMN,SMG-US",SOS,SOS,,,,,3/18/2026
Upcoming,,3/17/2026,,3/17/2026,,,Dawson Steagall,Music To My Lips,"Derek George,Monty Criswell",Michael White,66.67%,"ESA/Co-Pub,ESA/Co-Pub",3/18/2025,4/24/2025,,,Independent,,checked,,,,Main Version,,Writer,Country,SMG_MSG_109_18215,"SMN,SMG-US",SOS,FLUID JV II,,,,,3/17/2026
Released,,,3/18/2026,3/17/2026,,,Chizzy Stephens,Sweet Cherry Pie,Chizzy,,100.00%,Admin,,3/17/2026,,,Independent,,,QZNWY2699040,,,Main Version,Single,Writer,,SMG_MSG_109_20425,"SMN,SMG-US",SOS,SOS,,,,,3/18/2026
Released,,,1/1/2004,3/16/2026,,,David Ryan Harris,Good Thing,David Ryan Harris,,100.00%,Admin,4/7/2002,2/5/2026,,,Independent,,,USTC10671632,Good Thing,Soultice,Main Version,Album,Writer,,,"SMN,SMG-US",SOS,SOS,,,,,3/16/2026
Released,,,1/1/2006,3/16/2026,,,David Ryan Harris,Forever More,David Ryan Harris,,100.00%,Admin,1/1/2003,2/5/2026,,,Independent,,,USTC10735793,Forever More,The Bittersweet,Main Version,Album,Writer,,,"SMN,SMG-US",SOS,SOS,,,,,3/16/2026
Released,,,1/1/2006,3/16/2026,,,David Ryan Harris,For You,David Ryan Harris,James Heath,50.00%,Admin,5/17/2005,2/5/2026,,,Independent,,,USTC10735793,For You,David Ryan Harris,Main Version,Album,Writer,,,"SMN,SMG-US",SOS,SOS,,,,,3/16/2026
Released,,,1/1/2004,3/16/2026,,,David Ryan Harris,Do What You Want,David Ryan Harris,,100.00%,Admin,1/1/1995,2/5/2026,,,Independent,,,USTC10671631,Do What You Want,Soultice,Main Version,Album,Writer,,,"SMN,SMG-US",SOS,SOS,,,,,3/16/2026
Released,,,6/26/2001,3/16/2026,,,Brand New Immortals,Blacksun,David Ryan Harris,"Johnny Colt,Kenneth Cresswell",33.33%,Admin,1/1/2001,2/5/2026,,,WMG (Warner Music Group),,,USEE10100169,Blacksun,Tragic Show,Main Version,Album,Writer,,,"SMN,SMG-US",SOS,SOS,,,,,3/16/2026
Released,,,10/12/2012,3/16/2026,,,Guy Sebastian,Battlescars ,David Ryan Harris,Guy Sebastian,50.00%,Admin,1/1/2012,2/5/2026,,Lupe Fiasco,Sony Music Entertainment,,,AUBM01200186,Battlescars Feat. Lupe Fiasco,Armageddon,Main Version,Album,Writer,,,"SMN,SMG-US",SOS,SOS,,,,,3/16/2026
Released,,,9/15/2023,3/16/2026,,,Rosey,At The Party,David Ryan Harris,Nancy Kaye,50.00%,Admin,1/1/2007,2/5/2026,,,Independent,,,QMK2P2000002,At The Party,I Heard You Been Singin',Main Version,Album,Writer,,SMG_MSG_109_21584,"SMN,SMG-US",SOS,SOS,,,,,3/16/2026
Released,,,12/13/2019,3/16/2026,,,Alex Sampson,All We Could Have Been,David Ryan Harris,"Carsten Shack,Romeo Antonio Testa,Sean Hurley",16.00%,Admin,1/1/2006,2/5/2026,,,Independent,,,QZK6Q1956155,All That We Could Have Been,All That We Could Have Been - Single,Main Version,Single,Writer,,SMG_MSG_109_21712,"SMN,SMG-US",SOS,SOS,,,,,3/16/2026
Released,,,7/22/2016,3/16/2026,,,Jacksepticeye,All The Way,David Ryan Harris,"James Harry,Paul Doucette",33.33%,Admin,9/22/2010,2/5/2026,,,Independent,,,US92U1609001,All the Way (I Believe In Steve) ,All the Way (I Believe In Steve) - Single,Main Version,Single,Writer,,SMG_MSG_109_21684,"SMN,SMG-US",SOS,SOS,,,,,3/16/2026
Released,,,1/1/2006,3/16/2026,,,David Ryan Harris,All I Need,David Ryan Harris,,100.00%,Admin,1/1/2013,2/5/2026,,,Independent,,,USTC10735795,All I Need,The Bittersweet,Main Version,Album,Writer,,SMG_MSG_109_21557,"SMN,SMG-US",SOS,SOS,,,,,3/16/2026
Released,,,2/7/2012,3/16/2026,,,Elliott Yamin,3 Words,David Ryan Harris,"David Hall Hodges,Matt Bronleewe",33.34%,Admin,1/1/2008,2/5/2026,,,Independent,,,USKO11200098,3 Words,3 Words - Single,Main Version,Single,Writer,,SMG_MSG_109_21672,"SMN,SMG-US",SOS,SOS,,,,,3/16/2026
Released,,,5/31/2017,3/16/2026,,,Joseph of Mercury,Young Thing,Joseph of Mercury,"Al Puodziukas,David Plowman,Jahmal Padmore Tonge,John Alexander Charlton,Joseph Snook,Patrick Greenaway",65.00%,ESA/Co-Pub,,12/4/2025,,,Independent,,,GBKPL1782298,Young Thing ,Young Thing - Single,Main Version,Single,Writer,,,"SMN,SMG-US",SOS,SOS,,,,,3/16/2026
Released,,,12/13/2022,3/16/2026,,,Joseph of Mercury,WW 1958. (Alt Version Of Without Words),Joseph of Mercury,"Al Puodziukas,Patrick Greenaway",70.00%,ESA/Co-Pub,,12/4/2025,,,Independent,,,QM24S2206558,WW 1958 Live,WW 1958 Live - Single,Main Version,Single,Writer,,,"SMN,SMG-US",SOS,SOS,,,,,3/16/2026
Released,,,2/22/2017,3/16/2026,,,Joseph of Mercury,Without Words,Joseph of Mercury,"Al Puodziukas,Patrick Greenaway",70.00%,ESA/Co-Pub,,12/4/2025,,,Independent,,,GBKPL1777447,Without Words,Without Words - Single,Main Version,Single,Writer,,,"SMN,SMG-US",SOS,SOS,,,,,3/16/2026
Released,,,5/16/2024,3/16/2026,,,Joseph of Mercury,Turquoise,Joseph of Mercury,Sage Skolfield,50.00%,ESA/Co-Pub,,12/4/2025,,,Independent,,,QZTLA2448573,Turquoise ,Turquoise - Single,Main Version,Single,Writer,,,"SMN,SMG-US",SOS,SOS,,,,,3/16/2026
Released,,,2/8/2024,3/16/2026,,,Joseph of Mercury,True Love,Joseph of Mercury,"Adrien Gough,Al Puodziukas,David Plowman,Jahmal Padmore Tonge,Patrick Greenaway,Todor Kobakov",60.00%,ESA/Co-Pub,,12/4/2025,,,Independent,,,QZQAY2436257,True Love,True Love - Single,Main Version,Single,Writer,,,"SMN,SMG-US",SOS,SOS,,,,,3/16/2026
Released,,,9/1/2017,3/16/2026,,,Joseph of Mercury,Tarot,Joseph of Mercury,"Al Puodziukas,David Plowman,Jahmal Padmore Tonge,John Alexander Charlton,Joseph Snook,Patrick Greenaway",65.00%,ESA/Co-Pub,,12/4/2025,,,Independent,,,GBKPL1785425,Tarot,Joseph Of Mercury - EP,Main Version,EP,Writer,,,"SMN,SMG-US",SOS,SOS,,,,,3/16/2026
Released,,,3/21/2024,3/16/2026,,,Joseph of Mercury,Sugar,"JJ Scheff,Joseph of Mercury","Austin Daniel Brown,Linus Hablot Lester Hodges",74.00%,"ESA/Co-Pub,ESA/Co-Pub",,12/4/2025,,Linus Hablot,Independent,,,QZQAY2461361,Sugar,Sugar - Single,Main Version,Single,Writer,,,"SMN,SMG-US",SOS,SOS,,,,,3/16/2026
Released,,,2/13/2019,3/16/2026,,,Joseph of Mercury,Stop,Joseph of Mercury,"Al Puodziukas,David Plowman,David Williams Michael Rault,Jack Marko,Samuel Willows",60.00%,ESA/Co-Pub,,12/4/2025,,,Independent,,,QM24S1906027,Stop,Stop - Single,Main Version,Single,Writer,,,"SMN,SMG-US",SOS,SOS,,,,,3/16/2026
Released,,,2/5/2016,3/16/2026,,,Majid Jordan,Something About You,Joseph of Mercury,"Carlo Montagnese,Jordan Kenneth Cooke Ullman,Majid Hani Al Maskati,William Thomas Walsh",5.00%,ESA/Co-Pub,,12/4/2025,,,WMG (Warner Music Group),,,USWB11515062,Something About You,Majid Jordan,Main Version,Album,Writer,,,"SMN,SMG-US",SOS,SOS,,,,,3/16/2026
Released,,,3/13/2026,3/16/2026,,,Tritonal,Walk Away,Jordan Cosmo,"Vincent Kottkamp,Conor Byrne,HARLEE,David Reed,Chad Cisneros",16.66%,ESA/Co-Pub,,3/16/2026,,HARLEE,Independent,,,CA5KR2635234,,,Main Version,Single,Writer,,SMG_MSG_109_20392,"SMN,SMG-US",SOS,SOS,,,,,3/16/2026
Hold,3/13/2026,,,3/13/2026,,,Dom Ellis,Let Me Be Him Tonight,Joe Bryson,"Dom Ellis,Sam Avants",33.34%,ESA/Co-Pub,3/12/2026,3/12/2026,,,Independent,,,,,,Main Version,,Writer,Country,SMG_MSG_109_20404,"SMN,SMG-US",SOS,SOS,,,,,3/13/2026
Released,,,3/13/2026,3/13/2026,,,Valerie Broussard,In My Bones,"Cale Dodds,Justin Halpin",Valerie Broussard,66.67%,"Admin,ESA/Co-Pub",10/14/2024,3/24/2025,,,House of Artemis,,,QZ5FN2656391,,,Main Version,EP,Writer,Indie Pop,SMG_MSG_109_16866,"SMN,SMG-US",SOS,"SOS, FLUID JV II",,,,,3/13/2026
Released,,,3/13/2026,3/13/2026,,,Charlotte MacInnes,Struck,"Joe Janiak,Sara Boe","Ryan Daly,Jussi Ilmari Karvinen,Charlotte MacInnes,Amanda Ghost,Ashton Casey",21.50%,"ESA/Co-Pub,ESA/Co-Pub",,3/13/2026,,,Atlantic Records,,,USAT22600963,,,Main Version,Single,Writer,,SMG_MSG_109_20502,"SMN,SMG-US",SOS,SOS,,,,,3/13/2026
Released,,3/12/2026,4/3/2026,3/12/2026,,,Zach Hood,Daredevil,Sawyer Utah,Zach Hood,50.00%,ESA/Co-Pub,,10/4/2024,,,Coup D'Etat Recordings,,,CA5KR2640799,,,Main Version,Single,Writer,Alternative,SMG_MSG_109_20398,"SMN,SMG-US",SOS,VISCYRL / ARCADE JV,,,,,4/3/2026
Hold,3/12/2026,,,3/12/2026,,,Alyssa Flaherty,No Place Left,"Brock Westover,Shane Stevens",Alyssa Flaherty,66.67%,"ESA/Co-Pub,ESA/Co-Pub",2/25/2026,3/10/2026,,,Independent,,,,,,Main Version,,Writer,Country,SMG_MSG_109_20281,"SMN,SMG-US",SOS,"FUTURISTICS JV, VAULT II",,,,,3/12/2026
Upcoming,3/12/2026,3/20/2026,,3/12/2026,,,Darius Rucker,Just The Place,"Adam Wood,Frank Rogers,Jeremy Bussey",Darius Rucker,75.00%,"ESA/Co-Pub,Admin,ESA/Co-Pub",3/9/2026,3/11/2026,,,Capitol Records Nashville,MCA (Music Corporation of America),checked,,,,Main Version,,Writer,Country,SMG_MSG_109_22321,"SMN,SMG-US",SOS,"LBJV, FLUID JV II",,,,,8/24/2026
Upcoming,3/12/2026,3/20/2026,,3/12/2026,,,Darius Rucker,Empty Bottles,"David Garcia,Frank Rogers","Darius Rucker,Josh Osborne",50.00%,"ESA/Co-Pub,Admin",3/9/2026,3/11/2026,,,Capitol Records Nashville,MCA (Music Corporation of America),checked,,,,Main Version,,Writer,Country,SMG_MSG_109_22314,"SMN,SMG-US",SOS,"SOS, FLUID JV II",,,,,8/31/2026
Hold,3/12/2026,,,3/12/2026,,,Darius Rucker,Back Like I Never Left,"Derek George,Frank Rogers,Monty Criswell",Darius Rucker,75.00%,"ESA/Co-Pub,Admin,ESA/Co-Pub",3/9/2026,3/11/2026,,,Capitol Records Nashville,MCA (Music Corporation of America),,,,,Main Version,,Writer,Country,,"SMN,SMG-US",SOS,FLUID JV II,,,,,3/12/2026
Hold,3/12/2026,,,3/12/2026,,,Darius Rucker,Nowhere Nowhere,"Bobby Hamrick,Cale Dodds,Frank Rogers,Justin Halpin",Darius Rucker,80.00%,"ESA/Co-Pub,ESA/Co-Pub,Admin,ESA/Co-Pub",3/9/2026,3/11/2026,,,Capitol Records Nashville,MCA (Music Corporation of America),,,,,Main Version,,Writer,Country,,"SMN,SMG-US",SOS,"SOS, FLUID JV II",,,,,7/9/2026
Upcoming,3/12/2026,3/20/2026,,3/12/2026,,,Darius Rucker,Don't Get Me Started,"Bobby Hamrick,Cale Dodds,Frank Rogers,Justin Halpin",Darius Rucker,80.00%,"ESA/Co-Pub,ESA/Co-Pub,Admin,ESA/Co-Pub",3/9/2026,3/11/2026,,,Capitol Records Nashville,MCA (Music Corporation of America),checked,,,,Main Version,,Writer,Country,SMG_MSG_109_22310,"SMN,SMG-US",SOS,"SOS, FLUID JV II",,,,,8/31/2026
Hold,3/12/2026,,,3/12/2026,,,Darius Rucker,Younger And Broker,"Bobby Hamrick,Brent Anderson,Frank Rogers","Ben Hayslip,Darius Rucker",60.00%,"ESA/Co-Pub,ESA/Co-Pub,Admin",3/9/2026,3/11/2026,,,Capitol Records Nashville,MCA (Music Corporation of America),,,,,Main Version,,Writer,Country,,"SMN,SMG-US",SOS,"SOS, FLUID JV II",,,,,3/12/2026
Hold,3/12/2026,,,3/12/2026,,,Darius Rucker,Show Her,"Bobby Hamrick,Brent Anderson,Frank Rogers","Ben Hayslip,Darius Rucker",60.00%,"ESA/Co-Pub,ESA/Co-Pub,Admin",3/9/2026,3/11/2026,,,Capitol Records Nashville,MCA (Music Corporation of America),,,,,Main Version,,Writer,Country,,"SMN,SMG-US",SOS,"SOS, FLUID JV II",,,,,3/12/2026
Hold,3/12/2026,,,3/12/2026,,,Darius Rucker,Good Call,"Brock Westover,Frank Rogers","Ashley Gorley,Darius Rucker",50.00%,"ESA/Co-Pub,Admin",3/9/2026,3/11/2026,,,Capitol Records Nashville,MCA (Music Corporation of America),,,,,Main Version,,Writer,Country,,"SMN,SMG-US",SOS,"FUTURISTICS JV, FLUID JV II",,,,,3/12/2026
Upcoming,3/12/2026,3/20/2026,,3/12/2026,,,Darius Rucker,Beer By The Water,"Brock Westover,Frank Rogers","Ashley Gorley,Darius Rucker",50.00%,"ESA/Co-Pub,Admin",3/9/2026,3/11/2026,,,Capitol Records Nashville,MCA (Music Corporation of America),checked,,,,Main Version,,Writer,Country,SMG_MSG_109_22219,"SMN,SMG-US",SOS,"FUTURISTICS JV, FLUID JV II",,,,,8/31/2026
Hold,3/12/2026,,,3/12/2026,,,Kylie Morgan,Cowboy Chase Her,"Brock Westover,Jessica Cayne",Kylie Morgan,66.67%,"ESA/Co-Pub,ESA/Co-Pub",2/23/2026,3/10/2026,,,Independent,,,,,,Main Version,,Writer,Country,SMG_MSG_109_20273,"SMN,SMG-US",SOS,"FUTURISTICS JV, 2 MIX JV II",,,,,3/12/2026
Released,,,2/27/2026,3/12/2026,,,Juliet Ivy,I was July,Jason Vance Harris,"Luca Caruso,Juliet Ivy Ortiz,Grace Enger",25.00%,ESA/Co-Pub,,3/11/2026,,,AWAL Recordings Ltd,,,QM4TW2610300,,Cosmic Wink,Main Version,EP,Writer,,SMG_MSG_109_20291,"SMN,SMG-US",SOS,SOS,,,,,3/12/2026
Released,,,3/11/2026,3/12/2026,,,Laron Smith,Big Steppa,Chizzy,"Christopher Newland,Ravelle Laron Smith",50.00%,Admin,,2/25/2025,,,Independent,,,QZK6F2610321,,,Main Version,Single,Writer,,SMG_MSG_109_17175,"SMN,SMG-US",SOS,SOS,,,,,3/12/2026
Released,,,5/1/2026,3/12/2026,,,Izzy Escobar,Evergreen Avenue,Mira Housey,"Gregg Wattenberg,Izzy Escobar",37.50%,ESA/Co-Pub,,3/11/2026,,,"""Artist House, LLC""",,,QT2JK2500195,,The Devil Wears Prada 2 (Music From The Motion Picture),Main Version,Album,Writer,,SMG_MSG_109_20567,"SMN,SMG-US",SOS,ROWE JV,,This song is being licensed for use in The Devil Wears Prada 2,,,5/15/2026
Hold,3/11/2026,,,3/11/2026,,,Morgan Wallen ,"The Whiskey, The Devil, Or You",Brinley Addington,"John Morgan,Travis Denning",33.34%,ESA/Co-Pub,5/12/2025,5/14/2025,"Tucker Wetmore (Dropped Hold), Morgan Wallen  (Hold)",,Big Loud Records,,,,,,Main Version,,Writer,Country,SMG_MSG_109_18007,"SMN,SMG-US",SOS,SOS,,,,,3/11/2026
Released,,3/9/2026,7/17/2026,3/11/2026,,,Nate Smith,Find Me In A Bar,Zack Hall,"Jenson Vaughan,Marten Folhin,Nate Smith",27.50%,ESA/Co-Pub,,3/9/2026,,,Sony Music Nashville,,,QZZVQ2600251,,,Main Version,Single,Writer,,,"SMN,SMG-US",SOS,1FAMILY / BREMER JV,,,,,7/17/2026
Cut,,3/10/2026,,3/10/2026,,,Will Jones,Dead Man,"Ryan Beaver,Brinley Addington","Jared Keim,Will Jones",50.00%,"ESA/Co-Pub,ESA/Co-Pub",7/28/2025,9/9/2025,"Drew Baldridge (Hold), Will Jones (Cut)",,Independent,,,,,,Main Version,,Writer,Country,SMG_MSG_109_18701,"SMN,SMG-US",SOS,"2 MIX JV II, SOS",,,,,3/10/2026
Upcoming,,3/10/2026,10/9/2026,3/10/2026,,,Cole Goodwin,Closer Every Day,"Derek George,Monty Criswell",Cole Goodwin,66.66%,"ESA/Co-Pub,ESA/Co-Pub",4/7/2025,5/5/2025,,,Big Machine Label Group,,,,,,Main Version,,Writer,Country,SMG_MSG_109_17927,"SMN,SMG-US",SOS,FLUID JV II,,,,,8/31/2026
Cut,,3/10/2026,,3/10/2026,,,Cole Goodwin,That’s What I’m Tonkin’ About,"Brent Anderson,Derek George,Monty Criswell",Cole Goodwin,75.00%,"ESA/Co-Pub,ESA/Co-Pub,ESA/Co-Pub",9/29/2025,10/3/2025,"Cole Goodwin (Hold), Cole Goodwin (Cut)",,Big Machine Label Group,,,,,,Main Version,,Writer,Country,SMG_MSG_109_19170,"SMN,SMG-US",SOS,FLUID JV II,,,,,3/10/2026
Upcoming,,3/10/2026,,3/10/2026,,,Cole Goodwin,Once Upon A Lime,"Derek George,Monty Criswell",Cole Goodwin,66.67%,"ESA/Co-Pub,ESA/Co-Pub",5/19/2025,5/27/2025,,,Big Machine Label Group,,checked,,,,Main Version,,Writer,Country,SMG_MSG_109_18261,"SMN,SMG-US",SOS,FLUID JV II,,,,,8/13/2026
Cut,,3/9/2026,,3/10/2026,,,Slater Nalley,These Please,David Garcia,"Geoff Warburton,Slater Nalley",33.33%,ESA/Co-Pub,9/16/2025,3/5/2026,,,Warner Music Nashville,WMG (Warner Music Group),,,,,Main Version,,Writer,Country,SMG_MSG_109_20276,"SMN,SMG-US",SOS,SOS,,,,,3/10/2026
Hold,3/7/2026,,,3/10/2026,,,Darius Rucker,Summer Write The Song,"Frank Rogers,Derek George","Amy Wadge,Darius Rucker",50.00%,"Admin,ESA/Co-Pub",2/23/2026,3/7/2026,,,Capitol Records Nashville,MCA (Music Corporation of America),,,,,Main Version,,Writer,Country,,"SMN,SMG-US",SOS,FLUID JV II,,,,,3/10/2026
Upcoming,3/7/2026,3/20/2026,,3/10/2026,,,Darius Rucker,I Know I Know,"Frank Rogers,Michael Hardy,David Garcia",Darius Rucker,75.00%,"Admin,ESA/Co-Pub,ESA/Co-Pub",3/2/2026,3/7/2026,,,Capitol Records Nashville,MCA (Music Corporation of America),checked,,,,Main Version,,Writer,Country,SMG_MSG_109_22316,"SMN,SMG-US",SOS,"FLUID JV II, SOS",,,,,7/21/2026
Released,,,10/13/2022,3/9/2026,,,Joseph of Mercury,Snake 13,"JJ Scheff,Joseph of Mercury",,100.00%,"ESA/Co-Pub,ESA/Co-Pub",,12/4/2025,,,Independent,,,QM24S2204810,Snake 13,Snake 13 - Single,Main Version,Single,Writer,,,"SMN,SMG-US",SOS,SOS,,,,,3/9/2026
Released,,,11/13/2018,3/9/2026,,,Joseph of Mercury,Reluctant Love,Joseph of Mercury,"Al Puodziukas,Samuel Willows",55.00%,ESA/Co-Pub,,12/4/2025,,,Independent,,,QM24S1838898,Reluctant Love,Reluctant Love - Single,Main Version,Single,Writer,,,"SMN,SMG-US",SOS,SOS,,,,,3/9/2026
Released,,,1/25/2024,3/9/2026,,,Joseph of Mercury,Reaper,Joseph of Mercury,"Al Puodziukas,Eric Robert Gibbons Miles,Joseph Snook,Martin Anon,Stacey Shopsowitz",55.00%,ESA/Co-Pub,,12/4/2025,,,Independent,,,QZTLA2475963,Reaper,Reaper - Single,Main Version,Single,Writer,,,"SMN,SMG-US",SOS,SOS,,,,,3/9/2026
Released,,,4/7/2021,3/9/2026,,,Joseph of Mercury,Pretty Blonde Boy,Joseph of Mercury,"Al Puodziukas,Patrick Greenaway",75.00%,ESA/Co-Pub,,12/4/2025,,,Independent,,,QM24S2101705,Pretty Blonde Boy ,Pretty Blonde Boy - Single,Main Version,Single,Writer,,,"SMN,SMG-US",SOS,SOS,,,,,3/9/2026
Released,,,6/13/2019,3/9/2026,,,Joseph of Mercury,Pretenders,Joseph of Mercury,"Al Puodziukas,Patrick Greenaway",70.00%,ESA/Co-Pub,,12/4/2025,,,Independent,,,QM24S1921007,Pretenders,Pretenders - Single,Main Version,Single,Writer,,,"SMN,SMG-US",SOS,SOS,,,,,3/9/2026
Released,,,12/13/2018,3/9/2026,,,Joseph of Mercury,Over & Over,Joseph of Mercury,Samuel Willows,50.00%,ESA/Co-Pub,,12/4/2025,,,Independent,,,QM24S1844235,Over & Over,Over & Over - Single,Main Version,Single,Writer,,,"SMN,SMG-US",SOS,SOS,,,,,3/9/2026
Released,,,7/13/2019,3/9/2026,,,Joseph of Mercury,Out My Mind,Joseph of Mercury,"Al Puodziukas,Joseph Snook",70.00%,ESA/Co-Pub,,12/4/2025,,,Independent,,,QM24S1922317,Out My Mind,Out My Mind - Single,Main Version,Single,Writer,,,"SMN,SMG-US",SOS,SOS,,,,,3/9/2026
Released,,,11/13/2022,3/9/2026,,,Joseph of Mercury,Nikki,Joseph of Mercury,"Al Puodziukas,Patrick Greenaway",70.00%,ESA/Co-Pub,,12/4/2025,,,Independent,,,QM24S2205833,Nikki,NIKKI - Single,Main Version,Single,Writer,,,"SMN,SMG-US",SOS,SOS,,,,,3/9/2026
Released,,,8/13/2019,3/9/2026,,,Joseph of Mercury,MVA,Joseph of Mercury,"Al Puodziukas,Joseph Snook",50.00%,ESA/Co-Pub,,12/4/2025,,,Independent,,,QM24S1923345,MVA,MVA - Single,Main Version,Single,Writer,,,"SMN,SMG-US",SOS,SOS,,,,,3/9/2026
Released,,,11/21/2025,3/9/2026,,,Joseph of Mercury,Let's Get Married (This Christmas),Joseph of Mercury,,100.00%,ESA/Co-Pub,,12/4/2025,,,Independent,,,QT6EE2586396,Let's Get Married (This Christmas),WAVE II,Main Version,Single,Writer,,,"SMN,SMG-US",SOS,SOS,,,,,3/9/2026
Released,,,5/28/2020,3/9/2026,,,Joseph of Mercury,Kyr 1960 (Alt Version Of Keep You Around),Joseph of Mercury,"Al Puodziukas,Samuel Willows",60.00%,ESA/Co-Pub,,12/4/2025,,,Independent,,,QM24S2005102,Kyr 1960 (Alt Version Of Keep You Around),WAVE II,Main Version,Album,Writer,,,"SMN,SMG-US",SOS,SOS,,,,,3/9/2026
Released,,,3/13/2019,3/9/2026,,,Joseph of Mercury,Keep You Around,Joseph of Mercury,"Al Puodziukas,Samuel Willows",60.00%,ESA/Co-Pub,,12/4/2025,,,Independent,,,QM24S1910672,Keep You Around,Keep You Around - Single,Main Version,Single,Writer,,,"SMN,SMG-US",SOS,SOS,,,,,3/9/2026
Released,,,1/27/2021,3/9/2026,,,Joseph of Mercury,I Wanna Live (I Want To Live),Joseph of Mercury,"Adrien Gough,Al Puodziukas,David Plowman,Jahmal Padmore Tonge,Patrick Greenaway,Todor Kobakov",60.00%,ESA/Co-Pub,,12/4/2025,,,Independent,,,QM24S2007098,I Wanna Live (I Want To Live),I Want To Live - Single,Main Version,Single,Writer,,,"SMN,SMG-US",SOS,SOS,,,,,3/9/2026
Released,,,4/12/2017,3/9/2026,,,Joseph of Mercury,Find You Inside,Joseph of Mercury,"Al Puodziukas,Patrick Greenaway",75.00%,ESA/Co-Pub,,12/4/2025,,,Independent,,,GBKPL1779599,Find You Inside,Find You Inside - Single,Main Version,Single,Writer,,,"SMN,SMG-US",SOS,SOS,,,,,3/9/2026
Released,,,4/13/2019,3/9/2026,,,Joseph of Mercury,Dta (Don't Trust Anyone),Joseph of Mercury,"Al Puodziukas,Samuel Willows",75.00%,ESA/Co-Pub,,12/4/2025,,,Independent,,,QM24S1913937,DTA (Don't Trust Anyone),DTA - Don't Trust Anyone - Single,Main Version,Single,Writer,,,"SMN,SMG-US",SOS,SOS,,,,,3/9/2026
Released,,,9/1/2017,3/9/2026,,,Joseph of Mercury,Do You Remember,Joseph of Mercury,"Al Puodziukas,Joseph Snook",70.00%,ESA/Co-Pub,,12/4/2025,,,Independent,,,GBKPL1785426,Do You Remember,Joseph Of Mercury - EP,Main Version,EP,Writer,,,"SMN,SMG-US",SOS,SOS,,,,,3/9/2026
Released,,,1/13/2019,3/9/2026,,,Joseph of Mercury,Can't Take Your Love,Joseph of Mercury,"Al Puodziukas,Samuel Willows,Taborah Johnson",69.00%,ESA/Co-Pub,,12/4/2025,,Taborah Johnson,Independent,,,QM24S1901399,Can't Take Your Love,Can't Take Your Love - Single,Main Version,Single,Writer,,,"SMN,SMG-US",SOS,SOS,,,,,3/9/2026
Released,,,5/19/2021,3/9/2026,,,Joseph of Mercury,Black Cat,Joseph of Mercury,"Al Puodziukas,Adrien Gough,Patrick Greenaway",65.00%,ESA/Co-Pub,,12/4/2025,,,Independent,,,QM24S2102576,Black Cat,Black Cat - Single,Main Version,Single,Writer,,,"SMN,SMG-US",SOS,SOS,,,,,3/9/2026
Released,,,8/17/2017,3/9/2026,,,Joseph of Mercury,Angel,Joseph of Mercury,"Adrien Gough,Al Puodziukas",60.00%,ESA/Co-Pub,,12/4/2025,,,Independent,,,GBKPL1785348,Angel,Angel - Single,Main Version,Single,Writer,,,"SMN,SMG-US",SOS,SOS,,,,,3/9/2026
Released,,,8/9/2024,3/9/2026,,,Nathalie King,You,Joseph of Mercury,"Joseph Snook,Nathalie Kraemer",13.00%,ESA/Co-Pub,,12/3/2025,,,Independent,,,CBE5Q2400004,You,You - Single,Main Version,Single,Writer,,,"SMN,SMG-US",SOS,SOS,,,,,3/9/2026
Released,,,12/13/2022,3/9/2026,,,Joseph of Mercury,X's & O's,Joseph of Mercury,Stevie Cheung,0.00%,ESA/Co-Pub,,12/3/2025,,,Independent,,,QM24S2206558,X's & O's,WW 1958 Live - Single,Main Version,Single,Writer,,,"SMN,SMG-US",SOS,SOS,,,,,3/9/2026
Released,,,6/17/2020,3/9/2026,,,Joseph of Mercury,Isolation Love,Joseph of Mercury,Samuel Willows,50.00%,ESA/Co-Pub,,12/3/2025,,,Independent,,,TCAEX2058398,Isolation Love,Isolation Love - Single,Main Version,Single,Writer,,,"SMN,SMG-US",SOS,SOS,,,,,3/9/2026
Released,,,11/18/2022,3/9/2026,,,Jennie Harluk,Hampton Dreaming,Joseph of Mercury,"Jennie Shirley Emily Hawryluk,Samuel Willows",33.33%,ESA/Co-Pub,,12/3/2025,,,Independent,,,QZTV32229637,Hampton Dreaming,Mess Of Me,Main Version,Album,Writer,,,"SMN,SMG-US",SOS,SOS,,,,,3/9/2026
Released,,,1/8/2016,3/9/2026,,,Fritz Helder,Force Of Nature,Joseph of Mercury,"Adam King,Amit Cheela,Joel Jordan Stouffer,Kirkland Alexander Lynch,Lukas Horst,Michael Ryann Carreon,Remo Studer,Rodney Christopher Morgan",2.00%,ESA/Co-Pub,,12/3/2025,,,Independent,,,USA2P1568576,Force Of Nature,Force of Nature - Single,Main Version,Single,Writer,,,"SMN,SMG-US",SOS,SOS,,,,,3/9/2026
Released,,,10/22/2021,3/9/2026,,,Jennie Harluk,Fool,Joseph of Mercury,"Jennie Shirley Emily Hawryluk,Samuel Willows",33.33%,ESA/Co-Pub,,12/3/2025,,,Independent,,,USL4Q2106476,Fool,The Fool - Single,Main Version,Single,Writer,,,"SMN,SMG-US",SOS,SOS,,,,,3/9/2026
Released,,,4/19/2024,3/9/2026,,,Blunt Chunks,Breathe,Joseph of Mercury,"Caitlin Alannah Woelfle O'Brien,David Plowman,Nathan Burley",12.00%,ESA/Co-Pub,,12/3/2025,,,Independent,,,USA2B2400127,Breathe,The Butterfly Myth,Main Version,Album,Writer,,,"SMN,SMG-US",SOS,SOS,,,,,3/9/2026
Released,,,6/25/2021,3/9/2026,,,Joseph of Mercury,Black Dice,Joseph of Mercury,,100.00%,ESA/Co-Pub,,12/3/2025,,,Independent,,,QM24S2102576,Black Dice,WAVE III,Main Version,Album,Writer,,,"SMN,SMG-US",SOS,SOS,,,,,3/9/2026
Released,,3/6/2026,3/27/2026,3/6/2026,,,Smithfield,Giving Up On Us,Adam Wood,"Trey Smith,Jennifer Fielder",33.34%,ESA/Co-Pub,6/18/2025,3/3/2026,,,Independent,,,QZEQU2600375,,,Main Version,Single,Writer,Country,SMG_MSG_109_20255,"SMN,SMG-US",SOS,LBJV,,,,,3/27/2026
Released,,,10/24/2025,3/5/2026,,,Camylio,Psycho,Camylio,Jack Koplin,50.00%,ESA/Co-Pub,,3/5/2026,Camylio (Released),,Mercury Records,,,USUG12505198,,,Main Version,Single,Writer,,SMG_MSG_109_16721,"SMN,SMG-US",SOS,SOS,,,,,3/5/2026
Released,,2/27/2026,9/18/2026,3/2/2026,,,Kasey Tyndall ,Old Me Is Dying,"Kasey Tyndall,David Garcia",Brett Tyler,66.67%,"ESA/Co-Pub,ESA/Co-Pub",2/3/2026,2/27/2026,,,MNRK Records LP,,,US5ED2600441,Old Me Is Dying,Old Me Is Dying - Single,Main Version,Single,"Writer,Artist",Country,SMG_MSG_109_20241,"SMN,SMG-US",SOS,"2 MIX JV III, SOS",,,,,9/18/2026
Hold,2/27/2026,,,3/2/2026,,,Gavin Adcock,Cigarette Smoke,Kasey Tyndall,"Brice Long,Logan Wall",33.34%,ESA/Co-Pub,8/4/2025,2/27/2026,,,Warner Music Nashville,WMG (Warner Music Group),,,,,Main Version,,Writer,Country,SMG_MSG_109_20240,"SMN,SMG-US",SOS,2 MIX JV III,,,,,3/2/2026
Cut,,2/27/2026,,3/2/2026,,,Kasey Tyndall ,Bliss,"Kasey Tyndall,Jeremy Bussey",Chris Rafetto,66.67%,"ESA/Co-Pub,ESA/Co-Pub",2/19/2026,2/27/2026,,,MNRK Records LP,,,,,,Main Version,,Writer,Country,SMG_MSG_109_20247,"SMN,SMG-US",SOS,"2 MIX JV III, FLUID JV II",,,,,3/2/2026
Hold,3/2/2026,,,3/2/2026,,,Madeline Merlo,Sweet Tooth,"Jessica Cayne,Nick Autry",Madeline Merlo,66.67%,"ESA/Co-Pub,ESA/Co-Pub",2/5/2026,2/17/2026,,,BMG BBR,,,,,,Main Version,,Writer,Country,SMG_MSG_109_20003,"SMN,SMG-US",SOS,"2 MIX JV II, SOS",,,,,3/2/2026
Hold,3/1/2026,,,3/1/2026,,,Kenny Chesney,"Peace, Love And Yeehaw",Cale Dodds,"Brandon Ray Tant,Corey Crowder,Ryan Kinder",25.00%,Admin,12/17/2020,6/22/2022,,,HEY NOW Records,Warner Records,,,,,Main Version,,Writer,Country,SMG_MSG_109_6141,"SMN,SMG-US",SOS,SOS,,,,,3/1/2026
Hold,2/28/2026,,,2/28/2026,,,Alison Nichols,Cans On a Cadillac,Jeremy Bussey,"Lainey Wilson,Neil Mason",33.33%,ESA/Co-Pub,8/10/2020,8/17/2020,,,BMG BBR,,,,,,Main Version,,Writer,,SMG_MSG_101_205123,"SMN,SMG-US",CRESCENDO,FLUID JV I,,,,,2/28/2026
Released,,2/27/2026,8/21/2026,2/27/2026,,,Ian Munsick,Blue Roan,Ryan Beaver,"Jeremy Spillman,Ian Munsick",33.34%,ESA/Co-Pub,10/22/2025,2/18/2026,,,Warner Music Nashville,WMG (Warner Music Group),,USQX92602830,,The Mountain Goat,Main Version,Album,Writer,Country,SMG_MSG_109_20008,"SMN,SMG-US",SOS,2 MIX JV II,,,,,8/21/2026
Released,,2/27/2026,7/24/2026,2/27/2026,,,Ian Munsick,Medicine Man,Ryan Beaver,"Ian Munsick,Jeremy Spillman,Mike Robinson",25.00%,ESA/Co-Pub,10/3/2025,2/18/2026,,,Warner Music Nashville,WMG (Warner Music Group),,,,,Main Version,,Writer,Country,SMG_MSG_109_20009,"SMN,SMG-US",SOS,2 MIX JV II,,,,,7/24/2026
Released,,,2/27/2026,2/27/2026,,,Forest Black,You'll Be The Proof,Joy Williams,Forest Black,50.00%,ESA/Co-Pub,5/6/2025,6/3/2025,,Joy Williams,Atlantic Records,,,,,,Main Version,Single,Writer,Pop,SMG_MSG_109_18307,"SMN,SMG-US",SOS,SOS,,,,,2/27/2026
Released,,,2/27/2026,2/27/2026,,,Camylio,Fall Into You,"Camylio,Joe Janiak",,100.00%,"ESA/Co-Pub,ESA/Co-Pub",3/11/2025,8/11/2025,Camylio (Released),,Mercury Records,,,USUG12601283,,,Main Version,Single,Writer,,SMG_MSG_109_19872,"SMN,SMG-US",SOS,SOS,,,,,2/27/2026
Released,,,1/23/2026,2/25/2026,,,Rachel Grae,Raised By A Woman,Joe Janiak,"Dave Gibson,Rachel Grae",33.33%,ESA/Co-Pub,9/9/2024,8/11/2025,Rachel Grae (Released),,Independent,,,USA2P2514067,,Come A Day,Main Version,EP,Writer,,,"SMN,SMG-US",SOS,SOS,,,,,2/25/2026
Released,,,1/23/2026,2/25/2026,,,Rachel Grae,Safe With Me,Joe Janiak,"Dave Gibson,Rachel Grae",33.33%,ESA/Co-Pub,,2/25/2026,,,Independent,,,USA2P2528291,,Come A Day,Main Version,EP,Writer,,SMG_MSG_109_20075,"SMN,SMG-US",SOS,SOS,,,,,2/25/2026
Released,,,1/23/2026,2/25/2026,,,Rachel Grae,Need Your Love,Joe Janiak,"Dave Gibson,Rachel Grae",33.33%,ESA/Co-Pub,9/11/2024,8/11/2025,,,Independent,,,USA2P2537414,,Come A Day,Main Version,EP,Writer,,SMG_MSG_109_19863,"SMN,SMG-US",SOS,SOS,,,,,2/25/2026
Released,,,1/23/2026,2/25/2026,,,Rachel Grae,Run With The River,Joe Janiak,"Dave Gibson,Rachel Grae",33.33%,ESA/Co-Pub,9/10/2024,8/11/2025,,,Independent,,,USA2P2554911,,Come A Day,Main Version,EP,Writer,,SMG_MSG_109_19865,"SMN,SMG-US",SOS,SOS,,,,,2/25/2026
Released,,,1/23/2026,2/25/2026,,,Rachel Grae,Come A Day,Joe Janiak,"Dave Gibson,Rachel Grae",33.33%,ESA/Co-Pub,,2/25/2026,,,Independent,,,USA2P2544749,,Come A Day,Main Version,EP,Writer,,SMG_MSG_109_20074,"SMN,SMG-US",SOS,SOS,,,,,2/25/2026
Released,,,2/20/2026,2/25/2026,,,220 Kid,Get To Love You,Joe Janiak,"William Graydon,Laura Pergolizzi",40.00%,ESA/Co-Pub,,2/25/2026,,,Sony Music Entertainment,,,USQX92500137,,Yellow Butterflies,Main Version,Album,Writer,,SMG_MSG_109_20073,"SMN,SMG-US",SOS,SOS,,,,,2/25/2026
Released,,,2/20/2026,2/25/2026,,,220 Kid,Hold On For Heaven,Joe Janiak,"William Graydon,Dave Gibson",33.33%,ESA/Co-Pub,,2/25/2026,220 Kid (Released),,Sony Music Entertainment,,,USQX92502807,,Yellow Butterflies,Main Version,Album,Writer,,SMG_MSG_109_20072,"SMN,SMG-US",SOS,SOS,,,,,2/25/2026
Released,,,1/9/2026,2/25/2026,,,220 Kid,Hold On For Heaven,Joe Janiak,"William Graydon,Dave Gibson",33.33%,ESA/Co-Pub,,2/25/2026,220 Kid (Released),,Sony Music Entertainment,,,USQX92502807,,,Main Version,Single,Writer,,SMG_MSG_109_20072,"SMN,SMG-US",SOS,SOS,,,,,2/25/2026
Hold,2/24/2026,,,2/24/2026,,,Trace Adkins,Just As Gone,"Adam Wood,Jeremy Bussey",Brandon Davis,66.67%,"ESA/Co-Pub,ESA/Co-Pub",12/3/2025,12/7/2025,,,MCA Nashville,MCA (Music Corporation of America),,,,,Main Version,,Writer,Country,SMG_MSG_109_19585,"SMN,SMG-US",SOS,"LBJV, FLUID JV II",,,,,2/24/2026
Hold,2/23/2026,,,2/23/2026,,,Tim McGraw,Chevy To The Moon,Brent Anderson,"Jameson Rodgers,Ray Fulcher,Taylor Phillips",25.00%,ESA/Co-Pub,3/10/2025,3/30/2025,,,Big Machine Label Group,,,,,,Main Version,,Writer,Country,,"SMN,SMG-US",SOS,FLUID JV II,,,,,2/23/2026
Released,,,2/20/2026,2/23/2026,,,FEYI,New City,Angel Delrae,"Jonas Jeberg,Rasmus Soegren,FEYI",25.00%,ESA/Co-Pub,,2/20/2026,,,Independent,,,QZQAY2652037,,,Main Version,Single,Writer,,SMG_MSG_109_20954,"SMN,SMG-US",SOS,AON JV,,,,,2/23/2026
Released,,,2/20/2026,2/23/2026,,,Baby Keem,No Blame,Volta,"Oji,Baby Keem,Scott Bridgeway,Danja,Cyhi The Prynce,James Blake",6.19%,ESA/Co-Pub,,2/20/2026,,,Columbia Records,Sony Music Entertainment,,USSM12600451,,Ca$ino,Main Version,Album,Writer,,SMG_MSG_109_21002,"SMN,SMG-US",SOS,SOS,,,,,2/23/2026
Released,,,2/20/2026,2/23/2026,,,Baby Keem,Dramatic Girl,Volta,"Hykeem Carter,Michee Lebrun,Mamii,Mark Anthony Spears,Keanu Beats,Nickolas Efthimios Peristeridis,Matt Schaeffer,Johnny Kosich,Jake Kosich,Sam Dew,Oji",4.00%,ESA/Co-Pub,,2/20/2026,,Che Ecru,Columbia Records,Sony Music Entertainment,,USSM12600450,,Ca$ino,Main Version,Album,Writer,,,"SMN,SMG-US",SOS,SOS,,,,,2/23/2026
Released,,,2/20/2026,2/23/2026,,,Baby Keem,Highway 95 pt.2,Volta,"Baby Keem,Oji,Scott Bridgeway,Billy Stewart",10.62%,ESA/Co-Pub,,2/20/2026,,,Columbia Records,Sony Music Entertainment,,USSM12600448,,Ca$ino,Main Version,Album,Writer,,SMG_MSG_109_20999,"SMN,SMG-US",SOS,SOS,,,,,2/23/2026
Released,,,2/20/2026,2/23/2026,,,Baby Keem,$ex Appeal,Volta,"Baby Keem,Teo Halm,Scott Bridgeway,Oji,Jahan Sweet,Danja,Michael Uzoworu,BBYKOBE,Too $hort,Bill Withers",2.92%,ESA/Co-Pub,,2/20/2026,,Too $hort,Columbia Records,Sony Music Entertainment,,USSM12600446,,Ca$ino,Main Version,Album,Writer,,SMG_MSG_109_20998,"SMN,SMG-US",SOS,SOS,,,,,2/23/2026
Released,,,2/20/2026,2/23/2026,,,Baby Keem,House Money,Volta,"Oji,DJH,Baby Keem,Kendrick Lamar,Teo Halm,Scott Bridgeway,BBYKOBE,Danja,Steve Wightman,Philippe Marcel Leon Renaux",0.66%,ESA/Co-Pub,,2/20/2026,,,Columbia Records,Sony Music Entertainment,,USSM12600444,,Ca$ino,Main Version,Album,Writer,,SMG_MSG_109_20944,"SMN,SMG-US",SOS,SOS,,,,,2/23/2026
Released,,2/22/2026,6/26/2026,2/22/2026,,,Cody Johnson,Thank Somebody Country,Michael Hardy,"Trannie Anderson,Chase McGill,Jordan Schmidt",25.00%,ESA/Co-Pub,10/21/2025,11/12/2025,,,Warner Music Nashville,WMG (Warner Music Group),,USWB12601495,,,Main Version,,Writer,Country,SMG_MSG_109_19504,"SMN,SMG-US",SOS,SOS,,,,,6/26/2026
Upcoming,,2/20/2026,,2/20/2026,,,Billy F Gibbons,Hangin On A Cliff,Billy F. Gibbons,,100.00%,Admin,8/15/2025,1/23/2026,,,Concord Records,,checked,,,,Main Version,Album,Writer,Rock,SMG_MSG_109_19777,"SMN,SMG-US",SOS,SOS,,,,,2/20/2026
Hold,2/18/2026,,,2/18/2026,,,Blake Shelton,Say No,David Garcia,"Johnny Clawson,Dallas Smith,Kyle Sturrock",25.00%,ESA/Co-Pub,1/6/2025,2/17/2026,,,"BMG BBR,Warner Music Nashville",WMG (Warner Music Group),,,,,Main Version,,Writer,Country,SMG_MSG_109_20007,"SMN,SMG-US",SOS,SOS,,,,,2/18/2026
Hold,2/17/2026,,,2/17/2026,,,Kevin Powers,Other Side Of Carolina,Nick Autry,Cooper Folden,50.00%,ESA/Co-Pub,,2/17/2026,,,Empire,,,,,,Main Version,,Writer,Country,SMG_MSG_109_20006,"SMN,SMG-US",SOS,SOS,,,,,2/17/2026
Released,,,3/6/2026,2/17/2026,,,Sawyer Utah,IDWKT,Sawyer Utah,,100.00%,ESA/Co-Pub,,2/17/2026,,,VISCYRL X,,,QM4TX2654674,,When The Sun Goes Down,Main Version,EP,Writer,,SMG_MSG_109_19994,"SMN,SMG-US",SOS,VISCYRL / ARCADE JV,,,,,3/5/2026
Released,,,3/6/2026,2/17/2026,,,Sawyer Utah,Circles,Sawyer Utah,Benzi Edelson,50.00%,ESA/Co-Pub,7/15/2022,11/14/2023,,,VISCYRL X,,,QM4TX2654671,,When The Sun Goes Down,Main Version,EP,Writer,,"SMG_MSG_101_238247, SMG_MSG_109_7471","SMN,SMG-US",SOS,VISCYRL / ARCADE JV,,,,,3/5/2026
Released,,,3/5/2026,2/17/2026,,,Marc Tinez,Scared of Loving,Marc Tinez,Timofey Bubnov,50.00%,ESA/Co-Pub,,2/13/2026,,,M. Tinez Records,,,ES75E2600840,,,Main Version,Single,Writer,,SMG_MSG_109_19995,"SMN,SMG-US",SOS,CHIZZY JV,,,,,3/5/2026
Released,,,2/20/2026,2/17/2026,,,Bryce Vine,Otherside,Patrick Ridgen,"Brandon Stewart,Bryce Vine,Matthew Marino",25.00%,ESA/Co-Pub,,2/16/2026,,,BAMBOO .45,,,USA2P2605782,,Let's Do Something Stupid!,Main Version,Album,Writer,,SMG_MSG_109_19993,"SMN,SMG-US",SOS,ERB JV,,,,,2/23/2026
Released,,,2/20/2026,2/15/2026,,,Grace Bridie,Playground,Grace Bridie,"Karen Poole,Sam Brennan,Callum Trimby,Justin Osuji",22.50%,ESA/Co-Pub,,2/13/2026,,,Independent,,,QT5M22664584,,,Main Version,Single,Writer,,SMG_MSG_109_19992,"SMN,SMG-US",SOS,OUTSETT JV,,,,,2/23/2026
Released,,,2/13/2026,2/13/2026,,,Noelle Scaggs,Money Fame Love,"Bobby Hamrick,Brock Westover,Noelle Scaggs",,100.00%,"ESA/Co-Pub,ESA/Co-Pub,Admin",2/26/2025,4/7/2025,Noelle Scaggs (Released),,Adventures With Scaggs LLC,,,QT5752500022,,,Main Version,Single,Writer,,SMG_MSG_109_16916,"SMN,SMG-US",SOS,"SOS, FUTURISTICS JV",,,,,2/13/2026
Released,,,2/13/2026,2/13/2026,,,Reaper,Heaven,JJ Scheff,,100.00%,ESA/Co-Pub,,2/13/2026,,,Independent,,,QM24S2600627,,,Main Version,Single,Writer,,SMG_MSG_109_19991,"SMN,SMG-US",SOS,SOS,,,,,2/13/2026
Upcoming,,2/10/2026,,2/12/2026,,,Brooks & Dunn,Heart's Got A Mind Of Its Own,Ryan Beaver,"Kix Brooks,Brett Tyler",33.34%,ESA/Co-Pub,6/28/2025,2/9/2026,,,Sony Music Nashville,,checked,,,,Main Version,,Writer,Country,SMG_MSG_109_19988,"SMN,SMG-US",SOS,2 MIX JV II,,,,,3/9/2026
Released,,,3/26/2026,2/12/2026,,,Marc Tinez,7 Days A Week,Marc Tinez,Edmond Porcuna Antolín,50.00%,ESA/Co-Pub,7/10/2021,12/31/2024,,,M. Tinez Records,,,ES75E2600483,,,Main Version,Single,Writer,,SMG_MSG_109_16886,"SMN,SMG-US",SOS,CHIZZY JV,,,,,3/27/2026
Released,,,2/12/2026,2/12/2026,,,Marc Tinez,In God's Hands,Marc Tinez,Kalvyn Francisco Paterson Conteras,50.00%,ESA/Co-Pub,,2/10/2026,,Ben Banks,M. Tinez Records,,,ES75E2600789,,,Main Version,Single,Writer,,SMG_MSG_109_19985,"SMN,SMG-US",SOS,CHIZZY JV,,,,,2/12/2026
Released,,,2/20/2026,2/11/2026,,,Mira Housey,prettyboy,Mira Housey,,100.00%,ESA/Co-Pub,,1/27/2026,,,Independent,,,QZ5FN2643174,,,Main Version,Single,Writer,,SMG_MSG_109_19980,"SMN,SMG-US",SOS,ROWE JV,,,,,2/23/2026
Released,,2/10/2026,2/13/2026,2/10/2026,,,Ella Langley ,Be Her,Michael Hardy,"Ella Langley,Jordan Schmidt,Smith Ahnquist",25.00%,Admin,8/26/2025,2/10/2026,,,"Sony Music Nashville,Triple Tigers",,,USSM12600141,,,Main Version,Single,Writer,Country,SMG_MSG_109_19965,"SMN,SMG-US",SOS,SOS,,,,,2/13/2026
Released,,,2/13/2026,2/10/2026,,,Rodney Atkins,Years Are Short,Monty Criswell,Casey Beathard,50.00%,ESA/Co-Pub,9/25/2020,2/24/2020,,,Curb Records,,,USCRB2400072,,,Main Version,Single,Writer,Country,SMG_MSG_101_213316,"SMN,SMG-US",CRESCENDO,FLUID JV I,,,,,2/13/2026
Released,,,3/6/2026,2/10/2026,,,Sawyer Utah,Where Do U Go?,Sawyer Utah,"Sophie Simmons,Zhone",33.34%,ESA/Co-Pub,8/19/2022,11/27/2023,Sawyer Utah (Released),,VISCYRL X,,,QMBZ92501756,,When The Sun Goes Down,Main Version,EP,Writer,,SMG_MSG_109_17596,"SMN,SMG-US",SOS,VISCYRL / ARCADE JV,,,,,3/5/2026
Released,,,3/6/2026,2/10/2026,,,Sawyer Utah,CARS,Sawyer Utah,,100.00%,ESA/Co-Pub,,2/5/2026,,,VISCYRL X,,,QM4TW2694426,,When The Sun Goes Down,Main Version,EP,Writer,,SMG_MSG_109_19963,"SMN,SMG-US",SOS,VISCYRL / ARCADE JV,,,,,3/5/2026
Released,,,3/6/2026,2/10/2026,,,Sawyer Utah,One More Fix,Sawyer Utah,Brian Brundage,50.00%,ESA/Co-Pub,,11/14/2023,Sawyer Utah (Released),,VISCYRL X,,,QMDA62582033 ,,When The Sun Goes Down,Main Version,EP,Writer,,SMG_MSG_109_18229,"SMN,SMG-US",SOS,VISCYRL / ARCADE JV,,,,,3/5/2026
Released,,,3/6/2026,2/10/2026,,,Sawyer Utah,Play With My Heart,Sawyer Utah,,100.00%,ESA/Co-Pub,8/29/2025,9/11/2025,Sawyer Utah (Released),,VISCYRL X,,,QMFMF2505480,,When The Sun Goes Down,Main Version,EP,Writer,,SMG_MSG_109_19175,"SMN,SMG-US",SOS,VISCYRL / ARCADE JV,,,,,3/5/2026
Released,,,2/27/2026,2/10/2026,,,Sawyer Utah,LADY,Sawyer Utah,,100.00%,ESA/Co-Pub,,2/5/2026,,,VISCYRL X,,,QM4TW2694398,,When The Sun Goes Down,Main Version,Single,Writer,,SMG_MSG_109_19964,"SMN,SMG-US",SOS,VISCYRL / ARCADE JV,,,,,2/27/2026
Released,,,3/6/2026,2/10/2026,,,Sawyer Utah,tears & wishes,Sawyer Utah,GERRARD BAKER,50.00%,ESA/Co-Pub,,2/5/2026,Sawyer Utah (Released),,VISCYRL X,,,QM6N22561874,,When The Sun Goes Down,Main Version,EP,Writer,,SMG_MSG_109_19962,"SMN,SMG-US",SOS,VISCYRL / ARCADE JV,,,,,3/5/2026
Released,,,5/2/2025,2/10/2026,,,Sawyer Utah,tears & wishes,Sawyer Utah,GERRARD BAKER,50.00%,ESA/Co-Pub,,2/5/2026,Sawyer Utah (Released),,VISCYRL X,,,GBAHS2501560,,,Main Version,Single,Writer,,SMG_MSG_109_19962,"SMN,SMG-US",SOS,VISCYRL / ARCADE JV,,,,,2/10/2026
Hold,2/7/2026,,,2/9/2026,,,Frankie J,Reasons Not To,Frank Ray,"Adam Hambrick,Andy Skib",33.34%,ESA/Co-Pub,4/9/2024,4/9/2024,,,Independent,,,,,,Main Version,,Writer,,,"SMN,SMG-US",SOS,FLUID JV II,,,,,2/9/2026
Released,,2/6/2026,2/27/2026,2/6/2026,,,Pop Evil,Maybe You're The One,Kasey Tyndall,"Leigh Kakaty,Dave Bassett,Josh Strock,Marlon Young,Herschel Boone",5.00%,ESA/Co-Pub,,2/6/2026,,Kasey Tyndall ,MNRK Records LP,,,US5ED2507868,,,Main Version,Single,Writer,Rock,SMG_MSG_109_19961,"SMN,SMG-US",SOS,2 MIX JV III,,,,,2/27/2026
Hold,2/5/2026,,,2/5/2026,,,Grey Zeigler,1999,Jessica Cayne,"Grey Zeigler,Karen Kosowski",33.34%,ESA/Co-Pub,1/30/2024,2/14/2024,,,Independent,,,,,,Main Version,,Writer,,SMG_MSG_109_11911,"SMN,SMG-US",SOS,2 MIX JV II,,,,,2/5/2026
Released,,,2/27/2026,2/4/2026,,,Erin Kirby,Darkness Wins,Brinley Addington,"Aaron Eshuis,Erin Kirby",33.33%,ESA/Co-Pub,10/9/2024,11/5/2024,,,Independent,,,QM24S2600394,,,Main Version,Single,Writer,Country,SMG_MSG_109_14535,"SMN,SMG-US",SOS,SOS,,,,,2/27/2026
Hold,1/19/2026,,,2/3/2026,,,Alyssa Flaherty,Seriously Casual,Cale Dodds,"Alyssa Flaherty,Matthew Morrisey",33.33%,ESA/Co-Pub,1/14/2026,1/19/2026,,,Independent,,,,,,Main Version,,Writer,Country,SMG_MSG_109_19794,"SMN,SMG-US",SOS,FLUID JV II,,,,,2/3/2026
Hold,1/15/2026,,,2/3/2026,,,Alyssa Flaherty,1973,"Nick Autry,Brock Westover",Alyssa Flaherty,66.66%,"ESA/Co-Pub,ESA/Co-Pub",1/7/2026,1/15/2026,,,Independent,,,,,,Main Version,,Writer,Country,SMG_MSG_109_19790,"SMN,SMG-US",SOS,"SOS, FUTURISTICS JV",,,,,2/3/2026
Hold,1/13/2026,,,2/3/2026,,,Mary Kutter,Wreck Me,"Nathan Barlowe,Cale Dodds",Mary Kutter,66.67%,"ESA/Co-Pub,ESA/Co-Pub",1/12/2026,1/13/2026,,,Independent,,,,,,Main Version,,Writer,Country,SMG_MSG_109_19788,"SMN,SMG-US",SOS,FLUID JV II,,,,,2/3/2026
Released,,,2/4/2026,2/3/2026,,,SKINZ,Why U Mad,Ben Samama,"El Capitxn,YOG$,Malia Civetz",7.94%,ESA/Co-Pub,,2/2/2026,,,Kakao Entertainment,,,KRA382600737,,,Main Version,Single,Writer,,,"SMN,SMG-US",SOS,SOS,,,,,2/3/2026
Hold,2/2/2026,,,2/2/2026,,,Timmy McKeever ,What She Wants,Cale Dodds,"Kipp Williams,Timmy McKeever",33.34%,ESA/Co-Pub,1/21/2026,2/2/2026,,,"Independent,Big Loud Records",,,,,,Main Version,,Writer,Country,SMG_MSG_109_19922,"SMN,SMG-US",SOS,FLUID JV II,,,,,2/2/2026
Hold,2/2/2026,,,2/2/2026,,,Scotty McCreery ,Had A Grandpa,"Frank Rogers,Jeremy Bussey,Bobby Hamrick",Scotty McCreery,75.00%,"Admin,ESA/Co-Pub,ESA/Co-Pub",1/13/2026,2/2/2026,,,"Sony Music Nashville,Triple Tigers",,,,,,Main Version,,Writer,Country,,"SMN,SMG-US",SOS,"FLUID JV II, SOS",,,,,2/2/2026
Hold,2/2/2026,,,2/2/2026,,,Madeline Merlo,Glass And A Half,"Justin Halpin,Jessica Cayne","Madeline Merlo,Jaime Commons",50.00%,"ESA/Co-Pub,ESA/Co-Pub",1/20/2026,1/29/2026,,,BMG BBR,,,,,,Main Version,,Writer,Country,SMG_MSG_109_19899,"SMN,SMG-US",SOS,"FLUID JV II, 2 MIX JV II",,,,,2/2/2026
Hold,2/2/2026,,,2/2/2026,,,Timmy McKeever ,Goodbye Gone Good,"Cale Dodds,Justin Halpin,Brock Westover",Timmy McKeever,75.00%,"ESA/Co-Pub,ESA/Co-Pub,ESA/Co-Pub",1/13/2026,1/26/2026,,,"Independent,Big Loud Records",,,,,,Main Version,,Writer,Country,SMG_MSG_109_19824,"SMN,SMG-US",SOS,"FLUID JV II, FUTURISTICS JV",,,,,2/2/2026
Hold,2/2/2026,,,2/2/2026,,,Scotty McCreery ,Favorite Place,"Monty Criswell,Derek George,Brent Anderson,Frank Rogers,Jeremy Bussey,Bobby Hamrick",Scotty McCreery,85.71%,"ESA/Co-Pub,ESA/Co-Pub,ESA/Co-Pub,Admin,ESA/Co-Pub,ESA/Co-Pub",1/13/2026,1/22/2026,,,"Sony Music Nashville,Triple Tigers",,,,,,Main Version,,Writer,Country,,"SMN,SMG-US",SOS,"FLUID JV II, SOS",,,,,2/2/2026
Hold,2/2/2026,,,2/2/2026,,,Scotty McCreery ,Be A Good One,"Bobby Hamrick,Derek George,Jeremy Bussey,Monty Criswell",Scotty McCreery,80.00%,"ESA/Co-Pub,ESA/Co-Pub,ESA/Co-Pub,ESA/Co-Pub",1/14/2026,1/20/2026,,,"Sony Music Nashville,Triple Tigers",,,,,,Main Version,,Writer,Country,SMG_MSG_109_19802,"SMN,SMG-US",SOS,"SOS, FLUID JV II",,,,,2/2/2026
Hold,2/2/2026,,,2/2/2026,,,Scotty McCreery ,The Best Kind Of Busy,"Bobby Hamrick,Brent Anderson,Derek George,Jeremy Bussey,Monty Criswell",Scotty McCreery,83.33%,"ESA/Co-Pub,ESA/Co-Pub,ESA/Co-Pub,ESA/Co-Pub,ESA/Co-Pub",1/14/2026,1/20/2026,,,"Sony Music Nashville,Triple Tigers",,,,,,Main Version,,Writer,Country,SMG_MSG_109_19823,"SMN,SMG-US",SOS,"SOS, FLUID JV II",,,,,2/2/2026
Hold,2/2/2026,,,2/2/2026,,,Scotty McCreery ,Cars Behind The Bus,"Brent Anderson,Derek George,Frank Rogers,Monty Criswell",Scotty McCreery,80.00%,"ESA/Co-Pub,ESA/Co-Pub,Admin,ESA/Co-Pub",1/14/2026,1/20/2026,,,"Sony Music Nashville,Triple Tigers",,,,,,Main Version,,Writer,Country,,"SMN,SMG-US",SOS,FLUID JV II,,,,,2/2/2026
Upcoming,,8/10/2026,,2/2/2026,,,Scotty McCreery ,Trying To Get To Church,"Brent Anderson,Derek George,Monty Criswell",,100.00%,"ESA/Co-Pub,ESA/Co-Pub,ESA/Co-Pub",11/14/2023,12/1/2023,,,"Sony Music Nashville,Triple Tigers",,checked,,,,Main Version,,Writer,Country,SMG_MSG_109_11005,"SMN,SMG-US",SOS,FLUID JV II,,,,,8/10/2026
Hold,2/2/2026,,,2/2/2026,,,Scotty McCreery ,Again,"Bobby Hamrick,Brent Anderson,Derek George,Frank Rogers,Jeremy Bussey,Monty Criswell",Scotty McCreery,85.71%,"ESA/Co-Pub,ESA/Co-Pub,ESA/Co-Pub,Admin,ESA/Co-Pub,ESA/Co-Pub",1/13/2026,1/20/2026,,,"Sony Music Nashville,Triple Tigers",,,,,,Main Version,,Writer,Country,,"SMN,SMG-US",SOS,"SOS, FLUID JV II",,,,,2/2/2026
Hold,2/2/2026,,,2/2/2026,,,Scotty McCreery ,Same Girl,"Brent Anderson,Derek George,Frank Rogers,Monty Criswell",Scotty McCreery,80.00%,"ESA/Co-Pub,ESA/Co-Pub,Admin,ESA/Co-Pub",1/13/2026,1/20/2026,,,"Sony Music Nashville,Triple Tigers",,,,,,Main Version,,Writer,Country,,"SMN,SMG-US",SOS,FLUID JV II,,,,,2/2/2026
Hold,2/2/2026,,,2/2/2026,,,Scotty McCreery ,I Got Your Back,"Derek George,Monty Criswell",Lynn Hutton,66.67%,"ESA/Co-Pub,ESA/Co-Pub",4/28/2025,5/1/2025,,,"Sony Music Nashville,Triple Tigers",,,,,,Main Version,,Writer,Country,SMG_MSG_109_18088,"SMN,SMG-US",SOS,FLUID JV II,,,,,2/2/2026
Hold,2/2/2026,,,2/2/2026,,,Scotty McCreery ,You Got This,"Brent Anderson,Derek George,Frank Rogers,Monty Criswell",Scotty McCreery,80.00%,"ESA/Co-Pub,ESA/Co-Pub,Admin,ESA/Co-Pub",1/14/2026,1/20/2026,,,"Sony Music Nashville,Triple Tigers",,,,,,Main Version,,Writer,Country,,"SMN,SMG-US",SOS,FLUID JV II,,,,,2/2/2026
Hold,2/2/2026,,,2/2/2026,,,Scotty McCreery ,As Many Longnecks As It Takes,"Derek George,Monty Criswell","Chuck Jones,Scotty McCreery",50.00%,"ESA/Co-Pub,ESA/Co-Pub",1/13/2026,1/20/2026,,,"Sony Music Nashville,Triple Tigers",,,,,,Main Version,,Writer,Country,SMG_MSG_109_19796,"SMN,SMG-US",SOS,FLUID JV II,,,,,2/2/2026
Hold,2/2/2026,,,2/2/2026,,,Scotty McCreery ,Staying Me,"Bobby Hamrick,Brent Anderson,Derek George,Frank Rogers,Jeremy Bussey,Monty Criswell",Scotty McCreery,85.71%,"ESA/Co-Pub,ESA/Co-Pub,ESA/Co-Pub,Admin,ESA/Co-Pub,ESA/Co-Pub",1/14/2026,1/20/2026,,,"Sony Music Nashville,Triple Tigers",,,,,,Main Version,,Writer,Country,,"SMN,SMG-US",SOS,"SOS, FLUID JV II",,,,,2/2/2026
Hold,2/2/2026,,,2/2/2026,,,Scotty McCreery ,Better With You In It,"Brent Anderson,Derek George,Frank Rogers,Monty Criswell",Scotty McCreery,80.00%,"ESA/Co-Pub,ESA/Co-Pub,Admin,ESA/Co-Pub",1/14/2026,1/20/2026,,,"Sony Music Nashville,Triple Tigers",,,,,,Main Version,,Writer,Country,,"SMN,SMG-US",SOS,FLUID JV II,,,,,2/2/2026
Hold,2/2/2026,,,2/2/2026,,,Scotty McCreery ,10000 Candles,"Brent Anderson,Derek George,Monty Criswell",Scotty McCreery,75.00%,"ESA/Co-Pub,ESA/Co-Pub,ESA/Co-Pub",1/14/2026,1/20/2026,,,"Sony Music Nashville,Triple Tigers",,,,,,Main Version,,Writer,Country,SMG_MSG_109_19795,"SMN,SMG-US",SOS,FLUID JV II,,,,,2/2/2026
Hold,2/2/2026,,,2/2/2026,,,Haven Madison,Depends On The Day,"Brock Westover,Shane Stevens",Haven Madison,66.67%,"ESA/Co-Pub,ESA/Co-Pub",1/14/2026,1/28/2026,,,BMG BBR,,,,,,Main Version,,Writer,Country,SMG_MSG_109_19835,"SMN,SMG-US",SOS,"FUTURISTICS JV, VAULT II",,,,,2/2/2026
Released,,,1/23/2026,2/2/2026,,,Kylie Morgan,Like My Own,Kasey Tyndall,"Kylie Morgan,Aaron Zuckerberg",33.33%,ESA/Co-Pub,10/21/2025,1/28/2026,Kylie Morgan (Released),,Independent,,,QZZEB2550577,,,Main Version,Single,Writer,Country,SMG_MSG_109_19833,"SMN,SMG-US",SOS,2 MIX JV III,,,,,2/2/2026
Released,,,6/13/2025,2/2/2026,,,Fiaa Hamilton,Nothing Is Perfect,Jordan Cosmo,Fiaa Hamilton,50.00%,ESA/Co-Pub,,1/30/2026,,,Independent,,,AEA3A2505962,,,Main Version,Single,Writer,,SMG_MSG_109_20388,"SMN,SMG-US",SOS,SOS,,,,,2/2/2026
Released,,,10/31/2024,2/2/2026,,,Fiaa Hamilton,Boy Like You,Jordan Cosmo,"George Fraser,Fiaa Hamilton",33.00%,ESA/Co-Pub,,1/30/2026,,,Independent,,,AEA3A2314337,,,Main Version,Single,Writer,,SMG_MSG_109_20387,"SMN,SMG-US",SOS,SOS,,,,,2/2/2026
Released,,,9/20/2024,2/2/2026,,,Fiaa Hamilton,Rivers In The Night,Jordan Cosmo,"George Fraser,Fiaa Hamilton,Poppy Fisher,Holly Quin-Ankrah,NIck Sheldon",20.00%,ESA/Co-Pub,,1/30/2026,,,Independent,,,AEA3A2426038,,,Main Version,Single,Writer,,SMG_MSG_109_20386,"SMN,SMG-US",SOS,SOS,,,,,2/2/2026
Released,,,5/10/2024,2/2/2026,,,Fiaa Hamilton,Love War,Jordan Cosmo,"George Fraser,Fiaa Hamilton",33.00%,ESA/Co-Pub,,1/30/2026,,,Independent,,,SGW502497634,,,Main Version,Single,Writer,,SMG_MSG_109_20385,"SMN,SMG-US",SOS,SOS,,,,,2/2/2026
Hold,1/30/2026,,,1/30/2026,,,Maneskin,Blue Light Jesus,Nathan Barlowe,"Chandler Brown,Scott Krueger",33.34%,ESA/Co-Pub,12/3/2025,12/5/2025,,,"Sony Music Entertainment,Epic Records",Sony Music Entertainment,,,,,Main Version,,Writer,Rock,SMG_MSG_109_19579,"SMN,SMG-US",SOS,FLUID JV II,,,,,1/30/2026
Hold,1/30/2026,,,1/30/2026,,,Maneskin,S.K.I.N,Nathan Barlowe,"Cary Barlowe,Scott Krueger",33.34%,ESA/Co-Pub,12/2/2025,12/5/2025,,,"Sony Music Entertainment,Epic Records",Sony Music Entertainment,,,,,Main Version,,Writer,Rock,SMG_MSG_109_19592,"SMN,SMG-US",SOS,FLUID JV II,,,,,1/30/2026
Released,,1/30/2026,2/27/2026,1/30/2026,,,Haven Madison,Uncross Your Heart,"Brock Westover,Jessica Cayne",Haven Madison,66.67%,"ESA/Co-Pub,ESA/Co-Pub",1/31/2025,3/3/2025,,,BMG BBR,,,QMRSZ2600123,,,Main Version,Single,Writer,Pop,SMG_MSG_109_16803,"SMN,SMG-US",SOS,"FUTURISTICS JV, 2 MIX JV II",,,,,2/27/2026
Released,,,1/30/2026,1/29/2026,,,HARDY,McArthur,Michael Hardy,"Chase McGill,Jameson Rodgers,Josh Thompson",25.00%,Admin,10/23/2025,1/26/2026,,"Morgan Wallen ,Eric Church,Tim McGraw",Big Loud Records,,,USUG12600832,,,Main Version,Single,Writer,Country,SMG_MSG_109_19780,"SMN,SMG-US",SOS,SOS,,,,,1/30/2026
Released,,,1/23/2026,1/23/2026,,,Tolou,Into Me,Liz Lokre,"Tricky Stewart,Camara Alford,Jens Christian Isaksen,Tolou",20.00%,ESA/Co-Pub,,1/23/2026,,,Independent,,,USA2P2556929,,Energy,Main Version,Album,Writer,,SMG_MSG_109_19886,"SMN,SMG-US",SOS,MATALON JV,,,,,1/23/2026
Released,,,1/23/2026,1/23/2026,,,Ari Lennox,Cool Down,Liz Lokre,"Tricky Stewart,Ben Parris,Camara Alford,Jens Christian Isaksen,Courtney Salter",45.00%,ESA/Co-Pub,,1/23/2026,,,Interscope Records,,,USUM72511256,,Vacancy,Main Version,Album,Writer,,SMG_MSG_101_19885,"SMN,SMG-US",SOS,MATALON JV,,,,,1/23/2026
Upcoming,,1/22/2026,,1/22/2026,,,Jesse Murphy,Learning How To Drink,Cale Dodds,"Colin Healy,Holden James,Jesse Lee Murphy",25.00%,Admin,6/25/2021,6/22/2022,,,Independent,,checked,,,,Main Version,,Writer,,SMG_MSG_109_6109,"SMN,SMG-US",SOS,SOS,,,,,1/22/2026
Upcoming,,1/22/2026,,1/22/2026,,,Jesse Murphy,Can't Get Enough,Cale Dodds,"Neal Coty,Trey Wilson",33.34%,Admin,7/23/2010,6/22/2022,,,Independent,,checked,,,,Main Version,,Writer,,SMG_MSG_109_5925,"SMN,SMG-US",SOS,SOS,,,,,1/22/2026
Released,,1/22/2026,7/10/2026,1/22/2026,,,Lawson Harris,Gotten Pretty Good,"Justin Richards,Matthew Morrisey,Sam Carter",,100.00%,"ESA/Co-Pub,ESA/Co-Pub,ESA/Co-Pub",8/9/2023,8/10/2023,,,Independent,,,QT3FA2636017,Gotten Pretty Good,Autumn Wind,Main Version,Album,Writer,Country,SMG_MSG_109_10318,"SMN,SMG-US",SOS,"2 MIX JV II, SOS",,,,,9/9/2026
Released,,1/22/2026,2/13/2026,1/22/2026,,,Dustin Lynch,Getaway Car,Brent Anderson,"Dustin Lynch,Jaxson Free,Dan Pellarin,Adam Sanders,Petey Martin,Pete Hammerton",16.66%,ESA/Co-Pub,,12/12/2025,,,BMG BBR,,,QMRSZ2600179,,,Main Version,Single,Writer,Country,SMG_MSG_109_19773,"SMN,SMG-US",SOS,FLUID JV II,,,,,2/13/2026
Released,,,1/23/2026,1/22/2026,,,Matt Hansen,Somewhere In Between,Ben Samama,"Matt Hansen,Colin Foote,Alexander Borel",25.00%,ESA/Co-Pub,,1/22/2026,Matt Hansen (Released),,Independent,,,QM24S2600021,,,Main Version,Single,Writer,,SMG_MSG_109_19753,"SMN,SMG-US",SOS,SOS,,,,,1/22/2026
Hold,1/21/2026,,,1/21/2026,,,Parmalee,Buddy Back Home,Brent Anderson,"John Morgan,Matt Thomas",33.33%,ESA/Co-Pub,1/5/2026,1/12/2026,,,"Stoney Creek Records,BMG BBR",BMG BBR,,,,,Main Version,,Writer,,SMG_MSG_109_19722,"SMN,SMG-US",SOS,FLUID JV II,,,,,1/21/2026
Hold,1/21/2026,,,1/21/2026,,,Dustin Lynch,On Time Rain,Brent Anderson,"John Morgan,Dustin Lynch",33.33%,ESA/Co-Pub,1/7/2026,1/12/2026,,,BMG BBR,,,,,,Main Version,,Writer,Country,SMG_MSG_109_19721,"SMN,SMG-US",SOS,FLUID JV II,,,,,1/21/2026
Upcoming,,1/20/2026,,1/20/2026,,,Happy Landing,"10,000 Degrees",Bobby Hamrick,Matty Hendley,50.00%,ESA/Co-Pub,5/9/2024,6/6/2024,,,Independent,,checked,,,,Main Version,,Writer,Singer/Songwriter,SMG_MSG_109_12716,"SMN,SMG-US",SOS,SOS,,,,,1/20/2026
Released,,,1/14/2026,1/19/2026,,,Ella Mai,100,Peter Lee Johnson,,5.00%,ESA/Co-Pub,,1/16/2026,,,10 Summers,Interscope Records,,USUM72511641,,,Main Version,Single,Writer,,,"SMN,SMG-US",SOS,CHAMPAGNE THERAPY JV,,,,,1/19/2026
Released,,,1/16/2026,1/19/2026,,,Corbyn Besson,Ruin Me,Peter Lee Johnson,"Jason Cornet,Douglas Ford,Trevor Lyle Muzzy,Corbyn Besson,Chauncey Hollis,James Essien",5.00%,ESA/Co-Pub,,1/16/2026,,,BMG Rights Management,,,QMRSZ2500467,,Head First,Main Version,EP,Writer,,SMG_MSG_109_21446,"SMN,SMG-US",SOS,CHAMPAGNE THERAPY JV,,,,,1/19/2026
Released,,,1/16/2026,1/19/2026,,,Skrillex,Yo Yan,Peter Lee Johnson,"Skrillex,Everett Romano,Rex Kudo",25.00%,ESA/Co-Pub,,1/16/2026,,,Atlantic Recording Corporation,,,USAT22600020,,Kora,Main Version,EP,Writer,,SMG_MSG_109_19774,"SMN,SMG-US",SOS,CHAMPAGNE THERAPY JV,,,,,1/19/2026
Released,,,1/16/2026,1/19/2026,,,Vienna Vienna,Buzz,Joe Janiak,"James Barre,Abe Dertner",33.33%,ESA/Co-Pub,,1/17/2026,,,Independent,,,USC4R2559998,,Entertain Me,Main Version,EP,Writer,,SMG_MSG_109_19746,"SMN,SMG-US",SOS,SOS,,,,,1/19/2026
Released,,,1/13/2026,1/16/2026,,,Johnny Valentine,All My Love,Patrick Ridgen,"Alec Sky Friedman,Santos Silva,Johnny Valentine",25.00%,ESA/Co-Pub,10/6/2025,1/16/2026,,,Independent,,,QZQAY2604464,,,Main Version,Single,Writer,,SMG_MSG_109_19743,"SMN,SMG-US",SOS,ERB JV,,,,,1/16/2026
Released,,,1/9/2026,1/15/2026,,,AJ McClean,The One That Got Away,Ben Samama,"Rob Grimaldi,Danielle Erin Draizin,Larus Arnarson",25.00%,ESA/Co-Pub,,1/9/2026,,,Independent,,,QZNMZ2537486,,My Name Is Alexander James,Main Version,Album,Writer,,SMG_MSG_109_19742,"SMN,SMG-US",SOS,SOS,,,,,1/15/2026
Released,,,1/9/2026,1/15/2026,,,AJ McClean,Relapse,Ben Samama,"Rob Grimaldi,AJ McClean,David Brook",25.00%,ESA/Co-Pub,,1/15/2026,,,Independent,,,QZNN22571271,,My Name Is Alexander James,Main Version,Album,Writer,,SMG_MSG_109_19741,"SMN,SMG-US",SOS,SOS,,,,,1/15/2026
Released,,,1/9/2026,1/15/2026,,,AJ McClean,Body Butter,Ben Samama,"Rob Grimaldi,AJ McClean,Nikki Flores",25.00%,ESA/Co-Pub,,1/15/2026,,,Independent,,,QZNN22571268,,My Name is Alexander James,Main Version,Album,Writer,,SMG_MSG_109_19740,"SMN,SMG-US",SOS,SOS,,,,,1/15/2026
Released,,,1/9/2026,1/15/2026,,,AJ McClean,Flowers,Ben Samama,"AJ McClean,Rob Grimaldi,Tyrone William Griffin Jr.,Nikki Flores",20.00%,ESA/Co-Pub,,1/15/2026,,,Independent,,,QZNN22571266,,My Name Is Alexander James,Main Version,Album,Writer,,SMG_MSG_109_19728,"SMN,SMG-US",SOS,SOS,,,,,1/15/2026
Released,,,1/9/2026,1/15/2026,,,AJ McClean,Why You Love Me Wrong,Ben Samama,"Neil Ormandy,AJ McClean,Rob Grimaldi",25.00%,ESA/Co-Pub,,1/15/2026,,,Independent,,,QZNN22571267,,My Name Is Alexander James,Main Version,Album,Writer,,SMG_MSG_109_19727,"SMN,SMG-US",SOS,SOS,,,,,1/15/2026
Released,,,1/9/2026,1/15/2026,,,AJ McClean,Lovin' On Me,Ben Samama,"Neil Ormandy,Rob Grimaldi,AJ McClean",25.00%,ESA/Co-Pub,,1/15/2026,,,Independent,,,QZNN22571269,,My Name is Alexander James,Main Version,Album,Writer,,SMG_MSG_109_19726,"SMN,SMG-US",SOS,SOS,,,,,1/15/2026
Upcoming,,1/15/2026,,1/15/2026,,,Shane Profitt,Mama's Eyes,Adam Wood,"Shane Profitt,Jenn Schott",33.33%,ESA/Co-Pub,9/3/2024,9/3/2024,,,"Sony Music Nashville,Triple Tigers",,checked,,,,Main Version,,Writer,Country,SMG_MSG_109_13844,"SMN,SMG-US",SOS,LBJV,,,,,1/15/2026
Released,,,11/7/2025,1/15/2026,,,Tamar Braxton,The Gift,Liz Lokre,"Tricky Stewart,Ben Parris",40.00%,ESA/Co-Pub,,7/3/2025,,,,,,USLS52581901,"The Gift (From the Original Motion Picture ""Sarah's Oil"") (Amazon Music Original)",,Main Version,Single,Writer,,"SMG_MSG_101_246206, SMG_MSG_109_18020","SMN,SMG-US",SOS,MATALON JV,,,,,1/15/2026
Hold,1/14/2026,,,1/14/2026,,,ALEE,Drunk Cigarette,Jessica Cayne,"Alee Adamoski,Max King",33.34%,ESA/Co-Pub,1/13/2026,1/14/2026,,,Independent,,,,,,Main Version,,Writer,Country,SMG_MSG_109_19735,"SMN,SMG-US",SOS,2 MIX JV II,,,,,1/14/2026
Released,,,1/23/2026,1/14/2026,,,Mira Housey,BUTTERF-LIES,Mira Housey,,100.00%,ESA/Co-Pub,,3/27/2025,,,Independent,,,QZZEB2553121,,,Main Version,Single,Writer,,SMG_MSG_109_21092,"SMN,SMG-US",SOS,ROWE JV,,,,,1/22/2026
Released,,,1/5/2026,1/12/2026,checked,,Eric Church,Hell of a View,Monty Criswell,"Casey Beathard,Eric Church",33.34%,ESA/Co-Pub,11/5/2019,8/6/2020,,,EMI Records Nashville,MCA (Music Corporation of America),,USUG12509155,"Hell Of A View (Live At The Pinnacle, Nashville, TN / May 24, 2025)",Evangeline vs. The Machine: Comes Alive (Original Motion Picture Soundtrack),Live Version,Single,Writer,Country,SMG_MSG_101_204935,"SMN,SMG-US",CRESCENDO,FLUID JV I,Number 1,,,,1/12/2026
Hold,1/12/2026,,,1/12/2026,,,Jake Worthington,Maker's Make Her,"Derek George,Brent Anderson,Monty Criswell",Jake Worthington,75.00%,"ESA/Co-Pub,ESA/Co-Pub,ESA/Co-Pub",11/7/2025,11/10/2025,,,Big Loud Records,,,,,,Main Version,,Writer,Country,SMG_MSG_109_19433,"SMN,SMG-US",SOS,FLUID JV II,,,,,1/12/2026
Hold,1/12/2026,,,1/12/2026,,,Jake Worthington,When You Need Me,"Derek George,Brent Anderson,Monty Criswell",Jake Worthington,75.00%,"ESA/Co-Pub,ESA/Co-Pub,ESA/Co-Pub",11/7/2025,11/10/2025,,,Big Loud Records,,,,,,Main Version,,Writer,Country,SMG_MSG_109_19445,"SMN,SMG-US",SOS,FLUID JV II,,,,,1/12/2026
Hold,1/12/2026,,,1/12/2026,,,Jake Worthington,Truth Is I Lied,"Derek George,Brent Anderson,Monty Criswell",Jake Worthington,75.00%,"ESA/Co-Pub,ESA/Co-Pub,ESA/Co-Pub",11/7/2025,11/10/2025,,,Big Loud Records,,,,,,Main Version,,Writer,Country,SMG_MSG_109_19441,"SMN,SMG-US",SOS,FLUID JV II,,,,,1/12/2026
Hold,1/12/2026,,,1/12/2026,,,Jake Worthington,Brand New Highs,"Derek George,Brent Anderson,Monty Criswell",Jake Worthington,75.00%,"ESA/Co-Pub,ESA/Co-Pub,ESA/Co-Pub",11/7/2025,11/10/2025,,,Big Loud Records,,,,,,Main Version,,Writer,Country,SMG_MSG_109_19425,"SMN,SMG-US",SOS,FLUID JV II,,,,,1/12/2026
Hold,1/12/2026,,,1/12/2026,,,Jake Worthington,Makes The Whiskey Taste Good,"Derek George,Brent Anderson,Monty Criswell",Jake Worthington,75.00%,"ESA/Co-Pub,ESA/Co-Pub,ESA/Co-Pub",11/8/2025,11/10/2025,,,Big Loud Records,,,,,,Main Version,,Writer,Country,SMG_MSG_109_19437,"SMN,SMG-US",SOS,FLUID JV II,,,,,1/12/2026
Hold,1/12/2026,,,1/12/2026,,,Jake Worthington,It Only Hurts A Lot,"Derek George,Brent Anderson,Monty Criswell","Jake Worthington,Jameson Rodgers",60.00%,"ESA/Co-Pub,ESA/Co-Pub,ESA/Co-Pub",11/8/2025,11/10/2025,,,Big Loud Records,,,,,,Main Version,,Writer,Country,SMG_MSG_109_19449,"SMN,SMG-US",SOS,FLUID JV II,,,,,1/12/2026
Hold,1/12/2026,,,1/12/2026,,,Jake Worthington,Daddy's Country,"Derek George,Brent Anderson,Monty Criswell",Jake Worthington,75.00%,"ESA/Co-Pub,ESA/Co-Pub,ESA/Co-Pub",11/8/2025,11/10/2025,,,Big Loud Records,,,,,,Main Version,,Writer,Country,SMG_MSG_109_19429,"SMN,SMG-US",SOS,FLUID JV II,,,,,1/12/2026
Hold,1/12/2026,,,1/12/2026,,,Cole Goodwin,Moonshine In The Sundress,"Derek George,Brent Anderson,Monty Criswell",Cole Goodwin,75.00%,"ESA/Co-Pub,ESA/Co-Pub,ESA/Co-Pub",9/30/2025,10/3/2025,,,Big Machine Label Group,,,,,,Main Version,,Writer,Country,SMG_MSG_109_19162,"SMN,SMG-US",SOS,FLUID JV II,,,,,1/12/2026
Hold,1/12/2026,,,1/12/2026,,,Cole Goodwin,Maybe One,"Brent Anderson,Derek George,Monty Criswell",Cole Goodwin,75.00%,"ESA/Co-Pub,ESA/Co-Pub,ESA/Co-Pub",9/29/2025,10/3/2025,,,Big Machine Label Group,,,,,,Main Version,,Writer,Country,SMG_MSG_109_19158,"SMN,SMG-US",SOS,FLUID JV II,,,,,1/12/2026
Hold,1/12/2026,,,1/12/2026,,,Cole Goodwin,That’s What I’m Tonkin’ About,"Brent Anderson,Derek George,Monty Criswell",Cole Goodwin,75.00%,"ESA/Co-Pub,ESA/Co-Pub,ESA/Co-Pub",9/29/2025,10/3/2025,"Cole Goodwin (Hold), Cole Goodwin (Cut)",,Big Machine Label Group,,,,,,Main Version,,Writer,Country,SMG_MSG_109_19170,"SMN,SMG-US",SOS,FLUID JV II,,,,,1/12/2026
Hold,1/12/2026,,,1/12/2026,,,Cole Goodwin,Only Old Once,"Brent Anderson,Derek George,Monty Criswell",Cole Goodwin,75.00%,"ESA/Co-Pub,ESA/Co-Pub,ESA/Co-Pub",10/1/2025,10/3/2025,,,Big Machine Label Group,,,,,,Main Version,,Writer,Country,SMG_MSG_109_19166,"SMN,SMG-US",SOS,FLUID JV II,,,,,1/12/2026
Hold,1/12/2026,,,1/12/2026,,,Luke Bryan,The Ride Home,Brent Anderson,Ben Hayslip,50.00%,ESA/Co-Pub,7/11/2025,9/10/2025,,,"Capitol Records Nashville,Row Crop Records LLC",MCA (Music Corporation of America),,,,,Main Version,,Writer,Country,SMG_MSG_109_18758,"SMN,SMG-US",SOS,FLUID JV II,,,,,1/12/2026
Cut,1/12/2026,4/28/2026,,1/12/2026,,,John Morgan,Comeback Kid,Brent Anderson,"Ben Hayslip,John Morgan",33.34%,ESA/Co-Pub,10/30/2025,12/12/2025,,,BMG BBR,,,,,,Main Version,,Writer,Country,SMG_MSG_109_19698,"SMN,SMG-US",SOS,FLUID JV II,,,,,5/4/2026
Hold,1/12/2026,,,1/12/2026,,,John Morgan,World Of You,Brent Anderson,"John Morgan,Smith Ahnquist",33.34%,ESA/Co-Pub,10/16/2025,12/12/2025,,,BMG BBR,,,,,,Main Version,,Writer,Country,SMG_MSG_109_19718,"SMN,SMG-US",SOS,FLUID JV II,,,,,1/12/2026
Hold,1/12/2026,,,1/12/2026,,,John Morgan,Wintergreen,"Brent Anderson,Frank Rogers",John Morgan,66.67%,"ESA/Co-Pub,ESA/Co-Pub",10/20/2025,12/12/2025,,,BMG BBR,,,,,,Main Version,,Writer,Country,SMG_MSG_109_19836,"SMN,SMG-US","SOS, CRESCENDO","FLUID JV II, FLUID JV I",,,,,1/12/2026
Cut,1/12/2026,4/22/2026,,1/12/2026,,,John Morgan,King Of The Weekend,Brent Anderson,"Ben Hayslip,John Morgan",33.34%,ESA/Co-Pub,10/30/2025,12/12/2025,,,BMG BBR,,,,,,Main Version,,Writer,Country,SMG_MSG_109_19712,"SMN,SMG-US",SOS,FLUID JV II,,,,,4/23/2026
Hold,1/9/2026,,,1/9/2026,,,Alli Walker,Bonfire Smoke,Cale Dodds,"Allison Walker,Kipp Williams",33.34%,ESA/Co-Pub,12/9/2025,1/7/2026,,,Independent,,,,,,Main Version,,Writer,Country,SMG_MSG_109_19687,"SMN,SMG-US",SOS,FLUID JV II,,,,,1/9/2026
Hold,1/7/2026,,,1/8/2026,,,Jordan Davis,Whatever The Case May Be,Brent Anderson,"Jameson Rodgers,Jacob Davis",33.34%,ESA/Co-Pub,10/21/2025,12/12/2025,,,MCA Nashville,MCA (Music Corporation of America),,,,,Main Version,,Writer,,SMG_MSG_109_19692,"SMN,SMG-US",SOS,FLUID JV II,,,,,1/8/2026
Upcoming,,1/8/2026,,1/8/2026,,,Brinley Addington,Thank God I Smoke,"Brinley Addington,Matthew Morrisey,Sam Carter",,100.00%,"ESA/Co-Pub,ESA/Co-Pub,ESA/Co-Pub",5/23/2023,5/31/2023,,,Independent,,checked,,,,Main Version,,Writer,Country,"SMG_MSG_101_237453, SMG_MSG_109_8899","SMN,SMG-US","CRESCENDO, SOS","CRESCENDO, SOS, 2 MIX JV II",,,,,1/8/2026
Released,,1/7/2026,2/6/2026,1/7/2026,,,Lawson Harris,Damn If We Don't,Sam Carter,"Lalo Guzman,Mike Walker",33.34%,ESA/Co-Pub,2/18/2022,4/18/2022,,,Independent,,,QZDA82694685,,,Main Version,Single,Writer,Country,SMG_MSG_101_222972,"SMN,SMG-US",CRESCENDO,2 MIX JV I,,,,,2/6/2026
Released,,1/7/2026,1/30/2026,1/7/2026,,,Colleen McKenna,Jesus Doesn't Care,Joe Bryson,Colleen McKenna,50.00%,ESA/Co-Pub,6/24/2025,12/31/2025,,,Independent,,,QZFZ62695533,,,Main Version,Single,Writer,Country,SMG_MSG_109_19667,"SMN,SMG-US",SOS,SOS,,,,,1/30/2026
Upcoming,1/7/2026,8/17/2026,,1/7/2026,,,HARDY,Tommy Made The News,Michael Hardy,"Hunter Phelps,Jordan Schmidt,Rocky Block",25.00%,ESA/Co-Pub,12/8/2025,12/17/2025,,,Big Loud Records,,checked,,,,Main Version,,Writer,Country,SMG_MSG_109_19672,"SMN,SMG-US",SOS,SOS,,,,,8/24/2026
Upcoming,1/7/2026,,,1/7/2026,,,HARDY,King Of The Hill,Michael Hardy,"Geoff Warburton,Jordan Schmidt",33.34%,ESA/Co-Pub,10/8/2025,12/17/2025,,,Big Loud Records,,checked,,,,Main Version,,Writer,Country,SMG_MSG_109_19668,"SMN,SMG-US",SOS,SOS,,,,,8/24/2026
Released,,1/7/2026,5/1/2026,1/7/2026,,,Ernest,Waste A Day,David Garcia,"Ernest Smith,Rodney Clawson",33.34%,ESA/Co-Pub,10/8/2025,12/18/2025,,,Big Loud Records,,,USUG12601597,,Deep Blue,Main Version,Album,Writer,Country,SMG_MSG_109_19676,"SMN,SMG-US",SOS,SOS,,,,,5/2/2026
Released,,1/7/2026,5/1/2026,1/7/2026,,,Ernest,What's A Little Rain,David Garcia,"Ernest Smith,Rodney Clawson",33.33%,ESA/Co-Pub,10/8/2025,12/18/2025,,,Big Loud Records,,,USUG12601592,,Deep Blue,Main Version,Album,Writer,Country,SMG_MSG_109_19678,"SMN,SMG-US",SOS,SOS,,,,,5/2/2026
Released,,,3/27/2026,1/7/2026,,,Marlon Hoffstadt,Breathe,Ben Samama,"Jan Hammele,Andreas Josef Huber,Marlon Hoffstadt,Michael Aldag",20.00%,ESA/Co-Pub,,1/7/2026,,,UMG Recordings Inc,MCA (Music Corporation of America),,USUG12601542,,,Main Version,Single,Writer,,SMG_MSG_109_19685,"SMN,SMG-US",SOS,SOS,,,,,3/27/2026
Released,,,1/7/2026,1/7/2026,,,Lonnie,Give Up On Us,"Chizzy,blckatom",Lonnie,66.60%,"Admin,ESA/Co-Pub",,1/7/2026,,,Independent,,,QZFZ22682418,,This Never Lasts,Main Version,Album,Writer,,SMG_MSG_109_19682,"SMN,SMG-US",SOS,"SOS, CHIZZY JV",,,,,1/7/2026
Released,,,3/13/2026,1/6/2026,,,The Black Crowes,Doomsday Doggerel,"Chris Robinson,Rich Robinson",,100.00%,"Admin,Admin",,1/6/2026,,,Silver Arrow Records,,,USME32600011,,A Pound Of Feathers,Main Version,Album,Writer,,SMG_MSG_109_19659,"SMN,SMG-US",SOS,SOS,,,,,3/13/2026
Released,,,3/13/2026,1/6/2026,,,The Black Crowes,Eros Blues,"Chris Robinson,Rich Robinson",,100.00%,"Admin,Admin",,1/6/2026,,,Silver Arrow Records,,,USME32600010,,A Pound Of Feathers,Main Version,Album,Writer,,SMG_MSG_109_19658,"SMN,SMG-US",SOS,SOS,,,,,3/13/2026
Released,,,3/13/2026,1/6/2026,,,The Black Crowes,You Call This A Good Time?,"Chris Robinson,Rich Robinson",,100.00%,"Admin,Admin",,1/6/2026,,,Silver Arrow Records,,,USME32600009,,A Pound Of Feathers,Main Version,Album,Writer,,SMG_MSG_109_19657,"SMN,SMG-US",SOS,SOS,,,,,3/13/2026
Released,,,3/13/2026,1/6/2026,,,The Black Crowes,Blood Red Regrets,"Chris Robinson,Rich Robinson",,100.00%,"Admin,Admin",,1/6/2026,,,Silver Arrow Records,,,USME32600008,,A Pound Of Feathers,Main Version,Album,Writer,,SMG_MSG_109_19656,"SMN,SMG-US",SOS,SOS,,,,,3/13/2026
Released,,,3/13/2026,1/6/2026,,,The Black Crowes,It's Like That,"Chris Robinson,Rich Robinson",,100.00%,"Admin,Admin",,1/6/2026,,,Silver Arrow Records,,,USME32600007,,A Pound Of Feathers,Main Version,Album,Writer,,SMG_MSG_109_19655,"SMN,SMG-US",SOS,SOS,,,,,3/13/2026
Released,,,3/13/2026,1/6/2026,,,The Black Crowes,Queen of the B-Sides,"Chris Robinson,Rich Robinson",,100.00%,"Admin,Admin",,1/6/2026,,,Silver Arrow Records,,,USME32600006,,A Pound Of Feathers,Main Version,Album,Writer,,SMG_MSG_109_19654,"SMN,SMG-US",SOS,SOS,,,,,3/13/2026
Released,,,3/13/2026,1/6/2026,,,The Black Crowes,High & Lonesome,"Chris Robinson,Rich Robinson",,100.00%,"Admin,Admin",,1/6/2026,,,Silver Arrow Records,,,USME32600005,,A Pound Of Feathers,Main Version,Album,Writer,,SMG_MSG_109_19653,"SMN,SMG-US",SOS,SOS,,,,,3/13/2026
Released,,,3/13/2026,1/6/2026,,,The Black Crowes,Do The Parasite!,"Chris Robinson,Rich Robinson",,100.00%,"Admin,Admin",,1/6/2026,,,Silver Arrow Records,,,USME32600004,,A Pound Of Feathers,Main Version,Album,Writer,,SMG_MSG_109_19652,"SMN,SMG-US",SOS,SOS,,,,,3/13/2026
Released,,,1/9/2026,1/6/2026,checked,,The Black Crowes,Pharmacy Chronicles,"Chris Robinson,Rich Robinson",,100.00%,"Admin,Admin",,1/6/2026,,,Silver Arrow Records,,,USME32600003,,A Pound Of Feathers,Main Version,Single,Writer,,SMG_MSG_109_19651,"SMN,SMG-US",SOS,SOS,,,,,1/9/2026
Released,,,3/13/2026,1/6/2026,,,The Black Crowes,Cruel Streak,"Chris Robinson,Rich Robinson",,100.00%,"Admin,Admin",,1/6/2026,,,Silver Arrow Records,,,USME32600002,,A Pound Of Feathers,Main Version,Album,Writer,,SMG_MSG_109_19650,"SMN,SMG-US",SOS,SOS,,,,,3/13/2026
Released,,,1/9/2026,1/6/2026,checked,,The Black Crowes,Profane Prophecy,"Chris Robinson,Rich Robinson",,100.00%,"Admin,Admin",,1/6/2026,,,Silver Arrow Records,,,USME32600001,,A Pound Of Feathers,Main Version,Single,Writer,,SMG_MSG_109_19649,"SMN,SMG-US",SOS,SOS,,,,,1/9/2026
Released,,,,1/5/2026,,,Jesse Barrera,You Ain't Gotta,Hamish,"Albert Posis,Michael Carreon,Patrick Hizon",25.00%,ESA/Co-Pub,,12/22/2025,"Albert Posis (Released), Jesse Barrera (Released)",Albert Posis,THE JB CAVE Records,,checked,QZWFK2336283,You Ain't Gotta (Live In Toronto),Live In Toronto,Main Version,Album,Writer,R&B/Soul,,"SMN,SMG-US",SOS,PLENTY JV,,,,,1/5/2026
Released,,,2/10/2023,1/5/2026,,,Albert Posis,You Ain't Gotta,Hamish,"Albert Posis,Michael Carreon,Patrick Hizon",25.00%,ESA/Co-Pub,,12/22/2025,"Albert Posis (Released), Jesse Barrera (Released)",,Independent,,,QZFZ32393353,You Ain't Gotta,You Ain't Gotta - Single,Main Version,Single,Writer,R&B/Soul,,"SMN,SMG-US",SOS,PLENTY JV,,,,,1/5/2026
Released,,,4/5/2024,1/5/2026,,,See You Next Year,Waiting For You,Hamish,"Monte Booker,Brian Hammonds,Edward Cooper,Edwin Green,Isis Brown",20.00%,ESA/Co-Pub,,12/22/2025,,monte booker,Big.Ass.Kids,,,US38Y2406408,Waiting For You,Pigeons & Planes presents: See You Next Year 2,Main Version,Album,Writer,Alternative,,"SMN,SMG-US",SOS,PLENTY JV,,,,,1/5/2026
Released,,,10/21/2022,1/5/2026,,,Marley Moon,Void Song,Hamish,"Madison Campbell,Marvin Ballard",15.00%,ESA/Co-Pub,,12/22/2025,,,Independent,,,QZNWY2262437,Void Song,Everything Is Real!,Main Version,Album,Writer,Singer/Songwriter,,"SMN,SMG-US",SOS,PLENTY JV,,,,,1/5/2026
Released,,,11/15/2024,1/5/2026,,,VITA,Tops,Hamish,"Dylan Teixeira,Joshua Portillo,Vita Jutsen",5.00%,ESA/Co-Pub,,12/22/2025,,,Interscope Records,,,USA2P2469410,TOPS,xotic,Main Version,Album,Writer,R&B/Soul,,"SMN,SMG-US",SOS,PLENTY JV,,,,,1/5/2026
Released,,,10/21/2022,1/5/2026,,,Marley Moon,Time Machine,Hamish,"Madison Campbell,Marvin Ballard",15.00%,ESA/Co-Pub,,12/22/2025,,,Independent,,,QZNWY2262434,Time Machine,Everything Is Real!,Main Version,Album,Writer,Singer/Songwriter,,"SMN,SMG-US",SOS,PLENTY JV,,,,,1/5/2026
Released,,,4/21/2023,1/5/2026,,,Angelo Mota,The Rounds,Hamish,"Angelo Mota,Trey Nakhoda",33.33%,ESA/Co-Pub,,12/22/2025,Angelo Mota (Released),,LONG PLAYS ONLY,,,QZN882321504,the rounds,i changed my mind,Explicit,Album,Writer,Hip-Hop/Rap,,"SMN,SMG-US",SOS,PLENTY JV,,,,,1/5/2026
Released,,,5/9/2025,1/5/2026,,,Nami,Suzette,Hamish,"Dylan Teixeira,Josiah Sherman,Karim Hutton,Travis Sayles",5.00%,ESA/Co-Pub,,12/22/2025,Nami (Released),,ONDAS,gamma,,QZS7J2518810,Suzette,WARM,Main Version,Album,Writer,Pop,,"SMN,SMG-US",SOS,PLENTY JV,,,,,1/5/2026
Released,,,3/11/2025,1/5/2026,,,Nami,Suzette,Hamish,"Dylan Teixeira,Josiah Sherman,Karim Hutton,Travis Sayles",5.00%,ESA/Co-Pub,,12/22/2025,Nami (Released),,ONDAS,gamma,,QZS7J2518810,Suzette,Suzette - Single,Main Version,Single,Writer,Pop,,"SMN,SMG-US",SOS,PLENTY JV,,,,,1/5/2026
Released,,,7/7/2023,1/5/2026,,,347aidan,Sunday,Hamish,"Aidan Fuller,Benjamin Katz,Jaasu Mallory,Olivier Cazier",12.50%,ESA/Co-Pub,,12/22/2025,,,Columbia Records,Sony Music Entertainment,,USQX92303738,SUNDAY,SUNDAY - Single,Main Version,Single,Writer,Alternative,,"SMN,SMG-US",SOS,PLENTY JV,,,,,1/5/2026
Released,,,10/13/2023,1/5/2026,,,Marley Moon,Close To You,Hamish,"Madison Campbell,Marvin Ballard",15.00%,ESA/Co-Pub,,12/22/2025,Marley Moon (Released),,Independent,,,QZTB42308753,Close To You (demo),In My Strawberry Pajamas (Demo) - EP,Main Version,EP,Writer,Singer/Songwriter,,"SMN,SMG-US",SOS,PLENTY JV,,,,,1/5/2026
Released,,,10/13/2023,1/5/2026,,,Marley Moon,Sister,Hamish,"Madison Campbell,Marvin Ballard",15.00%,ESA/Co-Pub,,12/22/2025,Marley Moon (Released),,Independent,,,QZTB42308752,Sister (demo),In My Strawberry Pajamas (Demo) - EP,Main Version,EP,Writer,Singer/Songwriter,,"SMN,SMG-US",SOS,PLENTY JV,,,,,1/5/2026
Released,,,10/21/2022,1/5/2026,,,Marley Moon,Sister,Hamish,"Madison Campbell,Marvin Ballard",15.00%,ESA/Co-Pub,,12/22/2025,Marley Moon (Released),,Independent,,,QZNWU2251863,Sister,Everything Is Real!,Main Version,Album,Writer,Singer/Songwriter,,"SMN,SMG-US",SOS,PLENTY JV,,,,,1/5/2026
Released,,,9/30/2022,1/5/2026,,,Marley Moon,Sister,Hamish,"Madison Campbell,Marvin Ballard",15.00%,ESA/Co-Pub,,12/22/2025,Marley Moon (Released),,Independent,,,QZNWU2251863,Sister,Sister - Single,Main Version,Single,Writer,Singer/Songwriter,,"SMN,SMG-US",SOS,PLENTY JV,,,,,1/5/2026
Released,,,1/17/2025,1/5/2026,,,Knock2,Shyne 4 Me,Hamish,"Gianni Schneider,Miguel Oliveira,Piao Huang,Richard Singphiphat,Tim Randolph,Warren Hui",2.50%,ESA/Co-Pub,,12/22/2025,,"PIAO,Warren Hue,Holly",88rising Records LLC,,,QMFME2478639,shyne 4 me (feat. PIAO),nolimit,Main Version,Album,Writer,Dance,,"SMN,SMG-US",SOS,PLENTY JV,,,,,1/5/2026
Released,,,1/17/2025,1/5/2026,,,Knock2,Shake The City,Hamish,"Gianni Lowe,Natalie Solomon,Richard Singphiphat,Tim Randolph",20.00%,ESA/Co-Pub,,12/22/2025,,Naliya,88rising Records LLC,,,QMFME2478555,shake!the!city!,nolimit,Main Version,Album,Writer,Dance,,"SMN,SMG-US",SOS,PLENTY JV,,,,,1/5/2026
Released,,,8/29/2024,1/5/2026,,,VITA,Sayless,Hamish,"Monte Booker,Joshua Portillo,Nathan Reyes ,Sophia Black ,Vita Jutsen",5.00%,ESA/Co-Pub,,12/22/2025,VITA (Released),,Interscope Records,,,USA2P2434266,SAYLESS,BUTTERFLIES - Single,Explicit,Single,Writer,R&B/Soul,,"SMN,SMG-US",SOS,PLENTY JV,,,,,1/5/2026
Released,,,10/18/2024,1/5/2026,,,VITA,Sayless,Hamish,"Monte Booker,Joshua Portillo,Nathan Reyes ,Sophia Black ,Vita Jutsen",5.00%,ESA/Co-Pub,,12/22/2025,VITA (Released),,Interscope Records,,,USA2P2434266,SAYLESS,SAVIOR - Single,Explicit,Single,Writer,R&B/Soul,,"SMN,SMG-US",SOS,PLENTY JV,,,,,1/5/2026
Released,,,11/15/2024,1/5/2026,,,VITA,Sayless,Hamish,"Monte Booker,Joshua Portillo,Nathan Reyes ,Sophia Black ,Vita Jutsen",5.00%,ESA/Co-Pub,,12/22/2025,VITA (Released),,Interscope Records,,,USA2P2434266,SAYLESS,xotic,Explicit,Album,Writer,R&B/Soul,,"SMN,SMG-US",SOS,PLENTY JV,,,,,1/5/2026
Released,,,7/26/2024,1/5/2026,,,VITA,Sayless,Hamish,"Monte Booker,Joshua Portillo,Nathan Reyes ,Sophia Black ,Vita Jutsen",5.00%,ESA/Co-Pub,,12/22/2025,VITA (Released),,Interscope Records,,,USA2P2434266,SAYLESS,SAYLESS - Single,Explicit,Single,Writer,R&B/Soul,,"SMN,SMG-US",SOS,PLENTY JV,,,,,1/5/2026
Released,,,10/18/2024,1/5/2026,,,VITA,Butterflies,Hamish,"Aaron Bortz,Chloe Gasparini,Johnny Hall,Joshua Portillo,Madison Stewart,Solomon Fagenson,Tatiyana Bello,Vita Jutsen",17.50%,ESA/Co-Pub,,12/22/2025,VITA (Released),,Interscope Records,,,USA2P2454522,BUTTERFLIES,SAVIOR - Single,Main Version,Single,Writer,R&B/Soul,,"SMN,SMG-US",SOS,PLENTY JV,,,,,1/5/2026
Released,,,10/18/2024,1/5/2026,,,VITA,Savior,Hamish,"Christopher Smith,Joshua Portillo,Justin Timberlake ,Oscar Gonzalez,Solomon Fagenson,Vita Jutsen",10.00%,ESA/Co-Pub,,12/22/2025,VITA (Released),Smino,Interscope Records,,,USA2P2464437,SAVIOR (feat. Smino),SAVIOR - Single,Explicit,Single,Writer,R&B/Soul,,"SMN,SMG-US",SOS,PLENTY JV,,,,,1/5/2026
Released,,,11/15/2024,1/5/2026,,,VITA,Savior,Hamish,"Christopher Smith,Joshua Portillo,Justin Timberlake ,Oscar Gonzalez,Solomon Fagenson,Vita Jutsen",10.00%,ESA/Co-Pub,,12/22/2025,VITA (Released),Smino,Interscope Records,,,USA2P2464437,SAVIOR (feat. Smino),xotic,Explicit,Album,Writer,R&B/Soul,,"SMN,SMG-US",SOS,PLENTY JV,,,,,1/5/2026
Released,,,11/15/2024,1/5/2026,,,VITA,Reload,Hamish,"Joshua Portillo,Oladipo Omishore,Viktor Ekpo,Vita Jutsen",5.00%,ESA/Co-Pub,,12/22/2025,,,Interscope Records,,,USA2P2469406,RELOAD,xotic,Main Version,Album,Writer,R&B/Soul,,"SMN,SMG-US",SOS,PLENTY JV,,,,,1/5/2026
Released,,,10/20/2023,1/5/2026,,,Jesse Boykins III,Rain,Hamish,Jesse Boykins,20.00%,ESA/Co-Pub,,12/22/2025,,,New Growth Creative Activites,,,QM24S2307063,Rain,New Growth,Main Version,Album,Writer,R&B/Soul,,"SMN,SMG-US",SOS,PLENTY JV,,,,,1/5/2026
Released,,,5/9/2025,1/5/2026,,,Nami,Northstar,Hamish,"Alex Kimball,Dylan Teixeira,Karim Hutton,Mathieu Jomphe-Lepine",10.00%,ESA/Co-Pub,,12/22/2025,Nami (Released),,ONDAS,gamma,,QZQAY2549630,Northstar,WARM,Main Version,Album,Writer,Pop,,"SMN,SMG-US",SOS,PLENTY JV,,,,,1/5/2026
Released,,,1/28/2025,1/5/2026,,,Nami,Northstar,Hamish,"Alex Kimball,Dylan Teixeira,Karim Hutton,Mathieu Jomphe-Lepine",10.00%,ESA/Co-Pub,,12/22/2025,Nami (Released),,ONDAS,gamma,,QZQAY2549630,Northstar,Northstar - Single,Main Version,Single,Writer,Pop,,"SMN,SMG-US",SOS,PLENTY JV,,,,,1/5/2026
Released,,,5/9/2025,1/5/2026,,,Nami,Need You Around,Hamish,"Alex Kimball,Dylan Teixeira,Eddie Benjamin,Mathieu Jomphe-Lepine",5.00%,ESA/Co-Pub,,12/22/2025,,Eddie Benjamin,ONDAS,gamma,,QZQAY2558944,Need You Around (feat. Eddie Benjamin),WARM,Main Version,Album,Writer,Pop,,"SMN,SMG-US",SOS,PLENTY JV,,,,,1/5/2026
Released,,,11/15/2024,1/5/2026,,,VITA,Island,Hamish,"Chloe Gasparini,Jacob Strate,Joshua Portillo,Juleus Cornelius,Leoren Davis,Madison Stewart,Vita Jutsen",10.00%,ESA/Co-Pub,,12/22/2025,,,Interscope Records,,,USA2P2469405,ISLAND,xotic,Main Version,,Writer,R&B/Soul,,"SMN,SMG-US",SOS,PLENTY JV,,,,,1/5/2026
Released,,,9/5/2025,1/5/2026,,,Venna,Indigo,Hamish,"Benjamin Williams,Benny Lock,Brian Hargrove,Malik Venner,Rory Joseph Pagan Wakefield,ussef Dayes",5.00%,ESA/Co-Pub,,12/22/2025,,,Cashmere Thoughts,,,US38Y2539268,Indigo,MALIK,Main Version,Album,Writer,Jazz,,"SMN,SMG-US",SOS,PLENTY JV,,,,,1/5/2026
Released,,,10/21/2022,1/5/2026,,,Marley Moon,I Wanna Feel Alive,Hamish,"Madison Campbell,Marvin Ballard",15.00%,ESA/Co-Pub,,12/22/2025,,,Independent,,,QZNWY2262429,I Wanna Feel Alive,Everything Is Real!,Main Version,Album,Writer,Singer/Songwriter,,"SMN,SMG-US",SOS,PLENTY JV,,,,,1/5/2026
Released,,,9/9/2022,1/5/2026,,,Marley Moon,I'm Right,Hamish,"Madison Campbell,Marvin Ballard",15.00%,ESA/Co-Pub,,12/22/2025,Marley Moon (Released),,Independent,,,QZNWS2225499,I'm Right,I'm Right - Single,Explicit,Single,Writer,Singer/Songwriter,,"SMN,SMG-US",SOS,PLENTY JV,,,,,1/5/2026
Hold,1/5/2026,,,1/5/2026,,,Eric Church,400 Of Mine,Monty Criswell,Casey Beathard,50.00%,ESA/Co-Pub,8/10/2022,10/25/2022,,,EMI Records Nashville,MCA (Music Corporation of America),,,,,Main Version,,Writer,,SMG_MSG_109_6743,"SMN,SMG-US",SOS,FLUID JV II,,,,,1/5/2026
Released,,,4/5/2024,1/5/2026,,,See You Next Year,I Tried,Hamish,"Brian Hammonds,David Drake,Isis Brown,Jaden Wiggins,Martin Rodrigues,Mino Drerup",8.33%,ESA/Co-Pub,,12/22/2025,,Hamond,Big.Ass.Kids,,,US38Y2406403,I tried,Pigeons & Planes presents: See You Next Year 2,Main Version,Album,Writer,Alternative,,"SMN,SMG-US",SOS,PLENTY JV,,,,,1/5/2026
Released,,,9/22/2023,1/5/2026,,,Amindi,I Thought U Were Different,Hamish,"Amindi,Christopher Bass",22.50%,ESA/Co-Pub,,12/22/2025,Amindi (Released),,EQT Recordings,,,QZD5H2000471,i thought u were different,Take What You Need,Explicit,Album,Writer,Hip-Hop,,"SMN,SMG-US",SOS,PLENTY JV,,,,,1/5/2026
Released,,,9/22/2023,1/5/2026,,,Amindi,I Thought U Were Different,Hamish,"Amindi,Christopher Bass",22.50%,ESA/Co-Pub,,12/22/2025,Amindi (Released),,EQT Recordings,,,QZD5H2000471,i thought u were different,Take What You Need And Then Some,Explicit,Album,Writer,Hip-Hop,,"SMN,SMG-US",SOS,PLENTY JV,,,,,1/5/2026
Released,,,9/9/2022,1/5/2026,,,Marley Moon,I'm Right,Hamish,"Madison Campbell,Marvin Ballard",15.00%,ESA/Co-Pub,,12/22/2025,Marley Moon (Released),,Independent,,,QZNWS2225499,I'm Right,Everything Is Real!,Explicit,Album,Writer,Singer/Songwriter,,"SMN,SMG-US",SOS,PLENTY JV,,,,,1/5/2026
Released,,,5/9/2025,1/5/2026,,,Nami,Hues,Hamish,"Dylan Teixeira,Karim Hutton",25.00%,ESA/Co-Pub,,12/22/2025,,,ONDAS,gamma,,QZQAY2535160,Hues,WARM,Main Version,Album,Writer,Pop,,"SMN,SMG-US",SOS,PLENTY JV,,,,,1/5/2026
Released,,,10/24/2025,1/5/2026,,,monte booker,Halo,Hamish,"Monte Booker,Daniel Hoff,Joshua Portillo,Sara Kawai,Vita Jutsen",12.50%,ESA/Co-Pub,,12/22/2025,,VITA,EQT Recordings,,,QM6MZ2533029,halo,noise ( meaning ),Main Version,Album,Writer,Electronic,,"SMN,SMG-US",SOS,PLENTY JV,,,,,1/5/2026
Released,,,1/17/2025,1/5/2026,,,Knock2,Fast N Slow,Hamish,"Lucas Szulansky,Nicholas Smith,Richard Singphiphat,Wilbart McCoy",20.00%,ESA/Co-Pub,,12/22/2025,,VEDO,88rising Records LLC,,,QMFME2478670,fast n slow,nolimit,Main Version,Album,Writer,Dance,,"SMN,SMG-US",SOS,PLENTY JV,,,,,1/5/2026
Released,,,5/9/2025,1/5/2026,,,Nami,Forever,Hamish,"Alex Kimball,Dylan Teixeira,Karim Hutton,Mathieu Jomphe-Lepine,Noah Glassman",5.00%,ESA/Co-Pub,,12/22/2025,,,ONDAS,gamma,,QZQAY2504267,Forever,WARM,Main Version,Album,Writer,Pop,,"SMN,SMG-US",SOS,PLENTY JV,,,,,1/5/2026
Released,,,11/15/2024,1/5/2026,,,VITA,Fade,Hamish,"Dylan Teixeira,Joshua Portillo,Ravyn Lenae,Vita Jutsen",25.00%,ESA/Co-Pub,,12/22/2025,,,Interscope Records,,,USA2P2469404,FADE,xotic,Main Version,Album,Writer,R&B/Soul,,"SMN,SMG-US",SOS,PLENTY JV,,,,,1/5/2026
Released,,,9/5/2025,1/5/2026,,,Venna,Eternal Reflections,Hamish,"Benjamin Williams,Benny Lock,Brian Hargrove,Malik Venner,Rory Joseph Pagan Wakefield,ussef Dayes",5.00%,ESA/Co-Pub,,12/22/2025,,Yussef Dayes,Cashmere Thoughts,,,US38Y2539269,Eternal Reflections (feat. Yussef Dayes),MALIK,Main Version,Album,Writer,Jazz,,"SMN,SMG-US",SOS,PLENTY JV,,,,,1/5/2026
Released,,,9/22/2023,1/5/2026,,,Amindi,Dopamine,Hamish,"Monte Booker,Amindi",5.00%,ESA/Co-Pub,,12/22/2025,Amindi (Released),monte booker,EQT Recordings,,,QZD5H2000464,dopamine,Take What You Need,Main Version,Album,Writer,Hip-Hop,,"SMN,SMG-US",SOS,PLENTY JV,,,,,1/5/2026
Released,,,9/22/2023,1/5/2026,,,Amindi,Dopamine,Hamish,"Monte Booker,Amindi",5.00%,ESA/Co-Pub,,12/22/2025,Amindi (Released),monte booker,EQT Recordings,,,QZD5H2000464,dopamine,Take What You Need And Then Some,Main Version,Album,Writer,Hip-Hop,,"SMN,SMG-US",SOS,PLENTY JV,,,,,1/5/2026
Released,,,8/16/2024,1/5/2026,,,Mathes,Dopamine,Hamish,"Andre Harsvik,Maia Hackett,Maria landi,Mathes,Trey Nakhoda",5.00%,ESA/Co-Pub,,12/22/2025,Mathes (Released),GOLDSPACE,Independent,,,QZS7J2382811,Dopamine (feat. GOLDSPACE),"PEOPLE, PLACES & THINGS",Explicit,Album,Writer,Pop,,"SMN,SMG-US",SOS,PLENTY JV,,,,,1/5/2026
Released,,,9/28/2023,1/5/2026,,,Mathes,Dopamine,Hamish,"Andre Harsvik,Maia Hackett,Maria landi,Mathes,Trey Nakhoda",5.00%,ESA/Co-Pub,,12/22/2025,Mathes (Released),GOLDSPACE,Independent,,,QZS7J2382811,Dopamine (feat. GOLDSPACE),Dopamine (feat. GOLDSPACE) - Single,Explicit,Single,Writer,Pop,,"SMN,SMG-US",SOS,PLENTY JV,,,,,1/5/2026
Released,,,10/21/2022,1/5/2026,,,Marley Moon,Doors,Hamish,"Madison Campbell,Marvin Ballard",15.00%,ESA/Co-Pub,,12/22/2025,,,Independent,,,QZNWY2262430,Doors,Everything Is Real!,Main Version,Album,Writer,Singer/Songwriter,,"SMN,SMG-US",SOS,PLENTY JV,,,,,1/5/2026
Released,,,11/17/2023,1/5/2026,,,Timbaland,Desire,Hamish,"Monte Booker,Joshua Portillo,Madison Stewart,Solomon Fagenson,Timothy Mosley,Vita Jutsen",2.00%,ESA/Co-Pub,,12/22/2025,,VITA,Def Jam Recordings,UMG (Universal Music Group),,USUM72312769,Desire,Desire - Single,Main Version,Single,Writer,Pop,,"SMN,SMG-US",SOS,PLENTY JV,,,,,1/5/2026
Released,,,5/11/2023,1/5/2026,,,Jean Dawson,Delusional World Champion,Hamish,"Austin Corona,Christopher Bass,David Sanders,Jesse Schuster,Michael Gordon,Wyatt Bernard",5.00%,ESA/Co-Pub,,12/22/2025,,,Handwritten Records,,,QZ9H32300016,delusional world champion,"""XCAPE"", PT. 1 JEAN DAWSON AS ""PHOENIX"" - Single",Main Version,Single,Writer,Alternative,,"SMN,SMG-US",SOS,PLENTY JV,,,,,1/5/2026
Released,,,10/8/2025,1/5/2026,,,monte booker,Defense,Hamish,"Monte Booker,Bryan Schwaller,Daniel Hoff,Dylan Teixeira",20.00%,ESA/Co-Pub,,12/22/2025,monte booker (Released),Nami,EQT Recordings,,,QMFME2597230,defense,defense - Single,Main Version,Single,Writer,Electronic,,"SMN,SMG-US",SOS,PLENTY JV,,,,,1/5/2026
Released,,,10/24/2025,1/5/2026,,,monte booker,Defense,Hamish,"Monte Booker,Bryan Schwaller,Daniel Hoff,Dylan Teixeira",20.00%,ESA/Co-Pub,,12/22/2025,monte booker (Released),Nami,EQT Recordings,,,QMFME2597230,defense,noise ( meaning ),Main Version,Album,Writer,Electronic,,"SMN,SMG-US",SOS,PLENTY JV,,,,,1/5/2026
Released,,,5/9/2025,1/5/2026,,,Nami,Connoisseur,Hamish,"Alex Kimball,Dylan Teixeira,Karim Hutton,Mathieu Jomphe-Lepine",5.00%,ESA/Co-Pub,,12/22/2025,Nami (Released),,COLORSxSTUDIOS,,,DEXC82500052,Connoisseur - A COLORS SHOW,Connoisseur - A COLORS SHOW - Single,Main Version,Single,Writer,Pop,,"SMN,SMG-US",SOS,PLENTY JV,,,,,1/5/2026
Released,,,5/9/2025,1/5/2026,,,Nami,Connoisseur,Hamish,"Alex Kimball,Dylan Teixeira,Karim Hutton,Mathieu Jomphe-Lepine",5.00%,ESA/Co-Pub,,12/22/2025,Nami (Released),,ONDAS,gamma,,QZQAY2545710,Connoisseur,WARM,Main Version,Album,Writer,Pop,,"SMN,SMG-US",SOS,PLENTY JV,,,,,1/5/2026
Released,,,2/14/2025,1/5/2026,,,Nami,Connoisseur,Hamish,"Alex Kimball,Dylan Teixeira,Karim Hutton,Mathieu Jomphe-Lepine",5.00%,ESA/Co-Pub,,12/22/2025,Nami (Released),,ONDAS,gamma,,QZQAY2545710,Connoisseur,Connoisseur - Single,Main Version,Single,Writer,Pop,,"SMN,SMG-US",SOS,PLENTY JV,,,,,1/5/2026
Released,,,10/21/2022,1/5/2026,,,Marley Moon,Close To You,Hamish,"Madison Campbell,Marvin Ballard",15.00%,ESA/Co-Pub,,12/22/2025,Marley Moon (Released),,Independent,,,QZNWY2262436,Close To You,Everything Is Real!,Main Version,Album,Writer,Singer/Songwriter,,"SMN,SMG-US",SOS,PLENTY JV,,,,,1/5/2026
Released,,,4/5/2024,1/5/2026,,,See You Next Year,Cesspool,Hamish,"Isis Brown,Jaden Wiggins,Martin Rodrigues",10.00%,ESA/Co-Pub,,12/22/2025,,King Isis,Big.Ass.Kids,,,US38Y2406400,Cesspool,Pigeons & Planes presents: See You Next Year 2,Explicit,Album,Writer,Alternative,,"SMN,SMG-US",SOS,PLENTY JV,,,,,1/5/2026
Released,,,4/5/2024,1/5/2026,,,See You Next Year,Cannot Forget,Hamish,"Deborah Jung,Kenneth Green,Romil Hemnani",17.00%,ESA/Co-Pub,,12/22/2025,,"Kenny Mason,Deb Never",Big.Ass.Kids,,,US38Y2406404,Cannot Forget,Pigeons & Planes presents: See You Next Year 2,Main Version,Album,Writer,Alternative,,"SMN,SMG-US",SOS,PLENTY JV,,,,,1/5/2026
Released,,,9/12/2025,1/5/2026,,,Slayyyter,Cannibalism,Hamish,"Austin Corona,Catherine Garner,Grant Nelson,Myles Martin,Wyatt Bernard",21.00%,ESA/Co-Pub,,12/22/2025,,,Columbia Records,Sony Music Entertainment,,USQX92503769,CANNIBALISM!,CANNIBALISM! - Single,Main Version,Single,Writer,Pop,,"SMN,SMG-US",SOS,PLENTY JV,,,,,1/5/2026
Released,,,10/21/2022,1/5/2026,,,Marley Moon,Can't Help Myself,Hamish,"Madison Campbell,Marvin Ballard",15.00%,ESA/Co-Pub,,12/22/2025,,,Independent,,,QZNWY2262432,Can't Help Myself,Everything Is Real!,Main Version,Album,Writer,Singer/Songwriter,,"SMN,SMG-US",SOS,PLENTY JV,,,,,1/5/2026
Released,,,11/15/2024,1/5/2026,,,VITA,Butterflies,Hamish,"Aaron Bortz,Chloe Gasparini,Johnny Hall,Joshua Portillo,Madison Stewart,Solomon Fagenson,Tatiyana Bello,Vita Jutsen",17.50%,ESA/Co-Pub,,12/22/2025,VITA (Released),,Interscope Records,,,USA2P2454522,BUTTERFLIES,xotic,Main Version,Album,Writer,R&B/Soul,,"SMN,SMG-US",SOS,PLENTY JV,,,,,1/5/2026
Released,,,8/29/2024,1/5/2026,,,VITA,Butterflies,Hamish,"Aaron Bortz,Chloe Gasparini,Johnny Hall,Joshua Portillo,Madison Stewart,Solomon Fagenson,Tatiyana Bello,Vita Jutsen",17.50%,ESA/Co-Pub,,12/22/2025,VITA (Released),,Interscope Records,,,USA2P2454522,BUTTERFLIES,BUTTERFLIES - Single,Main Version,Single,Writer,R&B/Soul,,"SMN,SMG-US",SOS,PLENTY JV,,,,,1/5/2026
Released,,,4/5/2024,1/5/2026,,,See You Next Year,Bob Dylan Bus,Hamish,"Monte Booker,Edwin Green,Isis Brown",25.00%,ESA/Co-Pub,,12/22/2025,,"Kenny Mason,monte booker,King Isis",Big.Ass.Kids,,,US38Y2406388,Bob Dylan Bus (feat. King Isis),Pigeons & Planes presents: See You Next Year 2,Explicit,Album,Writer,Alternative,,"SMN,SMG-US",SOS,PLENTY JV,,,,,1/5/2026
Released,,,2/20/2022,1/5/2026,,,347aidan,Bad Kids,Hamish,"Aidan Fuller,Benjamin Katz",25.00%,ESA/Co-Pub,,12/22/2025,,,Columbia Records,Sony Music Entertainment,,USQX92200577,BAD KIDS,BAD KIDS - Single,Explicit,Single,Writer,Alternative,,"SMN,SMG-US",SOS,PLENTY JV,,,,,1/5/2026
Released,,,6/13/2025,1/5/2026,,,King Isis,Bad 4 Me,Hamish,"Monte Booker,Isis Brown",25.00%,ESA/Co-Pub,,12/22/2025,,,No Matter / Dirty Hit,,,GBK3W2503392,BAD 4 ME,SIRENITY - EP,Explicit,EP,Writer,Alternative,,"SMN,SMG-US",SOS,PLENTY JV,,,,,1/5/2026
Released,,,10/24/2025,1/5/2026,,,monte booker,Awake,Hamish,"Monte Booker,Benjamin Oyortey,Constance Power,Daniel Hoff,Jacob Strate,Ravyn Lenae,Shaan Ramaprasad",3.34%,ESA/Co-Pub,,12/22/2025,,Ravyn Lenae,EQT Recordings,,,QM6MZ2533037,awake,noise ( meaning ),Main Version,Album,Writer,Electronic,,"SMN,SMG-US",SOS,PLENTY JV,,,,,1/5/2026
Released,,,11/15/2024,1/5/2026,,,VITA,Alive,Hamish,"Joshua Portillo,Viktor Ekpo,Vita Jutsen",25.00%,ESA/Co-Pub,,12/22/2025,,,Interscope Records,,,USA2P2469407,ALIVE,xotic,Main Version,Album,Writer,R&B/Soul,SMG_MSG_109_21889,"SMN,SMG-US",SOS,PLENTY JV,,,,,1/5/2026
Released,,,12/19/2025,12/19/2025,,,Kelsey Parks,Chasing After You,Jessica Cayne,"Katie Garfield,Taylor Dubray,Kevin Pearn",25.00%,ESA/Co-Pub,8/25/2024,9/4/2024,,Katie Garfield,Independent,,,QT6EU2523564,,Chasing After You - Single,Main Version,Single,Writer,Pop,SMG_MSG_109_13500,"SMN,SMG-US",SOS,2 MIX JV II,,,,,12/19/2025
Hold,12/18/2025,,,12/18/2025,,,Scotty McCreery ,I Drove Him to Drink,"Derek George,Monty Criswell",Lynn Hutton,66.67%,"ESA/Co-Pub,ESA/Co-Pub",7/12/2022,7/20/2022,,,"Sony Music Nashville,Triple Tigers",,,,,,Main Version,,Writer,Country,"SMG_MSG_109_6281, SMG_MSG_101_225590","SMN,SMG-US","CRESCENDO, SOS","FLUID JV I, FLUID JV II",,,,,12/18/2025
Released,,12/18/2025,1/30/2026,12/18/2025,,,Kate Sykes,Pills,"Mike Fiorentino,Nathan Barlowe",Kate Sykes,66.67%,"ESA/Co-Pub,ESA/Co-Pub",6/2/2025,6/9/2025,,,Independent,,,QZS7J2531421,,Pills - Single,Main Version,Single,Writer,Rock,SMG_MSG_109_18293,"SMN,SMG-US",SOS,FLUID JV II,,,,,1/16/2026
Upcoming,,12/15/2025,,12/16/2025,,,Lee Brice,All The Way Down,Adam Wood,"Lee Brice,Cooper Bascom",33.33%,ESA/Co-Pub,7/23/2025,12/15/2025,,,Curb Records,,checked,,,,Main Version,,Writer,Country,SMG_MSG_109_19619,"SMN,SMG-US",SOS,LBJV,,,,,1/8/2026
Released,,,10/31/2025,12/15/2025,,,Tommy Lyon,Last First Dance,Jordan Cosmo,"Thomas William Lyon,Zacharias Michael Johnny Loizou,Kella Armitage",25.00%,ESA/Co-Pub,12/5/2025,12/5/2025,,,BKM Artists,,,SE6I32577633,,,Main Version,Single,Writer,,SMG_MSG_109_20384,"SMN,SMG-US",SOS,SOS,,,,,12/15/2025
Released,,,6/2/2025,12/15/2025,,,DEEPS,Run,Jordan Cosmo,Sandeep Singh Bains,15.00%,ESA/Co-Pub,12/5/2025,12/5/2025,,,Independent,,,AeA3a2561946,,,Main Version,Single,Writer,,SMG_MSG_109_20383,"SMN,SMG-US",SOS,SOS,,,,,12/15/2025
Released,,,10/17/2025,12/15/2025,,,Max Allais,Everywhere,Jordan Cosmo,"Max Allias,Kunfetti",41.50%,ESA/Co-Pub,12/5/2025,12/5/2025,,,Independent,,,DEUM72507322,,,Main Version,Single,Writer,,,"SMN,SMG-US",SOS,SOS,,,,,12/15/2025
Released,,,3/7/2025,12/15/2025,,,Juno James,City of the Angels,Jordan Cosmo,Juno James,50.00%,ESA/Co-Pub,12/5/2025,12/5/2025,,,Independent,,,QM4TW2568267,,,Main Version,Single,Writer,,SMG_MSG_109_20382,"SMN,SMG-US",SOS,SOS,,,,,12/15/2025
Released,,,4/18/2025,12/15/2025,,,Juno James,Scares Me To Death,Jordan Cosmo,"Juno James,Dean Mizzi",33.33%,ESA/Co-Pub,12/5/2025,12/5/2025,,,Independent,,,QM6MZ2578141,,,Main Version,Single,Writer,,SMG_MSG_109_20381,"SMN,SMG-US",SOS,SOS,,,,,12/15/2025
Released,,,5/23/2025,12/15/2025,,,Tommy Lyon,Ruins,Jordan Cosmo,"Thomas William Lyon,Ryien David Burns",33.33%,ESA/Co-Pub,12/5/2025,12/5/2025,,,BKM Artists,,,QZNJV2533440,,,Main Version,Single,Writer,,SMG_MSG_109_20380,"SMN,SMG-US",SOS,SOS,,,,,12/15/2025
Released,,,7/18/2025,12/15/2025,,,Tommy Lyon,All That I've Known,Jordan Cosmo,"Thomas William Lyon,Ryien David Burns",33.33%,ESA/Co-Pub,12/5/2025,12/5/2025,,,BKM Artists,,,QzNjx2533967,,,Main Version,Single,Writer,,SMG_MSG_109_20378,"SMN,SMG-US",SOS,SOS,,,,,12/15/2025
Released,,,10/17/2025,12/15/2025,,,Pedro Santos,Lady In Red,Jordan Cosmo,Pedro Miguel Da Silva Santos,50.00%,ESA/Co-Pub,12/5/2025,12/5/2025,,,Independent,,,QMDA62568904,,,Main Version,Single,Writer,,SMG_MSG_109_20379,"SMN,SMG-US",SOS,SOS,,,,,12/15/2025
Released,,,6/13/2025,12/15/2025,,,Zach Loizou,Changed Me,Jordan Cosmo,"Zacharias Michael Johnny Loizou,George Fraser",80.00%,ESA/Co-Pub,12/5/2025,12/5/2025,,,Independent,,,QZRP42505820,,,Main Version,Single,Writer,,SMG_MSG_109_20377,"SMN,SMG-US",SOS,SOS,,,,,12/15/2025
Released,,,1/10/2025,12/15/2025,,,Tommy Lyon,Live To Die,Jordan Cosmo,"Thomas WIlliam Lyon,Ryien David Burns",33.33%,ESA/Co-Pub,12/5/2025,12/5/2025,,,BKM Artists,,, QZW9K2494728,,,Main Version,Single,Writer,,SMG_MSG_109_20376,"SMN,SMG-US",SOS,SOS,,,,,12/15/2025
Released,,,12/27/2024,12/15/2025,,,Zach Loizou,She Went LA (Without Her Passport),Jordan Cosmo,Zacharias Michael Johnny Loizou,50.00%,ESA/Co-Pub,12/5/2025,12/5/2025,,,Independent,,,QZW9L2499382,,,Main Version,Single,Writer,,SMG_MSG_109_20375,"SMN,SMG-US",SOS,SOS,,,,,12/15/2025
Released,,,10/24/2024,12/15/2025,,,Zach Loizou,Naughty Boys,Jordan Cosmo,"Zacharias Michael Johnny Loizou,Ryien David Burns",20.00%,ESA/Co-Pub,12/5/2025,12/5/2025,,,Independent,,,QZTVM2459712,,,Main Version,Single,Writer,,SMG_MSG_109_20374,"SMN,SMG-US",SOS,SOS,,,,,12/15/2025
Released,,,5/3/2024,12/15/2025,,,Chaney,I Choose You,Jordan Cosmo,"Michael Henry Kintish,Daniel Imran Shah,Theo Lyndon Altieri",26.67%,ESA/Co-Pub,12/5/2025,12/5/2025,,,Independent,,,GBJAJ2400531,,,Main Version,Single,Writer,,SMG_MSG_109_20373,"SMN,SMG-US",SOS,SOS,,,,,12/15/2025
Released,,,5/16/2024,12/15/2025,,,CHINCHILLA,1:05,Jordan Cosmo,Chinchilla,50.00%,ESA/Co-Pub,12/5/2025,12/5/2025,,,Independent,,,GBUM72401588,,,Main Version,Single,Writer,,SMG_MSG_109_20371,"SMN,SMG-US",SOS,SOS,,,,,12/15/2025
Released,,,4/26/2024,12/15/2025,,,Natalie Shay,All The Time,Jordan Cosmo,"Emily Jane Hayball,Camilla Cecile Alice Dunhill",33.34%,ESA/Co-Pub,12/5/2025,12/5/2025,,,Independent,,,UKW8X2400004,,,Main Version,Single,Writer,,SMG_MSG_109_20370,"SMN,SMG-US",SOS,SOS,,,,,12/15/2025
Released,,,5/10/2024,12/15/2025,,,Jonas Blue,Mountains,Jordan Cosmo,"Virginia Breakwell,George Fraser,James De Roche,Guy James Robin,Davi Anthony Phrelan,Negin Djafari,Christian Lars Karlsson,Alexander Oriet,Jan HJM Garritsen,Marc A Oosterbaan",6.00%,ESA/Co-Pub,12/5/2025,12/5/2025,,Galantis,Independent,,,GBUM72402507,,,Main Version,Single,Writer,,SMG_MSG_109_20369,"SMN,SMG-US",SOS,SOS,,,,,12/15/2025
Released,,,5/31/2024,12/15/2025,,,Declan J Donovan,Ride Or Die,Jordan Cosmo,"Declan Donovan,Illayda Seval Thober,Darius Henry Karrenberg",25.00%,ESA/Co-Pub,12/5/2025,12/5/2025,,,Independent,,,DEE862400819,,,Main Version,Single,Writer,,SMG_MSG_109_20368,"SMN,SMG-US",SOS,SOS,,,,,12/15/2025
Released,,,1/12/2023,12/15/2025,,,Here At Last,Dear Taylor,Jordan Cosmo,"Thomas WIlliam Lyon,James Thomas,Pedro Miguel Da Silva Santos,Zacharias Michael Johnny Loizou,Ryien David Burns",33.33%,ESA/Co-Pub,12/5/2025,12/5/2025,,,Independent,,,QZW9L2388502,,,Main Version,Single,Writer,,SMG_MSG_109_20367,"SMN,SMG-US",SOS,SOS,,,,,12/15/2025
Released,,,8/18/2023,12/15/2025,,,Here At Last,Let Go,Jordan Cosmo,"Thomas William Lyon,Pedro Miguel Da Silva Santos,Zacharias Michael Johnny Loizou,Ryien David Burns,Declan Donovan,James Thomas",33.33%,ESA/Co-Pub,12/5/2025,12/5/2025,,,Independent,,,DGA072316491,,EP1,Main Version,Album,Writer,,SMG_MSG_109_20366,"SMN,SMG-US",SOS,SOS,,,,,12/15/2025
Released,,,5/28/2021,12/15/2025,,,Jonas Blue,Hear Me Say,Jordan Cosmo,"Lotta Louise,Leah Jaqueline Lindgren,Guy James Robin,Robert David William Ellmore,David Brook,David James Pringle,Virginia Breakwell,George Fraser,James De Roche",1.00%,ESA/Co-Pub,12/5/2025,12/5/2025,,,Independent,,,GBUM72102776,,,Main Version,Single,Writer,,SMG_MSG_109_20365,"SMN,SMG-US",SOS,SOS,,,,,12/15/2025
Released,,,4/21/2023,12/15/2025,,,CHINCHILLA,Little Girl Gone,Jordan Cosmo,Chinchilla,45.00%,ESA/Co-Pub,12/5/2025,12/5/2025,,,Independent,,,GBGLW2300286,,,Main Version,Single,Writer,,SMG_MSG_109_20323,"SMN,SMG-US",SOS,SOS,,,,,12/15/2025
Released,,,3/31/2023,12/15/2025,,,Lex Gibbon,One More Party,Jordan Cosmo,"Lex Gibbon,Christina Hart",33.34%,ESA/Co-Pub,12/5/2025,12/5/2025,,,Independent,,,SGB502334289,,,Main Version,Single,Writer,,SMG_MSG_109_20322,"SMN,SMG-US",SOS,SOS,,,,,12/15/2025
Released,,,9/15/2023,12/15/2025,,,Loud Liars,Taking Control,Jordan Cosmo,"James Plimmer,Lauren Baxter",33.33%,ESA/Co-Pub,12/5/2025,12/5/2025,,,Independent,,,UKN8A2300001,,,Main Version,Single,Writer,,SMG_MSG_109_20320,"SMN,SMG-US",SOS,SOS,,,,,12/15/2025
Released,,,2/9/2024,12/15/2025,,,Loud Liars,Red Handed,Jordan Cosmo,"James Plimmer,Lauren Baxter",33.33%,ESA/Co-Pub,12/5/2025,12/5/2025,,,Independent,,,UKN8A2400001,,,Main Version,Single,Writer,,SMG_MSG_109_20319,"SMN,SMG-US",SOS,SOS,,,,,12/15/2025
Released,,,8/6/2021,12/15/2025,,,Richard Durand,Made Of Stone,Jordan Cosmo,"Sarah Kate Warren,Leenderd T Richard Schooneveld",25.00%,ESA/Co-Pub,12/5/2025,12/5/2025,,,Independent,,,GX2D42100010,,,Main Version,Single,Writer,,SMG_MSG_109_20318,"SMN,SMG-US",SOS,SOS,,,,,12/15/2025
Released,,,1/14/2019,12/15/2025,,,Myris,Disappear,Jordan Cosmo,"Sarah Kate Warren,Prateek Choudhary",33.33%,ESA/Co-Pub,12/5/2025,12/5/2025,,,Independent,,,QM6DC1909549,,,Main Version,Single,Writer,,SMG_MSG_109_20317,"SMN,SMG-US",SOS,SOS,,,,,12/15/2025
Released,,,8/11/2023,12/15/2025,,,Markus Schulz,Light On,Jordan Cosmo,"Sarah Kate Warren,Markus Schulz",25.00%,ESA/Co-Pub,12/5/2025,12/5/2025,,,Independent,,,NLE712300462,,,Main Version,Single,Writer,,SMG_MSG_109_20316,"SMN,SMG-US",SOS,SOS,,,,,12/15/2025
Released,,,6/30/2023,12/15/2025,,,Codeko,Violet Sky,Jordan Cosmo,"Sarah Kate Warren,Edward Clarke",25.00%,ESA/Co-Pub,12/5/2025,12/5/2025,,,Independent,,,CA5KR2354377,,,Main Version,Single,Writer,,SMG_MSG_109_20312,"SMN,SMG-US",SOS,SOS,,,,,12/15/2025
Released,,,6/19/2020,12/15/2025,,,EGZOD,Wildfire,Jordan Cosmo,"Sarah Kate Warren,Carlos Alexandre Carvalho Martins",25.00%,ESA/Co-Pub,12/5/2025,12/5/2025,,,Independent,,,DEUM72003808,,,Main Version,Single,Writer,,,"SMN,SMG-US",SOS,SOS,,,,,12/15/2025
Released,,,1/17/2020,12/15/2025,,,LIIMO,Thinking About It,Jordan Cosmo,"Virginia Breakwell,Kieran Feter,Callum James Paterson,James Alexander Robertson",20.00%,ESA/Co-Pub,12/5/2025,12/5/2025,,,Independent,,,GBKPL1980040,,Volume 01,Main Version,Album,Writer,,SMG_MSG_109_20309,"SMN,SMG-US",SOS,SOS,,,,,12/15/2025
Released,,,11/5/2020,12/15/2025,,,AJ Wander,Time Out,Jordan Cosmo,AJ Wander,35.00%,ESA/Co-Pub,12/5/2025,12/5/2025,,,Independent,,,TCAFE2040753,,,Main Version,Single,Writer,,SMG_MSG_109_20315,"SMN,SMG-US",SOS,SOS,,,,,12/15/2025
Released,,,7/24/2020,12/15/2025,,,Luke Bond,Satellites,Jordan Cosmo,"Sarah Kate Warren,Luke Bond",25.00%,ESA/Co-Pub,12/5/2025,12/5/2025,,,Armada,,,NLF712007252,,,Main Version,Single,Writer,,SMG_MSG_109_20314,"SMN,SMG-US",SOS,SOS,,,,,12/15/2025
Released,,,6/18/2021,12/15/2025,,,KAIVON,Dream,Jordan Cosmo,"Sarah Kate Warren,Kavion August Simab",25.00%,ESA/Co-Pub,12/5/2025,12/5/2025,,,Independent,,,CA5KR2170273,,,Main Version,Single,Writer,,SMG_MSG_109_20313,"SMN,SMG-US",SOS,SOS,,,,,12/15/2025
Released,,,11/29/2019,12/15/2025,,,LIIMO,Old School,Jordan Cosmo,"Virginia Breakwell,George Fraser,James De Roche,Kieran Feter,Callum James Paterson,James Alexander Robertson",10.00%,ESA/Co-Pub,12/5/2025,12/5/2025,,,Independent,,,GbKpl1976617,,Volume 01,Main Version,Album,Writer,,SMG_MSG_109_20311,"SMN,SMG-US",SOS,SOS,,,,,12/15/2025
Released,,,11/29/2019,12/15/2025,,,Adventure Club,Never Surrender,Jordan Cosmo,"Sarah Kate Warren,Edward Clarke,Leighton James,Christian Srigley",25.00%,ESA/Co-Pub,12/5/2025,12/5/2025,,,Independent,,,USUS12100721,,,Main Version,Single,Writer,,SMG_MSG_109_20310,"SMN,SMG-US",SOS,SOS,,,,,12/15/2025
Released,,,1/28/2020,12/15/2025,,,Ben Nicky,Giving You Up,Jordan Cosmo,"Sarah Kate Warren,Benjamin Nikki Reginald,Alfie Geno Raymond",25.00%,ESA/Co-Pub,12/5/2025,12/5/2025,,,Independent,,,719131751,,,Main Version,Single,Writer,,SMG_MSG_109_20308,"SMN,SMG-US",SOS,SOS,,,,,12/15/2025
Released,,,6/11/2021,12/15/2025,,,Daniel Gloven,Faking Love,Jordan Cosmo,"Sarah Kate Warren,Daniel Svenningsen",25.00%,ESA/Co-Pub,12/5/2025,12/5/2025,,,Independent,,,NLUM72100278,,,Main Version,Single,Writer,,SMG_MSG_109_20307,"SMN,SMG-US",SOS,SOS,,,,,12/15/2025
Released,,,2/25/2022,12/15/2025,,,Player 1,Psycho,Jordan Cosmo,"Gabriel Russel,Sarah Kate Warren,Diveno,Pavlos Manolis,Loukas Damianakos",25.00%,ESA/Co-Pub,12/5/2025,12/5/2025,,,Independent,,,NL5WB2200006,,,Main Version,Single,Writer,,SMG_MSG_109_20306,"SMN,SMG-US",SOS,SOS,,,,,12/15/2025
Released,,,1/13/2022,12/15/2025,,,Excision,Back To Life,Jordan Cosmo,"Sarah Kate Warren,Excision",33.33%,ESA/Co-Pub,12/5/2025,12/5/2025,,,Independent,,,QZHCR2100239,,Onyx,Main Version,Album,Writer,,SMG_MSG_109_20305,"SMN,SMG-US",SOS,SOS,,,,,12/15/2025
Released,,,7/29/2022,12/15/2025,,,Arc North,Broken Roads,Jordan Cosmo,"Virginia Breakwell,George Fraser,James De Roche,Oscar Jan Bengt Christiansson,Valentin Rieff",8.33%,ESA/Co-Pub,12/5/2025,12/5/2025,,,Independent,,,CA5KR2266745,,,Main Version,Single,Writer,,SMG_MSG_109_20304,"SMN,SMG-US",SOS,SOS,,,,,12/15/2025
Released,,,11/8/2023,12/15/2025,,,Syn Cole,Let You Go,Jordan Cosmo,"Virginia Breakwell,George Fraser,James De Roche,Rene Pais",20.00%,ESA/Co-Pub,12/5/2025,12/5/2025,,,Independent,,,BEIW12300474,,,Main Version,Single,Writer,,SMG_MSG_109_20303,"SMN,SMG-US",SOS,SOS,,,,,12/15/2025
Released,,,10/14/2022,12/15/2025,,,MIYA MIYA,Without Me,Jordan Cosmo,"Virginia Breakwell,George Fraser,James De Roche",25.00%,ESA/Co-Pub,12/5/2025,12/5/2025,,,Independent,,,GBKPL2214131,,,Main Version,Single,Writer,,SMG_MSG_109_20302,"SMN,SMG-US",SOS,SOS,,,,,12/15/2025
Released,,,7/1/2022,12/15/2025,,,MIYA MIYA,H8 Me 2,Jordan Cosmo,"Virginia Breakwell,George Fraser,James De Roche",25.00%,ESA/Co-Pub,12/5/2025,12/5/2025,,,Independent,,,GBKPL2202101,,,Main Version,Single,Writer,,SMG_MSG_109_20301,"SMN,SMG-US",SOS,SOS,,,,,12/15/2025
Released,,,11/24/2021,12/15/2025,,,MIYA MIYA,Cool,Jordan Cosmo,"Virginia Breakwell,George Fraser,James De Roche",25.00%,ESA/Co-Pub,12/5/2025,12/5/2025,,,Independent,,,GBKPL2171143,,,Main Version,Single,Writer,,SMG_MSG_109_20300,"SMN,SMG-US",SOS,SOS,,,,,12/15/2025
Released,,,7/30/2021,12/15/2025,,,MIYA MIYA,Rules,Jordan Cosmo,"Virginia Breakwell,George Fraser,James De Roche",25.00%,ESA/Co-Pub,12/5/2025,12/5/2025,,,Independent,,,GBKPL2157587,,,Main Version,Single,Writer,,SMG_MSG_109_20299,"SMN,SMG-US",SOS,SOS,,,,,12/15/2025
Released,,,6/11/2021,12/15/2025,,,MIYA MIYA,Want You,Jordan Cosmo,"Virginia Breakwell,George Fraser,James De Roche",25.00%,ESA/Co-Pub,12/5/2025,12/5/2025,,,Independent,,,GBKPL2152694,,,Main Version,Single,Writer,,SMG_MSG_109_20298,"SMN,SMG-US",SOS,SOS,,,,,12/15/2025
Released,,,6/26/2020,12/15/2025,,,MIYA MIYA,Cold Blood,Jordan Cosmo,"Virginia Breakwell,George Fraser,James De Roche",25.00%,ESA/Co-Pub,12/5/2025,12/5/2025,,,Independent,,,GBKPL2097695,,Cold Blood EP,Main Version,EP,Writer,,SMG_MSG_109_20297,"SMN,SMG-US",SOS,SOS,,,,,12/15/2025
Released,,,6/26/2020,12/15/2025,,,MIYA MIYA,Wolves,Jordan Cosmo,"Virginia Breakwell,George Fraser,James De Roche",25.00%,ESA/Co-Pub,12/5/2025,12/5/2025,,,Independent,,,GBKPL2097694,,Cold Blood EP,Main Version,EP,Writer,,SMG_MSG_109_20296,"SMN,SMG-US",SOS,SOS,,,,,12/15/2025
Released,,,6/26/2020,12/15/2025,,,MIYA MIYA,On My Mind,Jordan Cosmo,"Virginia Breakwell,George Fraser,James De Roche",25.00%,ESA/Co-Pub,12/5/2025,12/5/2025,,,Independent,,,GBKPL2097693,,Cold Blood EP,Main Version,EP,Writer,,SMG_MSG_109_20295,"SMN,SMG-US",SOS,SOS,,,,,12/15/2025
Released,,,5/7/2020,12/15/2025,,,MIYA MIYA,Hometown,Jordan Cosmo,"Virginia Breakwell,George Fraser,James De Roche",25.00%,ESA/Co-Pub,12/5/2025,12/5/2025,,,Independent,,,GBKPL2097696,,Cold Blood EP,Main Version,EP,Writer,,SMG_MSG_109_20294,"SMN,SMG-US",SOS,SOS,,,,,12/15/2025
Released,,,3/4/2020,12/15/2025,,,MIYA MIYA,Under Construction,Mike Fiorentino,"Kylie Morgan,Tammi L Kidd",33.34%,ESA/Co-Pub,7/22/2019,8/2/2019,,,Independent,,,GBKPL2087787,,,Main Version,Single,Writer,,SMG_MSG_101_190806,"SMN,SMG-US",CRESCENDO,FLUID JV I,,,,,12/15/2025
Released,,,11/15/2019,12/15/2025,,,Jonas Blue,All Night Long,Jordan Cosmo,"Virginia Breakwell,George Fraser,James De Roche,Guy James Robin,Mathieu Arnaud",7.50%,ESA/Co-Pub,12/5/2025,12/5/2025,,,Independent,,,GBUM71905793,,,Main Version,Single,Writer,,SMG_MSG_109_20292,"SMN,SMG-US",SOS,SOS,,,,,12/15/2025
Released,,,1/11/2019,12/15/2025,,,CHINCHILLA,Cold Water,Jordan Cosmo,Chinchilla,50.00%,ESA/Co-Pub,12/5/2025,12/5/2025,,,Independent,,,NL1AP1969381,,,Main Version,Single,Writer,,disregard delete,"SMN,SMG-US",SOS,SOS,,,,,12/15/2025
Released,,,4/17/2020,12/15/2025,,,CHINCHILLA,Shadows,Jordan Cosmo,Chinchilla,50.00%,ESA/Co-Pub,12/5/2025,12/5/2025,,,Independent,,,NL1AP2021049,,Awakening,Main Version,Album,Writer,,test please delete,"SMN,SMG-US",SOS,SOS,,,,,12/15/2025
Hold,12/11/2025,,,12/11/2025,,,Kasey Tyndall ,Next To Nothing,"Kasey Tyndall,Michael Hardy,David Garcia",,100.00%,"ESA/Co-Pub,ESA/Co-Pub,ESA/Co-Pub",11/13/2025,11/14/2025,,,MNRK Records LP,,,,,,Main Version,,Writer,Country,SMG_MSG_109_19538,"SMN,SMG-US",SOS,"2 MIX JV III, SOS",,,,,12/11/2025
Released,,,12/12/2025,12/9/2025,,,Matt Hansen,Compass,Sara Boe,"Alexander Borel,Matt Hansen,Colin Foote",25.00%,ESA/Co-Pub,,12/9/2025,Matt Hansen (Released),,Independent,,,"QM24S2506949
",,,Main Version,Single,Writer,,SMG_MSG_109_19596,"SMN,SMG-US",SOS,SOS,,,,,12/12/2025
Upcoming,,12/8/2025,,12/8/2025,,,Jem Cassar-Daley,Cliches,Brock Westover,"Jem Cassar-Daley,Jordyn Dodd",33.33%,ESA/Co-Pub,5/29/2024,7/31/2024,"Jem Cassar-Daley (Upcoming), Jem Cassar-Daley (Released)",,Sony Music Entertainment,,checked,,,,Main Version,,Writer,Pop,SMG_MSG_109_13967,"SMN,SMG-US",SOS,FUTURISTICS JV,,,,,12/8/2025
Released,,,12/19/2025,12/8/2025,,,Mira Housey,Sleeping In My Makeup,Mira Housey,,100.00%,ESA/Co-Pub,,12/5/2025,,,Independent,,,QZZEB2505657,,,Main Version,Single,Writer,,SMG_MSG_109_19576,"SMN,SMG-US",SOS,ROWE JV,,,,,1/22/2026
Released,,,12/5/2025,12/5/2025,,,Connor McCutcheon,It Ain't Mine,Connor McCutcheon,"Evan Cline,Lee Starr",0.00%,,9/25/2025,11/4/2025,,,Independent,,,QMFMG2516822,,It Ain't Mine - Single,Main Version,Single,"Writer,Artist",,SMG_MSG_109_19406,"SMN,SMG-US",SOS,FLUID JV II,,,,,12/5/2025
Released,,,12/5/2025,12/4/2025,,,Jackie Lee,After Loving You,Jeremy Bussey,Jackie Lee,50.00%,ESA/Co-Pub,5/28/2019,6/20/2019,,,Independent,,,QZEQU2502564,,,Main Version,Single,Writer,,SMG_MSG_101_207151,"SMN,SMG-US",CRESCENDO,FLUID JV I,,,,,12/5/2025
Hold,12/3/2025,,,12/3/2025,,,Jon Pardi,Neon Don’t Know,Ryan Beaver,"Joe Clemmons,Bart Butler,Sam Bergeson",25.00%,ESA/Co-Pub,11/11/2025,11/12/2025,,,Capitol Records Nashville,MCA (Music Corporation of America),,,,,Main Version,,Writer,Country,SMG_MSG_109_19503,"SMN,SMG-US",SOS,2 MIX JV II,,,,,12/3/2025
Hold,12/3/2025,,,12/3/2025,,,Alli Walker,Ain't Mad At It,Cale Dodds,"Alli Walker,Kipp Williams",33.34%,ESA/Co-Pub,11/12/2025,12/1/2025,,,Independent,,,,,,Main Version,,Writer,Country,SMG_MSG_109_19571,"SMN,SMG-US",SOS,FLUID JV II,,,,,12/3/2025
Released,,,8/8/2025,12/1/2025,,,Clever,Still,LECADE,"Forrest Finn,Joshua Tyler Huie,Paul Wrock",25.00%,ESA/Co-Pub,3/24/2025,8/8/2025,,,Empire,,,QZ5FA2550089,,Still - Single,Main Version,Single,Writer,Country,SMG_MSG_109_18502,"SMN,SMG-US",SOS,LASA / HoB JV,,,,,12/1/2025
Released,,,12/12/2025,11/26/2025,,,Jaz Karis,Is It Alright?,Chizzy,"Jaz Karis,Christian Israel Mombru,Kristian Karl Landberg Hossy,Joyce Wrice,Mizzylott,3ee",8.50%,Admin,,11/25/2025,,"Joyce Wrice,3ee",Independent,,,US5ED2507576,,,Main Version,Single,Writer,,SMG_MSG_109_19563,"SMN,SMG-US",SOS,SOS,,,,,1/22/2026
Released,,,11/14/2025,11/24/2025,,,Tyler James Bellinger,Holly Jolly Good Time,Cale Dodds,"Jaden Michaels,Gavin Slate,Phil Barton",25.00%,ESA/Co-Pub,8/2/2023,11/20/2025,,,Independent,,,US23A8583303,,Growin' Up Holiday Vol. 2,Main Version,EP,Writer,Country,SMG_MSG_109_19557,"SMN,SMG-US",SOS,FLUID JV II,,,,,11/24/2025
Released,,,11/14/2025,11/24/2025,,,Sammy Arriaga,Small Town Santa,Cale Dodds,"Jaden Michaels,Gavin Slate,Phil Barton",25.00%,ESA/Co-Pub,8/2/2023,11/20/2025,,,Sony Music Nashville,,,US23A8583302,,Growin' Up Holiday Vol. 2,Main Version,EP,Writer,Country,SMG_MSG_109_19556,"SMN,SMG-US",SOS,FLUID JV II,,,,,11/24/2025
Hold,11/24/2025,,,11/24/2025,,,Cole Goodwin,Lucky Sometimes,"Derek George,Monty Criswell,Brent Anderson",Cole Goodwin,75.00%,"ESA/Co-Pub,ESA/Co-Pub,ESA/Co-Pub",9/29/2025,10/3/2025,,,Big Machine Label Group,,,,,,Main Version,,Writer,Country,SMG_MSG_109_19154,"SMN,SMG-US",SOS,FLUID JV II,,,,,11/24/2025
Released,,,11/24/2025,11/24/2025,,,Marc Tinez,Si Se Va La Luz,Marc Tinez,"Sammy Haig,Willum Maindo,Aidan DiGregorio,Illmari",34.00%,ESA/Co-Pub,,11/24/2025,,,M. Tinez Records,,,ES75E2512321,,,Main Version,Single,Writer,,SMG_MSG_109_19559,"SMN,SMG-US",SOS,CHIZZY JV,,,,,11/24/2025
Released,,,1/12/2024,11/21/2025,,,The Black Crowes,Wanting and Waiting,"Chris Robinson,Rich Robinson",,100.00%,"Admin,Admin",,2/14/2024,,,Silver Arrow Records,,,USME32300503,,Wanting and Waiting,Main Version,Single,Writer,,SMG_MSG_109_11465,"SMN,SMG-US",SOS,SOS,,,,,11/21/2025
Released,,,11/21/2025,11/21/2025,,,Eric Church,Bleed On Paper,Monty Criswell,"Casey Beathard,Tucker Beathard",33.34%,ESA/Co-Pub,6/9/2021,6/16/2021,Eric Church (Released),,EMI Records Nashville,MCA (Music Corporation of America),,USUG12509148,"Bleed On Paper (Live At The Pinnacle, Nashville, TN / May 24, 2025)",Evangeline vs. The Machine: Comes Alive (Original Motion Picture Soundtrack),Live Version,Single,Writer,,SMG_MSG_101_214289,"SMN,SMG-US",CRESCENDO,FLUID JV I,,,,,11/21/2025
Released,,,11/21/2025,11/21/2025,,,Jameson Rodgers,Small Town American Heartbreak,David Garcia,"Jameson Rodgers,Lynn Hutton,Will Bundy",25.00%,ESA/Co-Pub,1/3/2023,2/14/2023,,,Independent,,,QZEQU2501995,Small Town American Heartbreak,Small Town American Heartbreak - Single,Main Version,Single,Writer,,SMG_MSG_101_236103,"SMN,SMG-US",CRESCENDO,CRESCENDO,,,,,11/21/2025
Released,,,11/19/2025,11/21/2025,,,William Clark Green,Watterson Hall (Me & You),Ryan Beaver,"Benjy Davis,William Clark Green",33.33%,ESA/Co-Pub,5/29/2025,11/6/2025,,,Independent,,,QM24S2506582,Watterson Hall (Me & You),Watterson Hall (Me & You) - Single,Main Version,Single,Writer,,SMG_MSG_109_19496,"SMN,SMG-US",SOS,2 MIX JV II,,,,,11/21/2025
Released,,,12/5/2025,11/21/2025,,,Zach Hood,Southern Belle,Sawyer Utah,"Zach Hood,Spencer Jordan",40.00%,ESA/Co-Pub,8/6/2025,9/11/2025,,,Coup D'Etat Recordings,,,CA5KR2602902,,,Main Version,Single,Writer,,SMG_MSG_109_19555,"SMN,SMG-US",SOS,VISCYRL / ARCADE JV,,,,,12/8/2025
Released,,,11/28/2025,11/20/2025,,,Trace Adkins,One More Christmas,"Derek George,Monty Criswell",Trace Adkins,66.67%,"ESA/Co-Pub,ESA/Co-Pub",6/12/2024,11/8/2024,,,Independent,,,QM24S2506993,,One More Christmas - Single,Main Version,Single,"Writer,Producer",Holiday,SMG_MSG_109_13793,"SMN,SMG-US",SOS,FLUID JV II,,,,,12/1/2025
Released,,,1/12/2024,11/19/2025,,,SZNS,Nice Things,Chizzy,"Jeremy Thurber,Michael Hart,Sadie Rose Van",25.00%,Admin,,1/12/2024,,,,,,QZWFN2341353,,Nice Things - Single,Main Version,Single,Writer,,SMG_MSG_109_14380,"SMN,SMG-US",SOS,SOS,,,,,11/19/2025
Released,,,8/16/2024,11/19/2025,,,JaeyBxrd,Cut Me Open,Remy Gautreau,"John Wayne Burden,Pat Linehan,Zachary Dietsche",25.00%,ESA/Co-Pub,,1/30/2024,,,,,,QZFZ42403365,Cut Me Open,Good Bad & Ugly,Main Version,Album,Writer,,SMG_MSG_109_11610,"SMN,SMG-US",SOS,ARCADE JV,,,,,11/19/2025
Released,,,2/9/2024,11/19/2025,,,Sawyer Utah,One Last Time,Sawyer Utah,Benzi Edelson,50.00%,ESA/Co-Pub,11/1/2022,11/17/2023,,,VISCYRL X,,,QZFZ42435590,,One Last Time - Single,Main Version,Single,Writer,,"SMG_MSG_101_238252, SMG_MSG_109_7477","SMN,SMG-US",SOS,VISCYRL / ARCADE JV,,,,,11/19/2025
Released,,,2/16/2024,11/19/2025,,,Black Caviar,Stick Up,Remy Gautreau,"Cherise Gary,Domenico Randazzo,Jared Piccone,Patrick Nissley,Troy Hinson",19.00%,ESA/Co-Pub,,10/30/2024,,UNIIQU3,Independent,,,CA5KR2420427,,Stick Up - Single,Main Version,Single,Writer,,SMG_MSG_109_10016,"SMN,SMG-US",SOS,ARCADE JV,,,,,11/19/2025
Released,,,2/27/2024,11/19/2025,,,Mira Housey,Talk Too Much,Mira Housey,,100.00%,ESA/Co-Pub,,10/3/2024,,,Independent,,,QZPEW2405441,,Talk Too Much - Single,Main Version,Single,Writer,,SMG_MSG_109_14405,"SMN,SMG-US",SOS,ROWE JV,,,,,11/19/2025
Released,,,2/28/2024,11/19/2025,,,Black Caviar,Waiting My Whole Life For This,Remy Gautreau,"Jared Piccone,Troy Hinson",45.00%,ESA/Co-Pub,,10/30/2024,,,Independent,,,QZFZ72401561,,Waiting My Whole Life For This - Single,Main Version,Single,Writer,,SMG_MSG_109_10563,"SMN,SMG-US",SOS,ARCADE JV,,,,,11/19/2025
Released,,,3/15/2024,11/19/2025,,,The Black Crowes,Kindred Friend,"Chris Robinson,Rich Robinson",,100.00%,"Admin,Admin",,2/14/2024,,,Silver Arrow Records,,,USME32300509,Kindred Friend,Happiness Bastards,Main Version,Album,Writer,,SMG_MSG_109_11449,"SMN,SMG-US",SOS,SOS,,,,,11/19/2025
Released,,,3/15/2024,11/19/2025,,,The Black Crowes,Follow The Moon,"Chris Robinson,Rich Robinson",,100.00%,"Admin,Admin",,2/14/2024,,,Silver Arrow Records,,,USME32300508,Follow The Moon,Happiness Bastards,Main Version,Album,Writer,,SMG_MSG_109_11441,"SMN,SMG-US",SOS,SOS,,,,,11/19/2025
Released,,,3/15/2024,11/19/2025,,,The Black Crowes,Flesh Wound,"Chris Robinson,Rich Robinson",,100.00%,"Admin,Admin",,2/14/2024,,,Silver Arrow Records,,,USME32300507,Flesh Wound,Happiness Bastards,Main Version,Album,Writer,,SMG_MSG_109_11440,"SMN,SMG-US",SOS,SOS,,,,,11/19/2025
Released,,,3/15/2024,11/19/2025,,,The Black Crowes,Bleed It Dry,"Chris Robinson,Rich Robinson",,100.00%,"Admin,Admin",,2/14/2024,,,Silver Arrow Records,,,USME32300506,Bleed It Dry,Happiness Bastards,Main Version,Album,Writer,,SMG_MSG_109_11432,"SMN,SMG-US",SOS,SOS,,,,,11/19/2025
Released,,,3/15/2024,11/19/2025,,,The Black Crowes,Dirty Cold Sun,"Chris Robinson,Rich Robinson",,100.00%,"Admin,Admin",,2/14/2024,,,Silver Arrow Records,,,USME32300505,Dirty Cold Sun,Happiness Bastards,Main Version,Album,Writer,,SMG_MSG_109_11436,"SMN,SMG-US",SOS,SOS,,,,,11/19/2025
Released,,,3/15/2024,11/19/2025,,,The Black Crowes,Wilted Rose (feat. Lainey Wilson),"Chris Robinson,Rich Robinson",,100.00%,"Admin,Admin",,2/14/2024,,Lainey Wilson,Silver Arrow Records,,,USME32300504,Wilted Rose (Feat. Lainey Wilson), Happiness Bastards,Main Version,Single,Writer,,SMG_MSG_109_11837,"SMN,SMG-US",SOS,SOS,,,,,11/19/2025
Released,,,3/15/2024,11/19/2025,,,The Black Crowes,Cross Your Fingers,"Chris Robinson,Rich Robinson",,100.00%,"Admin,Admin",,2/14/2024,,,Silver Arrow Records,,,USME32300502,Cross Your Fingers,Happiness Bastards,Main Version,Album,Writer,,SMG_MSG_109_11435,"SMN,SMG-US",SOS,SOS,,,,,11/19/2025
Released,,,3/15/2024,11/19/2025,,,The Black Crowes,Rats and Clowns,"Chris Robinson,Rich Robinson",,100.00%,"Admin,Admin",,2/14/2024,,,Silver Arrow Records,,,USME32300501,Rats and Clowns,Happiness Bastards,Main Version,Single,Writer,,SMG_MSG_109_11456,"SMN,SMG-US",SOS,SOS,,,,,11/19/2025
Released,,,3/15/2024,11/19/2025,,,The Black Crowes,Bedside Manners,"Chris Robinson,Rich Robinson",,100.00%,"Admin,Admin",,2/14/2024,,,Silver Arrow Records,,,USME32300500,Bedside Manners,Happiness Bastards,Main Version,,Writer,,SMG_MSG_109_11430,"SMN,SMG-US",SOS,SOS,,,,,11/19/2025
Released,,,4/5/2024,11/19/2025,,,DEE/MA,Make You Look,Remy Gautreau,"Alexis Cadrot,Wissem Amine Larfaoui",50.00%,ESA/Co-Pub,,4/19/2024,,,,,,QZGLS2499850,,Make You Look - Single,Main Version,Single,Writer,,SMG_MSG_109_10386,"SMN,SMG-US",SOS,ARCADE JV,,,,,11/19/2025
Released,,,4/5/2024,11/19/2025,,,Black Caviar,Price Going Up,Remy Gautreau,"Cherise Gary,Jared Piccone,Joseph Pincus,Patrick Nissley,Troy Hinson",17.00%,ESA/Co-Pub,,10/30/2024,,UNIIQU3,Independent,,,CA5KR2440516,Price Going Up (Jersey Club Remix),Ramen Noodles EP,Main Version,Single,Writer,,SMG_MSG_109_10015,"SMN,SMG-US",SOS,ARCADE JV,,,,,11/19/2025
Released,,,4/5/2024,11/19/2025,,,Black Caviar,Ramen Noodles,Remy Gautreau,"Cherise Gary,Domenico Randazzo,Jared Piccone,Patrick Nissley,Troy Hinson",19.00%,ESA/Co-Pub,,10/30/2024,,UNIIQU3,Independent,,,CA5KR2432467,Ramen Noodles,Ramen Noodles EP,Main Version,Single,Writer,,SMG_MSG_109_10026,"SMN,SMG-US",SOS,ARCADE JV,,,,,11/19/2025
Released,,,4/19/2024,11/19/2025,,,Chapter & Verse,Oh Lord,Autumn Rowe,"Toby Gad,Victoria Louise Lott",33.33%,Admin,,3/13/2024,,"Toby Gad,Pixie Lott",,,,QZUCN2201638,,Oh Lord (Feat. Pixie Lott) - Single,Main Version,Single,Writer,,SMG_MSG_109_11922,"SMN,SMG-US",SOS,SOS,,,,,11/19/2025
Released,,,4/23/2024,11/19/2025,,,Mira Housey,Break Season,Mira Housey,,100.00%,ESA/Co-Pub,,10/3/2024,,,Independent,,,QZPEW2433690,,Break Season - Single,Main Version,Single,Writer,,SMG_MSG_109_14430,"SMN,SMG-US",SOS,ROWE JV,,,,,11/19/2025
Released,,,4/26/2024,11/19/2025,,,Jake Clark,Minutes With You,Mira Housey,,100.00%,ESA/Co-Pub,,10/3/2024,,,,,,QZK6L2407965,,Minutes With You - Single,Main Version,Single,Writer,,SMG_MSG_109_14465,"SMN,SMG-US",SOS,ROWE JV,,,,,11/19/2025
Released,,,5/1/2024,11/19/2025,,,Sophia Treadway,Cuidado,Autumn Rowe,"Sophia Treadway,Tearce Kizzo",37.50%,Admin,,5/2/2024,,,,,,QZK6Q2412960,,Cuidado - Single,Main Version,Single,Writer,,SMG_MSG_109_12532,"SMN,SMG-US",SOS,SOS,,,,,11/19/2025
Released,,,5/10/2024,11/19/2025,,,The Ready Set,Interlude / The Light,RYON,"Jordan Witzigreuter,Zach Degaetano",33.33%,ESA/Co-Pub,9/22/2024,10/31/2025,,,The Ready Set,,,QM24S2402476,Interlude / The Light,Cherryland (Deluxe),Main Version,Album,Writer,Pop,,"SMN,SMG-US",SOS,ERB JV,,,,,11/19/2025
Released,,,5/3/2024,11/19/2025,,,August Ponthier,Radio Silent,Remy Gautreau,"Allison Ponthier,Roger Kleinman,Zachary Semans",25.00%,ESA/Co-Pub,,4/10/2024,,,,,,USUM72403433,Radio Silent,Breaking the Fourth Wall,Main Version,Album,Writer,,SMG_MSG_109_12440,"SMN,SMG-US",SOS,ARCADE JV,,,,,11/19/2025
Released,,,10/4/2024,11/19/2025,,,Backpack Jones,Hands Up,RYON,"Jordan Witzigreuter,Zach Degaetano",33.33%,ESA/Co-Pub,6/8/2024,10/31/2025,,,Backpack Jones / Stem,,,QM24S2406224,Hands Up,Hands Up - Single,Main Version,Single,Writer,Alternative,,"SMN,SMG-US",SOS,ERB JV,,,,,11/19/2025
Released,,,5/24/2024,11/19/2025,,,Ryan and Rory,Pour Decisions,Remy Gautreau,"Emily Reid,Kevin Bard,Maya Kurchner,Ryan Follese",20.00%,ESA/Co-Pub,,5/30/2024,,,BMG BBR,,,QMRSZ2400903,,Pour Decisions - Single,Main Version,Single,Writer,,SMG_MSG_109_12640,"SMN,SMG-US",SOS,ARCADE JV,,,,,11/19/2025
Released,,,6/12/2024,11/19/2025,,,Luca Lowe,Bitter Taste,Timothy Prater,"Botaii,Lucinda Lynton",20.00%,ESA/Co-Pub,,6/13/2024,,,,,,QZMEP2497725,,Bitter Taste - Single,Main Version,Single,Writer,,SMG_MSG_109_12765,"SMN,SMG-US",SOS,ASORE JV,,,,,11/19/2025
Released,,,6/21/2024,11/19/2025,,,Sawyer Utah,Texas,Sawyer Utah,,100.00%,ESA/Co-Pub,,6/13/2024,,,VISCYRL X,,,QM6N22471458,,TEXAS - Single,Main Version,Single,Writer,,SMG_MSG_109_12767,"SMN,SMG-US",SOS,VISCYRL / ARCADE JV,,,,,11/19/2025
Released,,,6/25/2024,11/19/2025,,,Kiah Victoria,Red,Autumn Rowe,"Kiah Ye Won Victoria,Rahm Silverglade",33.33%,Admin,,6/25/2024,,,,,,QZQAY2487382,Red,And Then We Wept,Main Version,Single,Writer,,SMG_MSG_109_13065,"SMN,SMG-US",SOS,SOS,,,,,11/19/2025
Released,,,7/11/2024,11/19/2025,,,Kyra Fields,Sensitive,Mira Housey,,100.00%,ESA/Co-Pub,,10/3/2024,,,,,,QZNWX2486094,,Sensitive - Single,Main Version,Single,Writer,,,"SMN,SMG-US",SOS,ROWE JV,,,,,11/19/2025
Released,,,7/12/2024,11/19/2025,,,Chenayder,Levels,Remy Gautreau,"Chenayder Souffrans,Daniel Edinberg,Kellen Pomeranz,Robin Hannibal",10.00%,ESA/Co-Pub,,7/23/2024,,,,,,USQX92403339,Levels,Maybe In Another Life,Main Version,Single,Writer,,SMG_MSG_109_13189,"SMN,SMG-US",SOS,ARCADE JV,,,,,11/19/2025
Released,,,7/12/2024,11/19/2025,,,Black Caviar,Guess Who,Remy Gautreau,"Jared Piccone,Robert Persaud,Troy Hinson",33.00%,ESA/Co-Pub,,7/29/2024,,,Independent,,,QZQAY2415766,,Guess Who? - Single,Main Version,Single,Writer,,SMG_MSG_109_13217,"SMN,SMG-US",SOS,ARCADE JV,,,,,11/19/2025
Released,,,7/12/2024,11/19/2025,,,Sawyer Utah,Nights Like This,Sawyer Utah,Benzi Edelson,50.00%,ESA/Co-Pub,8/4/2022,11/27/2023,,,VISCYRL X,,,QM6P42452809,,Nights Like This (Midnight Mix) - Single,Main Version,Single,Writer,,"SMG_MSG_101_237482, SMG_MSG_109_7476","SMN,SMG-US",SOS,VISCYRL / ARCADE JV,,,,,11/19/2025
Released,,,8/2/2024,11/19/2025,,,MILCK,This Skin,Autumn Rowe,"Benjamin Antelis,Bruce Wiegner,Connie Lim,Stefan Adam Litrownik",26.33%,Admin,,7/31/2024,,,,,,QZNJY2437801,,This Skin - Single,Main Version,Single,Writer,,SMG_MSG_109_13218,"SMN,SMG-US",SOS,SOS,,,,,11/19/2025
Released,,,8/9/2024,11/19/2025,,,Ellee Duke,Fragile,Mira Housey,,100.00%,ESA/Co-Pub,,10/3/2024,,,,,,QZTAX2494466,,Fragile - Single,Main Version,Single,Writer,,SMG_MSG_109_14453,"SMN,SMG-US",SOS,ROWE JV,,,,,11/19/2025
Released,,,8/16/2024,11/19/2025,,,JaeyBxrd,Good Bad & Ugly,Remy Gautreau,"Jesse Finkelstein,John Wayne Burden,Roger Kleinman,Zachary Seman",20.00%,ESA/Co-Pub,,8/16/2024,,,,,,QT2JK2400004,,Good Bad & Ugly - Single,Main Version,Single,Writer,,"SMG_MSG_101_243611, SMG_MSG_109_13363","SMN,SMG-US",SOS,ARCADE JV,,,,,11/19/2025
Released,,,8/16/2024,11/19/2025,,,Richie Allen,Spin The Town,Chizzy,"Jack Tremaine Jones,Jamall Anthony Smith,Richie Allen",25.00%,Admin,,8/14/2024,,,,,,QZNMU2422298,,Spin The Town - Single,Main Version,Single,Writer,,"SMG_MSG_101_243614, SMG_MSG_109_14387","SMN,SMG-US",SOS,SOS,,,,,11/19/2025
Released,,,8/23/2024,11/19/2025,,,Marino.,Man Down!,Patrick Ridgen,"Joseph Garbis Khodanian,Matthew Marino",33.33%,ESA/Co-Pub,8/23/2024,8/27/2024,,,,,,QZQAY2439343,,Man Down! - Single,Main Version,Single,Writer,,SMG_MSG_109_13426,"SMN,SMG-US",SOS,ERB JV,,,,,11/19/2025
Released,,,8/23/2024,11/19/2025,,,Remy,Finding My People,Remy Gautreau,"Brendan Paulhus,Callin Paulhus,Joseph Nicholas Cecere,Pat Linehan,Roger Kleinman",25.00%,ESA/Co-Pub,,8/21/2024,,,,,,QZAKB2416372,,Finding My People - Single,Main Version,Single,Writer,,SMG_MSG_109_13390,"SMN,SMG-US",SOS,ARCADE JV,,,,,11/19/2025
Released,,,8/30/2024,11/19/2025,,,Mira Housey,Fall Apart,Mira Housey,,100.00%,ESA/Co-Pub,,10/3/2024,,,Independent,,,TLVEM2484877,,Fall Apart - Single,Main Version,Single,Writer,,SMG_MSG_109_14416,"SMN,SMG-US",SOS,ROWE JV,,,,,11/19/2025
Released,,,8/30/2024,11/19/2025,,,Angelique Kidjo,Joy,Autumn Rowe,"Angelique Kidjo,David Adedeji Adeleke,Felipe Saldivia,Oluwaseyi Akerele",35.00%,Admin,,10/24/2024,,Davido,,,,FRZ042400306,,Joy - Single,Main Version,Single,Writer,,"SMG_MSG_101_244169, SMG_MSG_109_14072","SMN,SMG-US",SOS,SOS,,,,,11/19/2025
Released,,,11/6/2024,11/19/2025,,,Sophia Sheth,Grid,Remy Gautreau,"Benzi Edelson,Sophia Sheth",33.33%,ESA/Co-Pub,,9/12/2024,,,,,,QT2JK2400012,,GRID - Single,Main Version,Single,Writer,,"SMG_MSG_101_243950, SMG_MSG_109_13729","SMN,SMG-US",SOS,ARCADE JV,,,,,11/19/2025
Released,,,9/20/2024,11/19/2025,,,Remy,Pool With Our Clothes On,Remy Gautreau,"Joseph Pincus,Pat Linehan",34.00%,ESA/Co-Pub,,9/18/2024,,,,,,QZAKB2418140,,Pool With Our Clothes On - Single,Main Version,Single,Writer,,SMG_MSG_109_13759,"SMN,SMG-US",SOS,ARCADE JV,,,,,11/19/2025
Released,,,9/27/2024,11/19/2025,,,Connor McCutcheon,Justified,"Connor McCutcheon,Mike Fiorentino,Sawyer Utah",,100.00%,"ESA/Co-Pub,ESA/Co-Pub,ESA/Co-Pub",12/1/2023,12/7/2023,,,Independent,,,QZWUY2400027,,Justified - Single,Main Version,Single,Writer,,SMG_MSG_109_11065,"SMN,SMG-US",SOS,"FLUID JV II, VISCYRL / ARCADE JV",,,,,11/19/2025
Released,,,9/27/2024,11/19/2025,,,Sawyer Utah,san fran (feat. mxrgan),Sawyer Utah,Morgan Magargee,50.00%,ESA/Co-Pub,,9/26/2024,,mxrgan,VISCYRL X,,,QMBZ92460557,,san fran (with mxrgan) - Single,Main Version,Single,Writer,,SMG_MSG_109_13831,"SMN,SMG-US",SOS,VISCYRL / ARCADE JV,,,,,11/19/2025
Released,,,10/2/2024,11/19/2025,,,Andy Grammer,Magic,Autumn Rowe,"Adam Friedman,Andrew Grammer,Bram Inscore",30.83%,Admin,,8/8/2024,,,,,,USHR12448596,,Magic - Single,Main Version,Single,Writer,,SMG_MSG_109_13248,"SMN,SMG-US",SOS,SOS,,,,,11/19/2025
Released,,,10/3/2024,11/19/2025,,,Jules Halpern,I Got It,Autumn Rowe,"Dan Farber,Jon Levine",33.34%,Admin,,9/26/2024,,,,,,QZQAY2454452,,I Got It- Single,Main Version,Single,Writer,,SMG_MSG_109_13997,"SMN,SMG-US",SOS,SOS,,,,,11/19/2025
Released,,,10/4/2024,11/19/2025,,,Zach Hood,Happy Ever After,Sawyer Utah,"Alex Hope,Rosaileen Scher,Zach Hood",25.00%,ESA/Co-Pub,7/24/2024,8/22/2024,,ROSIE,Coup D'Etat Recordings,,,USAR12400371,,Happy Ever After - Single,Main Version,Single,Writer,,SMG_MSG_109_13996,"SMN,SMG-US",SOS,VISCYRL / ARCADE JV,,,,,11/19/2025
Released,,,10/11/2024,11/19/2025,,,Silverlites,"Don't Go, Don't Stay",Rich Robinson,"Barrett Martin,Joseph Arthur,Peter Buck",25.00%,Admin,,2/14/2024,,,,,,QMBZ92444762,,"Don't Go, Don't Stay - Single",Main Version,Single,Writer,,SMG_MSG_109_14513,"SMN,SMG-US",SOS,SOS,,,,,11/19/2025
Released,,,10/11/2024,11/19/2025,,,Mira Housey,Nobody Knows My Name,Mira Housey,,100.00%,ESA/Co-Pub,,10/3/2024,,,Independent,,,QT2VB2430871,,Nobody Knows My Name - Single,Main Version,Single,Writer,,SMG_MSG_109_14418,"SMN,SMG-US",SOS,ROWE JV,,,,,11/19/2025
Released,,,10/18/2024,11/19/2025,,,Graham Bright,Wrestling With God,Remy Gautreau,"Graham Bright,Roger Kleinman,Zachary Seman",25.00%,ESA/Co-Pub,,10/24/2024,,,,,,QT2JK2400020,,WRESTLING WITH GOD - Single,Main Version,Single,Writer,,SMG_MSG_109_14073,"SMN,SMG-US",SOS,ARCADE JV,,,,,11/19/2025
Released,,,10/18/2024,11/19/2025,,,Remy,All That Matters,Remy Gautreau,"Graham Bright,Roger Kleinman,Zack Seman",25.00%,ESA/Co-Pub,,10/16/2024,,,,,,QZAKB2418142,,All That Matters - Single,Main Version,Single,Writer,,SMG_MSG_109_14470,"SMN,SMG-US",SOS,ARCADE JV,,,,,11/19/2025
Released,,,11/1/2024,11/19/2025,,,Silverlites,Dark and Magic Sky,Rich Robinson,"Barrett Martin,Joseph Arthur,Peter Buck",25.00%,Admin,,2/14/2024,,,,,,QMBZ92444766,,Dark And Magic Sky,Main Version,Single,Writer,,SMG_MSG_109_14512,"SMN,SMG-US",SOS,SOS,,,,,11/19/2025
Released,,,11/1/2024,11/19/2025,,,David Alexander,Cinematic,Sawyer Utah,"Benzi Edelson,David Alexander",33.33%,ESA/Co-Pub,5/2/2022,11/14/2023,,,Independent,,,QZAKB2432769,,Cinematic - Single,Main Version,Album,Writer,,"SMG_MSG_101_237597, SMG_MSG_109_7470","SMN,SMG-US",SOS,VISCYRL / ARCADE JV,,,,,11/19/2025
Upcoming,,11/18/2025,,11/18/2025,,,Russell Dickerson,The Roses,Michael Hardy,"Chase McGill,Jordan Schmidt,Russell Dickerson",25.00%,Admin,4/25/2024,8/18/2025,,,"Sony Music Nashville,Triple Tigers",,checked,,,,Main Version,,Writer,Country,,"SMN,SMG-US",SOS,SOS,,,,,11/18/2025
Released,,,11/14/2025,11/18/2025,,,Celeste,Happening Again,Ely Rise,"Dahi,Celeste,Jamie Hartman,Hayley Gene Penner",23.75%,ESA/Co-Pub,,11/18/2025,,,Polydor Records,UMG (Universal Music Group),,GBUM72502295,,Woman Of Faces,Main Version,Album,Writer,,SMG_MSG_109_21445,"SMN,SMG-US",SOS,DAHI JV,,,,,11/18/2025
Hold,11/17/2025,,,11/17/2025,,,Brett Young,Staying Away,Nathan Barlowe,"Brett Young,Bryan Todd",33.33%,ESA/Co-Pub,12/11/2020,1/5/2021,,,Big Machine Label Group,,,,,,Main Version,,Writer,Country,SMG_MSG_101_208812,"SMN,SMG-US",CRESCENDO,FLUID JV I,,,,,11/17/2025
Released,,,11/8/2024,11/17/2025,,,ROTUNDO ,Slow Motion,Patrick Ridgen,"Brandon Stewart,Michael Rotundo,Rose Falcon",25.00%,ESA/Co-Pub,7/9/2024,7/11/2024,,,Independent,,,QZEQU2402090,,SLOW MOTIONS - Single,Main Version,,Writer,,SMG_MSG_109_15419,"SMN,SMG-US",SOS,ERB JV,,,,,11/17/2025
Released,,,11/14/2024,11/17/2025,,,Keni Titus,Mistake,Jason Vance Harris,"Brandon Shoop,Keni Titus",5.00%,ESA/Co-Pub,,9/23/2024,,,,,,US38Y2426651,,Mistake - Single,Main Version,Single,Writer,,SMG_MSG_109_15477,"SMN,SMG-US",SOS,SOS,,,,,11/17/2025
Released,,,11/15/2024,11/17/2025,,,Mira Housey,Sweet Pea,Mira Housey,,100.00%,ESA/Co-Pub,,10/5/2024,,,Independent,,,QZVEM1827524,Sweet Pea,Mia,Main Version,Album,Writer,,SMG_MSG_109_14419,"SMN,SMG-US",SOS,ROWE JV,,,,,11/17/2025
Released,,,11/15/2024,11/17/2025,,,Mira Housey,If It's The End,Mira Housey,,100.00%,ESA/Co-Pub,,10/5/2024,,Jake Clark,Independent,,,QZVEM1827523,if it's the end,Mia,Main Version,Album,Writer,,SMG_MSG_109_14423,"SMN,SMG-US",SOS,ROWE JV,,,,,11/17/2025
Released,,,11/15/2024,11/17/2025,,,Mira Housey,Mia,Mira Housey,,100.00%,ESA/Co-Pub,,10/5/2024,,,Independent,,,QZVEM1827522,Mia,Mia,Main Version,Album,Writer,,SMG_MSG_109_14417,"SMN,SMG-US",SOS,ROWE JV,,,,,11/17/2025
Released,,,11/15/2024,11/17/2025,,,Silverlites,Inside Your Love,Rich Robinson,"Barrett Martin,Joseph Arthur,Peter Buck",25.00%,Admin,,2/14/2024,,,,,,QMBZ92444770,Inside Your Love,Silverlites,Main Version,Album,Writer,,SMG_MSG_109_15412,"SMN,SMG-US",SOS,SOS,,,,,11/17/2025
Released,,,11/15/2024,11/17/2025,,,Silverlites,Still Don't Know You,Rich Robinson,"Barrett Martin,Joseph Arthur,Peter Buck",25.00%,Admin,,2/14/2024,,,,,,QMBZ92444761,Still Don't Know You,Silverlites,Main Version,Album,Writer,,SMG_MSG_109_15420,"SMN,SMG-US",SOS,SOS,,,,,11/17/2025
Released,,,11/15/2024,11/17/2025,,,Silverlites,No One To Follow,Rich Robinson,"Barrett Martin,Joseph Arthur,Peter Buck",25.00%,Admin,,2/14/2024,,,,,,QMBZ92444760,No One To Follow,Silverlites,Main Version,Album,Writer,,SMG_MSG_109_15417,"SMN,SMG-US",SOS,SOS,,,,,11/17/2025
Released,,,11/15/2024,11/17/2025,,,Silverlites,Forever And A Day,Rich Robinson,"Barrett Martin,Joseph Arthur,Peter Buck",25.00%,Admin,,2/14/2024,,,,,,QMBZ92444759,Forever And A Day,Silverlites,Main Version,Album,Writer,,SMG_MSG_109_15410,"SMN,SMG-US",SOS,SOS,,,,,11/17/2025
Released,,,11/15/2024,11/17/2025,,,Silverlites,When You're Around,Rich Robinson,"Barrett Martin,Joseph Arthur,Peter Buck",25.00%,Admin,,2/14/2024,,,,,,QMBZ92444763,When You're Around,Silverlites,Main Version,Album,Writer,,SMG_MSG_109_15422,"SMN,SMG-US",SOS,SOS,,,,,11/17/2025
Released,,,11/15/2024,11/17/2025,,,Silverlites,Need to Fly,Rich Robinson,"Barrett Martin,Joseph Arthur,Peter Buck",25.00%,Admin,,2/14/2024,,,,,,QMBZ92444764,Need to Fly,Silverlites,Main Version,Album,Writer,,SMG_MSG_109_15415,"SMN,SMG-US",SOS,SOS,,,,,11/17/2025
Released,,,11/15/2024,11/17/2025,,,Silverlites,Lifted,Rich Robinson,"Barrett Martin,Joseph Arthur,Peter Buck",25.00%,Admin,,2/14/2024,,,,,,QMBZ92444768,Lifted,Silverlites,Main Version,Album,Writer,,SMG_MSG_109_15413,"SMN,SMG-US",SOS,SOS,,,,,11/17/2025
Released,,,11/15/2024,11/17/2025,,,Silverlites,Looking For A Friend,Rich Robinson,"Barrett Martin,Joseph Arthur,Peter Buck",25.00%,Admin,,2/14/2024,,,,,,QMBZ92444767,Looking For A Friend,Silverlites,Main Version,Album,Writer,,SMG_MSG_109_15414,"SMN,SMG-US",SOS,SOS,,,,,11/17/2025
Released,,,11/15/2024,11/17/2025,,,Silverlites,No Time,Rich Robinson,"Barrett Martin,Joseph Arthur,Peter Buck",25.00%,Admin,,2/14/2024,,,,,,QMBZ92444765,No Time,Silverlites,Main Version,Album,Writer,,SMG_MSG_109_15418,"SMN,SMG-US",SOS,SOS,,,,,11/17/2025
Released,,,11/15/2024,11/17/2025,,,Silverlites,No More,Rich Robinson,"Barrett Martin,Joseph Arthur,Peter Buck",25.00%,Admin,,2/14/2024,,,,,,QMBZ92444769,No More,Silverlites,Main Version,Album,Writer,,SMG_MSG_109_15416,"SMN,SMG-US",SOS,SOS,,,,,11/17/2025
Released,,,11/15/2024,11/17/2025,,,Zach Hood,Hole In My Pocket,"Camylio,Sawyer Utah",Zach Hood,66.66%,"ESA/Co-Pub,ESA/Co-Pub",,10/3/2024,Zach Hood (Released),,Coup D'Etat Recordings,,,USAR12400420,Hole In My Pocket,Whispering Pines,Main Version,Album,Writer,,SMG_MSG_109_15411,"SMN,SMG-US",SOS,"SOS, VISCYRL / ARCADE JV",,,,,11/17/2025
Released,,,11/15/2024,11/17/2025,,,Remy,Worry About You,Remy Gautreau,"Joseph Pincus,Pat Linehan",34.00%,ESA/Co-Pub,,10/30/2024,,,,,,QZAKB2432395,,worry about you - Single,Main Version,Single,Writer,,SMG_MSG_109_15479,"SMN,SMG-US",SOS,ARCADE JV,,,,,11/17/2025
Released,,,11/22/2024,11/17/2025,,,Graham Bright,Flame/Downfall,Sawyer Utah,"Benzi Edelson,Graham Bright",33.33%,ESA/Co-Pub,,10/4/2024,,,,,,QT2JK2400024,,Flame/Downfall - Single,Main Version,Single,Writer,,"SMG_MSG_101_244265, SMG_MSG_109_15435","SMN,SMG-US",SOS,VISCYRL / ARCADE JV,,,,,11/17/2025
Released,,,12/6/2024,11/17/2025,,,Koda Kids,Hand in Hand,Autumn Rowe,"Morgan Dorr,Stefan Adam Litrownik",33.34%,Admin,,11/12/2024,,"Highland Park Collective,Autumn Rowe",,,,QZZ772463855,,Hand In Hand - Single,Main Version,Single,Writer,,SMG_MSG_109_15493,"SMN,SMG-US",SOS,SOS,,,,,11/17/2025
Released,,,12/9/2024,11/17/2025,,,Capri Everitt,Spiders,Timothy Prater,"Anna Piscatelli,Capri Everitt",33.30%,ESA/Co-Pub,,12/16/2024,Capri Everitt (Released),,,,,USA2P2474729,,Spiders - Single,Main Version,Single,Writer,,SMG_MSG_109_15495,"SMN,SMG-US",SOS,ASORE JV,,,,,11/17/2025
Released,,,12/13/2024,11/17/2025,,,Brooke Daye,24/7,Patrick Ridgen,"Brandon Stewart,Brooke Alexa Johnson",33.33%,ESA/Co-Pub,9/26/2024,12/6/2024,,,Independent,,,QZZ7M2425596,24/7,24/7 - Single,Main Version,,Writer,,SMG_MSG_109_15476,"SMN,SMG-US",SOS,ERB JV,,,,,11/17/2025
Released,,,12/20/2024,11/17/2025,,,Zach Hood,Simple Life,Sawyer Utah,Zach Hood,50.00%,ESA/Co-Pub,,10/4/2024,,,Coup D'Etat Recordings,,,USAR12400565,Simple Life,Whispering Pines (Deluxe),Main Version,Album,Writer,,SMG_MSG_109_15494,"SMN,SMG-US",SOS,VISCYRL / ARCADE JV,,,,,11/17/2025
Cut,,,,11/17/2025,,,Nate Smith,Break Up Like That,Michael Hardy,"Zach Abend,Carson Wallace,Jameson Rodgers",25.00%,Admin,8/26/2025,11/5/2025,,,Sony Music Nashville,,,,,,Main Version,,Writer,,SMG_MSG_109_19543,"SMN,SMG-US",SOS,SOS,,,,,11/17/2025
Released,,,5/16/2025,11/17/2025,,,Aminé,Feels So Good,Ely Rise,"Aminé,Dahi,Michael John Mule,Isaac John De Boni,Lady Wray,Dante Bacote,Paul Spring,Homer Stewinweiss,Leon Michaels,Nicholas Movshon,Marco Benevento",8.33%,ESA/Co-Pub,,6/27/2025,,,10K Projects,,,QZJ842501397,,13 Months of Sunshine,Main Version,Album,Writer,,SMG_MSG_109_21444,"SMN,SMG-US",SOS,DAHI JV,,,,,11/17/2025
Released,,,5/16/2025,11/17/2025,,,Aminé,Vacay,Ely Rise,"Anime,Dahi,Michael John Mule,Isaac John De Boni,Yame",14.17%,ESA/Co-Pub,,6/27/2025,,,10K Projects,,,QZJ842501402,,13 Months of Sunshine,Main Version,Album,Writer,,SMG_MSG_109_21443,"SMN,SMG-US",SOS,DAHI JV,,,,,11/17/2025
Released,,,5/16/2025,11/17/2025,,,Aminé,New Flower,Ely Rise,"BURT BACHARACH,Anime,Dahi,Leon Thomas,Madison Stewart,Michael Mule,Isaac John De Boni",8.33%,ESA/Co-Pub,,6/27/2025,,Leon Thomas,10K Projects,,,QZJ842501396,,13 Months of Sunshine,Main Version,Album,Writer,,SMG_MSG_109_21442,"SMN,SMG-US",SOS,DAHI JV,,,,,11/17/2025
Released,,,8/29/2025,11/17/2025,,,Grace Bridie,Afterglow,Grace Bridie,"Neave Applebaum,Lucy Deakin,Paul Jomo Krimschinski",25.00%,ESA/Co-Pub,,11/14/2025,,,Independent,,,TCAJZ2564914,,,Main Version,Single,Writer,,SMG_MSG_109_19562,"SMN,SMG-US",SOS,OUTSETT JV,,,,,11/17/2025
Released,,,9/26/2025,11/15/2025,,,Billy F Gibbons,Livin' It Up Down In Texas,Billy F. Gibbons,"Billy Bob Thornton,Mark Collie",33.34%,Admin,,10/16/2024,Billy F Gibbons (Released),,Concord Records,,,USC4R2449413,Livin' It Up Down In Texas,Landman [Songs From and Inspired by the Paramount+ Original Series (Volume I)],Main Version,Album,"Writer,Artist",Rock,SMG_MSG_109_14065,"SMN,SMG-US",SOS,SOS,,,,,11/15/2025
Released,,,1/17/2025,11/15/2025,,,Billy F Gibbons,Livin' It Up Down In Texas,Billy F. Gibbons,"Billy Bob Thornton,Mark Collie",33.34%,Admin,,10/16/2024,Billy F Gibbons (Released),,Concord Records,,,USC4R2449413,Livin' It Up Down In Texas,Livin' It Up Down In Texas - Single,Main Version,Single,"Writer,Artist",Rock,SMG_MSG_109_14065,"SMN,SMG-US",SOS,SOS,,,,,11/15/2025
Released,,,11/7/2025,11/15/2025,,,BL3SS,Small Talk,Melodie Wagner,"Ki Fitzgerald,Duck Blackwell,Josh Wilkinson,Bhawjot Amrot Singh,Flynn Haddigan",25.00%,ESA/Co-Pub,,11/14/2025,,Marlo Rex,WMG (Warner Music Group),,,GBAHS2501560,,The Afters,Main Version,EP,Writer,,SMG_MSG_109_19530,"SMN,SMG-US",SOS,SOS,,,,,11/15/2025
Hold,11/14/2025,,,11/14/2025,,,ATLUS,Bottle You Up,Justin Halpin,"Mitch Allen,Rufio Hooks,Sean Haywood",25.00%,ESA/Co-Pub,5/12/2025,5/29/2025,,,BMG BBR,,,,,TBD,Main Version,Album,Writer,Country,SMG_MSG_109_17858,"SMN,SMG-US",SOS,FLUID JV II,,,,,11/14/2025
Hold,11/14/2025,,,11/14/2025,,,ATLUS,Better Version of Me,"Cale Dodds,Justin Halpin","Matt Wallace,Sean Haywood",50.00%,"ESA/Co-Pub,ESA/Co-Pub",5/6/2025,7/15/2025,,,BMG BBR,,,,,TBD,Main Version,Album,Writer,Country,SMG_MSG_109_18179,"SMN,SMG-US",SOS,FLUID JV II,,,,,11/14/2025
Hold,11/14/2025,,,11/14/2025,,,ATLUS,Family Name,Justin Halpin,"Andrew DeRoberts,Autumn Buysse,Sean Haywood",25.00%,ESA/Co-Pub,6/24/2025,7/15/2025,,,BMG BBR,,,,,TBD,Main Version,Album,Writer,Country,SMG_MSG_109_18192,"SMN,SMG-US",SOS,FLUID JV II,,,,,11/14/2025
Released,,,11/14/2025,11/14/2025,,,Connor McCutcheon,Lonely Does,Connor McCutcheon,"Gavin Lucas,Evan Cline,Delaney Ramsdell",0.00%,,2/11/2025,9/19/2025,,,Independent,,,QMFME2576762,,Lonely Does - Single,Main Version,Single,Writer,Country,SMG_MSG_109_18804,"SMN,SMG-US",SOS,FLUID JV II,,,,,11/14/2025
Upcoming,,11/13/2025,,11/13/2025,,,Mike Parker,Only Problem,"Jessica Cayne,Zach Beeken","Mike Parker,Rick Seibold",50.00%,"ESA/Co-Pub,ESA/Co-Pub",9/25/2025,9/29/2025,,,Independent,,checked,,,TBD,Main Version,Album,Writer,Country,SMG_MSG_109_19009,"SMN,SMG-US",SOS,"2 MIX JV II, FLUID JV II",,,,,11/13/2025
Hold,11/13/2025,,,11/13/2025,,,Harper Grace,Heartbreak Yet,"Cale Dodds,Brock Westover","Harper Grace,Autumn Buysse",50.00%,"ESA/Co-Pub,ESA/Co-Pub",10/22/2025,11/6/2025,,,Curb Records,,,,,TBD,Main Version,Album,Writer,Country,SMG_MSG_109_19412,"SMN,SMG-US",SOS,"FLUID JV II, FUTURISTICS JV",,,,,11/13/2025
Released,,,9/15/2025,11/13/2025,,,Miguel,El Pleito,Ely Rise,"Dahi,Miguel,Vince Villafan,Sam Dew,Victor Salinas,Jonah Stevens",22.50%,ESA/Co-Pub,,11/12/2025,,,RCA Records,Sony Music Entertainment,,USRC12501645,,,Main Version,Single,Writer,,SMG_MSG_109_19507,"SMN,SMG-US",SOS,DAHI JV,,,,,11/13/2025
Released,11/12/2025,11/18/2025,3/6/2026,11/12/2025,,,Tyce Delk,I Hit A Wall,Monty Criswell,"Drew Parker,Driver Williams",33.33%,ESA/Co-Pub,11/3/2020,1/5/2021,"Austin Snell (Dropped Hold), Tyce Delk (Released)",,River House Artists,,,QZYG82600004,,,Main Version,Single,Writer,Country,SMG_MSG_101_208810,"SMN,SMG-US",CRESCENDO,FLUID JV I,,,,,3/6/2026
Released,,,5/16/2025,11/12/2025,,,Morgan Wallen ,Come Back as a Redneck,Michael Hardy,"Yung Lan,Morgan Wallen,Ernest Smith,Charlie Handsome,James Maddocks",25.00%,Admin,3/14/2024,11/12/2025,,HARDY,Big Loud Records,,,USUG12501618,Come Back As A Redneck,I'm The Problem,Main Version,Album,"Writer,Artist",Country,SMG_MSG_109_19837,"SMN,SMG-US",SOS,SOS,,,,,11/12/2025
Released,,11/12/2025,11/21/2025,11/12/2025,,,Colleen McKenna,Breaking In The Bible,Joe Bryson,Colleen McKenna,50.00%,ESA/Co-Pub,4/30/2024,11/5/2025,,,Independent,,,QT6EE2530851,,Breaking In The Bible - Single,Main Version,Single,Writer,,SMG_MSG_109_19415,"SMN,SMG-US",SOS,SOS,,,,,11/21/2025
Hold,11/12/2025,,,11/12/2025,,,Joe Bryson,Crash Out,Joe Bryson,Joe Leathers,50.00%,ESA/Co-Pub,10/30/2025,10/30/2025,,,"""Joe Bryson Music, LLC""",,,,,,Main Version,,Writer,,SMG_MSG_109_19378,"SMN,SMG-US",SOS,SOS,,,,,11/12/2025
Hold,11/12/2025,,,11/12/2025,,,Joe Bryson,Mabeline (Sephora Girl),Joe Bryson,"Nathan Wilson,Johnny Gates",33.34%,ESA/Co-Pub,10/13/2025,11/3/2025,,,"""Joe Bryson Music, LLC""",,,,,,Main Version,,Writer,,SMG_MSG_109_19398,"SMN,SMG-US",SOS,SOS,,,,,11/12/2025
Cut,1/20/2026,8/11/2026,,11/12/2025,,,Jon Pardi,A Honky Tonk Near You,"Derek George,Monty Criswell",Zach Kale,66.67%,"ESA/Co-Pub,ESA/Co-Pub",4/22/2025,4/28/2025,"Blake Shelton (Dropped Hold), Jon Pardi (Cut)",,Capitol Records Nashville,MCA (Music Corporation of America),,,,,Main Version,,Writer,Country,SMG_MSG_109_17606,"SMN,SMG-US",SOS,FLUID JV II,,,,AJ Burton,8/11/2026
Released,,,11/7/2025,11/12/2025,,,Alex Wann,The City,Melodie Wagner,"Joshua Grimmett,Tancrede,Johannes Shore,Alex Wann,Notre Dame",20.00%,ESA/Co-Pub,,11/12/2025,,,Armada,,,NLF712506801,,,Main Version,Single,Writer,,SMG_MSG_109_19495,"SMN,SMG-US",SOS,SOS,,,,,11/12/2025
Released,,,4/25/2025,11/12/2025,,,Essosa,Muse,Melodie Wagner,"Charlie Pitts,Essosa,Sunset Drver,Alex Naim",20.00%,ESA/Co-Pub,,11/12/2025,,,Atlantic Records,,,GBAHS2500216,,,Main Version,Single,Writer,,SMG_MSG_109_19494,"SMN,SMG-US",SOS,SOS,,,,,11/12/2025
Released,,,9/26/2025,11/12/2025,,,KC Lights,Silver Lining,Melodie Wagner,"KC Lights,Joshua Grimmett,Ethan Shore",25.00%,ESA/Co-Pub,,11/12/2025,,Marlo Rex,Independent,,,UKRPL1900934,,,Main Version,Single,Writer,,SMG_MSG_109_19493,"SMN,SMG-US",SOS,SOS,,,,,11/12/2025
Hold,11/11/2025,,,11/11/2025,,,Trace Adkins,Can I Get An Old Man,Monty Criswell,Casey Beathard,50.00%,ESA/Co-Pub,2/7/2024,2/14/2024,,,MCA Nashville,MCA (Music Corporation of America),,,,,Main Version,,Writer,,SMG_MSG_109_11909,"SMN,SMG-US",SOS,FLUID JV II,,,,,11/11/2025
Released,,,9/16/2025,11/11/2025,,,The Wombats,Holy Sugar,Joe Janiak,Matthew Edward Murphy,50.00%,ESA/Co-Pub,,11/10/2025,,,AWAL Recordings Ltd,,,QMDA72587233,,Oh! The Ocean: Holy Sugar,Main Version,Single,Writer,,SMG_MSG_109_19481,"SMN,SMG-US",SOS,SOS,,,,,11/11/2025
Released,,,10/23/2025,11/10/2025,,,Leon Thomas,My Muse,Peter Lee Johnson,"Leon Thomas,Bizzy,Marcus Paul,Freaky Rob,D Phelps,Nile Hargrove",5.00%,ESA/Co-Pub,,10/9/2025,Leon Thomas (Released),,"EZMNY Records,Motown Records",,,USUM72510908,My Muse,PHOLKS,Clean,Album,Writer,R&B/Soul,SMG_MSG_109_19345,"SMN,SMG-US",SOS,CHAMPAGNE THERAPY JV,,,,,11/10/2025
Released,,,10/24/2025,11/10/2025,,,Izzy Escobar,Three More Glasses,Mira Housey,Izzy Escobar,50.00%,ESA/Co-Pub,,10/24/2025,Izzy Escobar (Released),,"""Artist House, LLC""",,,QT2JK2500077,Three More Glasses,Sunny in London - EP,Explicit,EP,Writer,Pop,SMG_MSG_109_19385,"SMN,SMG-US",SOS,ROWE JV,,,,,11/10/2025
Released,,,11/21/2025,11/10/2025,,,Mira Housey,Yours,Mira Housey,,100.00%,ESA/Co-Pub,9/22/2025,9/23/2025,,,Independent,,,QZZ8B2553212,,,Main Version,Single,Writer,,SMG_MSG_109_19417,"SMN,SMG-US",SOS,ROWE JV,,,,,11/21/2025
Released,,,11/7/2025,11/7/2025,,,Wyatt Putman,Still See Us,Jeremy Bussey,"Jordan Rager,Lola Blanc,Mark Irwin",25.00%,ESA/Co-Pub,8/24/2020,11/12/2020,,,"""Back Road Country Music, LLC""",,,QT6622553941,Still See Us,Still See Us - Single,Main Version,Single,Writer,Country,SMG_MSG_101_207917,"SMN,SMG-US",CRESCENDO,FLUID JV I,,,,,11/7/2025
Released,,,11/7/2025,11/7/2025,,,NURKO,I Want You,Remy Gautreau,"Benzi Edelson,NURKO,Iann Dior,Nathan Mondry,Mxrgan",25.00%,ESA/Co-Pub,,11/6/2025,NURKO (Released),iann dior,Create Music Group,,,QZTGW2407482,I Want You,I Want You - Single,Main Version,Single,Writer,Pop,"SMG_MSG_101_246794, SMG_MSG_109_19424","SMN,SMG-US",SOS,ARCADE JV,,,,,11/7/2025
Released,,,10/31/2025,11/7/2025,,,Stella Hennen,Jack Of All Trades,Sawyer Utah,Stella Hennen,50.00%,ESA/Co-Pub,5/26/2025,7/1/2025,,,Independent,,,QT3FA2534773,,,Main Version,Single,Writer,,SMG_MSG_109_19416,"SMN,SMG-US",SOS,VISCYRL / ARCADE JV,,,,,11/7/2025
Released,,,11/3/2025,11/6/2025,,,Drelli,BAG!,Remy Gautreau,"Pat Linehan,Drelli",33.00%,ESA/Co-Pub,,11/6/2025,,,Swagbop LLC,,,QT6EB2521767,BAG!,BAG! - Single,Explicit,Single,Writer,Hip-Hop/Rap,SMG_MSG_109_19408,"SMN,SMG-US",SOS,ARCADE JV,,,,,11/6/2025
Released,,11/5/2025,11/6/2025,11/5/2025,,,Matt Bloyd,It Feels Like Christmas,Shane Stevens,"David Hodges,Matt Bloyd",33.34%,ESA/Co-Pub,8/26/2025,8/28/2025,,,Independent,,,QT6E92571379,,Feels Like Christmas,Main Version,Single,Writer,Country,SMG_MSG_109_18620,"SMN,SMG-US",SOS,VAULT II,,,,,11/14/2025
Released,,11/5/2025,11/7/2025,11/5/2025,,,Cale Dodds,This Side Of The Mississippi,"Cale Dodds,Justin Halpin","Austin Jenckes,Andy Skib",50.00%,"ESA/Co-Pub,ESA/Co-Pub",2/11/2025,9/4/2025,,,Independent,,,QZZ8A2520130,This Side Of The Mississippi,Current Nostalgia,Main Version,EP,Writer,Rock,SMG_MSG_109_18668,"SMN,SMG-US",SOS,FLUID JV II,,,,,11/7/2025
Released,,11/5/2025,11/7/2025,11/5/2025,,,Cale Dodds,Knowing When To Quit,Cale Dodds,Corey Crowder,50.00%,ESA/Co-Pub,12/4/2023,7/28/2025,,,Independent,,,QZZ8A2520122,Knowing When To Quit,Current Nostalgia,Main Version,EP,Writer,Country,SMG_MSG_109_18434,"SMN,SMG-US",SOS,FLUID JV II,,,,,11/7/2025
Released,,11/5/2025,11/7/2025,11/5/2025,,,Cale Dodds,Other Side Of You,"Cale Dodds,Justin Halpin",Corey Crowder,66.67%,"Admin,ESA/Co-Pub",8/12/2024,2/24/2025,,,Independent,,,QZZ8A2520137,Other Side Of You,Current Nostalgia,Main Version,EP,Writer,Rock,"SMG_MSG_109_16798, SMG_MSG_109_18677","SMN,SMG-US",SOS,"SOS, FLUID JV II",,,,,11/7/2025
Released,11/5/2025,3/17/2026,4/24/2026,11/5/2025,,,Timmy McKeever ,Wrong With Me,Cale Dodds,"Kipp Williams,Timmy McKeever",33.34%,ESA/Co-Pub,5/21/2025,7/24/2025,,,"Independent,Big Loud Records",,,USUG12603162,,Wrong With Me - Single,Main Version,Single,Writer,Country,SMG_MSG_109_18393,"SMN,SMG-US",SOS,FLUID JV II,,,,,4/24/2026
Hold,11/5/2025,,,11/5/2025,,,Timmy McKeever ,Whatever Helps You Sleep At Night,Cale Dodds,"Kipp Williams,Timmy McKeever",33.34%,ESA/Co-Pub,8/4/2025,10/2/2025,,,"Independent,Big Loud Records",,,,,,Main Version,,Writer,,SMG_MSG_109_19145,"SMN,SMG-US",SOS,FLUID JV II,,,,,11/5/2025
Hold,11/4/2025,,,11/4/2025,,,Jacob Hackworth,87 Octane,David Garcia,"Chris Tompkins,Geoff Warburton,Jessie Jo Dillon",25.00%,ESA/Co-Pub,4/8/2024,6/3/2024,"Morgan Wallen  (Cut), Jacob Hackworth (Hold)",,UMG (Universal Music Group),,,,,,Main Version,,Writer,,SMG_MSG_109_12645,"SMN,SMG-US",SOS,SOS,,,,,11/4/2025
Released,,,10/24/2025,11/3/2025,,,Izzy Escobar,Three More Glasses,Mira Housey,Izzy Escobar,50.00%,ESA/Co-Pub,,10/24/2025,Izzy Escobar (Released),,"""Artist House, LLC""",,,QT2JK2500077,Three More Glasses,Sunny In London - EP,Clean,EP,Writer,Pop,SMG_MSG_109_19385,"SMN,SMG-US",SOS,ROWE JV,,,,,11/3/2025
Released,,,11/21/2025,11/3/2025,,,Poolside,Otherside,Nick Gale,"Jeffrey Fare,Kyle Yeager,Dan Rothman",0.00%,ESA/Co-Pub,,11/3/2025,,MiiRACLES,Ninja Tune,,,GBCFB2500541,,,Main Version,Single,Writer,,SMG_MSG_109_19384,"SMN,SMG-US",SOS,SOS,,,,,11/21/2025
Released,,,10/31/2025,10/31/2025,,,Brandon Ratcliff,Used To Love You,Jessica Cayne,"Brandon Ratcliff,Ben Foster",33.34%,ESA/Co-Pub,7/12/2023,7/12/2023,,,Ratpack Records,,,QT6EB2525058,Used To Love You,Used To Love You - Single,Main Version,Single,Writer,Country,SMG_MSG_109_19346,"SMN,SMG-US",SOS,2 MIX JV II,,,,,10/31/2025
Hold,10/31/2025,,,10/31/2025,,,Jelly Roll ,Chains,David Garcia,"Ashley Gorley,Blake Pendergrass",33.34%,ESA/Co-Pub,6/19/2025,10/20/2025,,,BMG BBR,,,,,,Main Version,,Writer,,SMG_MSG_109_19299,"SMN,SMG-US",SOS,SOS,,,,,10/31/2025
Hold,10/31/2025,,,10/31/2025,,,Jelly Roll ,Brighter,David Garcia,"Blake Pendergrass,Ashley Gorley",33.34%,ESA/Co-Pub,9/10/2025,10/20/2025,,,BMG BBR,,,,,,Main Version,,Writer,,SMG_MSG_109_19300,"SMN,SMG-US",SOS,SOS,,,,,10/31/2025
Hold,10/31/2025,,,10/31/2025,,,Jelly Roll ,Better Life,David Garcia,"Ashley Gorley,Blake Pendergrass",33.34%,ESA/Co-Pub,9/8/2025,10/20/2025,,,BMG BBR,,,,,,Main Version,,Writer,,SMG_MSG_109_19301,"SMN,SMG-US",SOS,SOS,,,,,10/31/2025
Released,,10/31/2025,8/7/2026,10/31/2025,,,Miranda Lambert,Sunset Marquis,David Garcia,"Miranda Lambert,Jesse Frasure,Ashley Monroe,Waylon Payne",20.00%,ESA/Co-Pub,7/14/2025,10/20/2025,,,Big Loud Records,,,USUG12604883,,,Main Version,Single,Writer,Country,SMG_MSG_109_19321,"SMN,SMG-US",SOS,SOS,,,,,8/7/2026
Cut,,10/31/2025,,10/31/2025,,,Miranda Lambert,Whiskey Business,David Garcia,"Jesse Frasure,Miranda Lambert,Aaron Raitiere",25.00%,ESA/Co-Pub,5/22/2025,10/20/2025,,,Big Loud Records,,,,,,Main Version,,Writer,,SMG_MSG_109_14055,"SMN,SMG-US",SOS,SOS,,,,,10/31/2025
Released,,,10/18/2024,10/31/2025,,,9rofit,Perfect,"Patrick Ridgen,RYON",Brandon Stewart,66.67%,"ESA/Co-Pub,ESA/Co-Pub",12/19/2022,4/30/2023,,Yung Brando,9rofit ENT,,,QZWFN2481386,Perfect,Cold Outside,Main Version,Album,Writer,Hip-Hop/Rap,SMG_MSG_109_9172,"SMN,SMG-US",SOS,ERB JV,,,,,10/31/2025
Released,,,12/2/2022,10/30/2025,,,Bela Pierce,Everything I Love,"Patrick Ridgen,RYON","Anthony Ortiz,Brandon Stewart,Bela Pierce",40.00%,"ESA/Co-Pub,ESA/Co-Pub",10/12/2022,4/30/2023,,Anthony Ortiz,Independent,,,QZW9L2248135,everything i luv (feat. Anthony Ortiz),everything i luv (feat. Anthony Ortiz) - Single,Main Version,Single,Writer,Pop,SMG_MSG_109_9192,"SMN,SMG-US",SOS,ERB JV,,,,,10/30/2025
Released,,,8/2/2024,10/30/2025,,,Yung Gravy,DMPB,"Patrick Ridgen,RYON","Brandon Stewart,Christian Dold,Eric Bonner,Yung Gravy,Nathan Mondry,Rapha Lucas,Walker Henderson",15.00%,"ESA/Co-Pub,ESA/Co-Pub",1/30/2023,8/28/2024,Yung Gravy (Released),,Republic Records,UMG Recordings Inc,,USUM72408817,DMPB,Serving Country,Explicit,Album,Writer,Country,SMG_MSG_109_13425,"SMN,SMG-US",SOS,ERB JV,,,,,10/30/2025
Released,,,8/2/2024,10/30/2025,,,Yung Gravy,DMPB,"Patrick Ridgen,RYON","Brandon Stewart,Christian Dold,Eric Bonner,Yung Gravy,Nathan Mondry,Rapha Lucas,Walker Henderson",15.00%,"ESA/Co-Pub,ESA/Co-Pub",1/30/2023,8/28/2024,Yung Gravy (Released),,Republic Records,UMG Recordings Inc,,USUM72408819,DMPB,Serving Country,Clean,Album,Writer,Country,SMG_MSG_109_13425,"SMN,SMG-US",SOS,ERB JV,,,,,10/30/2025
Released,,,5/9/2025,10/30/2025,,,Tristan Roberson,Save A Dance For Me,Jessica Cayne,"Jason Blaine,Tristan Roberson",33.34%,ESA/Co-Pub,7/26/2024,9/17/2025,,,Independent,,,QZDA42565723,,One Night In Dallas,Main Version,Album,Writer,Country,SMG_MSG_109_18776,"SMN,SMG-US",SOS,2 MIX JV II,,,,,10/30/2025
Released,,,5/9/2025,10/30/2025,,,Tristan Roberson,She Still Calls Me,"Jessica Cayne,Matthew Morrisey",Tristan Roberson,66.67%,"ESA/Co-Pub,ESA/Co-Pub",7/8/2024,9/17/2025,,,Independent,,,QZDA42565727,,One Night In Dallas,Main Version,Album,Writer,Country,SMG_MSG_109_18782,"SMN,SMG-US",SOS,"2 MIX JV II, SOS",,,,,10/30/2025
Hold,10/24/2025,,,10/27/2025,,,Jon Pardi,Where I'll Be,"Brent Anderson,Ryan Beaver","Bart Butler,Benjy Davis,Jon Pardi",40.00%,"ESA/Co-Pub,ESA/Co-Pub",9/25/2025,9/30/2025,,,Capitol Records Nashville,MCA (Music Corporation of America),,,,,Main Version,,Writer,,SMG_MSG_109_19020,"SMN,SMG-US",SOS,"FLUID JV II, 2 MIX JV II",,,,,10/27/2025
Hold,10/24/2025,,,10/27/2025,,,Jon Pardi,Made In Mexico,"Brent Anderson,Ryan Beaver","Bart Butler,Benjy Davis,Jon Pardi",40.00%,"ESA/Co-Pub,ESA/Co-Pub",9/25/2025,9/30/2025,,,Capitol Records Nashville,MCA (Music Corporation of America),,,,,Main Version,,Writer,,SMG_MSG_109_19001,"SMN,SMG-US",SOS,"FLUID JV II, 2 MIX JV II",,,,,10/27/2025
Released,,,10/28/2025,10/23/2025,,,&TEAM,Mismatch,Ben Samama,"Liam O'Donnell,Lara Andersson,PARKMOONCHI,Soma Genda,Lee Seu Ran,LUKE,YELO,Yoondahye,YX Labels",2.08%,ESA/Co-Pub,6/2/2025,9/17/2025,,,YX Labels,,,USA2P2545307,MISMATCH,Back To Life - EP,Main Version,EP,Writer,K-Pop,SMG_MSG_109_19323,"SMN,SMG-US",SOS,SOS,,,,,10/23/2025
Released,,,5/16/2025,10/21/2025,,,Adam Chaffins,Little Bit At A Time,Adam Chaffins,Adam Wright,50.00%,ESA/Co-Pub,10/28/2020,10/28/2020,,,Spirit Nashville Recordings,,,QZWUY2400054,,Trailer Trash,Main Version,EP,Writer,Country,SMG_MSG_109_6391,"SMN,SMG-US",SOS,FLUID JV II,,,,,10/21/2025
Released,,,5/16/2025,10/21/2025,,,Adam Chaffins,Kentucky Girl,Adam Chaffins,Adam Wright,50.00%,ESA/Co-Pub,8/24/2021,8/24/2021,,,Spirit Nashville Recordings,,,QZWUY2400053,,Trailer Trash,Main Version,EP,Writer,Country,SMG_MSG_109_6385,"SMN,SMG-US",SOS,FLUID JV II,,,,,10/21/2025
Released,,,5/16/2025,10/21/2025,,,Adam Chaffins,Trailer Trash,Adam Chaffins,Adam Wright,50.00%,ESA/Co-Pub,8/4/2021,8/4/2021,,,Spirit Nashville Recordings,,,QZWUY2400047,,Trailer Trash,Main Version,EP,Writer,Country,SMG_MSG_109_6399,"SMN,SMG-US",SOS,FLUID JV II,,,,,10/21/2025
Released,,,3/28/2025,10/21/2025,,,Adam Chaffins,Living Till My Dying Day,Adam Chaffins,Bryan Simpson,50.00%,ESA/Co-Pub,12/16/2020,12/16/2020,,,Spirit Nashville Recordings,,,QZWUY2400051,,,Main Version,Single,Writer,Country,SMG_MSG_109_6392,"SMN,SMG-US",SOS,FLUID JV II,,,,,10/21/2025
Released,,,8/1/2025,10/21/2025,,,Reaper,Liberation,JJ Scheff,,100.00%,ESA/Co-Pub,,10/21/2025,,,Independent,,,QM24S2504212,,,Main Version,Single,Writer,,SMG_MSG_109_19291,"SMN,SMG-US",SOS,SOS,,,,,10/21/2025
Released,,,4/18/2025,10/20/2025,,,Jenna Davis,Miss Wannabe,Shane Stevens,"Abbey Cabler,MARIA ABRAHAM",33.34%,Admin,,4/29/2025,,,Smack Records LLC,,,QZEQU2500663,,,Main Version,Single,Writer,,,"SMN,SMG-US",SOS,SOS,,,,,10/20/2025
Released,,,10/17/2025,10/19/2025,,,Jaz Karis,Alright,Chizzy,"Jaz Karis,Christian Israel Mombru,Kristian Karl Landberg Hossy,Joyce Wrice,Mizzylott",10.00%,Admin,,10/16/2025,,Joyce Wrice,Independent,,,US5ED2507152,,Loud In The Water,Main Version,EP,Writer,,SMG_MSG_109_19314,"SMN,SMG-US",SOS,SOS,,,,,10/19/2025
Released,,,10/24/2025,10/19/2025,,,Leon Thomas,My Muse,Peter Lee Johnson,"Leon Thomas,Bizzy,Marcus Paul,Freaky Rob,D Phelps,Nile Hargrove",5.00%,ESA/Co-Pub,,10/9/2025,Leon Thomas (Released),,"EZMNY Records,Motown Records",,,USUM72510354,My Muse,PHOLKS,Explicit,EP,Writer,R&B/Soul,SMG_MSG_109_19345,"SMN,SMG-US",SOS,CHAMPAGNE THERAPY JV,,,,,10/21/2025
Released,,,10/31/2025,10/19/2025,,,Noelle Scaggs,Diamonds On The Floor,Noelle Scaggs,,100.00%,Admin,1/25/2025,10/17/2025,Noelle Scaggs (Released),,Adventures With Scaggs LLC,,,QT5752500025 ,Diamonds on the Floor,Diamonds on the Floor - Single,Main Version,Single,Writer,Dance,SMG_MSG_109_19271,"SMN,SMG-US",SOS,SOS,,This is a Ninja Bunny Songbook work,,,10/31/2025
Released,,,11/29/2024,10/17/2025,,,Jenna Davis,Dear Santa,Shane Stevens,"Abbey Cabler,Jenna Davis,Nash Overstreet",25.00%,ESA/Co-Pub,7/25/2024,7/29/2024,,,Independent,,,QZEQU2402058,Dear Santa,Dear Santa - Single,Main Version,Single,Writer,Holiday,SMG_MSG_109_13202,"SMN,SMG-US",SOS,VAULT II,,,,,10/17/2025
Released,,,11/4/2025,10/16/2025,,,AHOF,Everything Is Love,Ben Samama,"ZENUR,KELSI,YOG$,El Capitxn,STEVEN,SIHA,Wavecloud,ARISA",22.00%,ESA/Co-Pub,,10/16/2025,,,Kakao Entertainment,,,KRA382506367,Everything is Love,The 2nd Mini Album (The Passage),Main Version,EP,Writer,,SMG_MSG_109_19232,"SMN,SMG-US",SOS,SOS,,,,,11/7/2025
Released,,,5/9/2025,10/15/2025,,,Miley Cyrus,More To Lose,Autumn Rowe,"Miley Cyrus,Michael Pollack",10.00%,Admin,,4/29/2025,,,Columbia Records,Sony Music Entertainment,,USSM12501020,,,Main Version,Single,Writer,,,"SMN,SMG-US",SOS,SOS,,,,,10/15/2025
Upcoming,,12/15/2025,,10/14/2025,,,Lee Brice,That's All I Know,Tyler Reeve,"Ben Stennis,Trannie Anderson",33.34%,ESA/Co-Pub,10/6/2022,2/28/2023,,,Curb Records,,checked,,,,Main Version,,Writer,Country,SMG_MSG_109_9275,"SMN,SMG-US",SOS,SOS,,,,,10/14/2025
Hold,10/10/2025,,,10/11/2025,,,Adam Sanders,What Else You Want,"Derek George,Brent Anderson,Monty Criswell",Adam Sanders,75.00%,"ESA/Co-Pub,ESA/Co-Pub,ESA/Co-Pub",8/5/2025,9/4/2025,,,,,,,,,Main Version,,Writer,,SMG_MSG_109_18664,"SMN,SMG-US",SOS,FLUID JV II,,,,,10/11/2025
Released,,10/10/2025,11/14/2025,10/10/2025,,,Hudson Westbrook,If He Wanted To,Ryan Beaver,"Hudson Westbrook,Dan Alley,Reid Haughton",25.00%,ESA/Co-Pub,8/7/2025,9/30/2025,,,River House Artists (Warner Music Nashville),Warner Music Nashville,,USWB12504169,If He Wanted To,If He Wanted To - Single,Main Version,Single,Writer,Country,SMG_MSG_109_19027,"SMN,SMG-US",SOS,2 MIX JV II,,,,,11/14/2025
Released,,10/10/2025,1/23/2026,10/10/2025,,,Hudson Westbrook,Exclusive,Ryan Beaver,"Neil Medley,Lukas Scott,Hudson Westbrook",25.00%,ESA/Co-Pub,9/6/2025,9/30/2025,,,River House Artists (Warner Music Nashville),Warner Music Nashville,,USWB12504170,Exclusive,Exclusive,Main Version,EP,Writer,Country,SMG_MSG_109_19028,"SMN,SMG-US",SOS,2 MIX JV II,,,,,1/23/2026
Released,,,9/20/2024,10/9/2025,,,Neon Trees,El Diablo,Joe Janiak,Tyler Glenn,50.00%,ESA/Co-Pub,1/20/2024,8/11/2025,,,,,,QM7YK2300250,,Sink Your Teeth,Main Version,Album,Writer,,,"SMN,SMG-US",SOS,SOS,,,,,10/9/2025
Released,,,10/3/2025,10/9/2025,,,Good Neighbours,Starry Eyed,Joe Janiak,"Alisa Xayalith,Oliver Fox,Scott Verrill,Thom Powers",25.00%,ESA/Co-Pub,1/15/2025,8/11/2025,,,Universal Music Operations Limited,UMG (Universal Music Group),,GBUM72501397,,Blue Sky Mentality ,Main Version,Album,Writer,,,"SMN,SMG-US",SOS,SOS,,,,,10/9/2025
Released,,,9/20/2024,10/9/2025,,,GIna Alice,Game Show,Joe Janiak,"Dave Gibson,Gina Alice",33.33%,ESA/Co-Pub,4/15/2024,8/11/2025,,,UMG Recordings Inc,MCA (Music Corporation of America),,USUM72409508,,Dreamcatcher,Main Version,EP,Writer,,,"SMN,SMG-US",SOS,SOS,,,,,10/9/2025
Released,,,9/20/2024,10/9/2025,,,GIna Alice,Lonely In Paris,Joe Janiak,"Dave Gibson,Gina Alice",33.33%,ESA/Co-Pub,2/1/2024,8/11/2025,,,UMG Recordings Inc,MCA (Music Corporation of America),,USUM72409506,,Dreamcatcher,Main Version,EP,Writer,,,"SMN,SMG-US",SOS,SOS,,,,,10/9/2025
Released,,,6/26/2024,10/9/2025,,,Peacemode,A Very Special Way,Joe Janiak,,100.00%,ESA/Co-Pub,1/1/2025,8/11/2025,,,Independent,,,QM6N22468531,,Sanctuary,Main Version,EP,Writer,,SMG_MSG_109_19765,"SMN,SMG-US",SOS,SOS,,,,,10/9/2025
Released,,,12/11/2024,10/9/2025,,,Peacemode,Cosmic Superhighways,Joe Janiak,,100.00%,ESA/Co-Pub,1/1/2025,8/11/2025,,,Independent,,,QMDA62472896,,Ladder Of Love,Main Version,EP,Writer,,,"SMN,SMG-US",SOS,SOS,,,,,10/9/2025
Released,,,10/3/2025,10/9/2025,,,Peacemode,Every Road,Joe Janiak,,100.00%,ESA/Co-Pub,1/1/2025,8/11/2025,,,Independent,,,QM4TX2581753,,The Heart & The Hope,Main Version,Album,Writer,Country,,"SMN,SMG-US",SOS,SOS,,,,,10/9/2025
Released,,,6/26/2024,10/9/2025,,,Peacemode,Good Old Days,Joe Janiak,,100.00%,ESA/Co-Pub,1/1/2025,8/11/2025,,,Independent,,,QM6N22469305,,Sanctuary,Main Version,EP,Writer,,,"SMN,SMG-US",SOS,SOS,,,,,10/9/2025
Released,,,12/11/2024,10/9/2025,,,Peacemode,Ladder of Love,Joe Janiak,,100.00%,ESA/Co-Pub,1/1/2025,8/11/2025,,,Independent,,,QMBZ92445448,,Ladder Of Love,Main Version,EP,Writer,,,"SMN,SMG-US",SOS,SOS,,,,,10/9/2025
Released,,,10/3/2025,10/9/2025,,,Peacemode,Money Train,Joe Janiak,,100.00%,ESA/Co-Pub,1/1/2025,8/11/2025,,,Independent,,,QMFME2547066,,The Heart & The Hope,Main Version,Album,Writer,,,"SMN,SMG-US",SOS,SOS,,,,,10/9/2025
Released,,,6/26/2024,10/9/2025,,,Peacemode,My Love (Is Like A Waterfall),Joe Janiak,,100.00%,ESA/Co-Pub,1/1/2025,8/11/2025,,,Independent,,,QM4TX2410227,,Sanctuary,Main Version,EP,Writer,,,"SMN,SMG-US",SOS,SOS,,,,,10/9/2025
Released,,,10/3/2025,10/9/2025,,,Peacemode,Nothing Else,Joe Janiak,,100.00%,ESA/Co-Pub,1/1/2025,8/11/2025,,,Independent,,,QM4TX2581687,,The Heart & The Hope,Main Version,Album,Writer,,,"SMN,SMG-US",SOS,SOS,,,,,10/9/2025
Released,,,6/26/2024,10/9/2025,,,Peacemode,"Oh, You Pretty People!",Joe Janiak,,100.00%,ESA/Co-Pub,1/1/2025,8/11/2025,,,Independent,,,QM6MZ2408446,,Sanctuary,Main Version,EP,Writer,,,"SMN,SMG-US",SOS,SOS,,,,,10/9/2025
Released,,,10/3/2025,10/9/2025,,,Peacemode,One More Drink Before I Go,Joe Janiak,,100.00%,ESA/Co-Pub,1/1/2025,8/11/2025,,,Independent,,,QM7282560692,,The Heart & The Hope,Main Version,Album,Writer,,,"SMN,SMG-US",SOS,SOS,,,,,10/9/2025
Released,,,10/3/2025,10/9/2025,,,Peacemode,Shine A Little Love,Joe Janiak,,100.00%,ESA/Co-Pub,1/1/2025,8/11/2025,,,Independent,,,QMFME2547069,,The Heart & The Hope,Main Version,Album,Writer,,,"SMN,SMG-US",SOS,SOS,,,,,10/9/2025
Released,,,10/3/2025,10/9/2025,,,Peacemode,In The Valley,Joe Janiak,,100.00%,ESA/Co-Pub,1/1/2025,8/11/2025,,,Independent,,,QMDA72590087,,The Heart & The Hope,Main Version,Album,Writer,,,"SMN,SMG-US",SOS,SOS,,,,,10/9/2025
Released,,,10/3/2025,10/9/2025,,,Peacemode,The Heart & The Hope,Joe Janiak,,100.00%,ESA/Co-Pub,1/1/2025,8/11/2025,,,Independent,,,QM4TX2581742,,The Heart & The Hope,Main Version,Album,Writer,,,"SMN,SMG-US",SOS,SOS,,,,,10/9/2025
Released,,,12/11/2024,10/9/2025,,,Peacemode,Wild Ones,Joe Janiak,,100.00%,ESA/Co-Pub,1/1/2025,8/11/2025,,,Independent,,,QMDA62470637,,Ladder Of Love EP,Main Version,EP,Writer,,,"SMN,SMG-US",SOS,SOS,,,,,10/9/2025
Released,,,10/3/2025,10/9/2025,,,Peacemode,Come Back Baby,Joe Janiak,,100.00%,ESA/Co-Pub,1/1/2025,8/11/2025,,,Independent,,,QMBZ92536172,,The Heart & The Hope,Main Version,Album,Writer,,,"SMN,SMG-US",SOS,SOS,,,,,10/9/2025
Released,,,12/11/2024,10/9/2025,,,Peacemode,Sweet Anjali,Joe Janiak,,100.00%,ESA/Co-Pub,1/1/2025,8/11/2025,,,Independent,,,QM7282430602,,Ladder Of Love EP,Main Version,EP,Writer,,,"SMN,SMG-US",SOS,SOS,,,,,10/9/2025
Released,,,1/17/2025,10/9/2025,,,Desure,Damn Those City Lights,Joe Janiak,Josh Desure,50.00%,ESA/Co-Pub,3/20/2024,8/11/2025,,,Independent,,,QZSY62100225,,,Main Version,Single,Writer,,,"SMN,SMG-US",SOS,SOS,,,,,10/9/2025
Released,,,5/9/2025,10/9/2025,,,Desure,Like A River,Joe Janiak,Josh Desure,50.00%,ESA/Co-Pub,5/24/2024,8/11/2025,,,Independent,,,QZSY62100216,,Chelsea After Hours,Main Version,EP,Writer,,,"SMN,SMG-US",SOS,SOS,,,,,10/9/2025
Released,,,5/9/2025,10/9/2025,,,Rachel Grae,Raised By A Woman,Joe Janiak,"Dave Gibson,Rachel Grae",33.33%,ESA/Co-Pub,9/9/2024,8/11/2025,Rachel Grae (Released),,Independent,,,USA2P2514067,,,Main Version,Single,Writer,,,"SMN,SMG-US",SOS,SOS,,,,,10/9/2025
Released,,,9/18/2024,10/9/2025,,,Vienna Vienna,Vienna (Everything's Fine),Joe Janiak,"James Barre,Tommy English",33.33%,ESA/Co-Pub,2/16/2024,8/11/2025,,,,,,USC4R2441697,,,Main Version,Single,Writer,,,"SMN,SMG-US",SOS,SOS,,,,,10/9/2025
Released,,,4/25/2025,10/9/2025,,,Billy Idol,Still Dancing,Joe Janiak,"Steve Stevens,Tommy English,Billy Idol",25.00%,ESA/Co-Pub,3/16/2024,8/11/2025,,,,,,QMRSZ2402136,,Dream Into It,Main Version,Album,Writer,,,"SMN,SMG-US",SOS,SOS,,,,,10/9/2025
Released,,,4/25/2025,10/9/2025,,,Billy Idol,I'm Your Hero,Joe Janiak,"Steve Stevens,Tommy English,Billy Idol",25.00%,ESA/Co-Pub,3/18/2024,8/11/2025,,,,,,QMRSZ2402135,,Dream Into It,Main Version,,Writer,,,"SMN,SMG-US",SOS,SOS,,,,,10/9/2025
Released,,,4/25/2025,10/9/2025,,,Billy Idol,Gimme The Weight,Joe Janiak,"Steve Stevens,Tommy English,Billy Idol",25.00%,ESA/Co-Pub,3/17/2024,8/11/2025,,,,,,QMRSZ2402134,,Dream Into It,Main Version,Album,Writer,,,"SMN,SMG-US",SOS,SOS,,,,,10/9/2025
Released,,,4/25/2025,10/9/2025,,,Billy Idol,Dream Into It,Joe Janiak,"Alan Vega,Martin Reverby,Steve Stevens,Tommy English,Billy Idol",21.25%,ESA/Co-Pub,3/15/2024,8/11/2025,,,,,,QMRSZ2402127,,Dream Into It,Main Version,Album,Writer,,,"SMN,SMG-US",SOS,SOS,,,,,10/9/2025
Released,,,2/20/2026,10/8/2025,,,Brooke Lee,Desert Darling,Brooke Lee,Danielle Blakey,50.00%,ESA/Co-Pub,8/7/2025,10/1/2025,,,Spirit Nashville Recordings,,,QM4TW2668458,,,Main Version,Single,"Writer,Artist",Country,SMG_MSG_109_19042,"SMN,SMG-US",SOS,2 MIX JV II,,,,,2/20/2026
Released,,,9/26/2025,10/8/2025,,,Lily Rose,Figure 8,Matthew Morrisey,"Autumn Buysse,Daniel Davidsen,Lily Rose,Peter Wallevik",20.00%,ESA/Co-Pub,3/3/2025,3/11/2025,,,Independent,,,QM24S2504568,,I Know What I Want,Main Version,Album,Writer,,SMG_MSG_109_17938,"SMN,SMG-US",SOS,SOS,,,,,10/8/2025
Released,,,9/26/2025,10/8/2025,,,CH4YN,Bury Me Alive,Ben Samama,"Marco Krstic,Ilja Krut",33.33%,ESA/Co-Pub,,10/6/2025,,ANDATA,Tipsy Dreamer,,,DE1QW2504980,Bury Me Alive,Bury Me Alive - Single,Main Version,Single,Writer,Trance,SMG_MSG_109_19176,"SMN,SMG-US",SOS,SOS,,,,,10/8/2025
Released,,,11/6/2025,10/8/2025,,,Sawyer Utah,Play With My Heart,Sawyer Utah,,100.00%,ESA/Co-Pub,8/29/2025,9/11/2025,Sawyer Utah (Released),,VISCYRL X,,,QMFMF2505480,play with my heart,,Main Version,Single,Writer,,SMG_MSG_109_19175,"SMN,SMG-US",SOS,VISCYRL / ARCADE JV,,,,,11/7/2025
Released,,10/7/2025,10/24/2025,10/7/2025,,,Alli Leighann,Catching Fire,"Chizzy,Connor McCutcheon",Alli Leighann,33.33%,"Admin,Recording",4/7/2025,,,,Independent,,,QT65Z2521159,Catchin' Fire,Catchin' Fire - Single,Main Version,Single,Writer,Country,SMG_MSG_109_17922,"SMN,SMG-US",SOS,"SOS, FLUID JV II",,,,,10/24/2025
Released,,10/7/2025,10/17/2025,10/7/2025,,,Avery Roberson,Sober,LECADE,"Beau Bailey,Jordon Terrell,Avery Roberson",25.00%,ESA/Co-Pub,7/16/2024,10/7/2025,,,Big Machine Label Group,,,QZRD92507923,Sober,Sober - Single,Main Version,Single,Writer,Country,SMG_MSG_109_19174,"SMN,SMG-US",SOS,LASA / HoB JV,,,,,10/17/2025
Released,,,11/14/2025,10/7/2025,,,SUMMY,Oxygen,Brock Westover,"Brandon Drahos,Summer Mackenzie Ferguson",33.33%,ESA/Co-Pub,11/10/2022,7/31/2024,,,Independent,,,QZTPX2595163,,Oxygen - Single,Main Version,,Writer,Country,SMG_MSG_109_13939,"SMN,SMG-US",SOS,FUTURISTICS JV,,,,,11/21/2025
Released,,,10/3/2025,10/3/2025,,,Grace Asbury,Make It With You,"Jessica Cayne,Matthew Morrisey",Grace Asbury,66.67%,"ESA/Co-Pub,ESA/Co-Pub",5/30/2025,6/4/2025,,,Independent,,,QZS7J2530238,,Make It With You,Main Version,Single,Writer,Country,SMG_MSG_109_18291,"SMN,SMG-US",SOS,"2 MIX JV II, SOS",,,,,10/3/2025
Released,,,3/20/2026,10/2/2025,,,Brooke Lee,Just Because,"Brooke Lee,Justin Richards",Danielle Blakey,66.67%,"ESA/Co-Pub,ESA/Co-Pub",7/18/2025,8/3/2025,,,Spirit Nashville Recordings,,,QM4TW2672383,Just Because,Desert Darling - EP,Main Version,EP,"Writer,Artist",Country,SMG_MSG_109_18453,"SMN,SMG-US",SOS,2 MIX JV II,,,,,3/20/2026
Released,,,4/17/2026,10/2/2025,,,Brooke Lee,Kissing A Stranger,"Brooke Lee,Justin Richards",,100.00%,"ESA/Co-Pub,ESA/Co-Pub",7/15/2025,7/15/2025,,,Spirit Nashville Recordings,,,QM4TW2672431,Kissing A Stranger,Desert Darling - EP,Main Version,EP,"Writer,Artist",Country,SMG_MSG_109_18358,"SMN,SMG-US",SOS,2 MIX JV II,,,,,4/17/2026
Released,,,4/17/2026,10/2/2025,,,Brooke Lee,I Gotta Go,Brooke Lee,"Aaron Eshuis,Neil Medley",33.34%,ESA/Co-Pub,7/18/2024,7/30/2024,,,Spirit Nashville Recordings,,,QM4TW2672446,,I Gotta Go - Single,Main Version,Single,Writer,Country,SMG_MSG_109_13229,"SMN,SMG-US",SOS,2 MIX JV II,,,,,4/17/2026
Released,,,1/23/2026,10/2/2025,,,Brooke Lee,Burn To Black,Brooke Lee,"Danielle Blakey,Jon Nite",33.34%,ESA/Co-Pub,5/22/2025,7/2/2025,,,Spirit Nashville Recordings,,,US6R22526325,,Burn To Black - Single,Main Version,Single,Writer,Country,SMG_MSG_109_18040,"SMN,SMG-US",SOS,2 MIX JV II,,,,,1/23/2026
Released,,,7/12/2024,10/1/2025,,,Ben Gallaher,Stomp,Neil Thrasher,"Ben Gallaher,Patrick Thrasher,Wendell Mobley",25.00%,ESA/Co-Pub,7/13/2023,7/26/2023,Ben Gallaher (Released),,Stone Country Records,,,QZURR2400011,Stomp (Front Porch),Stomp (Front Porch) - Single,Main Version,Single,Writer,Country,SMG_MSG_101_238306,"SMN,SMG-US",CRESCENDO,CRESCENDO,,,,,10/1/2025
Released,,,9/15/2023,10/1/2025,,,Ben Gallaher,Stomp,Neil Thrasher,"Ben Gallaher,Patrick Thrasher,Wendell Mobley",25.00%,ESA/Co-Pub,7/13/2023,7/26/2023,Ben Gallaher (Released),,Stone Country Records,,,QZURR2300009,Stomp,Stomp - Single,Main Version,Single,Writer,Country,SMG_MSG_101_238306,"SMN,SMG-US",CRESCENDO,CRESCENDO,,,,,10/1/2025
Released,,,9/26/2025,10/1/2025,,,Ben Gallaher,Stomp,Neil Thrasher,"Ben Gallaher,Patrick Thrasher,Wendell Mobley",25.00%,ESA/Co-Pub,7/13/2023,7/26/2023,Ben Gallaher (Released),,Stone Country Records,,,QZURR2300009,Stomp,Time,Main Version,Album,Writer,Country,SMG_MSG_101_238306,"SMN,SMG-US",CRESCENDO,CRESCENDO,,,,,10/1/2025
Released,,8/12/2025,9/26/2025,10/1/2025,,,Ben Gallaher,Whiskey on a Wound,Neil Thrasher,"Ben Gallaher,Kelley Lovelace",33.34%,ESA/Co-Pub,5/25/2021,6/16/2021,,,Stone Country Records,,,QZURR2400027,Whiskey on a Wound,Time,Main Version,Album,Writer,Country,SMG_MSG_101_214303,"SMN,SMG-US",CRESCENDO,CRESCENDO,,,,,10/1/2025
Released,,8/12/2025,9/26/2025,10/1/2025,,,Ben Gallaher,Kinda Can't Say No,Neil Thrasher,"Lee Thomas Miller,Wendell Mobley",33.33%,ESA/Co-Pub,9/3/2020,9/10/2020,,,Stone Country Records,,,QZURR2400028,Kinda Can't Say No,Time,Main Version,Album,Writer,Country,SMG_MSG_101_205700,"SMN,SMG-US",CRESCENDO,CRESCENDO,,,,,10/1/2025
Released,,8/12/2025,9/26/2025,10/1/2025,,,Ben Gallaher,Mistakes,Neil Thrasher,Tony Martin,50.00%,ESA/Co-Pub,1/9/2020,1/17/2020,"Rascal Flatts  (Dropped Hold), Ben Gallaher (Released)",,Stone Country Records,,,QZURR2400026,Mistakes,Time,Main Version,Album,Writer,Country,SMG_MSG_101_195507,"SMN,SMG-US",CRESCENDO,CRESCENDO,,,,,10/1/2025
Released,,10/1/2025,2/13/2026,10/1/2025,,,Emily Ann Roberts,Whipped,Ryan Beaver,"Emily Ann Roberts,Trent Willmon,Jeremy Spillman",25.00%,ESA/Co-Pub,6/26/2025,9/29/2025,,,"Independent,Sony Music Nashville",,,US6XF2600017,,,Main Version,Single,Writer,Country,SMG_MSG_109_18926,"SMN,SMG-US",SOS,2 MIX JV II,,,,,2/19/2026
Released,,,9/5/2025,10/1/2025,,,Rob Thomas,All Night Days,Remy Gautreau,"Gregg Wattenberg,Rob Thomas,Grant Michaels",20.00%,ESA/Co-Pub,,4/9/2025,,,UMG (Universal Music Group),,,USUG12505379,,All Night Days,Main Version,Album,Writer,,SMG_MSG_109_19026,"SMN,SMG-US",SOS,ARCADE JV,,,,,10/1/2025
Hold,10/1/2025,,,10/1/2025,,,Restless Road,Denim On Denim,Zach Beeken,"Michael August,Mike Walker",33.34%,ESA/Co-Pub,7/29/2025,8/12/2025,,,Independent,,,,,,Main Version,,Writer,,SMG_MSG_109_18506,"SMN,SMG-US",SOS,FLUID JV II,,,,,10/1/2025
Hold,10/1/2025,,,10/1/2025,,,Restless Road,She's All Over The Country,Zach Beeken,"Chris Mackey,Colton Pack,Garrett Nichols,Michael Rotundo",20.00%,ESA/Co-Pub,8/8/2025,8/26/2025,,,Independent,,,,,,Main Version,,Writer,,SMG_MSG_109_18605,"SMN,SMG-US",SOS,FLUID JV II,,,,,10/1/2025
Released,10/1/2025,6/2/2026,7/10/2026,10/1/2025,,,Restless Road,Forever Ago,Zach Beeken,"Colton Pack,Garrett Nichols,Kyle Schlienger",25.00%,ESA/Co-Pub,7/1/2025,7/15/2025,,,Empire,,,USUYG1819784,,,Main Version,Single,Writer,Country,SMG_MSG_109_18194,"SMN,SMG-US",SOS,FLUID JV II,,,,,7/10/2026
Hold,10/1/2025,,,10/1/2025,,,Restless Road,Whiskey Man,Zach Beeken,"Cole Miracle,Colton Pack,Garrett Nichols,Sam Martinez",20.00%,ESA/Co-Pub,4/25/2025,7/11/2025,,,Independent,,,,,,Main Version,,Writer,,,"SMN,SMG-US",SOS,FLUID JV II,,,,,10/1/2025
Hold,10/1/2025,,,10/1/2025,,,Restless Road,So Long,Zach Beeken,"Colton Pack,Drew Parker,Garrett Nichols,Kyle Clark",20.00%,ESA/Co-Pub,1/15/2025,7/11/2025,,,Independent,,,,,,Main Version,,Writer,,,"SMN,SMG-US",SOS,FLUID JV II,,,,,10/1/2025
Hold,10/1/2025,,,10/1/2025,,,Restless Road,Tennessee You,Zach Beeken,"Ben Williams,Caitlyn Smith,Colton Pack,Garrett Nichols",20.00%,ESA/Co-Pub,1/24/2025,7/11/2025,,,Independent,,,,,,Main Version,,Writer,,,"SMN,SMG-US",SOS,FLUID JV II,,,,,10/1/2025
Released,,,9/26/2025,10/1/2025,,,Modestep,Give Up The Ghost,Nick Gale,Joshua Friend,0.00%,ESA/Co-Pub,,5/22/2025,,,Modestep,,,QZTGW2404816,Give Up The Ghost,Give Up The Ghost,Main Version,Album,Writer,Electronic,,"SMN,SMG-US",SOS,SOS,,,,,10/1/2025
Released,,,9/26/2025,10/1/2025,,,Modestep,Different,Nick Gale,Joshua Friend,0.00%,ESA/Co-Pub,,5/22/2025,,,Modestep,,,QZTGW2404809,Different,Give Up The Ghost,Main Version,Album,Writer,Electronic,,"SMN,SMG-US",SOS,SOS,,,,,10/1/2025
Released,,,9/12/2025,10/1/2025,,,Matt Hansen,Forever Again,Sara Boe,"Colin Foote,Alexander Borel,Matt Hansen,William Linley,Jackson Foote",16.66%,ESA/Co-Pub,7/25/2025,9/26/2025,,,Independent,,,QM24S2505346,,,Main Version,Single,Writer,,SMG_MSG_109_19023,"SMN,SMG-US",SOS,SOS,,,,,10/1/2025
Released,,,9/29/2025,9/30/2025,,,HARDY,Take the Country and Run,"Michael Hardy,David Garcia",Ashley Gorley,66.67%,"Admin,ESA/Co-Pub",10/9/2024,10/31/2024,HARDY (Released),,Big Loud Records,,,USUG12508045,Take The Country And Run - Acoustic One Take,COUNTRY! COUNTRY! COUNTRY! (CLEAN),Acoustic,Album,Writer,Country,SMG_MSG_109_14471,"SMN,SMG-US",SOS,SOS,,,,,9/30/2025
Released,,,9/29/2025,9/30/2025,,,HARDY,Everybody Does,Michael Hardy,,100.00%,Admin,10/23/2024,8/18/2025,HARDY (Released),,Big Loud Records,,,USUG12505243,,COUNTRY! COUNTRY! COUNTRY! (CLEAN),Clean,Album,Writer,Country,,"SMN,SMG-US",SOS,SOS,,,,,9/30/2025
Released,,,9/29/2025,9/30/2025,,,HARDY,Everybody Does,Michael Hardy,,100.00%,Admin,10/23/2024,8/18/2025,HARDY (Released),,Big Loud Records,,,USUG12505235,,COUNTRY! COUNTRY! COUNTRY! (EXPLICIT),Main Version,Album,Writer,Country,,"SMN,SMG-US",SOS,SOS,,,,,9/30/2025
Released,,,9/26/2025,9/30/2025,,,HARDY,Everybody Does,Michael Hardy,,100.00%,Admin,10/23/2024,8/18/2025,HARDY (Released),,Big Loud Records,,,USUG12505243,,COUNTRY! COUNTRY! COUNTRY! (CLEAN),Clean,Album,Writer,Country,,"SMN,SMG-US",SOS,SOS,,,,,9/30/2025
Released,,,9/29/2025,9/30/2025,,,HARDY,Y’all Need Jesus,Michael Hardy,"Drew Parker,Jessie Jo Dillon,Zach Abend",25.00%,Admin,8/28/2024,8/18/2025,HARDY (Released),,Big Loud Records,,,USUG12505242,,COUNTRY! COUNTRY! COUNTRY! (CLEAN),Clean,Album,Writer,Country,,"SMN,SMG-US",SOS,SOS,,,,,9/30/2025
Released,,,9/29/2025,9/30/2025,,,HARDY,Y’all Need Jesus,Michael Hardy,"Drew Parker,Jessie Jo Dillon,Zach Abend",25.00%,Admin,8/28/2024,8/18/2025,HARDY (Released),,Big Loud Records,,,USUG12505232,,COUNTRY! COUNTRY! COUNTRY! (EXPLICIT),Main Version,Album,Writer,Country,,"SMN,SMG-US",SOS,SOS,,,,,9/30/2025
Released,,,9/26/2025,9/30/2025,,,HARDY,Y’all Need Jesus,Michael Hardy,"Drew Parker,Jessie Jo Dillon,Zach Abend",25.00%,Admin,8/28/2024,8/18/2025,HARDY (Released),,Big Loud Records,,,USUG12505242,,COUNTRY! COUNTRY! (CLEAN),Clean,Album,Writer,Country,,"SMN,SMG-US",SOS,SOS,,,,,9/30/2025
Released,,,9/29/2025,9/30/2025,,,HARDY,Keep It Country,"David Garcia,Michael Hardy","Hunter Phelps,Smith Ahnquist",50.00%,"ESA/Co-Pub,Admin",8/8/2024,8/28/2024,HARDY (Released),,Big Loud Records,,,USUG12505241,,COUNTRY! COUNTRY! COUNTRY! (CLEAN),Clean,Album,Writer,Country,SMG_MSG_109_13451,"SMN,SMG-US",SOS,SOS,,,,,9/30/2025
Released,,,9/29/2025,9/30/2025,,,HARDY,Keep It Country,"David Garcia,Michael Hardy","Hunter Phelps,Smith Ahnquist",50.00%,"ESA/Co-Pub,Admin",8/8/2024,8/28/2024,HARDY (Released),,Big Loud Records,,,USUG12505231,,COUNTRY! COUNTRY! COUNTRY! (EXPLICIT),Main Version,Album,Writer,Country,SMG_MSG_109_13451,"SMN,SMG-US",SOS,SOS,,,,,9/30/2025
Released,,,9/29/2025,9/30/2025,,,HARDY,Gun To My Head,Michael Hardy,"Kyle Clark,Mark Holman,Smith Ahnquist",25.00%,Admin,12/11/2024,8/18/2025,HARDY (Released),,Big Loud Records,,,USUG12505230,,COUNTRY! COUNTRY! COUNTRY! (CLEAN),Clean,Album,Writer,Country,,"SMN,SMG-US",SOS,SOS,,,,,9/30/2025
Released,,,9/29/2025,9/30/2025,,,HARDY,Gun To My Head,Michael Hardy,"Kyle Clark,Mark Holman,Smith Ahnquist",25.00%,Admin,12/11/2024,8/18/2025,HARDY (Released),,Big Loud Records,,,USUG12505230,,COUNTRY! COUNTRY! COUNTRY! (EXPLICIT),Main Version,Album,Writer,Country,,"SMN,SMG-US",SOS,SOS,,,,,9/30/2025
Released,,,9/26/2025,9/30/2025,,,HARDY,Gun To My Head,Michael Hardy,"Kyle Clark,Mark Holman,Smith Ahnquist",25.00%,Admin,12/11/2024,8/18/2025,HARDY (Released),,Big Loud Records,,,USUG12505230,,COUNTRY! COUNTRY! (CLEAN),Clean,Album,Writer,Country,,"SMN,SMG-US",SOS,SOS,,,,,9/30/2025
Released,,,9/29/2025,9/30/2025,,,HARDY,Who Don't,Michael Hardy,"Greylan James,Jessie Jo Dillon,Zach Abend",25.00%,Admin,10/1/2024,8/27/2025,HARDY (Released),,Big Loud Records,,,USUG12505239,,COUNTRY! COUNTRY! COUNTRY! (CLEAN),Clean,Album,Writer,Country,,"SMN,SMG-US",SOS,SOS,,,,,9/30/2025
Released,,,9/29/2025,9/30/2025,,,HARDY,Who Don't,Michael Hardy,"Greylan James,Jessie Jo Dillon,Zach Abend",25.00%,Admin,10/1/2024,8/27/2025,HARDY (Released),,Big Loud Records,,,USUG12505228,,COUNTRY! COUNTRY! COUNTRY! (EXPLICIT),Main Version,Album,Writer,Country,,"SMN,SMG-US",SOS,SOS,,,,,9/30/2025
Released,,,9/26/2025,9/30/2025,,,HARDY,Who Don't,Michael Hardy,"Greylan James,Jessie Jo Dillon,Zach Abend",25.00%,Admin,10/1/2024,8/27/2025,HARDY (Released),,Big Loud Records,,,USUG12505239,,COUNTRY! COUNTRY! (CLEAN),Clean,Album,Writer,Country,,"SMN,SMG-US",SOS,SOS,,,,,9/30/2025
Released,,,9/29/2025,9/30/2025,,,HARDY,Country In Me,Michael Hardy,"Ashley Gorley,Ben Johnson,Drew Parker",25.00%,Admin,4/17/2024,8/18/2025,HARDY (Released),,Big Loud Records,,,USUG12505240,,COUNTRY! COUNTRY! COUNTRY! (CLEAN),Clean,Album,Writer,Country,,"SMN,SMG-US",SOS,SOS,,,,,9/30/2025
Released,,,9/29/2025,9/30/2025,,,HARDY,Country In Me,Michael Hardy,"Ashley Gorley,Ben Johnson,Drew Parker",25.00%,Admin,4/17/2024,8/18/2025,HARDY (Released),,Big Loud Records,,,USUG12505229,,COUNTRY! COUNTRY! COUNTRY! (EXPLICIT),Main Version,Album,Writer,Country,,"SMN,SMG-US",SOS,SOS,,,,,9/30/2025
Released,,,9/29/2025,9/30/2025,,,HARDY,Bottomland,Michael Hardy,"Hunter Phelps,Jessie Jo Dillon,Smith Ahnquist,Zach Abend",20.00%,Admin,12/11/2024,8/27/2025,HARDY (Released),,Big Loud Records,,,USUG12505227,,COUNTRY! COUNTRY! COUNTRY! (CLEAN),Clean,Album,Writer,Country,SMG_MSG_109_19002,"SMN,SMG-US",SOS,SOS,,,,,9/30/2025
Released,,,9/29/2025,9/30/2025,,,HARDY,Bottomland,Michael Hardy,"Hunter Phelps,Jessie Jo Dillon,Smith Ahnquist,Zach Abend",20.00%,Admin,12/11/2024,8/27/2025,HARDY (Released),,Big Loud Records,,,USUG12505227,,COUNTRY! COUNTRY! COUNTRY! (EXPLICIT),Main Version,Album,Writer,Country,SMG_MSG_109_19002,"SMN,SMG-US",SOS,SOS,,,,,9/30/2025
Released,,,9/29/2025,9/30/2025,,,HARDY,Bedrooms In The Sky,Michael Hardy,"Hunter Phelps,Zach Abend",33.34%,Admin,4/9/2024,8/18/2025,HARDY (Released),Stephen Wilson Jr.,Big Loud Records,,,USUG12505238,,COUNTRY! COUNTRY! COUNTRY! (CLEAN),Clean,Album,Writer,Country,SMG_MSG_109_18936,"SMN,SMG-US",SOS,SOS,,,,,9/30/2025
Released,,,9/29/2025,9/30/2025,,,HARDY,Bedrooms In The Sky,Michael Hardy,"Hunter Phelps,Zach Abend",33.34%,Admin,4/9/2024,8/18/2025,HARDY (Released),Stephen Wilson Jr.,Big Loud Records,,,USUG12505226,,COUNTRY! COUNTRY! COUNTRY!,Main Version,Album,Writer,Country,SMG_MSG_109_18936,"SMN,SMG-US",SOS,SOS,,,,,9/30/2025
Released,,,9/26/2025,9/30/2025,,,HARDY,Bedrooms In The Sky,Michael Hardy,"Hunter Phelps,Zach Abend",33.34%,Admin,4/9/2024,8/18/2025,HARDY (Released),Stephen Wilson Jr.,Big Loud Records,,,USUG12505238,,COUNTRY! COUNTRY! (CLEAN),Clean,Album,Writer,Country,SMG_MSG_109_18936,"SMN,SMG-US",SOS,SOS,,,,,9/30/2025
Released,,,9/29/2025,9/30/2025,,,HARDY,Goodbye,Michael Hardy,"Cam Montgomery,Hunter Phelps,Jessie Jo Dillon",25.00%,Admin,7/15/2024,8/18/2025,HARDY (Released),,Big Loud Records,,,USUG12505225,,COUNTRY! COUNTRY! COUNTRY! (CLEAN),Clean,Album,Writer,Country,,"SMN,SMG-US",SOS,SOS,,,,,9/30/2025
Released,,,9/29/2025,9/30/2025,,,HARDY,Goodbye,Michael Hardy,"Cam Montgomery,Hunter Phelps,Jessie Jo Dillon",25.00%,Admin,7/15/2024,8/18/2025,HARDY (Released),,Big Loud Records,,,USUG12505225,,COUNTRY! COUNTRY! COUNTRY!,Main Version,Album,Writer,Country,,"SMN,SMG-US",SOS,SOS,,,,,9/30/2025
Released,,,9/26/2025,9/30/2025,,,HARDY,Goodbye,Michael Hardy,"Cam Montgomery,Hunter Phelps,Jessie Jo Dillon",25.00%,Admin,7/15/2024,8/18/2025,HARDY (Released),,Big Loud Records,,,USUG12505225,,COUNTRY! COUNTRY! (CLEAN),Clean,Album,Writer,Country,,"SMN,SMG-US",SOS,SOS,,,,,9/30/2025
Released,,,9/29/2025,9/30/2025,,,HARDY,Take the Country and Run,"Michael Hardy,David Garcia",Ashley Gorley,66.67%,"Admin,ESA/Co-Pub",10/9/2024,10/31/2024,HARDY (Released),,Big Loud Records,,,USUG12505224,,COUNTRY! COUNTRY! COUNTRY! (CLEAN),Clean,Album,Writer,Country,SMG_MSG_109_14471,"SMN,SMG-US",SOS,SOS,,,,,9/30/2025
Released,,,9/29/2025,9/30/2025,,,HARDY,Take the Country and Run,"Michael Hardy,David Garcia",Ashley Gorley,66.67%,"Admin,ESA/Co-Pub",10/9/2024,10/31/2024,HARDY (Released),,Big Loud Records,,,USUG12505224,,COUNTRY! COUNTRY! COUNTRY!,Main Version,Album,Writer,Country,SMG_MSG_109_14471,"SMN,SMG-US",SOS,SOS,,,,,9/30/2025
Released,,,9/26/2025,9/30/2025,,,HARDY,Country In Me,Michael Hardy,"Ashley Gorley,Ben Johnson,Drew Parker",25.00%,Admin,4/17/2024,8/18/2025,HARDY (Released),,Big Loud Records,,,USUG12505240,,COUNTRY! COUNTRY! (CLEAN),Clean,Album,Writer,Country,,"SMN,SMG-US",SOS,SOS,,,,,9/30/2025
Released,,,9/26/2025,9/30/2025,,,HARDY,Country In Me,Michael Hardy,"Ashley Gorley,Ben Johnson,Drew Parker",25.00%,Admin,4/17/2024,8/18/2025,HARDY (Released),,Big Loud Records,,,USUG12505229,,COUNTRY! COUNTRY! (EXPLICIT),Main Version,Album,Writer,Country,,"SMN,SMG-US",SOS,SOS,,,,,9/30/2025
Released,,,9/29/2025,9/30/2025,,,HARDY,Country In Me,Michael Hardy,"Ashley Gorley,Ben Johnson,Drew Parker",25.00%,Admin,4/17/2024,8/18/2025,HARDY (Released),,Big Loud Records,,,USUG12508048,Country In Me - Acoustic One Take,COUNTRY! COUNTRY! COUNTRY! (CLEAN),Acoustic,Album,Writer,Country,,"SMN,SMG-US",SOS,SOS,,,,,9/30/2025
Released,,,9/29/2025,9/30/2025,,,HARDY,Country Country,"David Garcia,Michael Hardy",Ashley Gorley,66.67%,"ESA/Co-Pub,Admin",10/23/2024,10/31/2024,HARDY (Released),,Big Loud Records,,,USUG12505236,,COUNTRY! COUNTRY! COUNTRY! (CLEAN),Clean,Album,Writer,Country,SMG_MSG_109_14475,"SMN,SMG-US",SOS,SOS,,,,,9/30/2025
Released,,,9/29/2025,9/30/2025,,,HARDY,Country Country,"David Garcia,Michael Hardy",Ashley Gorley,66.67%,"ESA/Co-Pub,Admin",10/23/2024,10/31/2024,HARDY (Released),,Big Loud Records,,,USUG12505221,,COUNTRY! COUNTRY! COUNTRY! (EXPLICIT),Main Version,Album,Writer,Country,SMG_MSG_109_14475,"SMN,SMG-US",SOS,SOS,,,,,9/30/2025
Released,,,9/29/2025,9/30/2025,,,HARDY,Favorite Country Song,Michael Hardy,"Ashley Gorley,Beau Bailey,Casey Brown,Nate Smith,Taylor Phillips,Zach Abend",14.29%,Admin,4/16/2024,8/27/2025,HARDY (Released),,Big Loud Records,,,USUG12502833,,COUNTRY! COUNTRY! COUNTRY! (CLEAN),Clean,Album,Writer,Country,,"SMN,SMG-US",SOS,SOS,,,,,9/30/2025
Released,,,9/29/2025,9/30/2025,,,HARDY,Favorite Country Song,Michael Hardy,"Ashley Gorley,Beau Bailey,Casey Brown,Nate Smith,Taylor Phillips,Zach Abend",14.29%,Admin,4/16/2024,8/27/2025,HARDY (Released),,Big Loud Records,,,USUG12502833,,COUNTRY! COUNTRY! COUNTRY! (EXPLICIT),Main Version,Album,Writer,Country,,"SMN,SMG-US",SOS,SOS,,,,,9/30/2025
Released,,,9/29/2025,9/30/2025,,,HARDY,Luckiest Man Alive,Michael Hardy,"Ashley Gorley,Ben Johnson,Hunter Phelps",25.00%,Admin,12/16/2024,8/18/2025,HARDY (Released),,Big Loud Records,,,USUG12502832,,COUNTRY! COUNTRY! COUNTRY! (CLEAN),Clean,Album,Writer,Country,,"SMN,SMG-US",SOS,SOS,,,,,9/30/2025
Released,,,9/29/2025,9/30/2025,,,HARDY,Luckiest Man Alive,Michael Hardy,"Ashley Gorley,Ben Johnson,Hunter Phelps",25.00%,Admin,12/16/2024,8/18/2025,HARDY (Released),,Big Loud Records,,,USUG12502832,,COUNTRY! COUNTRY! COUNTRY! (EXPLICIT),Main Version,Album,Writer,Country,,"SMN,SMG-US",SOS,SOS,,,,,9/30/2025
Released,,,9/29/2025,9/30/2025,,,HARDY,Girl With A Gun,Michael Hardy,"Carson Wallace,Greylan James,Jordan Schmidt",25.00%,Admin,8/26/2024,8/18/2025,HARDY (Released),,Big Loud Records,,,USUG12502835,,COUNTRY! COUNTRY! COUNTRY!,Clean,Album,Writer,Country,,"SMN,SMG-US",SOS,SOS,,,,,9/30/2025
Released,,,9/29/2025,9/30/2025,,,HARDY,Girl With A Gun,Michael Hardy,"Carson Wallace,Greylan James,Jordan Schmidt",25.00%,Admin,8/26/2024,8/18/2025,HARDY (Released),,Big Loud Records,,,USUG12502831,,COUNTRY! COUNTRY! COUNTRY!,Main Version,Album,Writer,Country,,"SMN,SMG-US",SOS,SOS,,,,,9/30/2025
Released,,,9/29/2025,9/30/2025,,,HARDY,Buck On The Wall,Michael Hardy,"Jameson Rodgers,Jeb Gipson,Matt Dragstrem",25.00%,Admin,8/26/2024,8/18/2025,HARDY (Released),,Big Loud Records,,,USUG12502834,,COUNTRY! COUNTRY! COUNTRY! (CLEAN),Clean,Album,Writer,Country,,"SMN,SMG-US",SOS,SOS,,,,,9/30/2025
Released,,,9/29/2025,9/30/2025,,,HARDY,Buck On The Wall,Michael Hardy,"Jameson Rodgers,Jeb Gipson,Matt Dragstrem",25.00%,Admin,8/26/2024,8/18/2025,HARDY (Released),,Big Loud Records,,,USUG12502829,,COUNTRY! COUNTRY! COUNTRY! (EXPLICIT),Main Version,Album,Writer,Country,,"SMN,SMG-US",SOS,SOS,,,,,9/30/2025
Released,,,9/29/2025,9/29/2025,,,HARDY,Take the Country and Run,"Michael Hardy,David Garcia",Ashley Gorley,66.67%,"Admin,ESA/Co-Pub",10/9/2024,10/31/2024,HARDY (Released),,Big Loud Records,,,USUG12508045,Take The Country And Run - Acoustic One Take,COUNTRY! COUNTRY! COUNTRY!,Acoustic,Album,Writer,,SMG_MSG_109_14471,"SMN,SMG-US",SOS,SOS,,,,,9/29/2025
Released,,,9/29/2025,9/29/2025,,,HARDY,Country In Me,Michael Hardy,"Ashley Gorley,Ben Johnson,Drew Parker",25.00%,Admin,4/17/2024,8/18/2025,HARDY (Released),,Big Loud Records,,,USUG12508044,Country In Me - Acoustic One Take,COUNTRY! COUNTRY! COUNTRY! (EXPLICIT),Acoustic,Album,"Writer,Artist",Country,,"SMN,SMG-US",SOS,SOS,,,,,9/29/2025
Released,,,9/29/2025,9/29/2025,,,HARDY,Good Ole Boy,"David Garcia,Michael Hardy",Hunter Phelps,66.67%,"ESA/Co-Pub,Admin",6/24/2025,6/27/2025,HARDY (Released),,Big Loud Records,,,USUG12508047,,COUNTRY! COUNTRY! COUNTRY!,Clean,Album,Writer,,SMG_MSG_109_17879,"SMN,SMG-US",SOS,SOS,,Clean Version,,,9/29/2025
Released,,9/29/2025,5/8/2026,9/28/2025,,,Sicily Rose,Forget Me Not,"Bobby Hamrick,Shane Stevens",Sicily Rose,66.66%,"ESA/Co-Pub,ESA/Co-Pub",3/25/2025,3/31/2025,,,Big Machine Label Group,,,QMMEH2601092,,,Main Version,Single,Writer,Country,SMG_MSG_109_16888,"SMN,SMG-US",SOS,"SOS, VAULT II",,,,,5/8/2026
Released,,,9/26/2025,9/26/2025,,,Black Caviar,Miss This,Remy Gautreau,"Jared Piccone,Kevin Bard,Troy Hinson",30.00%,ESA/Co-Pub,,10/30/2024,,,Independent,,,QZTL92553953,,The Attachment EP,Main Version,EP,Writer,,,"SMN,SMG-US",SOS,ARCADE JV,,,,,9/26/2025
Released,,,9/26/2025,9/26/2025,,,Black Caviar,Pop Off,Remy Gautreau,"Jared Piccone,Troy Hinson,Zachary Seman,Roger Kleinman",20.00%,ESA/Co-Pub,,4/21/2025,,,Independent,,,QZTL92540249,,The Attachment EP,Main Version,EP,Writer,,,"SMN,SMG-US",SOS,ARCADE JV,,,,,9/26/2025
Released,,,9/26/2025,9/26/2025,,,Black Caviar,Summa That,Remy Gautreau,"Jared Piccone,Troy Hinson,Zachary Seman,Roger Kleinman",20.00%,ESA/Co-Pub,,4/21/2025,,,Independent,,,QZTL92512676,,The Attachment EP,Main Version,EP,Writer,,,"SMN,SMG-US",SOS,ARCADE JV,,,,,9/26/2025
Released,,,9/26/2025,9/26/2025,,,Paperwater,Unreasonable,Liz Lokre,"George Kwia,Eddy Andre Samy II",33.34%,ESA/Co-Pub,,9/26/2025,,LOKRE,Wet Paper Records,,,USLD91783509,UNREASONABLE,UNREASONABLE - Single,Main Version,Single,Writer,House,SMG_MSG_109_18881,"SMN,SMG-US",SOS,MATALON JV,,,,,9/26/2025
Released,,,9/25/2025,9/26/2025,,,Paperwater,Unreasonable (Afrowater Remix),Liz Lokre,"George Kwia,Eddy Andre Samy II",33.34%,ESA/Co-Pub,,9/26/2025,,LOKRE,Wet Paper Records,,,USLD91783525,UNREASONABLE [AFROWATER MIX],UNREASONABLE - Single,Main Version,Single,Writer,House,SMG_MSG_109_18882,"SMN,SMG-US",SOS,MATALON JV,,,,,9/26/2025
Hold,9/25/2025,,,9/25/2025,,,Drew Baldridge,Dead Man,"Ryan Beaver,Brinley Addington","Jared Keim,Will Jones",50.00%,"ESA/Co-Pub,ESA/Co-Pub",7/28/2025,9/9/2025,"Drew Baldridge (Hold), Will Jones (Cut)",,BMG BBR,,,,,,Main Version,,Writer,,SMG_MSG_109_18701,"SMN,SMG-US",SOS,"2 MIX JV II, SOS",,,,,9/25/2025
Hold,9/25/2025,,,9/25/2025,,,Scotty McCreery ,Twice a Child,Monty Criswell,"Casey Beathard,Shane Minor",33.34%,ESA/Co-Pub,4/2/2018,6/19/2018,,,"Sony Music Nashville,Triple Tigers",,,,,,Main Version,,Writer,,SMG_MSG_101_194991,"SMN,SMG-US",CRESCENDO,FLUID JV I,,,,,9/25/2025
Released,,,9/17/2025,9/24/2025,,,Jeff Bates,Good Man Going Home,Nick Autry,"Jason Brownie,Jeff Bates,Randall Fowler",25.00%,ESA/Co-Pub,9/11/2025,9/23/2025,,,Tall Grass Records,,,QT3EX2500355,,Good Man Going Home (Charlie's Song) - Single,Main Version,Single,Writer,Country,SMG_MSG_109_18817,"SMN,SMG-US",SOS,SOS,,,,,9/24/2025
Released,,,9/25/2025,9/24/2025,,,JUILS,KMF,Sawyer Utah,Juliana Cervizzi,50.00%,ESA/Co-Pub,9/1/2025,9/11/2025,,,Juliana Cervizzi,,,QMFME2516776,KMF,KMF - Single,Main Version,Single,Writer,Indie Pop,SMG_MSG_109_18812,"SMN,SMG-US",SOS,VISCYRL / ARCADE JV,,Song was originally known as Kill Me First,,,9/24/2025
Released,,,10/28/2022,9/23/2025,,,Caleb Lee Hutchinson,The Letter ,Adam Chaffins,Caleb Lee Hutchinson ,50.00%,ESA/Co-Pub,2/10/2022,6/30/2022,,,Independent,,,TCAGN2290414,,Songs I'll Never Play Again,Main Version,EP,Writer,Country,,"SMN,SMG-US",SOS,FLUID JV II,,,,,9/23/2025
Released,,,8/5/2022,9/23/2025,,,The Boat Boys,Girl From The Bar,Cale Dodds,"Holden James,Rian Ball,Shelby Darrell,Zack Dyer",20.00%,Admin,8/28/2020,6/22/2022,,Shelby Darrall,Independent,,,USA2P2234602,,Girl From The Bar (feat. Shelby Darrall) - SIngle,Main Version,Single,Writer,Country,SMG_MSG_109_6069,"SMN,SMG-US",SOS,SOS,,,,,9/23/2025
Released,,,7/1/2022,9/23/2025,,,Jake Banfield,Supaman,Cale Dodds,"Jake Banfield,Thomas Kipp Williams",33.34%,Admin,12/10/2021,10/24/2022,,,Independent,,,QZK6L2212843,,Supaman - Single,Main Version,Single,Writer,Country,SMG_MSG_109_6911,"SMN,SMG-US",SOS,SOS,,,,,9/23/2025
Released,,,11/10/2023,9/23/2025,,,Walker Hayes,Fancy Like Christmas,Shane Stevens,"Cameron Bartolini,Josh Jenkins,Walker Hayes",25.00%,ESA/Co-Pub,,11/13/2023,,,Independent,,,USRC12302939,,Fancy Like Christmas - Single,Main Version,Single,Writer,Country,SMG_MSG_109_10558,"SMN,SMG-US",SOS,VAULT II,,,,,9/23/2025
Released,,,8/19/2023,9/23/2025,,,Tayler Holder,'Til She's Gone,Connor McCutcheon,"Harrison Hackett,Tayler Holder",33.34%,ESA/Co-Pub,3/20/2023,5/31/2023,,,Independent,,,QZS7J2366590,,'Til She's Gone - Single,Main Version,Single,Writer,Country,SMG_MSG_109_9477,"SMN,SMG-US",SOS,FLUID JV II,,,,,9/23/2025
Released,9/23/2025,3/2/2026,3/20/2026,9/23/2025,,,Josh Tatofi,All For You,Nick Autry,"Dan Agee,Josh Tatofi",33.34%,ESA/Co-Pub,9/22/2025,9/23/2025,,,Empire,,,USUYG1796591,,,Main Version,Single,Writer,Country,SMG_MSG_109_18814,"SMN,SMG-US",SOS,SOS,,,,,3/20/2026
Released,,,6/23/2023,9/23/2025,,,Chris Colston,Tell It To The Whiskey,Josh Dunne,"Chris Colston,Joe Lasher",33.34%,ESA/Co-Pub,10/25/2022,10/27/2022,,,Independent,,,QM6P42354207,,Tell It To The Whiskey - Single,Main Version,Single,Writer,Country,SMG_MSG_109_6820,"SMN,SMG-US",SOS,FLUID JV II,,,,,9/23/2025
Released,,,5/19/2023,9/23/2025,,,Winona Fighter,Hamms In A Glass,Justin Richards,"Austin Luther,Chloe Kinnon,Johnny Gates",25.00%,ESA/Co-Pub,6/14/2022,10/2/2023,,,Independent,,,QZMZ92328577,,Hamms In A Glass - Single,Main Version,Single,Writer,Country,SMG_MSG_101_9864,"SMN,SMG-US",SOS,2 MIX JV II,,,,,9/23/2025
Released,,,4/7/2023,9/23/2025,,,Carolina Story,Magic ,Adam Chaffins,"Ben Roberts,Brit Taylor",33.34%,ESA/Co-Pub,2/12/2021,6/30/2022,,,Independent,,,QM6MZ2289640,,Colors Of My Mind,Main Version,Album,Writer,Country,,"SMN,SMG-US",SOS,FLUID JV II,,,,,9/23/2025
Released,,,11/17/2023,9/23/2025,,,Brooke Lee,Act Like You've Been Here Before,"Adam Wood,Bobby Hamrick,Brooke Lee,Derek George",,100.00%,"ESA/Co-Pub,ESA/Co-Pub,ESA/Co-Pub,ESA/Co-Pub",5/17/2023,5/31/2023,,,Spirit Nashville Recordings,,,QZWUY2300016,,I've Been Thinking,Main Version,EP,Writer,Country,"SMG_MSG_101_237452, SMG_MSG_109_8896","SMN,SMG-US","SOS, CRESCENDO","LBJV, CRESCENDO, 2 MIX JV II, FLUID JV II",,,,,9/23/2025
Released,,,11/17/2023,9/23/2025,,,Brooke Lee,Praying In Bars,"Brinley Addington,Brooke Lee",Neil Medley,66.67%,"ESA/Co-Pub,ESA/Co-Pub",3/30/2023,4/6/2023,,,Spirit Nashville Recordings,,,QZWUY2300015,,I've Been Thinking,Main Version,EP,Writer,Country,"SMG_MSG_101_236850, SMG_MSG_109_8116","SMN,SMG-US","CRESCENDO, SOS","CRESCENDO, 2 MIX JV II",,,,,9/23/2025
Released,,,10/27/2023,9/23/2025,,,Brooke Lee,I've Been Thinking,"Brinley Addington,Brooke Lee",Joey Hyde,66.67%,"ESA/Co-Pub,ESA/Co-Pub",11/30/2022,12/19/2022,,,Spirit Nashville Recordings,,,QZWUY2300014,,I've Been Thinking,Main Version,Single,Writer,Country,"SMG_MSG_101_235836, SMG_MSG_109_6998","SMN,SMG-US","CRESCENDO, SOS","CRESCENDO, 2 MIX JV II",,,,,9/23/2025
Released,,,10/20/2023,9/23/2025,,,Scotty McCreery ,Feel Like The Holidays,"Bobby Hamrick,Derek George,Frank Rogers,Jeremy Bussey,Monty Criswell",,100.00%,"ESA/Co-Pub,ESA/Co-Pub,ESA/Co-Pub,ESA/Co-Pub,ESA/Co-Pub",11/5/2022,11/7/2022,,,"Sony Music Nashville,Triple Tigers",,,USQX92305047,,Feel Like The Holidays - Single,Main Version,Single,Writer,Country,"SMG_MSG_101_235168, SMG_MSG_109_6845","SMN,SMG-US","CRESCENDO, SOS","CRESCENDO, FLUID JV II, FLUID JV I",,,,,9/23/2025
Released,,,10/6/2023,9/23/2025,,,Brooke Lee,To Know You,Brooke Lee,David Michael,50.00%,ESA/Co-Pub,7/15/2021,11/17/2022,,,Spirit Nashville Recordings,,,QZWUY2300013,,To Know You - Single,Main Version,Single,Writer,Country,SMG_MSG_109_6887,"SMN,SMG-US",SOS,2 MIX JV II,,,,,9/23/2025
Released,,,1/5/2023,9/23/2025,,,Annie Bosko,Boots On,Derek George,Annie Bosko,50.00%,ESA/Co-Pub,5/23/2023,6/5/2023,,,Independent,,,QZURR2300006,,Annie Bosko,Main Version,EP,Writer,Country,SMG_MSG_109_8942,"SMN,SMG-US",SOS,FLUID JV II,,,,,9/23/2025
Released,,,11/17/2023,9/23/2025,,,Jess Moskaluke,Good Nights,"Cale Dodds,Justin Halpin","Corey Crowder,Jess Moskaluke",50.00%,"ESA/Co-Pub,ESA/Co-Pub",2/2/2023,2/14/2023,,,Independent,,,CA74P2300049,,Heartbreaker,Main Version,EP,Writer,Country,SMG_MSG_109_8179,"SMN,SMG-US",SOS,FLUID JV II,,,,,9/23/2025
Released,,,9/29/2023,9/23/2025,,,Jordana Bryant,18,Matthew Morrisey,"Jonathan Gamble,Jordana Bryant",33.34%,ESA/Co-Pub,6/16/2023,7/28/2023,,,Independent,,,QZA7T1700199,,18 - Single,Main Version,Single,Writer,Country,SMG_MSG_109_9431,"SMN,SMG-US",SOS,SOS,,,,,9/23/2025
Released,,,9/29/2023,9/23/2025,,,Old Hickory,Looking at Her,Ryan Beaver,"Dan Alley,Neil Medley",33.34%,ESA/Co-Pub,5/23/2023,10/30/2023,,,Independent,,,QZYG82300029,,Lookin' At Her - Single,Main Version,Single,Writer,Country,SMG_MSG_109_10352,"SMN,SMG-US",SOS,2 MIX JV II,,,,,9/23/2025
Released,,,9/8/2023,9/23/2025,,,Tyler Hubbard,Back Then Right Now,David Garcia,"Geoff Warburton,Jessie Jo Dillon,Tyler Hubbard",25.00%,ESA/Co-Pub,4/11/2023,5/6/2024,,,EMI Records Nashville,MCA (Music Corporation of America),,USUG12307215,,Back Then Right Now - Single,Main Version,Single,Writer,Country,SMG_MSG_109_12587,"SMN,SMG-US",SOS,SOS,,,,,9/23/2025
Released,,,9/8/2023,9/23/2025,,,Erin Gibney,You Made Your Bed,Mike Fiorentino,Erin Gibney,50.00%,ESA/Co-Pub,8/30/2022,8/30/2022,,,Independent,,,USB762302543,,You Made Your Bed - Single,Main Version,Single,Writer,Country,,"SMN,SMG-US",SOS,FLUID JV II,,,,,9/23/2025
Released,,,9/8/2023,9/23/2025,,,Brooke Lee,Head In The Clouds,"Brooke Lee,Jessica Cayne",Danielle Blakey,66.67%,"ESA/Co-Pub,ESA/Co-Pub",1/19/2023,1/20/2023,,,Spirit Nashville Recordings,,,OZWUY2300011,,Head In The Clouds - Single,Main Version,Single,Writer,Country,"SMG_MSG_101_235965, SMG_MSG_109_7395","SMN,SMG-US","SOS, CRESCENDO","2 MIX JV II, 2 MIX JV I",,,,,9/23/2025
Released,,,9/8/2023,9/23/2025,,,Brooke Lee,Match Made In Hell,"Brooke Lee,Dave Cohen,Tyler Reeve",Kasey Tyndall,75.00%,"ESA/Co-Pub,ESA/Co-Pub,ESA/Co-Pub",3/6/2023,3/7/2023,,,Spirit Nashville Recordings,,,OZWUY2300010,,Match Made in Hell - Single,Main Version,Single,Writer,Country,"SMG_MSG_101_236246, SMG_MSG_109_7783","SMN,SMG-US","SOS, CRESCENDO","2 MIX JV II, CRESCENDO, SOS",,,,,9/23/2025
Released,,,9/1/2023,9/23/2025,,,Larry Fleet,Two Beer Plan,Ryan Beaver,"Larry Fleet,Mark Holman,Thomas Archer",25.00%,ESA/Co-Pub,10/1/2022,10/30/2023,,,Independent,,,QZ22S2300154,,Earned It,Main Version,Album,Writer,Country,SMG_MSG_109_10358,"SMN,SMG-US",SOS,2 MIX JV II,,,,,9/23/2025
Released,,,8/30/2023,9/23/2025,,,Tim Montana,Devil You Know,"Mike Fiorentino,Tim Montana","Erik Dylan,Rob Snyder",50.00%,"ESA/Co-Pub,ESA/Co-Pub",1/11/2023,1/13/2023,,,BMG BBR,,,QMRSZ2301186,,Devil You Know - Single,Main Version,Single,Writer,Country,"SMG_MSG_101_235894, SMG_MSG_109_7372","SMN,SMG-US","SOS, CRESCENDO","FLUID JV II, CRESCENDO",,,,,9/23/2025
Released,,,9/25/2023,9/23/2025,,,Alli Walker,The Whiskey's Gone,Jessica Cayne,"Alli Walker,Kyle Kelso",33.34%,ESA/Co-Pub,2/2/2023,2/27/2023,,,Independent,,,USQX92401543,,The Whiskey's Gone - Single,Main Version,Single,Writer,Country,SMG_MSG_109_7729,"SMN,SMG-US",SOS,2 MIX JV II,,,,,9/23/2025
Released,,,8/10/2023,9/23/2025,,,Warren Zeiders,Cowboys Ride Away,Ryan Beaver,"Jared Keim,Warren Zeiders",33.34%,ESA/Co-Pub,10/18/2022,10/30/2023,,,Warner Music Nashville,WMG (Warner Music Group),,USWB12301529,,Pretty Little Poison,Main Version,Album,Writer,Country,SMG_MSG_109_10347,"SMN,SMG-US",SOS,2 MIX JV II,,,,,9/23/2025
Released,,,8/10/2023,9/23/2025,,,Warren Zeiders,Black and Blue,Ryan Beaver,"Bart Butler,Joe Clemmons,Warren Zeiders",25.00%,ESA/Co-Pub,9/14/2022,10/30/2023,,,Warner Music Nashville,WMG (Warner Music Group),,USWB12301523,,Pretty Little Poison,Main Version,Album,Writer,Country,SMG_MSG_109_10345,"SMN,SMG-US",SOS,2 MIX JV II,,,,,9/23/2025
Released,,,5/10/2024,9/23/2025,,,Scotty McCreery ,Cab In A Solo,"Brent Anderson,Frank Rogers",Scotty McCreery,66.67%,"ESA/Co-Pub,ESA/Co-Pub",3/1/2023,3/7/2023,,,"Sony Music Nashville,Triple Tigers",,,USQX92304263,,Rise & Fall,Main Version,Album,Writer,Country,"SMG_MSG_101_236251, SMG_MSG_109_7816","SMN,SMG-US","SOS, CRESCENDO","FLUID JV II, FLUID JV I",,,,,9/23/2025
Released,,,8/17/2023,9/23/2025,,,Connor McCutcheon,Keep These Flowers,Connor McCutcheon,"Forrest Finn,Kylie Sackley",33.34%,ESA/Co-Pub,4/11/2023,5/31/2023,,,Independent,,,QZNJX2398691,,Keep These Flowers - Single,Main Version,Single,Writer,Country,SMG_MSG_109_9455,"SMN,SMG-US",SOS,FLUID JV II,,,,,9/23/2025
Released,,,6/30/2023,9/23/2025,,,Maddie & Tae,Heart They Didn't Break,Ryan Beaver,"Anna Vaus,Benjy Davis",33.34%,ESA/Co-Pub,10/5/2022,10/30/2023,,,Mercury Nashville,MCA (Music Corporation of America),,USUM72309224,,Heart They Didn't Break - Single,Main Version,Single,Writer,Country,SMG_MSG_109_10349,"SMN,SMG-US",SOS,2 MIX JV II,,,,,9/23/2025
Released,,,6/23/2023,9/23/2025,,,Mickey Guyton,This Is My Home,Cale Dodds,"Gavin Slate,Jaden Michaels,Phil Barton",25.00%,ESA/Co-Pub,12/9/2022,1/13/2025,,,Capitol Records Nashville,MCA (Music Corporation of America),,US23A1564477,,Growin' Up Country Vol. 1,Main Version,Album,Writer,Country,SMG_MSG_109_15593,"SMN,SMG-US",SOS,FLUID JV II,,,,,9/23/2025
Released,,,6/23/2023,9/23/2025,,,Cale Dodds,I'm So Happy,Cale Dodds,"Gavin Slate,Jaden Michaels",33.34%,ESA/Co-Pub,12/9/2022,1/13/2025,,,Independent,,,US23A1564476,,Growin' Up Country Vol. 1,Main Version,Album,Writer,Country,SMG_MSG_109_15579,"SMN,SMG-US",SOS,FLUID JV II,,,,,9/23/2025
Released,,,6/16/2023,9/23/2025,,,Cale Dodds,Live For Days,"Cale Dodds,Mike Fiorentino",Eddie Ramirez,66.67%,"ESA/Co-Pub,ESA/Co-Pub",11/15/2022,1/20/2023,,,Independent,,,QZWUY2300008,,Live For Days - Single,Main Version,Single,Writer,Country,SMG_MSG_109_7392,"SMN,SMG-US",SOS,FLUID JV II,,,,,9/23/2025
Released,,,6/9/2023,9/23/2025,,,George Shingleton ,I Can't Let You Go,Mike Fiorentino,George Shingleton,50.00%,ESA/Co-Pub,2/11/2022,6/23/2022,,,Independent,,,USB762302526,,,Main Version,Single,Writer,Country,SMG_MSG_101_224531,"SMN,SMG-US",CRESCENDO,FLUID JV I,,,,,9/23/2025
Released,,,6/9/2023,9/23/2025,,,RaeLynn,Shake Ya Boots,"Bobby Hamrick,Joy Williams","Gavin Slate,Jaden Michaels",50.00%,"ESA/Co-Pub,ESA/Co-Pub",12/7/2022,7/12/2023,,,Big Machine Label Group,,,US23A1564475,,Growin' Up Country Vol. 1,Main Version,Single -> Album,Writer,Country,"SMG_MSG_101_237590, SMG_MSG_109_9283","SMN,SMG-US","CRESCENDO, SOS","CRESCENDO, SOS",,,,,9/23/2025
Released,,,5/24/2023,9/23/2025,,,Troy Cartwright ,Same,"Derek George,Monty Criswell",Troy Cartwright,66.67%,"ESA/Co-Pub,ESA/Co-Pub",7/19/2022,8/14/2022,,,Independent,,,QM24S2302841,,Same - Single,Main Version,Single,Writer,Country,"SMG_MSG_109_8903, SMG_MSG_101_227001","SMN,SMG-US","CRESCENDO, SOS","FLUID JV I, FLUID JV II",,,,,9/23/2025
Released,,,5/19/2023,9/23/2025,,,Jameson Rodgers,Mine For The Summer,Brent Anderson,"Jake Mitchell,Jameson Rodgers,Smith Ahnquist",25.00%,ESA/Co-Pub,1/6/2023,1/17/2023,,,Independent,,,US6XF2200576,,Mine For The Summer - Single,Main Version,Single,Writer,Country,SMG_MSG_109_7382,"SMN,SMG-US",SOS,FLUID JV II,,,,,9/23/2025
Released,,,2/17/2023,9/23/2025,,,Jameson Rodgers,Holding Me Back,Brent Anderson,"Jake Mitchell,Jameson Rodgers,Smith Ahnquist",25.00%,ESA/Co-Pub,1/5/2023,1/13/2023,,,Independent,,,US6XF2200575,,Goin' Crazy + Holding Me Back - Single,Main Version,Single,Writer,Country,SMG_MSG_109_7379,"SMN,SMG-US",SOS,FLUID JV II,,,,,9/23/2025
Released,,,2/3/2023,9/23/2025,,,Brit Taylor ,If You Don't Wanna Love Me,Adam Chaffins,"Adam Laundry ,Brit Taylor",33.34%,ESA/Co-Pub,10/13/2020,6/30/2022,,,Independent,,,QZVMS2200006,,Kentucky Blue,Main Version,Album,Writer,Country,,"SMN,SMG-US",SOS,FLUID JV II,,,,,9/23/2025
Released,,,1/13/2023,9/23/2025,,,Chris Young,All Dogs Go To Heaven,Cale Dodds,"Chris Young,Corey Crowder",33.34%,ESA/Co-Pub,9/12/2022,10/24/2022,,,Black River Entertainment,,,USRN12200195,,Young Love & Saturday Nights,Main Version,Single -> Album,Writer,Country,SMG_MSG_109_6601,"SMN,SMG-US",SOS,FLUID JV II,,,,,9/23/2025
Hold,9/22/2025,,,9/22/2025,,,Parker McCollum,One Last Chance,Monty Criswell,Parker McCollum,50.00%,ESA/Co-Pub,7/26/2025,9/21/2025,,,MCA Nashville,MCA (Music Corporation of America),,,,,Main Version,,Writer,Country,SMG_MSG_109_18806,"SMN,SMG-US",SOS,FLUID JV II,,,,,9/22/2025
Hold,9/22/2025,,,9/22/2025,,,Parker McCollum,Broken Bottle Of Jack,Monty Criswell,Parker McCollum,50.00%,ESA/Co-Pub,7/25/2025,9/21/2025,,,MCA Nashville,MCA (Music Corporation of America),,,,,Main Version,,Writer,Country,SMG_MSG_109_18807,"SMN,SMG-US",SOS,FLUID JV II,,,,,9/22/2025
Released,,9/22/2025,9/26/2025,9/22/2025,,,HARDY,Y’all Need Jesus,Michael Hardy,"Drew Parker,Jessie Jo Dillon,Zach Abend",25.00%,Admin,8/28/2024,8/18/2025,HARDY (Released),,Big Loud Records,,,USUG12505232,,COUNTRY! COUNTRY!,Main Version,Album,Writer,Country,,"SMN,SMG-US",SOS,SOS,,,,,9/26/2025
Released,,9/22/2025,9/26/2025,9/22/2025,,,HARDY,Who Don't,Michael Hardy,"Greylan James,Jessie Jo Dillon,Zach Abend",25.00%,Admin,10/1/2024,8/27/2025,HARDY (Released),,Big Loud Records,,,USUG12505228,,COUNTRY! COUNTRY! (EXPLICIT),Main Version,Album,Writer,Country,,"SMN,SMG-US",SOS,SOS,,,,,9/26/2025
Released,,,5/15/2025,9/22/2025,,,Morgan Wallen ,Whiskey In Reverse,Michael Hardy,"Charlie Handsome,Ernest Smith,Morgan Wallen",25.00%,Admin,3/15/2024,8/18/2025,Morgan Wallen  (Released),,Big Loud Records,,,USUMV2501742,,Whiskey In Reverse (Audio-only Music Video),Main Version,Album,Writer,Country,,"SMN,SMG-US",SOS,SOS,,,,,9/22/2025
Released,,,5/16/2025,9/22/2025,,,Morgan Wallen ,Whiskey In Reverse,Michael Hardy,"Charlie Handsome,Ernest Smith,Morgan Wallen",25.00%,Admin,3/15/2024,8/18/2025,Morgan Wallen  (Released),,Big Loud Records,,,USUG12501660,,I'm The Problem (CLEAN),Main Version,Album,Writer,Country,,"SMN,SMG-US",SOS,SOS,,,,,9/22/2025
Released,,,5/16/2025,9/22/2025,,,Morgan Wallen ,Whiskey In Reverse,Michael Hardy,"Charlie Handsome,Ernest Smith,Morgan Wallen",25.00%,Admin,3/15/2024,8/18/2025,Morgan Wallen  (Released),,Big Loud Records,,,USUG12501660,,I'm The Problem (EXPLICIT),Main Version,Album,Writer,Country,,"SMN,SMG-US",SOS,SOS,,,,,9/22/2025
Released,,,5/16/2025,9/22/2025,,,Morgan Wallen ,Whiskey In Reverse,Michael Hardy,"Charlie Handsome,Ernest Smith,Morgan Wallen",25.00%,Admin,3/15/2024,8/18/2025,Morgan Wallen  (Released),,Big Loud Records,,,USUG12501627,,I'm The Problem (CLEAN),Main Version,Album,Writer,Country,,"SMN,SMG-US",SOS,SOS,,,,,9/22/2025
Released,,,5/16/2025,9/22/2025,,,Morgan Wallen ,Whiskey In Reverse,Michael Hardy,"Charlie Handsome,Ernest Smith,Morgan Wallen",25.00%,Admin,3/15/2024,8/18/2025,Morgan Wallen  (Released),,Big Loud Records,,,USUG12501627,,I'm The Problem (EXPLICIT),Main Version,Album,Writer,Country,,"SMN,SMG-US",SOS,SOS,,,,,9/22/2025
Released,,,7/11/2024,9/22/2025,,,HARDY,Time To Be Dead,"David Garcia,Michael Hardy",Hillary Lindsey,66.67%,"ESA/Co-Pub,Admin",2/26/2024,5/6/2024,HARDY (Released),,Big Loud Records,,,USUMV2402258,,TIME TO BE DEAD (Lyric Video),Main Version,Album,Writer,Country,SMG_MSG_109_12614,"SMN,SMG-US",SOS,SOS,,,,,9/22/2025
Released,,,7/24/2024,9/22/2025,,,HARDY,Time To Be Dead,"David Garcia,Michael Hardy",Hillary Lindsey,66.67%,"ESA/Co-Pub,Admin",2/26/2024,5/6/2024,HARDY (Released),,Big Loud Records,,,USUMV2402419,,TIME TO BE DEAD (Audio-only Music Video),Main Version,Single,Writer,Country,SMG_MSG_109_12614,"SMN,SMG-US",SOS,SOS,,,,,9/22/2025
Released,,,7/12/2024,9/22/2025,,,HARDY,Time To Be Dead,"David Garcia,Michael Hardy",Hillary Lindsey,66.67%,"ESA/Co-Pub,Admin",2/26/2024,5/6/2024,HARDY (Released),,Big Loud Records,,,USUG12402783,,QUIT!! (CLEAN),Main Version,Album,Writer,Country,SMG_MSG_109_12614,"SMN,SMG-US",SOS,SOS,,,,,9/22/2025
Released,,,7/12/2024,9/22/2025,,,HARDY,Time To Be Dead,"David Garcia,Michael Hardy",Hillary Lindsey,66.67%,"ESA/Co-Pub,Admin",2/26/2024,5/6/2024,HARDY (Released),,Big Loud Records,,,USUG12402783,,QUIT!! (EXPLICIT),Main Version,Album,Writer,Country,SMG_MSG_109_12614,"SMN,SMG-US",SOS,SOS,,,,,9/22/2025
Released,,,7/12/2024,9/22/2025,,,HARDY,Time To Be Dead,"David Garcia,Michael Hardy",Hillary Lindsey,66.67%,"ESA/Co-Pub,Admin",2/26/2024,5/6/2024,HARDY (Released),,Big Loud Records,,,USUG12402764,,QUIT!! (CLEAN),Main Version,Album,Writer,Country,SMG_MSG_109_12614,"SMN,SMG-US",SOS,SOS,,,,,9/22/2025
Released,,,7/12/2024,9/22/2025,,,HARDY,Time To Be Dead,"David Garcia,Michael Hardy",Hillary Lindsey,66.67%,"ESA/Co-Pub,Admin",2/26/2024,5/6/2024,HARDY (Released),,Big Loud Records,,,USUG12402764,,QUIT!! (EXPLICIT),Main Version,Album,Writer,Country,SMG_MSG_109_12614,"SMN,SMG-US",SOS,SOS,,,,,9/22/2025
Released,,9/22/2025,9/26/2025,9/22/2025,,,HARDY,Take the Country and Run,"Michael Hardy,David Garcia",Ashley Gorley,66.67%,"Admin,ESA/Co-Pub",10/9/2024,10/31/2024,HARDY (Released),,Big Loud Records,,,USUG12505224,,COUNTRY! COUNTRY!,Clean,Album,Writer,Country,SMG_MSG_109_14471,"SMN,SMG-US",SOS,SOS,,,,,9/26/2025
Released,,,7/24/2024,9/22/2025,,,HARDY,Psycho,Michael Hardy,"Jax,Tyler Hubbard,Zach Abend",25.00%,Admin,3/21/2024,8/18/2025,HARDY (Released),,Big Loud Records,,,USUMV2500633,,PSYCHO (Audio-only Music Video),Main Version,Album,Writer,Country,,"SMN,SMG-US",SOS,SOS,,,,,9/22/2025
Released,,,6/12/2024,9/22/2025,,,HARDY,Psycho,Michael Hardy,"Jax,Tyler Hubbard,Zach Abend",25.00%,Admin,3/21/2024,8/18/2025,HARDY (Released),,Big Loud Records,,,USUMV2402031,,PSYCHO (Music Video),Main Version,Album,Writer,Country,,"SMN,SMG-US",SOS,SOS,,,,,9/22/2025
Released,,,7/11/2024,9/22/2025,,,HARDY,Psycho,Michael Hardy,"Jax,Tyler Hubbard,Zach Abend",25.00%,Admin,3/21/2024,8/18/2025,HARDY (Released),,Big Loud Records,,,USUMV2402416,,PSYCHO (Audio-only Music Video),Main Version,Album,Writer,Country,,"SMN,SMG-US",SOS,SOS,,,,,9/22/2025
Released,,,7/16/2024,9/22/2025,,,HARDY,Psycho,Michael Hardy,"Jax,Tyler Hubbard,Zach Abend",25.00%,Admin,3/21/2024,8/18/2025,HARDY (Released),,Big Loud Records,,,USUMV2402172,,"PSYCHO (Live from Ohio, 2024) (Music Video)",Main Version,Album,Writer,Country,,"SMN,SMG-US",SOS,SOS,,,,,9/22/2025
Released,,,5/16/2024,9/22/2025,,,HARDY,Psycho,Michael Hardy,"Jax,Tyler Hubbard,Zach Abend",25.00%,Admin,3/21/2024,8/18/2025,HARDY (Released),,Big Loud Records,,,USUMV2401752,,PSYCHO (Official Music Video),Main Version,Album,Writer,Country,,"SMN,SMG-US",SOS,SOS,,,,,9/22/2025
Released,,,3/14/2025,9/22/2025,,,HARDY,Psycho,Michael Hardy,"Jax,Tyler Hubbard,Zach Abend",25.00%,Admin,3/21/2024,8/18/2025,HARDY (Released),,Big Loud Records,,,USUG12502344,,HARDY (Amazon Music Songline),Main Version,Album,Writer,Country,,"SMN,SMG-US",SOS,SOS,,,,,9/22/2025
Released,,,3/14/2025,9/22/2025,,,HARDY,Psycho,Michael Hardy,"Jax,Tyler Hubbard,Zach Abend",25.00%,Admin,3/21/2024,8/18/2025,HARDY (Released),,Big Loud Records,,,USUG12502343,,HARDY (Amazon Music Songline),Main Version,Single,Writer,Country,,"SMN,SMG-US",SOS,SOS,,,,,9/22/2025
Released,,,3/14/2025,9/22/2025,,,HARDY,Psycho,Michael Hardy,"Jax,Tyler Hubbard,Zach Abend",25.00%,Admin,3/21/2024,8/18/2025,HARDY (Released),,Big Loud Records,,,USUG12502234,,HARDY (Amazon Music Songline),Main Version,Album,Writer,Country,,"SMN,SMG-US",SOS,SOS,,,,,9/22/2025
Released,,,2/7/2025,9/22/2025,,,HARDY,Psycho,Michael Hardy,"Jax,Tyler Hubbard,Zach Abend",25.00%,Admin,3/21/2024,8/18/2025,HARDY (Released),,Big Loud Records,,,USUG12501098,,HARDY (Live from Red Rocks),Main Version,Album,Writer,Country,,"SMN,SMG-US",SOS,SOS,,,,,9/22/2025
Released,,,7/12/2024,9/22/2025,,,HARDY,Psycho,Michael Hardy,"Jax,Tyler Hubbard,Zach Abend",25.00%,Admin,3/21/2024,8/18/2025,HARDY (Released),,Big Loud Records,,,USUG12402791,,QUIT!! (CLEAN),Main Version,Album,Writer,Country,,"SMN,SMG-US",SOS,SOS,,,,,9/22/2025
Released,,,7/12/2024,9/22/2025,,,HARDY,Psycho,Michael Hardy,"Jax,Tyler Hubbard,Zach Abend",25.00%,Admin,3/21/2024,8/18/2025,HARDY (Released),,Big Loud Records,,,USUG12402790,,QUIT!! (EXPLICIT),Main Version,Single,Writer,Country,,"SMN,SMG-US",SOS,SOS,,,,,9/22/2025
Released,,,7/12/2024,9/22/2025,,,HARDY,Psycho,Michael Hardy,"Jax,Tyler Hubbard,Zach Abend",25.00%,Admin,3/21/2024,8/18/2025,HARDY (Released),,Big Loud Records,,,USUG12402771,,QUIT!! (EXPLICIT),Main Version,Album,Writer,Country,,"SMN,SMG-US",SOS,SOS,,,,,9/22/2025
Released,,,7/12/2024,9/22/2025,,,HARDY,Psycho,Michael Hardy,"Jax,Tyler Hubbard,Zach Abend",25.00%,Admin,3/21/2024,8/18/2025,HARDY (Released),,Big Loud Records,,,USUG12402760,,QUIT!! (CLEAN),Main Version,Album,Writer,Country,,"SMN,SMG-US",SOS,SOS,,,,,9/22/2025
Released,,,2/27/2025,9/22/2025,,,Sikarus,Nonchalant,Michael Hardy,"Jordan Brooker,Smith Ahnquist",33.34%,Admin,5/10/2024,8/18/2025,Sikarus (Released),,,,,USUMV2500807,,Nonchalant (Visualizer - Music Video),Main Version,Single,Writer,Country,,"SMN,SMG-US",SOS,SOS,,,,,9/22/2025
Released,,,7/11/2025,9/22/2025,,,Sikarus,Nonchalant,Michael Hardy,"Jordan Brooker,Smith Ahnquist",33.34%,Admin,5/10/2024,8/18/2025,Sikarus (Released),,,,,USUG12501957,,Aprikot - Single,Main Version,Single,Writer,Country,,"SMN,SMG-US",SOS,SOS,,,,,9/22/2025
Released,,,2/28/2025,9/22/2025,,,Sikarus,Nonchalant,Michael Hardy,"Jordan Brooker,Smith Ahnquist",33.34%,Admin,5/10/2024,8/18/2025,Sikarus (Released),,,,,USUG12501957,,Nonchalant - Single,Main Version,Single,Writer,Country,,"SMN,SMG-US",SOS,SOS,,,,,9/22/2025
Released,,,8/22/2025,9/22/2025,,,Sikarus,Nonchalant,Michael Hardy,"Jordan Brooker,Smith Ahnquist",33.34%,Admin,5/10/2024,8/18/2025,Sikarus (Released),,,,,USUG12501956,,Queen of Kalifornia - EP,Main Version,Single,Writer,Country,,"SMN,SMG-US",SOS,SOS,,,,,9/22/2025
Released,,,8/1/2025,9/22/2025,,,Sikarus,Nonchalant,Michael Hardy,"Jordan Brooker,Smith Ahnquist",33.34%,Admin,5/10/2024,8/18/2025,Sikarus (Released),,,,,USUG12501956,,Sarah Tonin - Single,Main Version,Single,Writer,Country,,"SMN,SMG-US",SOS,SOS,,,,,9/22/2025
Released,,,7/11/2025,9/22/2025,,,Sikarus,Nonchalant,Michael Hardy,"Jordan Brooker,Smith Ahnquist",33.34%,Admin,5/10/2024,8/18/2025,Sikarus (Released),,,,,USUG12501956,,Aprikot - Single,Main Version,Single,Writer,Country,,"SMN,SMG-US",SOS,SOS,,,,,9/22/2025
Released,,,2/28/2025,9/22/2025,,,Sikarus,Nonchalant,Michael Hardy,"Jordan Brooker,Smith Ahnquist",33.34%,Admin,5/10/2024,8/18/2025,Sikarus (Released),,,,,USUG12501956,,Nonchalant - Single,Main Version,Single,Writer,Country,,"SMN,SMG-US",SOS,SOS,,,,,9/22/2025
Released,,,6/27/2025,9/22/2025,,,Ella Langley ,Never Met Anyone Like You,Michael Hardy,"Ella Langley,Jordan Schmidt",33.34%,Admin,2/11/2025,8/18/2025,Ella Langley  (Released),HARDY,"Sony Music Nashville,Triple Tigers",,,USSM12502547,,Never Met Anyone Like You - Single,Main Version,Single,Writer,Country,,"SMN,SMG-US",SOS,SOS,,,,,9/22/2025
Released,,,6/27/2025,9/22/2025,,,Ella Langley ,Never Met Anyone Like You,Michael Hardy,"Ella Langley,Jordan Schmidt",33.34%,Admin,2/11/2025,8/18/2025,Ella Langley  (Released),HARDY,"Sony Music Nashville,Triple Tigers",,,USSM12502698,,Never Met Anyone Like You - Single,Main Version,Single,Writer,Country,,"SMN,SMG-US",SOS,SOS,,,,,9/22/2025
Released,,,7/24/2025,9/22/2025,,,Morgan Wallen ,Miami (Feat. Lil Wayne & Rick Ross),Michael Hardy,"Blake Pendergrass,Charlie Handsome,Chase McGill,Dean Dillon,Lil Wayne,Ernest Smith,Hank Cochran,Morgan Wallen,Porter Royce,Rick Ross",10.00%,Admin,12/14/2024,8/27/2025,Morgan Wallen  (Released),"Lil Wayne,Rick Ross",Big Loud Records,,,USUMV2502659,,Miami (Lyric Video),Main Version,Single,Writer,Country,,"SMN,SMG-US",SOS,SOS,,,,,9/22/2025
Released,,,7/24/2025,9/22/2025,,,Morgan Wallen ,Miami (Feat. Lil Wayne & Rick Ross),Michael Hardy,"Blake Pendergrass,Charlie Handsome,Chase McGill,Dean Dillon,Lil Wayne,Ernest Smith,Hank Cochran,Morgan Wallen,Porter Royce,Rick Ross",10.00%,Admin,12/14/2024,8/27/2025,Morgan Wallen  (Released),"Lil Wayne,Rick Ross",Big Loud Records,,,USUMV2502658,,Miami (Audio-only Music Video),Main Version,Single,Writer,Country,,"SMN,SMG-US",SOS,SOS,,,,,9/22/2025
Released,,,7/25/2025,9/22/2025,,,Morgan Wallen ,Miami (Feat. Lil Wayne & Rick Ross),Michael Hardy,"Blake Pendergrass,Charlie Handsome,Chase McGill,Dean Dillon,Lil Wayne,Ernest Smith,Hank Cochran,Morgan Wallen,Porter Royce,Rick Ross",10.00%,Admin,12/14/2024,8/27/2025,Morgan Wallen  (Released),"Lil Wayne,Rick Ross",Big Loud Records,,,USUG12506452,,Miami - Single (CLEAN),Main Version,Single,Writer,Country,,"SMN,SMG-US",SOS,SOS,,,,,9/22/2025
Released,,,7/25/2025,9/22/2025,,,Morgan Wallen ,Miami (Feat. Lil Wayne & Rick Ross),Michael Hardy,"Blake Pendergrass,Charlie Handsome,Chase McGill,Dean Dillon,Lil Wayne,Ernest Smith,Hank Cochran,Morgan Wallen,Porter Royce,Rick Ross",10.00%,Admin,12/14/2024,8/27/2025,Morgan Wallen  (Released),"Lil Wayne,Rick Ross",Big Loud Records,,,USUG12506451,,Miami - Single (CLEAN),Main Version,Single,Writer,Country,,"SMN,SMG-US",SOS,SOS,,,,,9/22/2025
Released,,,7/25/2025,9/22/2025,,,Morgan Wallen ,Miami (Feat. Lil Wayne & Rick Ross),Michael Hardy,"Blake Pendergrass,Charlie Handsome,Chase McGill,Dean Dillon,Lil Wayne,Ernest Smith,Hank Cochran,Morgan Wallen,Porter Royce,Rick Ross",10.00%,Admin,12/14/2024,8/27/2025,Morgan Wallen  (Released),"Lil Wayne,Rick Ross",Big Loud Records,,,USUG12506450,,Miami - Single (EXPLICIT),Main Version,Single,Writer,Country,,"SMN,SMG-US",SOS,SOS,,,,,9/22/2025
Released,,,7/25/2025,9/22/2025,,,Morgan Wallen ,Miami (Feat. Lil Wayne & Rick Ross),Michael Hardy,"Blake Pendergrass,Charlie Handsome,Chase McGill,Dean Dillon,Lil Wayne,Ernest Smith,Hank Cochran,Morgan Wallen,Porter Royce,Rick Ross",10.00%,Admin,12/14/2024,8/27/2025,Morgan Wallen  (Released),"Lil Wayne,Rick Ross",Big Loud Records,,,USUG12506449,,Miami - Single (EXPLICIT),Main Version,Single,Writer,Country,,"SMN,SMG-US",SOS,SOS,,,,,9/22/2025
Released,,,5/15/2025,9/22/2025,,,Morgan Wallen ,Miami,Michael Hardy,"Blake Pendergrass,Charlie Handsome,Chase McGill,Dean Dillon,Ernest Smith,Hank Cochran,Morgan Wallen,Porter Royce",13.33%,Admin,12/14/2024,8/27/2025,"Morgan Wallen  (Released), HARDY (Released)",,Big Loud Records,,,USUMV2501830,,Miami (Lyric Video),Main Version,Album,Writer,Country,,"SMN,SMG-US",SOS,SOS,,,,,9/22/2025
Released,,,5/15/2025,9/22/2025,,,Morgan Wallen ,Miami,Michael Hardy,"Blake Pendergrass,Charlie Handsome,Chase McGill,Dean Dillon,Ernest Smith,Hank Cochran,Morgan Wallen,Porter Royce",13.33%,Admin,12/14/2024,8/27/2025,"Morgan Wallen  (Released), HARDY (Released)",,Big Loud Records,,,USUMV2501745,,Miami (Audio-only Music Video),Main Version,Album,Writer,Country,,"SMN,SMG-US",SOS,SOS,,,,,9/22/2025
Released,,,5/16/2025,9/22/2025,,,HARDY,Miami,Michael Hardy,"Blake Pendergrass,Charlie Handsome,Chase McGill,Dean Dillon,Ernest Smith,Hank Cochran,Morgan Wallen,Porter Royce",13.33%,Admin,12/14/2024,8/27/2025,"Morgan Wallen  (Released), HARDY (Released)",,Big Loud Records,,,USUG12502313,,I'm The Problem (CLEAN),Main Version,Album,Writer,Country,,"SMN,SMG-US",SOS,SOS,,,,,9/22/2025
Released,,,5/16/2025,9/22/2025,,,Morgan Wallen ,Miami,Michael Hardy,"Blake Pendergrass,Charlie Handsome,Chase McGill,Dean Dillon,Ernest Smith,Hank Cochran,Morgan Wallen,Porter Royce",13.33%,Admin,12/14/2024,8/27/2025,"Morgan Wallen  (Released), HARDY (Released)",,Big Loud Records,,,USUG12501669,,I'm The Problem (CLEAN),Main Version,Album,Writer,Country,,"SMN,SMG-US",SOS,SOS,,,,,9/22/2025
Released,,,5/16/2025,9/22/2025,,,Morgan Wallen ,Miami,Michael Hardy,"Blake Pendergrass,Charlie Handsome,Chase McGill,Dean Dillon,Ernest Smith,Hank Cochran,Morgan Wallen,Porter Royce",13.33%,Admin,12/14/2024,8/27/2025,"Morgan Wallen  (Released), HARDY (Released)",,Big Loud Records,,,USUG12501663,,I'm The Problem (EXPLICIT),Main Version,Album,Writer,Country,,"SMN,SMG-US",SOS,SOS,,,,,9/22/2025
Released,,,5/16/2025,9/22/2025,,,Morgan Wallen ,Miami,Michael Hardy,"Blake Pendergrass,Charlie Handsome,Chase McGill,Dean Dillon,Ernest Smith,Hank Cochran,Morgan Wallen,Porter Royce",13.33%,Admin,12/14/2024,8/27/2025,"Morgan Wallen  (Released), HARDY (Released)",,Big Loud Records,,,USUG12501663,,I'm The Problem (EXPLICIT),Main Version,Album,Writer,Country,,"SMN,SMG-US",SOS,SOS,,,,,9/22/2025
Released,,,5/16/2025,9/22/2025,,,Morgan Wallen ,Miami,Michael Hardy,"Blake Pendergrass,Charlie Handsome,Chase McGill,Dean Dillon,Ernest Smith,Hank Cochran,Morgan Wallen,Porter Royce",13.33%,Admin,12/14/2024,8/27/2025,"Morgan Wallen  (Released), HARDY (Released)",,Big Loud Records,,,USUG12501630,,I'm The Problem (EXPLICIT),Main Version,Album,Writer,Country,,"SMN,SMG-US",SOS,SOS,,,,,9/22/2025
Released,,9/22/2025,9/26/2025,9/22/2025,,,HARDY,Luckiest Man Alive,Michael Hardy,"Ashley Gorley,Ben Johnson,Hunter Phelps",25.00%,Admin,12/16/2024,8/18/2025,HARDY (Released),,Big Loud Records,,,USUG12502832,,COUNTRY! COUNTRY! (CLEAN),Main Version,Album,Writer,Country,,"SMN,SMG-US",SOS,SOS,,,,,9/26/2025
Released,,9/22/2025,9/26/2025,9/22/2025,,,HARDY,Luckiest Man Alive,Michael Hardy,"Ashley Gorley,Ben Johnson,Hunter Phelps",25.00%,Admin,12/16/2024,8/18/2025,HARDY (Released),,Big Loud Records,,,USUG12502832,,COUNTRY! COUNTRY! (CLEAN),Clean,Album,Writer,Country,,"SMN,SMG-US",SOS,SOS,,,,,9/26/2025
Released,,9/22/2025,9/26/2025,9/22/2025,,,HARDY,Luckiest Man Alive,Michael Hardy,"Ashley Gorley,Ben Johnson,Hunter Phelps",25.00%,Admin,12/16/2024,8/18/2025,HARDY (Released),,Big Loud Records,,,USUG12502832,,COUNTRY! COUNTRY! (EXPLICIT),Main Version,Album,Writer,Country,,"SMN,SMG-US",SOS,SOS,,,,,9/26/2025
Released,,,5/2/2025,9/22/2025,,,HARDY,Luckiest Man Alive,Michael Hardy,"Ashley Gorley,Ben Johnson,Hunter Phelps",25.00%,Admin,12/16/2024,8/18/2025,HARDY (Released),,Big Loud Records,,,USUG12502839,,COUNTRY! EP (CLEAN),Clean,Album,Writer,Country,,"SMN,SMG-US",SOS,SOS,,,,,9/22/2025
Released,,,5/2/2025,9/22/2025,,,HARDY,Luckiest Man Alive,Michael Hardy,"Ashley Gorley,Ben Johnson,Hunter Phelps",25.00%,Admin,12/16/2024,8/18/2025,HARDY (Released),,Big Loud Records,,,USUG12502839,,COUNTRY! EP (EXPLICIT),Main Version,Album,Writer,Country,,"SMN,SMG-US",SOS,SOS,,,,,9/22/2025
Released,,,5/2/2025,9/22/2025,,,HARDY,Luckiest Man Alive,Michael Hardy,"Ashley Gorley,Ben Johnson,Hunter Phelps",25.00%,Admin,12/16/2024,8/18/2025,HARDY (Released),,Big Loud Records,,,USUG12502832,,COUNTRY! EP (CLEAN),Clean,Album,Writer,Country,,"SMN,SMG-US",SOS,SOS,,,,,9/22/2025
Released,,,5/2/2025,9/22/2025,,,HARDY,Luckiest Man Alive,Michael Hardy,"Ashley Gorley,Ben Johnson,Hunter Phelps",25.00%,Admin,12/16/2024,8/18/2025,HARDY (Released),,Big Loud Records,,,USUG12502832,,COUNTRY! EP (EXPLICIT),Main Version,Album,Writer,Country,,"SMN,SMG-US",SOS,SOS,,,,,9/22/2025
Released,,,5/9/2025,9/22/2025,,,Blake Shelton,Let Him In Anyway,Michael Hardy,"Carson Wallace,Kyle Clark,Zach Abend",25.00%,Admin,8/27/2024,8/18/2025,Blake Shelton (Released),,"BMG BBR,Warner Music Nashville",WMG (Warner Music Group),,QMRSZ2500171,,For Recreational Use Only,Main Version,Album,Writer,Country,,"SMN,SMG-US",SOS,SOS,,,,,9/22/2025
Released,,,5/15/2025,9/22/2025,,,Morgan Wallen ,Leaving’s The Least I Can Do,Michael Hardy,"Charlie Handsome,Ernest Smith,Josh Miller ,Morgan Wallen",20.00%,Admin,9/24/2024,8/18/2025,Morgan Wallen  (Released),,Big Loud Records,,,USUMV2501737,,Leavin's the Least I Could Do (Audio-only Music Video),Main Version,Album,Writer,Country,,"SMN,SMG-US",SOS,SOS,,,,,9/22/2025
Released,,,5/16/2025,9/22/2025,,,Morgan Wallen ,Leaving’s The Least I Can Do,Michael Hardy,"Charlie Handsome,Ernest Smith,Josh Miller ,Morgan Wallen",20.00%,Admin,9/24/2024,8/18/2025,Morgan Wallen  (Released),,Big Loud Records,,,USUG12501655,,I'm The Problem,Main Version,Album,Writer,Country,,"SMN,SMG-US",SOS,SOS,,,,,9/22/2025
Released,,,5/16/2025,9/22/2025,,,Morgan Wallen ,Leaving’s The Least I Can Do,Michael Hardy,"Charlie Handsome,Ernest Smith,Josh Miller ,Morgan Wallen",20.00%,Admin,9/24/2024,8/18/2025,Morgan Wallen  (Released),,Big Loud Records,,,USUG12501621,,I'm The Problem,Main Version,Album,Writer,Country,,"SMN,SMG-US",SOS,SOS,,,,,9/22/2025
Released,,9/22/2025,9/26/2025,9/22/2025,,,HARDY,Keep It Country,"David Garcia,Michael Hardy","Hunter Phelps,Smith Ahnquist",50.00%,"ESA/Co-Pub,Admin",8/8/2024,8/28/2024,HARDY (Released),,Big Loud Records,,,USUG12505241,,COUNTRY! COUNTRY! (CLEAN),Clean,Album,Writer,Country,SMG_MSG_109_13451,"SMN,SMG-US",SOS,SOS,,,,,9/26/2025
Released,,,3/17/2025,9/22/2025,,,HARDY,Jim Bob,"David Garcia,Michael Hardy","Cody Quistad,Hunter Phelps",50.00%,"ESA/Co-Pub,Admin",3/1/2024,5/6/2024,HARDY (Released),,Big Loud Records,,,USUMV2501140,,JIM BOB (Behind The Scenes Video),Main Version,Album,Writer,Country,SMG_MSG_109_12612,"SMN,SMG-US",SOS,SOS,,,,,9/22/2025
Released,,,2/11/2025,9/22/2025,,,HARDY,Jim Bob,"David Garcia,Michael Hardy","Cody Quistad,Hunter Phelps",50.00%,"ESA/Co-Pub,Admin",3/1/2024,5/6/2024,HARDY (Released),,Big Loud Records,,,USUMV2500558,,JIM BOB (Music Video),Main Version,Album,Writer,Country,SMG_MSG_109_12612,"SMN,SMG-US",SOS,SOS,,,,,9/22/2025
Released,,,7/24/2024,9/22/2025,,,HARDY,Jim Bob,"David Garcia,Michael Hardy","Cody Quistad,Hunter Phelps",50.00%,"ESA/Co-Pub,Admin",3/1/2024,5/6/2024,HARDY (Released),,Big Loud Records,,,USUMV2402424,,JIM BOB (Audio-only Music Video),Main Version,Album,Writer,Country,SMG_MSG_109_12612,"SMN,SMG-US",SOS,SOS,,,,,9/22/2025
Released,,,1/17/2025,9/22/2025,,,HARDY,Jim Bob,"David Garcia,Michael Hardy","Cody Quistad,Hunter Phelps",50.00%,"ESA/Co-Pub,Admin",3/1/2024,5/6/2024,HARDY (Released),,Big Loud Records,,,USUG12500103,,JIM BOB (Live From Red Rocks) - Single (CLEAN),Main Version,Single,Writer,Country,SMG_MSG_109_12612,"SMN,SMG-US",SOS,SOS,,,,,9/22/2025
Released,,,1/17/2025,9/22/2025,,,HARDY,Jim Bob,"David Garcia,Michael Hardy","Cody Quistad,Hunter Phelps",50.00%,"ESA/Co-Pub,Admin",3/1/2024,5/6/2024,HARDY (Released),,Big Loud Records,,,USUG12500102,,JIM BOB (Live From Red Rocks) - Single (EXPLICIT),Main Version,Single,Writer,Country,SMG_MSG_109_12612,"SMN,SMG-US",SOS,SOS,,,,,9/22/2025
Released,,,1/17/2025,9/22/2025,,,HARDY,Jim Bob,"David Garcia,Michael Hardy","Cody Quistad,Hunter Phelps",50.00%,"ESA/Co-Pub,Admin",3/1/2024,5/6/2024,HARDY (Released),,Big Loud Records,,,USUG12500101,,JIM BOB (Live From Red Rocks) - Single (EXPLICIT),Main Version,Album,Writer,Country,SMG_MSG_109_12612,"SMN,SMG-US",SOS,SOS,,,,,9/22/2025
Released,,,7/12/2025,9/22/2025,,,HARDY,Jim Bob,"David Garcia,Michael Hardy","Cody Quistad,Hunter Phelps",50.00%,"ESA/Co-Pub,Admin",3/1/2024,5/6/2024,HARDY (Released),,Big Loud Records,,,USUG12402787,,QUITII (CLEAN),Main Version,Album,Writer,Country,SMG_MSG_109_12612,"SMN,SMG-US",SOS,SOS,,,,,9/22/2025
Released,,,7/12/2024,9/22/2025,,,HARDY,Jim Bob,"David Garcia,Michael Hardy","Cody Quistad,Hunter Phelps",50.00%,"ESA/Co-Pub,Admin",3/1/2024,5/6/2024,HARDY (Released),,Big Loud Records,,,USUG12402786,,QUIT!! (EXPLICIT),Main Version,Album,Writer,Country,SMG_MSG_109_12612,"SMN,SMG-US",SOS,SOS,,,,,9/22/2025
Released,,,7/12/2025,9/22/2025,,,HARDY,Jim Bob,"David Garcia,Michael Hardy","Cody Quistad,Hunter Phelps",50.00%,"ESA/Co-Pub,Admin",3/1/2024,5/6/2024,HARDY (Released),,Big Loud Records,,,USUG12402773,,QUITII (CLEAN),Main Version,Album,Writer,Country,SMG_MSG_109_12612,"SMN,SMG-US",SOS,SOS,,,,,9/22/2025
Released,,,7/12/2024,9/22/2025,,,HARDY,Jim Bob,"David Garcia,Michael Hardy","Cody Quistad,Hunter Phelps",50.00%,"ESA/Co-Pub,Admin",3/1/2024,5/6/2024,HARDY (Released),,Big Loud Records,,,USUG12402762,,QUIT!! (EXPLICIT),Main Version,Album,Writer,Country,SMG_MSG_109_12612,"SMN,SMG-US",SOS,SOS,,,,,9/22/2025
Released,,,5/15/2025,9/22/2025,,,Morgan Wallen ,I Got Better,Michael Hardy,"Blake Pendergrass,Charlie Handsome,Chase McGill,Ernest Smith,Joe Reeves,Morgan Wallen",16.67%,Admin,12/25/2024,8/27/2025,Morgan Wallen  (Released),,Big Loud Records,,,USUMV2501818,,I Got Better (The Shop Sessions) (Music Video),Main Version,Album,Writer,Country,,"SMN,SMG-US",SOS,SOS,,,,,9/22/2025
Released,,,5/15/2025,9/22/2025,,,Morgan Wallen ,I Got Better,Michael Hardy,"Blake Pendergrass,Charlie Handsome,Chase McGill,Ernest Smith,Joe Reeves,Morgan Wallen",16.67%,Admin,12/25/2024,8/27/2025,Morgan Wallen  (Released),,Big Loud Records,,,USUMV2501717,,I Got Better (Audio-only Music Video),Main Version,Album,Writer,Country,,"SMN,SMG-US",SOS,SOS,,,,,9/22/2025
Released,,,5/16/2025,9/22/2025,,,Morgan Wallen ,I Got Better,Michael Hardy,"Blake Pendergrass,Charlie Handsome,Chase McGill,Ernest Smith,Joe Reeves,Morgan Wallen",16.67%,Admin,12/25/2024,8/27/2025,Morgan Wallen  (Released),,Big Loud Records,,,USUG12501635,,I'm The Problem,Main Version,Album,Writer,Country,,"SMN,SMG-US",SOS,SOS,,,,,9/22/2025
Released,,,5/16/2025,9/22/2025,checked,,Morgan Wallen ,I Got Better,Michael Hardy,"Blake Pendergrass,Charlie Handsome,Chase McGill,Ernest Smith,Joe Reeves,Morgan Wallen",16.67%,Admin,12/25/2024,8/27/2025,Morgan Wallen  (Released),,Big Loud Records,,,USUG12501599,,I'm The Problem,Main Version,Album,Writer,Country,,"SMN,SMG-US",SOS,SOS,,,,,9/22/2025
Released,,9/22/2025,9/26/2025,9/22/2025,,,HARDY,Gun To My Head,Michael Hardy,"Kyle Clark,Mark Holman,Smith Ahnquist",25.00%,Admin,12/11/2024,8/18/2025,HARDY (Released),,Big Loud Records,,,USUG12505230,,COUNTRY! COUNTRY! (EXPLICIT),Main Version,Album,Writer,Country,,"SMN,SMG-US",SOS,SOS,,,,,9/26/2025
Released,,9/22/2025,9/26/2025,9/22/2025,,,HARDY,Goodbye,Michael Hardy,"Cam Montgomery,Hunter Phelps,Jessie Jo Dillon",25.00%,Admin,7/15/2024,8/18/2025,HARDY (Released),,Big Loud Records,,,USUG12505225,,COUNTRY! COUNTRY!,Main Version,Album,Writer,Country,,"SMN,SMG-US",SOS,SOS,,,,,9/26/2025
Released,,9/22/2025,9/26/2025,9/22/2025,,,HARDY,Girl With A Gun,Michael Hardy,"Carson Wallace,Greylan James,Jordan Schmidt",25.00%,Admin,8/26/2024,8/18/2025,HARDY (Released),,Big Loud Records,,,USUG12502835,,COUNTRY! COUNTRY!,Clean,Album,Writer,Country,,"SMN,SMG-US",SOS,SOS,,,,,9/26/2025
Released,,9/22/2025,9/26/2025,9/22/2025,,,HARDY,Girl With A Gun,Michael Hardy,"Carson Wallace,Greylan James,Jordan Schmidt",25.00%,Admin,8/26/2024,8/18/2025,HARDY (Released),,Big Loud Records,,,USUG12502831,,COUNTRY! COUNTRY!,Main Version,Album,Writer,Country,,"SMN,SMG-US",SOS,SOS,,,,,9/26/2025
Released,,,5/2/2025,9/22/2025,,,HARDY,Girl With A Gun,Michael Hardy,"Carson Wallace,Greylan James,Jordan Schmidt",25.00%,Admin,8/26/2024,8/18/2025,HARDY (Released),,Big Loud Records,,,USUG12502842,,COUNTRY! EP (CLEAN),Clean,Single,Writer,Country,,"SMN,SMG-US",SOS,SOS,,,,,9/22/2025
Released,,,5/2/2025,9/22/2025,,,HARDY,Girl With A Gun,Michael Hardy,"Carson Wallace,Greylan James,Jordan Schmidt",25.00%,Admin,8/26/2024,8/18/2025,HARDY (Released),,Big Loud Records,,,USUG12502838,,COUNTRY! EP (EXPLICIT),Main Version,Single -> Album,Writer,Country,,"SMN,SMG-US",SOS,SOS,,,,,9/22/2025
Released,,,5/2/2025,9/22/2025,,,HARDY,Girl With A Gun,Michael Hardy,"Carson Wallace,Greylan James,Jordan Schmidt",25.00%,Admin,8/26/2024,8/18/2025,HARDY (Released),,Big Loud Records,,,USUG12502835,,COUNTRY! EP (CLEAN),Clean,Single -> Album,Writer,Country,,"SMN,SMG-US",SOS,SOS,,,,,9/22/2025
Released,,,5/2/2025,9/22/2025,,,HARDY,Girl With A Gun,Michael Hardy,"Carson Wallace,Greylan James,Jordan Schmidt",25.00%,Admin,8/26/2024,8/18/2025,HARDY (Released),,Big Loud Records,,,USUG12502831,,COUNTRY! EP (EXPLICIT),Main Version,Single -> Album,Writer,Country,,"SMN,SMG-US",SOS,SOS,,,,,9/22/2025
Released,,,6/12/2025,9/22/2025,,,HARDY,Favorite Country Song,Michael Hardy,"Ashley Gorley,Beau Bailey,Casey Brown,Nate Smith,Taylor Phillips,Zach Abend",14.29%,Admin,4/16/2024,8/27/2025,HARDY (Released),,Big Loud Records,,,USUMV2502100,,Favorite Country Song (Live On Jimmy Kimmel Live!),Main Version,Single,Writer,Country,,"SMN,SMG-US",SOS,SOS,,,,,9/22/2025
Released,,,5/20/2025,9/22/2025,,,HARDY,Favorite Country Song,Michael Hardy,"Ashley Gorley,Beau Bailey,Casey Brown,Nate Smith,Taylor Phillips,Zach Abend",14.29%,Admin,4/16/2024,8/27/2025,HARDY (Released),,Big Loud Records,,,USUMV2501840,,Favorite Country Song (Music Video),Main Version,Single,Writer,Country,,"SMN,SMG-US",SOS,SOS,,,,,9/22/2025
Released,,,4/29/2025,9/22/2025,,,HARDY,Favorite Country Song,Michael Hardy,"Ashley Gorley,Beau Bailey,Casey Brown,Nate Smith,Taylor Phillips,Zach Abend",14.29%,Admin,4/16/2024,8/27/2025,HARDY (Released),,Big Loud Records,,,QMX232518320,,Live Grand Ole Opry 4/29/2025,Main Version,Single,Writer,Country,,"SMN,SMG-US",SOS,SOS,,,,,9/22/2025
Released,,9/22/2025,9/26/2025,9/22/2025,,,HARDY,Favorite Country Song,Michael Hardy,"Ashley Gorley,Beau Bailey,Casey Brown,Nate Smith,Taylor Phillips,Zach Abend",14.29%,Admin,4/16/2024,8/27/2025,HARDY (Released),,Big Loud Records,,,USUG12502833,,COUNTRY! COUNTRY!,Clean,Album,Writer,Country,,"SMN,SMG-US",SOS,SOS,,,,,9/26/2025
Released,,9/22/2025,9/26/2025,9/22/2025,checked,,HARDY,Favorite Country Song,Michael Hardy,"Ashley Gorley,Beau Bailey,Casey Brown,Nate Smith,Taylor Phillips,Zach Abend",14.29%,Admin,4/16/2024,8/27/2025,HARDY (Released),,Big Loud Records,,,USUG12502833,,COUNTRY! COUNTRY!,Main Version,Album,Writer,Country,,"SMN,SMG-US",SOS,SOS,,,,,9/26/2025
Released,,,5/2/2025,9/22/2025,,,HARDY,Favorite Country Song,Michael Hardy,"Ashley Gorley,Beau Bailey,Casey Brown,Nate Smith,Taylor Phillips,Zach Abend",14.29%,Admin,4/16/2024,8/27/2025,HARDY (Released),,Big Loud Records,,,USUG12502840,,COUNTRY! EP (CLEAN),Main Version,EP,Writer,Country,,"SMN,SMG-US",SOS,SOS,,,,,9/22/2025
Released,,,5/2/2025,9/22/2025,,,HARDY,Favorite Country Song,Michael Hardy,"Ashley Gorley,Beau Bailey,Casey Brown,Nate Smith,Taylor Phillips,Zach Abend",14.29%,Admin,4/16/2024,8/27/2025,HARDY (Released),,Big Loud Records,,,USUG12502840,,COUNTRY! EP (EXPLICIT),Main Version,EP,Writer,Country,,"SMN,SMG-US",SOS,SOS,,,,,9/22/2025
Released,,,5/2/2025,9/22/2025,,,HARDY,Favorite Country Song,Michael Hardy,"Ashley Gorley,Beau Bailey,Casey Brown,Nate Smith,Taylor Phillips,Zach Abend",14.29%,Admin,4/16/2024,8/27/2025,HARDY (Released),,Big Loud Records,,,USUG12502833,,COUNTRY! EP (CLEAN),Clean,EP,Writer,Country,,"SMN,SMG-US",SOS,SOS,,,,,9/22/2025
Released,,,5/2/2025,9/22/2025,,,HARDY,Favorite Country Song,Michael Hardy,"Ashley Gorley,Beau Bailey,Casey Brown,Nate Smith,Taylor Phillips,Zach Abend",14.29%,Admin,4/16/2024,8/27/2025,HARDY (Released),,Big Loud Records,,,USUG12502833,,COUNTRY! EP (EXPLICIT),Main Version,EP,Writer,Country,,"SMN,SMG-US",SOS,SOS,,,,,9/22/2025
Released,,9/22/2025,9/26/2025,9/22/2025,,,HARDY,Everybody Does,Michael Hardy,,100.00%,Admin,10/23/2024,8/18/2025,HARDY (Released),,Big Loud Records,,,USUG12505235,,COUNTRY! COUNTRY!,Main Version,Album,Writer,Country,,"SMN,SMG-US",SOS,SOS,,,,,9/26/2025
Released,,9/22/2025,8/28/2026,9/22/2025,,,Carly Pearce,Daisy,Michael Hardy,"Ashley Gorley,Ben Johnson,Hunter Phelps",25.00%,Admin,8/12/2024,8/18/2025,,,Big Machine Label Group,,,QZRD92608950,Daisy,Honest Woman,Main Version,Album,Writer,Country,,"SMN,SMG-US",SOS,SOS,,,,,8/28/2026
Released,,9/22/2025,9/26/2025,9/22/2025,,,HARDY,Country Country,"David Garcia,Michael Hardy",Ashley Gorley,66.67%,"ESA/Co-Pub,Admin",10/23/2024,10/31/2024,HARDY (Released),,Big Loud Records,,,USUG12505236,,COUNTRY! COUNTRY! (CLEAN),Clean,Album,Writer,Country,SMG_MSG_109_14475,"SMN,SMG-US",SOS,SOS,,,,,9/26/2025
Released,,,4/29/2025,9/22/2025,,,HARDY,Buck On The Wall,Michael Hardy,"Jameson Rodgers,Jeb Gipson,Matt Dragstrem",25.00%,Admin,8/26/2024,8/18/2025,HARDY (Released),,Big Loud Records,,,QMX232518318,,Live Grand Ole Opry 4/29/2025,Main Version,Single,Writer,Country,,"SMN,SMG-US",SOS,SOS,,,,,9/22/2025
Released,,9/22/2025,9/26/2025,9/22/2025,,,HARDY,Buck On The Wall,Michael Hardy,"Jameson Rodgers,Jeb Gipson,Matt Dragstrem",25.00%,Admin,8/26/2024,8/18/2025,HARDY (Released),,Big Loud Records,,,USUG12502834,,COUNTRY! COUNTRY! (CLEAN),Clean,Album,Writer,Country,,"SMN,SMG-US",SOS,SOS,,,,,9/26/2025
Released,,9/22/2025,9/26/2025,9/22/2025,,,HARDY,Buck On The Wall,Michael Hardy,"Jameson Rodgers,Jeb Gipson,Matt Dragstrem",25.00%,Admin,8/26/2024,8/18/2025,HARDY (Released),,Big Loud Records,,,USUG12502829,,COUNTRY! COUNTRY! (EXPLICIT),Main Version,Album,Writer,Country,,"SMN,SMG-US",SOS,SOS,,,,,9/26/2025
Released,,,5/2/2025,9/22/2025,,,HARDY,Buck On The Wall,Michael Hardy,"Jameson Rodgers,Jeb Gipson,Matt Dragstrem",25.00%,Admin,8/26/2024,8/18/2025,HARDY (Released),,Big Loud Records,,,USUG12502841,,COUNTRY! EP (CLEAN),Clean,Single -> Album,Writer,Country,,"SMN,SMG-US",SOS,SOS,,,,,9/22/2025
Released,,,5/2/2025,9/22/2025,,,HARDY,Buck On The Wall,Michael Hardy,"Jameson Rodgers,Jeb Gipson,Matt Dragstrem",25.00%,Admin,8/26/2024,8/18/2025,HARDY (Released),,Big Loud Records,,,USUG12502836,,COUNTRY! EP (EXPLICIT),Main Version,Single -> Album,Writer,,,"SMN,SMG-US",SOS,SOS,,,,,9/22/2025
Released,,,5/2/2025,9/22/2025,,,HARDY,Buck On The Wall,Michael Hardy,"Jameson Rodgers,Jeb Gipson,Matt Dragstrem",25.00%,Admin,8/26/2024,8/18/2025,HARDY (Released),,Big Loud Records,,,USUG12502834,,COUNTRY! EP (CLEAN),Clean,EP,Writer,Country,,"SMN,SMG-US",SOS,SOS,,,,,9/22/2025
Released,,,5/2/2025,9/22/2025,,,HARDY,Buck On The Wall,Michael Hardy,"Jameson Rodgers,Jeb Gipson,Matt Dragstrem",25.00%,Admin,8/26/2024,8/18/2025,HARDY (Released),,Big Loud Records,,,USUG12502829,,COUNTRY! EP (EXPLICIT),Main Version,EP,Writer,Country,,"SMN,SMG-US",SOS,SOS,,,,,9/22/2025
Released,,,9/26/2025,9/22/2025,,,HARDY,Bottomland,Michael Hardy,"Hunter Phelps,Jessie Jo Dillon,Smith Ahnquist,Zach Abend",20.00%,Admin,12/11/2024,8/27/2025,HARDY (Released),,Big Loud Records,,,USUG12505227,,COUNTRY! COUNTRY! (CLEAN),Clean,Single -> Album,Writer,Country,SMG_MSG_109_19002,"SMN,SMG-US",SOS,SOS,,,,,9/22/2025
Released,,9/22/2025,9/26/2025,9/22/2025,,,HARDY,Bedrooms In The Sky,Michael Hardy,"Hunter Phelps,Zach Abend",33.34%,Admin,4/9/2024,8/18/2025,HARDY (Released),Stephen Wilson Jr.,Big Loud Records,,,USUG12505226,,COUNTRY! COUNTRY!,Main Version,Single,Writer,Country,SMG_MSG_109_18936,"SMN,SMG-US",SOS,SOS,,,,,9/26/2025
Released,,,9/26/2025,9/22/2025,,,HARDY,Bottomland,Michael Hardy,"Hunter Phelps,Jessie Jo Dillon,Smith Ahnquist,Zach Abend",20.00%,Admin,12/11/2024,8/27/2025,HARDY (Released),,Big Loud Records,,,USUG12505227,,COUNTRY! COUNTRY! (EXPLICIT),Main Version,Single -> Album,Writer,Country,SMG_MSG_109_19002,"SMN,SMG-US",SOS,SOS,,,,,9/22/2025
Released,,,2/28/2023,9/19/2025,,,HARDY,Wait In The Truck,Michael Hardy,"Hunter Phelps,Jordan Schmidt,Renee Blair ",22.50%,ESA/Co-Pub,3/18/2021,8/28/2025,HARDY (Released),,Big Loud Records,,,QZ22S2300014,,Apple Music Nashville Sessions,Main Version,Album,Writer,,,"SMN,SMG-US",SOS,SOS,,,,,9/19/2025
Released,,,4/29/2025,9/19/2025,,,HARDY,Wait In The Truck,Michael Hardy,"Hunter Phelps,Jordan Schmidt,Renee Blair ",22.50%,ESA/Co-Pub,3/18/2021,8/28/2025,HARDY (Released),Ella Langley ,Big Loud Records,,,QMX232518319,,Live Grand Ole Opry 4/29/2025,Main Version,Album,Writer,,,"SMN,SMG-US",SOS,SOS,,,,,9/19/2025
Released,,,2/7/2025,9/19/2025,,,HARDY,Wait In The Truck,Michael Hardy,"Hunter Phelps,Jordan Schmidt,Renee Blair ",22.50%,ESA/Co-Pub,3/18/2021,8/28/2025,HARDY (Released),,Big Loud Records,,,USUG12501093,,HARDY (Live from Red Rocks),Main Version,Album,Writer,,,"SMN,SMG-US",SOS,SOS,,,,,9/19/2025
Released,,,8/26/2022,9/19/2025,,,HARDY,Wait In The Truck,Michael Hardy,"Hunter Phelps,Jordan Schmidt,Renee Blair ",22.50%,ESA/Co-Pub,3/18/2021,8/28/2025,HARDY (Released),Lainey Wilson,Big Loud Records,,,QZ22S2200068,,wait in the truck (feat. Lainey Wilson) - Single,Main Version,Album,Writer,,,"SMN,SMG-US",SOS,SOS,,,,,9/19/2025
Released,,,1/20/2023,9/19/2025,,,HARDY,Wait In The Truck,Michael Hardy,"Hunter Phelps,Jordan Schmidt,Renee Blair ",22.50%,ESA/Co-Pub,3/18/2021,8/28/2025,HARDY (Released),,Big Loud Records,,,QZ22S2200068,,the mockingbird & THE CROW,Main Version,Album,Writer,,,"SMN,SMG-US",SOS,SOS,,,,,9/19/2025
Released,,,4/27/2021,9/19/2025,,,Mitchell Tenpenny,To Us It Did,Michael Hardy,"Jordan Schmidt,Mitchell Tenpenny",25.00%,ESA/Co-Pub,3/5/2019,8/28/2025,Mitchell Tenpenny (Released),,"Sony Music Nashville,Riser House Records",,,QMX232118305,,Live Grand Ole Opry 4/27/2021,Main Version,Album,Writer,,,"SMN,SMG-US",SOS,SOS,,,,,9/19/2025
Released,,,9/10/2021,9/19/2025,,,Mitchell Tenpenny,To Us It Did,Michael Hardy,"Jordan Schmidt,Mitchell Tenpenny",25.00%,ESA/Co-Pub,3/5/2019,8/28/2025,Mitchell Tenpenny (Released),,"Sony Music Nashville,Riser House Records",,,US6XF1800326,,Midtown Diaries,Main Version,Album,Writer,,,"SMN,SMG-US",SOS,SOS,,,,,9/19/2025
Released,,,4/30/2021,9/19/2025,,,Mitchell Tenpenny,To Us It Did,Michael Hardy,"Jordan Schmidt,Mitchell Tenpenny",25.00%,ESA/Co-Pub,3/5/2019,8/28/2025,Mitchell Tenpenny (Released),,"Sony Music Nashville,Riser House Records",,,US6XF1800326,,To Us It Did,Main Version,Album,Writer,,,"SMN,SMG-US",SOS,SOS,,,,,9/19/2025
Released,,,6/16/2025,9/19/2025,,,Morgan Wallen ,Tennessee Fan,Michael Hardy,"Ashley Gorley,Mark Holman,Morgan Wallen",18.75%,ESA/Co-Pub,8/25/2022,8/28/2025,Morgan Wallen  (Released),,Big Loud Records,,,USUMV2203509,,Tennessee Fan - Lyric Video,Main Version,Album,Writer,,,"SMN,SMG-US",SOS,SOS,,,,,9/19/2025
Released,,,3/3/2023,9/19/2025,,,Morgan Wallen ,Tennessee Fan,Michael Hardy,"Ashley Gorley,Mark Holman,Morgan Wallen",18.75%,ESA/Co-Pub,8/25/2022,8/28/2025,Morgan Wallen  (Released),,Big Loud Records,,,USUG12209214,,One Thing At A Time,Main Version,Album,Writer,,,"SMN,SMG-US",SOS,SOS,,,,,9/19/2025
Released,,,3/3/2023,9/19/2025,,,Morgan Wallen ,Tennessee Fan,Michael Hardy,"Ashley Gorley,Mark Holman,Morgan Wallen",18.75%,ESA/Co-Pub,8/25/2022,8/28/2025,Morgan Wallen  (Released),,Big Loud Records,,,USUG12209217,,One Thing At A Time,Main Version,Album,Writer,,,"SMN,SMG-US",SOS,SOS,,,,,9/19/2025
Released,,,11/11/2021,9/19/2025,,,Brantley Gilbert,The Worst Country Song Of All Time,Michael Hardy,"Brantley Gilbert,Hunter Phelps,Will Weatherly",18.75%,ESA/Co-Pub,2/23/2021,8/28/2025,Brantley Gilbert (Released),"Toby Keith,HARDY",Big Machine Label Group,,,QZRD92202327,,The Worst Country Song of All Time - Lyric Video,Main Version,Album,Writer,,,"SMN,SMG-US",SOS,SOS,,,,,9/19/2025
Released,,,6/18/2021,9/19/2025,,,Brantley Gilbert,The Worst Country Song Of All Time,Michael Hardy,"Brantley Gilbert,Hunter Phelps,Will Weatherly",18.75%,ESA/Co-Pub,2/23/2021,8/28/2025,Brantley Gilbert (Released),Toby Keith,Big Machine Label Group,,,QZRD92100159,,The Worst Country Song of All Time - Lyric Video,Main Version,Album,Writer,,,"SMN,SMG-US",SOS,SOS,,,,,9/19/2025
Released,,,9/8/2021,9/19/2025,,,Brantley Gilbert,The Worst Country Song Of All Time,Michael Hardy,"Brantley Gilbert,Hunter Phelps,Will Weatherly",18.75%,ESA/Co-Pub,2/23/2021,8/28/2025,Brantley Gilbert (Released),"Toby Keith,HARDY",Big Machine Label Group,,,QZRD92100551,,The Worst Country Song of All Time - Behind The Scenes,Main Version,Album,Writer,,,"SMN,SMG-US",SOS,SOS,,,,,9/19/2025
Released,,,11/10/2022,9/19/2025,,,Brantley Gilbert,The Worst Country Song Of All Time,Michael Hardy,"Brantley Gilbert,Hunter Phelps,Will Weatherly",18.75%,ESA/Co-Pub,2/23/2021,8/28/2025,Brantley Gilbert (Released),Toby Keith,Big Machine Label Group,,,QZRD92304048,,So Help Me God (Deluxe Edition / Behind The Songs),Main Version,Album,Writer,,,"SMN,SMG-US",SOS,SOS,,,,,9/19/2025
Released,,,11/10/2022,9/19/2025,,,Brantley Gilbert,The Worst Country Song Of All Time,Michael Hardy,"Brantley Gilbert,Hunter Phelps,Will Weatherly",18.75%,ESA/Co-Pub,2/23/2021,8/28/2025,Brantley Gilbert (Released),Toby Keith,Big Machine Label Group,,,QZRD92100060,,So Help Me God,Main Version,Album,Writer,,,"SMN,SMG-US",SOS,SOS,,,,,9/19/2025
Released,,,11/10/2022,9/19/2025,,,Brantley Gilbert,The Worst Country Song Of All Time,Michael Hardy,"Brantley Gilbert,Hunter Phelps,Will Weatherly",18.75%,ESA/Co-Pub,2/23/2021,8/28/2025,Brantley Gilbert (Released),"Toby Keith,HARDY",Big Machine Label Group,,,QZRD92202229,,The Worst Country Song of All Time - Dolby Atmos,Dolby Atmos,Album,Writer,,,"SMN,SMG-US",SOS,SOS,,,,,9/19/2025
Released,,,8/16/2021,9/19/2025,,,Brantley Gilbert,The Worst Country Song Of All Time,Michael Hardy,"Brantley Gilbert,Hunter Phelps,Will Weatherly",18.75%,ESA/Co-Pub,2/23/2021,8/28/2025,Brantley Gilbert (Released),"Toby Keith,HARDY",Big Machine Label Group,,,QZRD92100469,,The Worst Country Song of All Time - Single,Main Version,Single,Writer,,,"SMN,SMG-US",SOS,SOS,,,,,9/19/2025
Released,,,6/18/2021,9/19/2025,,,Brantley Gilbert,The Worst Country Song Of All Time,Michael Hardy,"Brantley Gilbert,Hunter Phelps,Will Weatherly",18.75%,ESA/Co-Pub,2/23/2021,8/28/2025,Brantley Gilbert (Released),Toby Keith,Big Machine Label Group,,,QZRD92100060,,The Worst Country Song of All Time - Single,Main Version,Single,Writer,,,"SMN,SMG-US",SOS,SOS,,,,,9/19/2025
Released,,,10/5/2021,9/19/2025,,,Matt Stell,That Ain't Me No More,Michael Hardy,"Hunter Phelps,Jake Mitchell,Nick Donley,Smith Ahnquist",15.00%,ESA/Co-Pub,12/18/2019,8/28/2025,Matt Stell (Released),,RECORDS Nashville,Sony Music Nashville,,QMX232141317,,Live Grand Ole Opry 10/5/2021,Main Version,Album,Writer,,,"SMN,SMG-US",SOS,SOS,,,,,9/19/2025
Released,,,7/27/2021,9/19/2025,,,Matt Stell,That Ain't Me No More,Michael Hardy,"Hunter Phelps,Jake Mitchell,Nick Donley,Smith Ahnquist",15.00%,ESA/Co-Pub,12/18/2019,8/28/2025,Matt Stell (Released),,RECORDS Nashville,Sony Music Nashville,,QMX232131305,,Live Grand Ole Opry 7/27/2021,Main Version,Album,Writer,,,"SMN,SMG-US",SOS,SOS,,,,,9/19/2025
Released,,,2/5/2021,9/19/2025,,,Matt Stell,That Ain't Me No More,Michael Hardy,"Hunter Phelps,Jake Mitchell,Nick Donley,Smith Ahnquist",15.00%,ESA/Co-Pub,12/18/2019,8/28/2025,Matt Stell (Released),,RECORDS Nashville,Sony Music Nashville,,US6XF2100014,,That Ain't Me No More - Single,Main Version,Single,Writer,,,"SMN,SMG-US",SOS,SOS,,,,,9/19/2025
Released,,,3/22/2024,9/19/2025,,,Kenny Chesney,Take Her Home,Michael Hardy,"Hunter Phelps,Zach Abend",25.01%,ESA/Co-Pub,9/12/2023,8/28/2025,Kenny Chesney (Released),,HEY NOW Records,Warner Records,,USWB12306453,,Born,Main Version,Album,Writer,,,"SMN,SMG-US",SOS,SOS,,,,,9/19/2025
Released,,,11/10/2023,9/19/2025,,,Kenny Chesney,Take Her Home,Michael Hardy,"Hunter Phelps,Zach Abend",25.01%,ESA/Co-Pub,9/12/2023,8/28/2025,Kenny Chesney (Released),,HEY NOW Records,Warner Records,,USWB12306453,,Take Her Home,Main Version,Album,Writer,,,"SMN,SMG-US",SOS,SOS,,,,,9/19/2025
Released,,,8/19/2022,9/19/2025,,,Kolby Cooper,Storm's Coming,Michael Hardy,"Brett Tyler,Kolby Cooper,Ross Copperman",18.75%,ESA/Co-Pub,4/20/2021,8/28/2025,Kolby Cooper (Released),,BMG BBR,,,QMRSZ2201523,,Boy From Anderson County To The Moon - Mfit Version,Main Version,Album,Writer,,,"SMN,SMG-US",SOS,SOS,,,,,9/19/2025
Released,,,8/19/2025,9/19/2025,,,Kolby Cooper,Storm's Coming,Michael Hardy,"Brett Tyler,Kolby Cooper,Ross Copperman",18.75%,ESA/Co-Pub,4/20/2021,8/28/2025,Kolby Cooper (Released),,BMG BBR,,,QMRSZ2202691,,Boy From Anderson County To The Moon,Main Version,Album,Writer,,,"SMN,SMG-US",SOS,SOS,,,,,9/19/2025
Cut,,9/19/2025,,9/19/2025,,,Preston Cooper,Lucky Ones,Zach Beeken,"Brett Warrren,Lance Miller,Rob Hatch",25.00%,ESA/Co-Pub,8/11/2025,8/14/2025,,,Big Machine Label Group,,,,,,Main Version,Single,Writer,Country,SMG_MSG_109_18530,"SMN,SMG-US",SOS,FLUID JV II,,,,,9/19/2025
Released,,,10/15/2021,9/19/2025,,,Kolby Cooper,Storm's Coming,Michael Hardy,"Brett Tyler,Kolby Cooper,Ross Copperman",18.75%,ESA/Co-Pub,4/20/2021,8/28/2025,Kolby Cooper (Released),,BMG BBR,,,QMRSZ2102452,,Storm's Coming (Amazon Original),Main Version,Album,Writer,,,"SMN,SMG-US",SOS,SOS,,,,,9/19/2025
Released,,,10/15/2021,9/19/2025,,,Kolby Cooper,Storm's Coming,Michael Hardy,"Brett Tyler,Kolby Cooper,Ross Copperman",18.75%,ESA/Co-Pub,4/20/2021,8/28/2025,Kolby Cooper (Released),,BMG BBR,,,QMRSZ2102451,,Storm's Coming,Main Version,Album,Writer,,,"SMN,SMG-US",SOS,SOS,,,,,9/19/2025
Released,,,4/28/2023,9/19/2025,,,Cole Swindell,Stereotype,Michael Hardy,"Cole Swindell,Jordan Schmidt",25.00%,ESA/Co-Pub,7/15/2020,8/28/2025,Cole Swindell (Released),,Warner Music Nashville,WMG (Warner Music Group),,USWB12200179,,Stereotype Broken,Main Version,Album,Writer,,,"SMN,SMG-US",SOS,SOS,,,,,9/19/2025
Released,,,4/8/2022,9/19/2025,,,Cole Swindell,Stereotype,Michael Hardy,"Cole Swindell,Jordan Schmidt",25.00%,ESA/Co-Pub,7/15/2020,8/28/2025,Cole Swindell (Released),,Warner Music Nashville,WMG (Warner Music Group),,USWB12200179,,Stereotype,Main Version,Album,Writer,,,"SMN,SMG-US",SOS,SOS,,,,,9/19/2025
Released,,,8/5/2022,9/19/2025,,,Dylan Scott,Static,Michael Hardy,"Ashley Gorley,Ben Johnson,Hunter Phelps",18.75%,ESA/Co-Pub,1/30/2020,8/28/2025,Dylan Scott (Released),,Curb Records,,,USCRB2100091,,Livin' My Best Life,Main Version,Album,Writer,,,"SMN,SMG-US",SOS,SOS,,,,,9/19/2025
Released,,,4/8/2022,9/19/2025,,,Dylan Scott,Static,Michael Hardy,"Ashley Gorley,Ben Johnson,Hunter Phelps",18.75%,ESA/Co-Pub,1/30/2020,8/28/2025,Dylan Scott (Released),,Curb Records,,,USCRB2100091,,Static - Single,Main Version,Single,Writer,,,"SMN,SMG-US",SOS,SOS,,,,,9/19/2025
Released,,,7/20/2023,9/19/2025,,,Dierks Bentley,Something Real,Michael Hardy,"Ashley Gorley,Dierks Bentley,Luke Dick,Ross Copperman",15.00%,ESA/Co-Pub,1/11/2021,8/28/2025,Dierks Bentley (Released),,"Capitol Records Nashville,MCA Nashville","MCA (Music Corporation of America),MCA (Music Corporation of America)",,USUMV2302232,,Something Real - Performance Video,Main Version,Album,Writer,,,"SMN,SMG-US",SOS,SOS,,,,,9/19/2025
Released,,,2/23/2023,9/19/2025,,,Dierks Bentley,Something Real,Michael Hardy,"Ashley Gorley,Dierks Bentley,Luke Dick,Ross Copperman",15.00%,ESA/Co-Pub,1/11/2021,8/28/2025,Dierks Bentley (Released),,"Capitol Records Nashville,MCA Nashville","MCA (Music Corporation of America),MCA (Music Corporation of America)",,USUMV2300748,,Something Real - Music Video Audio,Main Version,Album,Writer,,,"SMN,SMG-US",SOS,SOS,,,,,9/19/2025
Released,,,2/24/2023,9/19/2025,,,Dierks Bentley,Something Real,Michael Hardy,"Ashley Gorley,Dierks Bentley,Luke Dick,Ross Copperman",15.00%,ESA/Co-Pub,1/11/2021,8/28/2025,Dierks Bentley (Released),,"Capitol Records Nashville,MCA Nashville","MCA (Music Corporation of America),MCA (Music Corporation of America)",,USUG12207654,,Gravel & Gold,Main Version,Album,Writer,,,"SMN,SMG-US",SOS,SOS,,,,,9/19/2025
Released,,,2/24/2023,9/19/2025,,,Dierks Bentley,Something Real,Michael Hardy,"Ashley Gorley,Dierks Bentley,Luke Dick,Ross Copperman",15.00%,ESA/Co-Pub,1/11/2021,8/28/2025,Dierks Bentley (Released),,"Capitol Records Nashville,MCA Nashville","MCA (Music Corporation of America),MCA (Music Corporation of America)",,USUG12300461,,Gravel & Gold,Main Version,Album,Writer,,,"SMN,SMG-US",SOS,SOS,,,,,9/19/2025
Released,,,8/27/2021,9/19/2025,,,Nelly,Someone Somewhere,Michael Hardy,"Cornell Haynes Jr. ,Ernest Smith,Jacob Durrett",18.75%,ESA/Co-Pub,10/28/2019,8/28/2025,,George Birge,RECORDS Nashville,Sony Music Nashville,,USQX92103010,,Heartland,Main Version,Album,Writer,,,"SMN,SMG-US",SOS,SOS,,,,,9/19/2025
Released,,,11/10/2022,9/19/2025,,,Brantley Gilbert,So Help Me God,Michael Hardy,"Brantley Gilbert,Hunter Phelps,Will Weatherly ",18.75%,ESA/Co-Pub,11/20/2020,8/28/2025,Brantley Gilbert (Released),,Big Machine Label Group,,,QZRD92202334,,So Help Me God - Visualizer,Main Version,Album,Writer,,,"SMN,SMG-US",SOS,SOS,,,,,9/19/2025
Released,,,11/10/2022,9/19/2025,,,Brantley Gilbert,So Help Me God,Michael Hardy,"Brantley Gilbert,Hunter Phelps,Will Weatherly ",18.75%,ESA/Co-Pub,11/20/2020,8/28/2025,Brantley Gilbert (Released),,Big Machine Label Group,,,QZRD92202324,,So Help Me God - Lyric Video,Main Version,Album,Writer,,,"SMN,SMG-US",SOS,SOS,,,,,9/19/2025
Released,,,11/10/2022,9/19/2025,,,Brantley Gilbert,So Help Me God,Michael Hardy,"Brantley Gilbert,Hunter Phelps,Will Weatherly ",18.75%,ESA/Co-Pub,11/20/2020,8/28/2025,Brantley Gilbert (Released),,Big Machine Label Group,,,QZRD92304053,,So Help Me God (Deluxe Edition / Behind The Songs) - Commentary,Main Version,Album,Writer,,,"SMN,SMG-US",SOS,SOS,,,,,9/19/2025
Released,,,11/10/2022,9/19/2025,,,Brantley Gilbert,So Help Me God,Michael Hardy,"Brantley Gilbert,Hunter Phelps,Will Weatherly ",18.75%,ESA/Co-Pub,11/20/2020,8/28/2025,Brantley Gilbert (Released),,Big Machine Label Group,,,QZRD92202231,,So Help Me God - Dolby Atmos,Dolby Atmos,Album,Writer,,,"SMN,SMG-US",SOS,SOS,,,,,9/19/2025
Released,,,11/10/2022,9/19/2025,,,Brantley Gilbert,So Help Me God,Michael Hardy,"Brantley Gilbert,Hunter Phelps,Will Weatherly ",18.75%,ESA/Co-Pub,11/20/2020,8/28/2025,Brantley Gilbert (Released),,Big Machine Label Group,,,QZRD92202198,,So Help Me God,Main Version,Album,Writer,,,"SMN,SMG-US",SOS,SOS,,,,,9/19/2025
Released,,,6/3/2020,9/19/2025,,,Piano Dreamers,Single Saturday Night,Michael Hardy,"Ashley Gorley,Mark Holman",25.00%,ESA/Co-Pub,10/15/2019,8/28/2025,"Cole Swindell (Released), Workout Remix Factory (Released), Piano Dreamers (Released)",,,,,USG7D2020204,,Top 20 Hits June 2020 (Instrumental),Main Version,Album,Writer,,,"SMN,SMG-US",SOS,SOS,,,,,9/19/2025
Released,,,7/8/2020,9/19/2025,,,Workout Remix Factory,Single Saturday Night,Michael Hardy,"Ashley Gorley,Mark Holman",25.00%,ESA/Co-Pub,10/15/2019,8/28/2025,"Cole Swindell (Released), Workout Remix Factory (Released), Piano Dreamers (Released)",,,,,QM6P42061981,,2020 Country Workout Music,Main Version,Album,Writer,,,"SMN,SMG-US",SOS,SOS,,,,,9/19/2025
Released,,,4/28/2023,9/19/2025,,,Cole Swindell,Single Saturday Night,Michael Hardy,"Ashley Gorley,Mark Holman",25.00%,ESA/Co-Pub,10/15/2019,8/28/2025,"Cole Swindell (Released), Workout Remix Factory (Released), Piano Dreamers (Released)",,Warner Music Nashville,WMG (Warner Music Group),,USWB12001284,,Stereotype Broken,Main Version,Album,Writer,,,"SMN,SMG-US",SOS,SOS,,,,,9/19/2025
Released,,,4/8/2022,9/19/2025,,,Cole Swindell,Single Saturday Night,Michael Hardy,"Ashley Gorley,Mark Holman",25.00%,ESA/Co-Pub,10/15/2019,8/28/2025,"Cole Swindell (Released), Workout Remix Factory (Released), Piano Dreamers (Released)",,Warner Music Nashville,WMG (Warner Music Group),,USWB12001284,,Stereotype,Main Version,Album,Writer,,,"SMN,SMG-US",SOS,SOS,,,,,9/19/2025
Released,,,5/22/2020,9/19/2025,,,Cole Swindell,Single Saturday Night,Michael Hardy,"Ashley Gorley,Mark Holman",25.00%,ESA/Co-Pub,10/15/2019,8/28/2025,"Cole Swindell (Released), Workout Remix Factory (Released), Piano Dreamers (Released)",,Warner Music Nashville,WMG (Warner Music Group),,USWB12001284,,Single Saturday Night - Single,Main Version,Single,Writer,,,"SMN,SMG-US",SOS,SOS,,,,,9/19/2025
Released,,,9/20/2023,9/19/2025,,,Brian Kelley,See You Next Summer,"David Garcia,Michael Hardy",Hillary Lindsey,58.34%,"ESA/Co-Pub,ESA/Co-Pub",6/1/2020,6/3/2020,Brian Kelley (Released),,Big Machine Label Group,,,QZRD92303879,,See You Next Summer - Tiktok Cut,Main Version,Album,Writer,,SMG_MSG_101_202732,"SMN,SMG-US","CRESCENDO, SOS","CRESCENDO, SOS",,,,,9/19/2025
Released,,,9/29/2023,9/19/2025,,,Brian Kelley,See You Next Summer,"David Garcia,Michael Hardy",Hillary Lindsey,58.34%,"ESA/Co-Pub,ESA/Co-Pub",6/1/2020,6/3/2020,Brian Kelley (Released),,Big Machine Label Group,,,QZRD92303982,,See You Next Summer - Music Video,Main Version,Album,Writer,,SMG_MSG_101_202732,"SMN,SMG-US","CRESCENDO, SOS","CRESCENDO, SOS",,,,,9/19/2025
Released,,,5/26/2023,9/19/2025,,,Brian Kelley,See You Next Summer,"David Garcia,Michael Hardy",Hillary Lindsey,58.34%,"ESA/Co-Pub,ESA/Co-Pub",6/1/2020,6/3/2020,Brian Kelley (Released),,Big Machine Label Group,,,QZRD92303220,,See You Next Summer - Music Video,Main Version,Album,Writer,,SMG_MSG_101_202732,"SMN,SMG-US","CRESCENDO, SOS","CRESCENDO, SOS",,,,,9/19/2025
Released,,,10/13/2023,9/19/2025,,,Brian Kelley,See You Next Summer,"David Garcia,Michael Hardy",Hillary Lindsey,58.34%,"ESA/Co-Pub,ESA/Co-Pub",6/1/2020,6/3/2020,Brian Kelley (Released),,Big Machine Label Group,,,QZRD92304031,,See You Next Summer - Music Video,Main Version,Album,Writer,,SMG_MSG_101_202732,"SMN,SMG-US","CRESCENDO, SOS","CRESCENDO, SOS",,,,,9/19/2025
Released,,,5/10/2024,9/19/2025,,,Brian Kelley,See You Next Summer,"David Garcia,Michael Hardy",Hillary Lindsey,58.34%,"ESA/Co-Pub,ESA/Co-Pub",6/1/2020,6/3/2020,Brian Kelley (Released),,Big Machine Label Group,,,QZRD92303067,,Tennessee Truth,Main Version,Album,Writer,,SMG_MSG_101_202732,"SMN,SMG-US","CRESCENDO, SOS","CRESCENDO, SOS",,,,,9/19/2025
Released,,,5/10/2024,9/19/2025,,,Brian Kelley,See You Next Summer,"David Garcia,Michael Hardy",Hillary Lindsey,58.34%,"ESA/Co-Pub,ESA/Co-Pub",6/1/2020,6/3/2020,Brian Kelley (Released),,Big Machine Label Group,,,QZRD92302981,,Tennessee Truth,Main Version,Album,Writer,,SMG_MSG_101_202732,"SMN,SMG-US","CRESCENDO, SOS","CRESCENDO, SOS",,,,,9/19/2025
Released,,,11/17/2023,9/19/2025,,,Brian Kelley,See You Next Summer,"David Garcia,Michael Hardy",Hillary Lindsey,58.34%,"ESA/Co-Pub,ESA/Co-Pub",6/1/2020,6/3/2020,Brian Kelley (Released),,Big Machine Label Group,,,QZRD92302981,,How We're Livin',Main Version,Album,Writer,,SMG_MSG_101_202732,"SMN,SMG-US","CRESCENDO, SOS","CRESCENDO, SOS",,,,,9/19/2025
Released,,,5/26/2023,9/19/2025,,,Brian Kelley,See You Next Summer,"David Garcia,Michael Hardy",Hillary Lindsey,58.34%,"ESA/Co-Pub,ESA/Co-Pub",6/1/2020,6/3/2020,Brian Kelley (Released),,Big Machine Label Group,,,QZRD92302981,,See You Next Summer - Single,Main Version,Single,Writer,,SMG_MSG_101_202732,"SMN,SMG-US","CRESCENDO, SOS","CRESCENDO, SOS",,,,,9/19/2025
Released,,,3/25/2022,9/19/2025,,,Brantley Gilbert,Rolex On A Redneck,Michael Hardy,"Brantley Gilbert ,Brock Berryhill,Randy Montana,Taylor Phillips",15.00%,ESA/Co-Pub,2/25/2021,8/28/2025,Brantley Gilbert (Released),Jason Aldean,Big Machine Label Group,,,QZRD92201320,,Rolex On A Redneck - Dolby Atmos,Dolby Atmos,Album,Writer,,,"SMN,SMG-US",SOS,SOS,,,,,9/19/2025
Released,,,3/25/2022,9/19/2025,,,Brantley Gilbert,Rolex On A Redneck,Michael Hardy,"Brantley Gilbert ,Brock Berryhill,Randy Montana,Taylor Phillips",15.00%,ESA/Co-Pub,2/25/2021,8/28/2025,Brantley Gilbert (Released),Jason Aldean,Big Machine Label Group,,,QZRD92201453,,Rolex On A Redneck - Lyric Version,Main Version,Album,Writer,,,"SMN,SMG-US",SOS,SOS,,,,,9/19/2025
Released,,,3/25/2022,9/19/2025,,,Brantley Gilbert,Rolex On A Redneck,Michael Hardy,"Brantley Gilbert ,Brock Berryhill,Randy Montana,Taylor Phillips",15.00%,ESA/Co-Pub,2/25/2021,8/28/2025,Brantley Gilbert (Released),Jason Aldean,Big Machine Label Group,,,QZRD92201453,,Rolex On A Redneck - Lyric Version,Main Version,Album,Writer,,,"SMN,SMG-US",SOS,SOS,,,,,9/19/2025
Released,,,11/10/2022,9/19/2025,,,Brantley Gilbert,Rolex On A Redneck,Michael Hardy,"Brantley Gilbert ,Brock Berryhill,Randy Montana,Taylor Phillips",15.00%,ESA/Co-Pub,2/25/2021,8/28/2025,Brantley Gilbert (Released),,Big Machine Label Group,,,QZRD92304045,,So Help Me God (Deluxe Edition/ Behind The Songs),Main Version,Album,Writer,,,"SMN,SMG-US",SOS,SOS,,,,,9/19/2025
Released,,,4/21/2023,9/19/2025,,,Brantley Gilbert,Rolex On A Redneck,Michael Hardy,"Brantley Gilbert ,Brock Berryhill,Randy Montana,Taylor Phillips",15.00%,ESA/Co-Pub,2/25/2021,8/28/2025,Brantley Gilbert (Released),,Big Machine Label Group,,,QZRD92201249,,So Help Me God (Deluxe Edition),Main Version,Album,Writer,,,"SMN,SMG-US",SOS,SOS,,,,,9/19/2025
Released,,,11/10/2022,9/19/2025,,,Brantley Gilbert,Rolex On A Redneck,Michael Hardy,"Brantley Gilbert ,Brock Berryhill,Randy Montana,Taylor Phillips",15.00%,ESA/Co-Pub,2/25/2021,8/28/2025,Brantley Gilbert (Released),,Big Machine Label Group,,,QZRD92201249,,So Help Me God,Main Version,Album,Writer,,,"SMN,SMG-US",SOS,SOS,,,,,9/19/2025
Released,,,3/25/2022,9/19/2025,,,Brantley Gilbert,Rolex On A Redneck,Michael Hardy,"Brantley Gilbert ,Brock Berryhill,Randy Montana,Taylor Phillips",15.00%,ESA/Co-Pub,2/25/2021,8/28/2025,Brantley Gilbert (Released),,Big Machine Label Group,,,QZRD92201249,,Rolex On A Redneck - Single,Main Version,Single,Writer,,,"SMN,SMG-US",SOS,SOS,,,,,9/19/2025
Released,,,11/28/2023,9/19/2025,,,Breland,Praise The Lord,"David Garcia,Michael Hardy","Daniel Breland,Jacob Durrett,Jessie Jo Dillon,Julian Bunetta,Kyle Fishman,Rocky Block,Thomas Rhett",19.44%,"ESA/Co-Pub,ESA/Co-Pub",10/15/2020,2/15/2022,Breland (Released),,Warner Music Nashville,WMG (Warner Music Group),,QMX232348316,,Live Grand Ole Opry 11/28/2023,Main Version,Album,Writer,,SMG_MSG_101_221190,"SMN,SMG-US","CRESCENDO, SOS","CRESCENDO, SOS",,,,,9/19/2025
Released,,,4/18/2023,9/19/2025,,,Breland,Praise The Lord,"David Garcia,Michael Hardy","Daniel Breland,Jacob Durrett,Jessie Jo Dillon,Julian Bunetta,Kyle Fishman,Rocky Block,Thomas Rhett",19.44%,"ESA/Co-Pub,ESA/Co-Pub",10/15/2020,2/15/2022,Breland (Released),,Warner Music Nashville,WMG (Warner Music Group),,QMX232316306,,Live Grand Ole Opry 4/18/2023,Main Version,Album,Writer,,SMG_MSG_101_221190,"SMN,SMG-US","CRESCENDO, SOS","CRESCENDO, SOS",,,,,9/19/2025
Released,,,7/26/2022,9/19/2025,,,Breland,Praise The Lord,"David Garcia,Michael Hardy","Daniel Breland,Jacob Durrett,Jessie Jo Dillon,Julian Bunetta,Kyle Fishman,Rocky Block,Thomas Rhett",19.44%,"ESA/Co-Pub,ESA/Co-Pub",10/15/2020,2/15/2022,Breland (Released),,Warner Music Nashville,WMG (Warner Music Group),,QMX232231306,,Live Grand Ole Opry 7/26/2022,Main Version,Album,Writer,,SMG_MSG_101_221190,"SMN,SMG-US","CRESCENDO, SOS","CRESCENDO, SOS",,,,,9/19/2025
Released,,,3/19/2022,9/19/2025,,,Breland,Praise The Lord,"David Garcia,Michael Hardy","Daniel Breland,Jacob Durrett,Jessie Jo Dillon,Julian Bunetta,Kyle Fishman,Rocky Block,Thomas Rhett",19.44%,"ESA/Co-Pub,ESA/Co-Pub",10/15/2020,2/15/2022,Breland (Released),,Warner Music Nashville,WMG (Warner Music Group),,QMX232212716,,Live Grand Ole Opry 3/19/2022,Main Version,Album,Writer,,SMG_MSG_101_221190,"SMN,SMG-US","CRESCENDO, SOS","CRESCENDO, SOS",,,,,9/19/2025
Released,,,1/26/2024,9/19/2025,,,Breland,Praise The Lord,"David Garcia,Michael Hardy","Daniel Breland,Jacob Durrett,Jessie Jo Dillon,Julian Bunetta,Kyle Fishman,Rocky Block,Thomas Rhett",19.44%,"ESA/Co-Pub,ESA/Co-Pub",10/15/2020,2/15/2022,Breland (Released),,Warner Music Nashville,WMG (Warner Music Group),,USAT22400334,,BRELAND & Friends: Vol. 1 (Live),Main Version,Album,Writer,,SMG_MSG_101_221190,"SMN,SMG-US","CRESCENDO, SOS","CRESCENDO, SOS",,,,,9/19/2025
Released,,,9/9/2022,9/19/2025,,,Breland,Praise The Lord,"David Garcia,Michael Hardy","Daniel Breland,Jacob Durrett,Jessie Jo Dillon,Julian Bunetta,Kyle Fishman,Rocky Block,Thomas Rhett",19.44%,"ESA/Co-Pub,ESA/Co-Pub",10/15/2020,2/15/2022,Breland (Released),Thomas Rhett,Warner Music Nashville,WMG (Warner Music Group),,USAT22201618,,Cross Country,Main Version,Album,Writer,,SMG_MSG_101_221190,"SMN,SMG-US","CRESCENDO, SOS","CRESCENDO, SOS",,,,,9/19/2025
Released,,,4/12/2025,9/19/2025,,,Breland,Praise The Lord,"David Garcia,Michael Hardy","Daniel Breland,Jacob Durrett,Jessie Jo Dillon,Julian Bunetta,Kyle Fishman,Rocky Block,Thomas Rhett",19.44%,"ESA/Co-Pub,ESA/Co-Pub",10/15/2020,2/15/2022,Breland (Released),,Warner Music Nashville,WMG (Warner Music Group),,USAT22402718,,Praise the Lord (The Road House Edit) - Single,Main Version,Single,Writer,,SMG_MSG_101_221190,"SMN,SMG-US","CRESCENDO, SOS","CRESCENDO, SOS",,,,,9/19/2025
Released,,,3/7/2022,9/19/2025,,,Breland,Praise The Lord,"David Garcia,Michael Hardy","Daniel Breland,Jacob Durrett,Jessie Jo Dillon,Julian Bunetta,Kyle Fishman,Rocky Block,Thomas Rhett",19.44%,"ESA/Co-Pub,ESA/Co-Pub",10/15/2020,2/15/2022,Breland (Released),Thomas Rhett,Warner Music Nashville,WMG (Warner Music Group),,USAT22201618,,Praise the Lord (feat. Thomas Rhett) - Single,Main Version,Single,Writer,,SMG_MSG_101_221190,"SMN,SMG-US","CRESCENDO, SOS","CRESCENDO, SOS",,,,,9/19/2025
Released,,,8/5/2022,9/19/2025,,,Michael Ray,Picture,"David Garcia,Michael Hardy",Michael Ray,58.34%,"ESA/Co-Pub,ESA/Co-Pub",6/25/2020,6/29/2020,Michael Ray (Released),,Warner Music Nashville,WMG (Warner Music Group),,USWB12203033,,The Warehouse Sessions,Main Version,Album,Writer,,SMG_MSG_101_203476,"SMN,SMG-US","CRESCENDO, SOS","CRESCENDO, SOS",,,,,9/19/2025
Released,,,8/27/2021,9/19/2025,,,Michael Ray,Picture,"David Garcia,Michael Hardy",Michael Ray,58.34%,"ESA/Co-Pub,ESA/Co-Pub",6/25/2020,6/29/2020,Michael Ray (Released),,Warner Music Nashville,WMG (Warner Music Group),,USWB12101103,,Higher Education,Main Version,Album,Writer,,SMG_MSG_101_203476,"SMN,SMG-US","CRESCENDO, SOS","CRESCENDO, SOS",,,,,9/19/2025
Released,,,5/7/2021,9/19/2025,,,Michael Ray,Picture,"David Garcia,Michael Hardy",Michael Ray,58.34%,"ESA/Co-Pub,ESA/Co-Pub",6/25/2020,6/29/2020,Michael Ray (Released),,Warner Music Nashville,WMG (Warner Music Group),,USWB12101103,,Picture - Single,Main Version,Single,Writer,,SMG_MSG_101_203476,"SMN,SMG-US","CRESCENDO, SOS","CRESCENDO, SOS",,,,,9/19/2025
Released,,,10/15/2021,9/19/2025,,,Ryan Hurd,Pass It On,Michael Hardy,"Jordan Schmidt,Maren Morris,Ryan Hurd ",18.75%,ESA/Co-Pub,3/17/2021,8/28/2025,Ryan Hurd (Released),,Big Machine Label Group,,,USAN22100016,,Pelago,Main Version,Album,Writer,,,"SMN,SMG-US",SOS,SOS,,,,,9/19/2025
Released,,,10/11/2021,9/19/2025,,,Ryan Hurd,Pass It On,Michael Hardy,"Jordan Schmidt,Maren Morris,Ryan Hurd ",18.75%,ESA/Co-Pub,3/17/2021,8/28/2025,Ryan Hurd (Released),,Big Machine Label Group,,,USAN22100058,,Pass It On - Teaser,Main Version,Album,Writer,,,"SMN,SMG-US",SOS,SOS,,,,,9/19/2025
Released,,,12/28/2020,9/19/2025,,,Guitar Tribute Players,One Beer,Michael Hardy,"Hillary Lindsey,Jake Mitchell ",25.01%,ESA/Co-Pub,11/29/2018,8/28/2025,"HARDY (Released), Piano Dreamers (Released), Guitar Tribute Players (Released)",,,,,USG7D2024029,,35 Acoustic Country Hits 2020 (Instrumental),Main Version,Album,Writer,,,"SMN,SMG-US",SOS,SOS,,,,,9/19/2025
Released,,,4/30/2021,9/19/2025,,,Piano Dreamers,One Beer,Michael Hardy,"Hillary Lindsey,Jake Mitchell ",25.01%,ESA/Co-Pub,11/29/2018,8/28/2025,"HARDY (Released), Piano Dreamers (Released), Guitar Tribute Players (Released)",,,,,USG7D2023014,,35 Piano Country Hits 2020 (Instrumental),Main Version,Album,Writer,,,"SMN,SMG-US",SOS,SOS,,,,,9/19/2025
Released,,,2/7/2025,9/19/2025,,,HARDY,One Beer,Michael Hardy,"Hillary Lindsey,Jake Mitchell ",25.01%,ESA/Co-Pub,11/29/2018,8/28/2025,"HARDY (Released), Piano Dreamers (Released), Guitar Tribute Players (Released)",,Big Loud Records,,,USUG12501087,,HARDY (Live from Red Rocks),Main Version,Album,Writer,,,"SMN,SMG-US",SOS,SOS,,,,,9/19/2025
Released,,,9/12/2019,9/19/2025,,,HARDY,One Beer,Michael Hardy,"Hillary Lindsey,Jake Mitchell ",25.01%,ESA/Co-Pub,11/29/2018,8/28/2025,"HARDY (Released), Piano Dreamers (Released), Guitar Tribute Players (Released)","Lauren Alaina ,Devin Dawson",Big Loud Records,,,USUMV2500622,,One Beer (Explicit) - Music Video Audio,Main Version,Album,Writer,,,"SMN,SMG-US",SOS,SOS,,,,,9/19/2025
Released,,,9/4/2020,9/19/2025,,,HARDY,One Beer,Michael Hardy,"Hillary Lindsey,Jake Mitchell ",25.01%,ESA/Co-Pub,11/29/2018,8/28/2025,"HARDY (Released), Piano Dreamers (Released), Guitar Tribute Players (Released)",,Big Loud Records,,,QZ22S1800075,,A Rock,Main Version,Album,Writer,,,"SMN,SMG-US",SOS,SOS,,,,,9/19/2025
Released,,,6/9/2022,9/19/2025,,,Lily Rose,I'd Be You,Michael Hardy,"Hillary Lindsey,Mark Holman,Morgan Wallen",18.75%,ESA/Co-Pub,1/28/2020,8/28/2025,Lily Rose (Released),,Independent,,,USUMV2201580,,I'd Be You - Visualizer,Main Version,Album,Writer,,,"SMN,SMG-US",SOS,SOS,,,,,9/19/2025
Released,,,6/9/2022,9/19/2025,,,Lily Rose,I'd Be You,Michael Hardy,"Hillary Lindsey,Mark Holman,Morgan Wallen",18.75%,ESA/Co-Pub,1/28/2020,8/28/2025,Lily Rose (Released),,Independent,,,USUMV2201524,,I'd Be You - Lyric Video,Main Version,Album,Writer,,,"SMN,SMG-US",SOS,SOS,,,,,9/19/2025
Released,,,6/10/2022,9/19/2025,,,Lily Rose,I'd Be You,Michael Hardy,"Hillary Lindsey,Mark Holman,Morgan Wallen",18.75%,ESA/Co-Pub,1/28/2020,8/28/2025,Lily Rose (Released),,Independent,,,USUG12204072,,I'd Be You - Single,Main Version,Single,Writer,,,"SMN,SMG-US",SOS,SOS,,,,,9/19/2025
Released,,,6/10/2022,9/19/2025,,,Lily Rose,I'd Be You,Michael Hardy,"Hillary Lindsey,Mark Holman,Morgan Wallen",18.75%,ESA/Co-Pub,1/28/2020,8/28/2025,Lily Rose (Released),,Independent,,,USUG12204071,,I'd Be You - Single,Main Version,Single,Writer,,,"SMN,SMG-US",SOS,SOS,,,,,9/19/2025
Released,,,3/3/2024,9/19/2025,,,Morgan Wallen ,I Wrote The Book,Michael Hardy,"Cameron Montgomery ,Morgan Wallen",25.00%,ESA/Co-Pub,9/16/2020,8/28/2025,Morgan Wallen  (Released),,Big Loud Records,,,USUMV2400748,,I Wrote The Book - Live From Abbey Road Studios,Main Version,Album,Writer,,,"SMN,SMG-US",SOS,SOS,,,,,9/19/2025
Released,,,1/31/2023,9/19/2025,,,Morgan Wallen ,I Wrote The Book,Michael Hardy,"Cameron Montgomery ,Morgan Wallen",25.00%,ESA/Co-Pub,9/16/2020,8/28/2025,Morgan Wallen  (Released),,Big Loud Records,,,USUMV2300604,,I Wrote The Book - Lyric Video,Main Version,Album,Writer,,,"SMN,SMG-US",SOS,SOS,,,,,9/19/2025
Released,,,1/30/2023,9/19/2025,,,Morgan Wallen ,I Wrote The Book,Michael Hardy,"Cameron Montgomery ,Morgan Wallen",25.00%,ESA/Co-Pub,9/16/2020,8/28/2025,Morgan Wallen  (Released),,Big Loud Records,,,USUMV2300605,,I Wrote The Book - Music Video Audio,Main Version,Album,Writer,,,"SMN,SMG-US",SOS,SOS,,,,,9/19/2025
Released,,,1/6/2023,9/19/2025,,,Chase Rice,I Hate Cowboys,Michael Hardy,"Brad Tursi,Chase Rice,Ross Copperman",23.75%,ESA/Co-Pub,9/1/2020,8/28/2025,Chase Rice (Released),,Independent,,,QMRSZ2202749,,I Hate Cowboys - Mfit Version,Main Version,Album,Writer,,,"SMN,SMG-US",SOS,SOS,,,,,9/19/2025
Released,,,1/6/2023,9/19/2025,,,Chase Rice,I Hate Cowboys,Michael Hardy,"Brad Tursi,Chase Rice,Ross Copperman",23.75%,ESA/Co-Pub,9/1/2020,8/28/2025,Chase Rice (Released),,Independent,,,QMRSZ2202786,,I Hate Cowboys - Single,Main Version,Single,Writer,,,"SMN,SMG-US",SOS,SOS,,,,,9/19/2025
Released,,,6/28/2022,9/19/2025,,,Dillon Carmichael,Hot Beer,Michael Hardy,"Ashley Gorley,Ben Johnson,Hunter Phelps",18.75%,ESA/Co-Pub,1/30/2020,8/28/2025,Dillon Carmichael (Released),,Riser House Records,,,QMX232227304,,Live Grand Ole Opry 6/28/2022,Main Version,Album,Writer,,,"SMN,SMG-US",SOS,SOS,,,,,9/19/2025
Released,,,10/19/2021,9/19/2025,,,Dillon Carmichael,Hot Beer,Michael Hardy,"Ashley Gorley,Ben Johnson,Hunter Phelps",18.75%,ESA/Co-Pub,1/30/2020,8/28/2025,Dillon Carmichael (Released),,Riser House Records,,,QMX232143313,,Live Grand Ole Opry 10/19/2021,Main Version,Album,Writer,,,"SMN,SMG-US",SOS,SOS,,,,,9/19/2025
Released,,,7/15/2021,9/19/2025,,,Dillon Carmichael,Hot Beer,Michael Hardy,"Ashley Gorley,Ben Johnson,Hunter Phelps",18.75%,ESA/Co-Pub,1/30/2020,8/28/2025,Dillon Carmichael (Released),,Riser House Records,,,QMFME2128722,,Hot Beer - Live,Main Version,Album,Writer,,,"SMN,SMG-US",SOS,SOS,,,,,9/19/2025
Released,,,6/3/2021,9/19/2025,,,Dillon Carmichael,Hot Beer,Michael Hardy,"Ashley Gorley,Ben Johnson,Hunter Phelps",18.75%,ESA/Co-Pub,1/30/2020,8/28/2025,Dillon Carmichael (Released),,Riser House Records,,,QZA7T1700085,,Hot Beer - Single,Main Version,Single,Writer,,,"SMN,SMG-US",SOS,SOS,,,,,9/19/2025
Released,,,6/3/2021,9/19/2025,,,Dillon Carmichael,Hot Beer,Michael Hardy,"Ashley Gorley,Ben Johnson,Hunter Phelps",18.75%,ESA/Co-Pub,1/30/2020,8/28/2025,Dillon Carmichael (Released),,Riser House Records,,,QM6P42150694,,Hot Beer - Single,Main Version,Single,Writer,,,"SMN,SMG-US",SOS,SOS,,,,,9/19/2025
Released,,,4/21/2023,9/19/2025,,,Brantley Gilbert,Heaven By Then,Michael Hardy,"Brantley Gilbert ,Brock Berryhill,Hunter Phelps,Jacob Mitchell ,Randy Montana ,Taylor Phillips",10.71%,ESA/Co-Pub,2/22/2022,8/28/2025,Brantley Gilbert (Released),"Blake Shelton,Vince Gill",Big Machine Label Group,,,QZRD92202226,,So Help Me God - Dolby Atmos,Dolby Atmos,Album,Writer,,,"SMN,SMG-US",SOS,SOS,,,,,9/19/2025
Released,,,11/10/2022,9/19/2025,,,Brantley Gilbert,Heaven By Then,Michael Hardy,"Brantley Gilbert ,Brock Berryhill,Hunter Phelps,Jacob Mitchell ,Randy Montana ,Taylor Phillips",10.71%,ESA/Co-Pub,2/22/2022,8/28/2025,Brantley Gilbert (Released),"Blake Shelton,Vince Gill",Big Machine Label Group,,,QZRD92202331,,Heaven By Then - Lyric Video,Main Version,Album,Writer,,,"SMN,SMG-US",SOS,SOS,,,,,9/19/2025
Released,,,11/10/2022,9/19/2025,,,Brantley Gilbert,Heaven By Then,Michael Hardy,"Brantley Gilbert ,Brock Berryhill,Hunter Phelps,Jacob Mitchell ,Randy Montana ,Taylor Phillips",10.71%,ESA/Co-Pub,2/22/2022,8/28/2025,Brantley Gilbert (Released),"Blake Shelton,Vince Gill",Big Machine Label Group,,,QZRD92202332,,Heaven By Then - Visualizer,Main Version,Album,Writer,,,"SMN,SMG-US",SOS,SOS,,,,,9/19/2025
Released,,,4/27/2023,9/19/2025,,,Brantley Gilbert,Heaven By Then,Michael Hardy,"Brantley Gilbert ,Brock Berryhill,Hunter Phelps,Jacob Mitchell ,Randy Montana ,Taylor Phillips",10.71%,ESA/Co-Pub,2/22/2022,8/28/2025,Brantley Gilbert (Released),"Blake Shelton,Vince Gill",Big Machine Label Group,,,QZRD92303099,,Heaven By Then ,Main Version,Album,Writer,,,"SMN,SMG-US",SOS,SOS,,,,,9/19/2025
Released,,,5/13/2023,9/19/2025,,,Carrie Underwood ,Hate My Heart,"David Garcia,Michael Hardy","Carrie Underwood,Hillary Lindsey",43.75%,"ESA/Co-Pub,ESA/Co-Pub",5/25/2021,4/8/2022,Carrie Underwood  (Released),,Capitol Records Nashville,MCA (Music Corporation of America),,QMX232319730,,Live Grand Ole Opry 5/13/2023,Main Version,Album,Writer,,SMG_MSG_101_222807,"SMN,SMG-US","CRESCENDO, SOS","CRESCENDO, SOS",,,,,9/19/2025
Released,,,4/5/2023,9/19/2025,,,Carrie Underwood ,Hate My Heart,"David Garcia,Michael Hardy","Carrie Underwood,Hillary Lindsey",43.75%,"ESA/Co-Pub,ESA/Co-Pub",5/25/2021,4/8/2022,Carrie Underwood  (Released),,Capitol Records Nashville,MCA (Music Corporation of America),,USUMV2301336,,Hate My Heart - Live From The CMT Music Awards,Main Version,Album,Writer,,SMG_MSG_101_222807,"SMN,SMG-US","CRESCENDO, SOS","CRESCENDO, SOS",,,,,9/19/2025
Released,,,2/14/2023,9/19/2025,,,Carrie Underwood ,Hate My Heart,"David Garcia,Michael Hardy","Carrie Underwood,Hillary Lindsey",43.75%,"ESA/Co-Pub,ESA/Co-Pub",5/25/2021,4/8/2022,Carrie Underwood  (Released),,Capitol Records Nashville,MCA (Music Corporation of America),,USUV72300551,,Hate My Heart - Behind The Scenes,Main Version,Album,Writer,,SMG_MSG_101_222807,"SMN,SMG-US","CRESCENDO, SOS","CRESCENDO, SOS",,,,,9/19/2025
Released,,,6/9/2022,9/19/2025,,,Carrie Underwood ,Hate My Heart,"David Garcia,Michael Hardy","Carrie Underwood,Hillary Lindsey",43.75%,"ESA/Co-Pub,ESA/Co-Pub",5/25/2021,4/8/2022,Carrie Underwood  (Released),,Capitol Records Nashville,MCA (Music Corporation of America),,USUV72202290,,Hate My Heart - Music Video Audio,Main Version,Album,Writer,,SMG_MSG_101_222807,"SMN,SMG-US","CRESCENDO, SOS","CRESCENDO, SOS",,,,,9/19/2025
Released,,,11/4/2022,9/19/2025,,,Carrie Underwood ,Hate My Heart,"David Garcia,Michael Hardy","Carrie Underwood,Hillary Lindsey",43.75%,"ESA/Co-Pub,ESA/Co-Pub",5/25/2021,4/8/2022,Carrie Underwood  (Released),,Capitol Records Nashville,MCA (Music Corporation of America),,USUV72204807,,Hate My Heart - Music Video,Main Version,Album,Writer,,SMG_MSG_101_222807,"SMN,SMG-US","CRESCENDO, SOS","CRESCENDO, SOS",,,,,9/19/2025
Released,,,4/28/2023,9/19/2025,,,Cole Swindell,Girl Goes Crazy,Michael Hardy,"Cole Swindell,Ross Copperman",25.00%,ESA/Co-Pub,3/22/2021,8/28/2025,Cole Swindell (Released),,Warner Music Nashville,WMG (Warner Music Group),,USWB12200187,,Stereotype Broken,Main Version,Album,Writer,,,"SMN,SMG-US",SOS,SOS,,,,,9/19/2025
Released,,,2/19/2021,9/19/2025,,,Florida Georgia Line ,Eyes Closed,Michael Hardy,"Brian Kelley,Corey Crowder,Ross Copperman,Tyler Hubbard",15.00%,ESA/Co-Pub,8/1/2019,8/28/2025,Florida Georgia Line  (Released),,,,,QZRD92201219,,Life Rolls On (Deluxe/Big Machine Radio Release Special) - Commentary,Main Version,Album,Writer,,,"SMN,SMG-US",SOS,SOS,,,,,9/19/2025
Released,,,2/12/2021,9/19/2025,,,Florida Georgia Line ,Eyes Closed,Michael Hardy,"Brian Kelley,Corey Crowder,Ross Copperman,Tyler Hubbard",15.00%,ESA/Co-Pub,8/1/2019,8/28/2025,Florida Georgia Line  (Released),,,,,QZRD92100866,,Life Rolls On - Dolby Atmos Version,Dolby Atmos,Album,Writer,,,"SMN,SMG-US",SOS,SOS,,,,,9/19/2025
Released,,,2/12/2021,9/19/2025,,,Florida Georgia Line ,Eyes Closed,Michael Hardy,"Brian Kelley,Corey Crowder,Ross Copperman,Tyler Hubbard",15.00%,ESA/Co-Pub,8/1/2019,8/28/2025,Florida Georgia Line  (Released),,,,,QM3E22002360,,Life Rolls On,Main Version,Album,Writer,,,"SMN,SMG-US",SOS,SOS,,,,,9/19/2025
Released,,,2/12/2021,9/19/2025,,,Florida Georgia Line ,Eyes Closed,Michael Hardy,"Brian Kelley,Corey Crowder,Ross Copperman,Tyler Hubbard",15.00%,ESA/Co-Pub,8/1/2019,8/28/2025,Florida Georgia Line  (Released),,,,,QM3E22102398,,Eyes Closed - Visualizer,Main Version,Album,Writer,,,"SMN,SMG-US",SOS,SOS,,,,,9/19/2025
Released,,,4/28/2023,9/19/2025,,,Cole Swindell,Every Beer,Michael Hardy,"Cole Swindell,Jordan Schmidt",25.00%,ESA/Co-Pub,1/27/2020,8/28/2025,Cole Swindell (Released),,Warner Music Nashville,WMG (Warner Music Group),,USWB12200180,,Stereotype Broken,Main Version,Album,Writer,,,"SMN,SMG-US",SOS,SOS,,,,,9/19/2025
Released,,,4/28/2023,9/19/2025,,,Cole Swindell,Drinkaby,Michael Hardy,"Hunter Phelps,Jon Pardi,Jordan Schmidt",18.75%,ESA/Co-Pub,2/15/2022,8/28/2025,Cole Swindell (Released),,Warner Music Nashville,WMG (Warner Music Group),,USWB12300061,,Stereotype Broken,Main Version,Album,Writer,,,"SMN,SMG-US",SOS,SOS,,,,,9/19/2025
Released,,,4/28/2023,9/19/2025,,,Cole Swindell,Down To The Bar,Michael Hardy,"Cole Swindell,Jordan Schmidt,Josh Thompson ",18.75%,ESA/Co-Pub,5/5/2021,8/28/2025,Cole Swindell (Released),HARDY,Warner Music Nashville,WMG (Warner Music Group),,USWB12200184,,Stereotype Broken,Main Version,Album,Writer,,,"SMN,SMG-US",SOS,SOS,,,,,9/19/2025
Released,,,4/8/2022,9/19/2025,,,Cole Swindell,Down To The Bar,Michael Hardy,"Cole Swindell,Jordan Schmidt,Josh Thompson ",18.75%,ESA/Co-Pub,5/5/2021,8/28/2025,Cole Swindell (Released),HARDY,Warner Music Nashville,WMG (Warner Music Group),,USWB12200184,,Stereotype,Main Version,Album,Writer,,,"SMN,SMG-US",SOS,SOS,,,,,9/19/2025
Released,,,12/3/2021,9/19/2025,,,Blake Shelton,Come Back As A Country Boy,Michael Hardy,"Jordan Schmidt,Josh Thompson",25.00%,ESA/Co-Pub,11/24/2020,8/28/2025,"Blake Shelton (Released), The Cat and Owl (Released)",,"BMG BBR,Warner Music Nashville",WMG (Warner Music Group),,USWB12103405,,Body Language (Deluxe),Main Version,Album,Writer,,,"SMN,SMG-US",SOS,SOS,,,,,9/19/2025
Released,,,6/2/2023,9/19/2025,,,Jelly Roll ,Church,"David Garcia,Michael Hardy",Jason Deford,58.34%,"ESA/Co-Pub,ESA/Co-Pub",12/7/2022,1/10/2023,Jelly Roll  (Released),,BMG BBR,,,QMRSZ2300364,,Whitsitt Chapel - Mfit Version,Main Version,Album,Writer,,SMG_MSG_101_235859,"SMN,SMG-US","CRESCENDO, SOS","CRESCENDO, SOS",,,,,9/19/2025
Released,,,6/2/2023,9/19/2025,,,Jelly Roll ,Church,"David Garcia,Michael Hardy",Jason Deford,58.34%,"ESA/Co-Pub,ESA/Co-Pub",12/7/2022,1/10/2023,Jelly Roll  (Released),,BMG BBR,,,QMRSZ2301045,,Whitsitt Chapel,Main Version,Album,Writer,,SMG_MSG_101_235859,"SMN,SMG-US","CRESCENDO, SOS","CRESCENDO, SOS",,,,,9/19/2025
Released,,,3/2/2023,9/19/2025,,,Morgan Wallen ,Born With A Beer In My Hand,Michael Hardy,"Morgan Wallen,Zach Abend",25.00%,ESA/Co-Pub,8/12/2022,8/28/2025,Morgan Wallen  (Released),,Big Loud Records,,,USUMV2300864,,Born With A Beer In My Hand - Lyric Video,Main Version,Album,Writer,,SMG_MSG_109_18860,"SMN,SMG-US",SOS,SOS,,,,,9/19/2025
Released,,,2/17/2023,9/19/2025,,,Nate Smith,Better Boy,Michael Hardy,Taylor Phillips,37.50%,ESA/Co-Pub,2/21/2022,8/28/2025,Nate Smith (Released),,Sony Music Nashville,,,USAN22200066,,Better Boy + Oil Spot,Main Version,Album,Writer,,SMG_MSG_109_18859,"SMN,SMG-US",SOS,SOS,,,,,9/19/2025
Released,,,4/28/2023,9/19/2025,,,Nate Smith,Better Boy,Michael Hardy,Taylor Phillips,37.50%,ESA/Co-Pub,2/21/2022,8/28/2025,Nate Smith (Released),,Sony Music Nashville,,,USAN22200066,,Nate Smith (Deluxe),Main Version,Album,Writer,,SMG_MSG_109_18859,"SMN,SMG-US",SOS,SOS,,,,,9/19/2025
Released,,,7/29/2021,9/19/2025,,,Dierks Bentley,Beers On Me,Michael Hardy,"Ashley Gorley,Ben Johnson,Daniel Breland,Dierks Bentley,Luke Dick,Nicolle Galyon,Niko Moon,Ross Copperman",8.33%,ESA/Co-Pub,1/11/2021,8/28/2025,Dierks Bentley (Released),"Breland,HARDY","Capitol Records Nashville,MCA Nashville","MCA (Music Corporation of America),MCA (Music Corporation of America)",,USUMV2102212,,Live From Whiskey Row,Main Version,Album,Writer,,SMG_MSG_109_18858,"SMN,SMG-US",SOS,SOS,,,,,9/19/2025
Released,,,11/11/2021,9/19/2025,,,Dierks Bentley,Beers On Me,Michael Hardy,"Ashley Gorley,Ben Johnson,Daniel Breland,Dierks Bentley,Luke Dick,Nicolle Galyon,Niko Moon,Ross Copperman",8.33%,ESA/Co-Pub,1/11/2021,8/28/2025,Dierks Bentley (Released),"Breland,HARDY","Capitol Records Nashville,MCA Nashville","MCA (Music Corporation of America),MCA (Music Corporation of America)",,USUMV2103216,,Live From the 55th Annual Country Music Association Awards,Main Version,Album,Writer,,SMG_MSG_109_18858,"SMN,SMG-US",SOS,SOS,,,,,9/19/2025
Released,,,9/10/2021,9/19/2025,,,Dierks Bentley,Beers On Me,Michael Hardy,"Ashley Gorley,Ben Johnson,Daniel Breland,Dierks Bentley,Luke Dick,Nicolle Galyon,Niko Moon,Ross Copperman",8.33%,ESA/Co-Pub,1/11/2021,8/28/2025,Dierks Bentley (Released),"Breland,HARDY","Capitol Records Nashville,MCA Nashville","MCA (Music Corporation of America),MCA (Music Corporation of America)",,USUMV2102776,,Live From CMA Summer,Main Version,Album,Writer,,SMG_MSG_109_18858,"SMN,SMG-US",SOS,SOS,,,,,9/19/2025
Released,,,10/27/2021,9/19/2025,,,Dierks Bentley,Beers On Me,Michael Hardy,"Ashley Gorley,Ben Johnson,Daniel Breland,Dierks Bentley,Luke Dick,Nicolle Galyon,Niko Moon,Ross Copperman",8.33%,ESA/Co-Pub,1/11/2021,8/28/2025,Dierks Bentley (Released),"Breland,HARDY","Capitol Records Nashville,MCA Nashville","MCA (Music Corporation of America),MCA (Music Corporation of America)",,USUMV2102210,,Beers On Me - Music Video,Main Version,Album,Writer,,SMG_MSG_109_18858,"SMN,SMG-US",SOS,SOS,,,,,9/19/2025
Released,,,7/29/2021,9/19/2025,,,Dierks Bentley,Beers On Me,Michael Hardy,"Ashley Gorley,Ben Johnson,Daniel Breland,Dierks Bentley,Luke Dick,Nicolle Galyon,Niko Moon,Ross Copperman",8.33%,ESA/Co-Pub,1/11/2021,8/28/2025,Dierks Bentley (Released),"Breland,HARDY","Capitol Records Nashville,MCA Nashville","MCA (Music Corporation of America),MCA (Music Corporation of America)",,USUMV2102211,,Beers On Me - Music Video Audio,Main Version,Album,Writer,,SMG_MSG_109_18858,"SMN,SMG-US",SOS,SOS,,,,,9/19/2025
Released,,,7/29/2021,9/19/2025,,,Dierks Bentley,Beers On Me,Michael Hardy,"Ashley Gorley,Ben Johnson,Daniel Breland,Dierks Bentley,Luke Dick,Nicolle Galyon,Niko Moon,Ross Copperman",8.33%,ESA/Co-Pub,1/11/2021,8/28/2025,Dierks Bentley (Released),"Breland,HARDY","Capitol Records Nashville,MCA Nashville","MCA (Music Corporation of America),MCA (Music Corporation of America)",,USUG12103427,,Beers On Me,Main Version,Album,Writer,,SMG_MSG_109_18858,"SMN,SMG-US",SOS,SOS,,,,,9/19/2025
Released,,,9/25/2025,9/19/2025,,,Cale Dodds,Still Single,"Cale Dodds,Justin Halpin",Andy Skib,66.66%,"Admin,ESA/Co-Pub",6/17/2024,7/2/2025,,,Independent,,,QZZ8A2520078,,Still Single - Single,Main Version,Single,Writer,Country,SMG_MSG_109_18341,"SMN,SMG-US",SOS,"SOS, FLUID JV II",,,,,9/26/2025
Released,,,9/19/2025,9/19/2025,,,Kelsey Parks,It's You,Jessica Cayne,"Karl Michael,Taylor Dubray",33.34%,ESA/Co-Pub,8/27/2024,9/4/2024,,Karl Michael,Independent,,,QZZ7M2597715,,It's You - Single,Main Version,Single,Writer,Pop,SMG_MSG_109_13504,"SMN,SMG-US",SOS,2 MIX JV II,,,,,9/19/2025
Released,,,11/14/2025,9/19/2025,,,Brooke Lee,Come Home,"Brooke Lee,Justin Richards,Jessica Cayne",,100.00%,"ESA/Co-Pub,ESA/Co-Pub,ESA/Co-Pub",10/10/2024,10/10/2024,,,Spirit Nashville Recordings,,,QMFME2583373,Come Home,Come Home - Single,Main Version,Single,"Writer,Artist",Country,SMG_MSG_109_14058,"SMN,SMG-US",SOS,2 MIX JV II,,,,,11/14/2025
Hold,9/19/2025,,,9/19/2025,,,Jason Aldean,You Wouldn't Get It,Adam Wood,"Lee Starr,Payton Smith",33.34%,ESA/Co-Pub,9/16/2025,9/16/2025,,,BMG BBR,,,,,,Main Version,,Writer,Country,SMG_MSG_109_18785,"SMN,SMG-US",SOS,LBJV,,,,,9/19/2025
Hold,9/18/2025,,,9/18/2025,,,Braxton Keith,Love Don't Knock,Ryan Beaver,"Kay Higgins,Bryan Simpson",33.34%,ESA/Co-Pub,6/30/2025,9/15/2025,,,Warner Music Nashville,WMG (Warner Music Group),,,,,Main Version,,Writer,,SMG_MSG_109_18768,"SMN,SMG-US",SOS,2 MIX JV II,,,,,9/18/2025
Released,,,11/7/2024,9/18/2025,,,First Time Thieves,When The Sun Goes Down,"Cale Dodds,Justin Halpin",Thomas Kipp Williams,66.67%,"ESA/Co-Pub,ESA/Co-Pub",11/7/2022,2/6/2023,,,Independent,,,QZZ8A2461741,,First Time Thieves - Self Titled,Main Version,Album,Writer,Pop,SMG_MSG_109_7536,"SMN,SMG-US",SOS,FLUID JV II,,,,,9/18/2025
Released,,,12/6/2024,9/18/2025,,,First Time Thieves,Look At Me Now,"Cale Dodds,Justin Halpin",Corey Crowder,66.67%,"ESA/Co-Pub,ESA/Co-Pub",3/1/2023,3/9/2023,,,Independent,,,QZWUY2300005,,First Time Thieves - Self Titled,Main Version,Album,Writer,Pop,SMG_MSG_109_11097,"SMN,SMG-US",SOS,FLUID JV II,,,,,9/18/2025
Released,,9/19/2025,9/19/2025,9/18/2025,,,First Time Thieves,I Feel Good About It,"Cale Dodds,Justin Halpin",Corey Crowder,66.67%,"Admin,ESA/Co-Pub",8/13/2024,9/12/2024,,,Independent,,,QZZ8A2517069,,First Time Thieves - Self Titled,Main Version,Album,Writer,Pop,SMG_MSG_109_13742,"SMN,SMG-US",SOS,"SOS, FLUID JV II",,,,,9/19/2025
Released,,,5/1/2025,9/18/2025,,,First Time Thieves,Do Whatever Feels Right,"Cale Dodds,Justin Halpin",Riley Friesen,66.67%,"ESA/Co-Pub,ESA/Co-Pub",3/27/2024,4/5/2024,,,Independent,,,QZTRX2565129,,First Time Thieves - Self Titled,Main Version,Album,Writer,Pop,SMG_MSG_109_12302,"SMN,SMG-US",SOS,FLUID JV II,,,,,9/18/2025
Released,,,2/25/2022,9/17/2025,,,Jon Langston,Back Words,Michael Hardy,"Jon Nite,Ross Copperman",25.00%,ESA/Co-Pub,10/22/2020,8/28/2025,Jon Langston (Released),,Independent,,,USUM72205218,,Back Words - Verse 1,Main Version,Album,Writer,,SMG_MSG_109_18857,"SMN,SMG-US",SOS,SOS,,,,,9/17/2025
Released,,,2/25/2022,9/17/2025,,,Jon Langston,Back Words,Michael Hardy,"Jon Nite,Ross Copperman",25.00%,ESA/Co-Pub,10/22/2020,8/28/2025,Jon Langston (Released),,Independent,,,USUV72200621,,Back Words - Audio,Main Version,Album,Writer,,SMG_MSG_109_18857,"SMN,SMG-US",SOS,SOS,,,,,9/17/2025
Released,,,2/25/2022,9/17/2025,,,Jon Langston,Back Words,Michael Hardy,"Jon Nite,Ross Copperman",25.00%,ESA/Co-Pub,10/22/2020,8/28/2025,Jon Langston (Released),,Independent,,,USUV72200275,,Back Words - Lyric Video,Main Version,Album,Writer,,SMG_MSG_109_18857,"SMN,SMG-US",SOS,SOS,,,,,9/17/2025
Released,,,2/25/2022,9/17/2025,,,Jon Langston,Back Words,Michael Hardy,"Jon Nite,Ross Copperman",25.00%,ESA/Co-Pub,10/22/2020,8/28/2025,Jon Langston (Released),,Independent,,,USUM72201701,,Back Words - Single,Main Version,Single,Writer,,SMG_MSG_109_18857,"SMN,SMG-US",SOS,SOS,,,,,9/17/2025
Released,,,2/25/2022,9/17/2025,,,Jon Langston,Back Words,Michael Hardy,"Jon Nite,Ross Copperman",25.00%,ESA/Co-Pub,10/22/2020,8/28/2025,Jon Langston (Released),,Independent,,,USUM72204772,,Back Words - Single,Main Version,Single,Writer,,SMG_MSG_109_18857,"SMN,SMG-US",SOS,SOS,,,,,9/17/2025
Released,,,2/21/2021,9/17/2025,,,Florida Georgia Line ,Always Gonna Love You,Michael Hardy,"Brian Kelley,Corey Crowder,Ross Copperman ,Tyler Hubbard",15.00%,ESA/Co-Pub,8/1/2019,8/28/2025,Florida Georgia Line  (Released),,,,,QZRD92100859,,Life Rolls On (Dolby Atmos Verison),Dolby Atmos,Album,Writer,,SMG_MSG_109_18856,"SMN,SMG-US",SOS,SOS,,,,,9/17/2025
Released,,,11/8/2021,9/17/2025,,,Florida Georgia Line ,Always Gonna Love You,Michael Hardy,"Brian Kelley,Corey Crowder,Ross Copperman ,Tyler Hubbard",15.00%,ESA/Co-Pub,8/1/2019,8/28/2025,Florida Georgia Line  (Released),,,,,QM3E22002355,,"Country Music Awards, Fall 2021",Main Version,Album,Writer,,SMG_MSG_109_18856,"SMN,SMG-US",SOS,SOS,,,,,9/17/2025
Released,,,5/21/2021,9/17/2025,,,Florida Georgia Line ,Always Gonna Love You,Michael Hardy,"Brian Kelley,Corey Crowder,Ross Copperman ,Tyler Hubbard",15.00%,ESA/Co-Pub,8/1/2019,8/28/2025,Florida Georgia Line  (Released),,,,,QM3E22002355,,Soundtrack To Summer 2021,Main Version,Album,Writer,,SMG_MSG_109_18856,"SMN,SMG-US",SOS,SOS,,,,,9/17/2025
Released,,,10/1/2021,9/17/2025,,,Florida Georgia Line ,Always Gonna Love You,Michael Hardy,"Brian Kelley,Corey Crowder,Ross Copperman ,Tyler Hubbard",15.00%,ESA/Co-Pub,8/1/2019,8/28/2025,Florida Georgia Line  (Released),,,,,QZRD92100729,,Always Gonna Love You (Behind The Scenes),Main Version,Single,Writer,,SMG_MSG_109_18856,"SMN,SMG-US",SOS,SOS,,,,,9/17/2025
Released,,,2/12/2021,9/17/2025,,,Florida Georgia Line ,Always Gonna Love You,Michael Hardy,"Brian Kelley,Corey Crowder,Ross Copperman ,Tyler Hubbard",15.00%,ESA/Co-Pub,8/1/2019,8/28/2025,Florida Georgia Line  (Released),,,,,QM3E22102395,,Always Gonna Love You - Visualizer,Main Version,Album,Writer,,SMG_MSG_109_18856,"SMN,SMG-US",SOS,SOS,,,,,9/17/2025
Released,,,4/14/2023,9/17/2025,,,Florida Georgia Line ,Always Gonna Love You,Michael Hardy,"Brian Kelley,Corey Crowder,Ross Copperman ,Tyler Hubbard",15.00%,ESA/Co-Pub,8/1/2019,8/28/2025,Florida Georgia Line  (Released),,,,,QZRD92100492,,Wedding Day Country 2023,Main Version,Album,Writer,,SMG_MSG_109_18856,"SMN,SMG-US",SOS,SOS,,,,,9/17/2025
Released,,,2/3/2023,9/17/2025,,,Florida Georgia Line ,Always Gonna Love You,Michael Hardy,"Brian Kelley,Corey Crowder,Ross Copperman ,Tyler Hubbard",15.00%,ESA/Co-Pub,8/1/2019,8/28/2025,Florida Georgia Line  (Released),,,,,QZRD92100492,,Best Country Valentine's Day 2023,Main Version,Album,Writer,,SMG_MSG_109_18856,"SMN,SMG-US",SOS,SOS,,,,,9/17/2025
Released,,,2/4/2022,9/17/2025,,,Florida Georgia Line ,Always Gonna Love You,Michael Hardy,"Brian Kelley,Corey Crowder,Ross Copperman ,Tyler Hubbard",15.00%,ESA/Co-Pub,8/1/2019,8/28/2025,Florida Georgia Line  (Released),,,,,QZRD92100492,,Best Country Valentine's Day 2022,Main Version,Album,Writer,,SMG_MSG_109_18856,"SMN,SMG-US",SOS,SOS,,,,,9/17/2025
Released,,,12/3/2021,9/17/2025,,,Florida Georgia Line ,Always Gonna Love You,Michael Hardy,"Brian Kelley,Corey Crowder,Ross Copperman ,Tyler Hubbard",15.00%,ESA/Co-Pub,8/1/2019,8/28/2025,Florida Georgia Line  (Released),,,,,QZRD92100492,,Big Machine: Big Songs of 2021,Main Version,Album,Writer,,SMG_MSG_109_18856,"SMN,SMG-US",SOS,SOS,,,,,9/17/2025
Released,,,9/17/2021,9/17/2025,,,Florida Georgia Line ,Always Gonna Love You,Michael Hardy,"Brian Kelley,Corey Crowder,Ross Copperman ,Tyler Hubbard",15.00%,ESA/Co-Pub,8/1/2019,8/28/2025,Florida Georgia Line  (Released),,,,,QM3E22102404,,Always Gonna Love You - Single,Main Version,Single,Writer,,SMG_MSG_109_18856,"SMN,SMG-US",SOS,SOS,,,,,9/17/2025
Hold,9/17/2025,,,9/17/2025,,,Cody Lohden,Other Girls,Brent Anderson,"Cody Lohden,Smith Ahnquist",33.34%,ESA/Co-Pub,9/3/2025,9/10/2025,,,Big Loud Records,,,,,,Main Version,,Writer,Country,SMG_MSG_109_18746,"SMN,SMG-US",SOS,FLUID JV II,,,,,9/17/2025
Released,,,10/10/2025,9/16/2025,,,Reaper,The Wheel,JJ Scheff,,100.00%,ESA/Co-Pub,,6/20/2025,,,Independent,,,QM24S2505215,THE WHEEL,SHARK - EP,Explicit,EP,"Writer,Producer,Artist",Alternative,17886,"SMN,SMG-US",SOS,SOS,,,,,10/17/2025
Released,,,10/10/2025,9/16/2025,,,Reaper,Phantoms,JJ Scheff,,100.00%,ESA/Co-Pub,,6/20/2025,,,Independent,,,QM24S2505216,PHANTOMS,SHARK - EP,Explicit,EP,"Writer,Producer,Artist",Alternative,SMG_MSG_109_17883,"SMN,SMG-US",SOS,SOS,,,,,10/17/2025
Released,,,10/10/2025,9/16/2025,,,Reaper,Angels Cry,JJ Scheff,,100.00%,ESA/Co-Pub,,6/20/2025,,,Independent,,,QM24S2505217,ANGELS CRY,SHARK - EP,Main Version,EP,"Writer,Producer,Artist",Alternative,SMG_MSG_109_17876,"SMN,SMG-US",SOS,SOS,,,,,10/17/2025
Released,,,9/12/2025,9/16/2025,,,Reaper,Shark,JJ Scheff,,100.00%,ESA/Co-Pub,,6/20/2025,Reaper (Released),,Independent,,,QM24S2504898,SHARK,SHARK - SINGLE,Main Version,Single,"Writer,Producer,Artist",Alternative,SMG_MSG_109_17884,"SMN,SMG-US",SOS,SOS,,,,,9/16/2025
Released,,,8/29/2025,9/16/2025,,,Reaper,Hydra,JJ Scheff,,100.00%,ESA/Co-Pub,,6/20/2025,Reaper (Released),,Independent,,,QM24S2504757,HYDRA,HYDRA - SINGLE,Explicit,Single,"Writer,Producer,Artist",Alternative,17880,"SMN,SMG-US",SOS,SOS,,,,,9/16/2025
Released,,,9/18/2025,9/16/2025,,,Marc Tinez,Call Me Up,"Chizzy,Marc Tinez",Nelson Alexander Kyle,66.67%,"Admin,ESA/Co-Pub",9/1/2024,12/31/2024,,,M. Tinez Records,,,ES75E2510564,,Call Me Up - Single,Main Version,Single,Writer,,SMG_MSG_109_17057,"SMN,SMG-US",SOS,"SOS, CHIZZY JV",,,,,9/16/2025
Hold,9/15/2025,,,9/15/2025,,,John Morgan,Whiskey When I'm Down,Brent Anderson,"Jeb Gipson,John Morgan",33.34%,ESA/Co-Pub,6/7/2023,8/21/2023,,,BMG BBR,,,,,,Main Version,,Writer,Country,SMG_MSG_109_9583,"SMN,SMG-US",SOS,FLUID JV II,,,,,9/15/2025
Hold,9/15/2025,,,9/15/2025,,,John Morgan,I Love Being Me,Brent Anderson,"Jeb Gipson,John Morgan,Smith Ahnquist",25.00%,ESA/Co-Pub,9/21/2023,12/13/2023,,,BMG BBR,,,,,,Main Version,,Writer,Country,SMG_MSG_109_11232,"SMN,SMG-US",SOS,FLUID JV II,,,,,9/15/2025
Hold,9/15/2025,,,9/15/2025,,,John Morgan,Goodbye Goes,Brent Anderson,"Grady Block,John Morgan,Kolby Cooper",25.00%,ESA/Co-Pub,3/29/2024,7/8/2024,,,BMG BBR,,,,,,Main Version,,Writer,Country,SMG_MSG_109_13114,"SMN,SMG-US",SOS,FLUID JV II,,,,,9/15/2025
Released,9/15/2025,4/22/2026,8/21/2026,9/15/2025,,,John Morgan,Once In A Mile,Brent Anderson,John Morgan,50.00%,ESA/Co-Pub,1/18/2024,1/25/2024,,,BMG BBR,,,QMRSZ2602650,Once in a Mile,Once in a Mile - Single,Main Version,Single,"Writer,Producer",Country,SMG_MSG_109_11218,"SMN,SMG-US",SOS,FLUID JV II,,,,,8/21/2026
Hold,9/15/2025,,,9/15/2025,,,John Morgan,Coffee Black Whiskey Neat,Brent Anderson,"John Morgan,Lydia Vaughan",33.34%,ESA/Co-Pub,8/18/2023,8/21/2023,,,BMG BBR,,,,,,Main Version,,Writer,Country,SMG_MSG_109_9588,"SMN,SMG-US",SOS,FLUID JV II,,,,,9/15/2025
Hold,9/15/2025,,,9/15/2025,,,John Morgan,Breakin' News,Brent Anderson,"John Morgan,Trannie Anderson",33.34%,ESA/Co-Pub,7/23/2025,9/10/2025,,,BMG BBR,,,,,,Main Version,,Writer,Country,SMG_MSG_109_18725,"SMN,SMG-US",SOS,FLUID JV II,,,,,9/15/2025
Hold,9/15/2025,,,9/15/2025,,,Connor McCutcheon,Tight Rope,"Brent Anderson,Connor McCutcheon",,50.00%,"ESA/Co-Pub,Recording",7/24/2025,9/10/2025,,,Independent,,,,,,Main Version,,Writer,Country,SMG_MSG_109_18760,"SMN,SMG-US",SOS,FLUID JV II,,,,,9/15/2025
Hold,9/15/2025,,,9/15/2025,,,Matt Stell,One Night Stand,"Brent Anderson,Jeremy Bussey",Matt Stell,66.67%,"ESA/Co-Pub,ESA/Co-Pub",8/21/2025,9/10/2025,,,RECORDS Nashville,Sony Music Nashville,,,,,Main Version,,Writer,Country,SMG_MSG_109_18745,"SMN,SMG-US",SOS,FLUID JV II,,,,,9/15/2025
Hold,9/15/2025,,,9/15/2025,,,Matt Stell,Nights For Days,Brent Anderson,"Ava Suppelsa,Matt Stell",33.34%,ESA/Co-Pub,7/14/2025,9/10/2025,,,RECORDS Nashville,Sony Music Nashville,,,,,Main Version,,Writer,Country,SMG_MSG_109_18744,"SMN,SMG-US",SOS,FLUID JV II,,,,,9/15/2025
Hold,9/15/2025,,,9/15/2025,,,Jac Ross,Go Girl,"Brent Anderson,Derek George,Monty Criswell",Jac Ross,75.00%,"ESA/Co-Pub,ESA/Co-Pub,ESA/Co-Pub",8/14/2025,9/10/2025,,,Sony Music Nashville,,,,,,Main Version,,Writer,Country,SMG_MSG_109_18732,"SMN,SMG-US",SOS,FLUID JV II,,,,,9/15/2025
Hold,9/15/2025,,,9/15/2025,,,Kenny Chesney,Run Away,Brent Anderson,"Ben Hayslip,David Lee Murphy",33.34%,ESA/Co-Pub,9/2/2025,9/10/2025,,,HEY NOW Records,Warner Records,,,,,Main Version,,Writer,Country,SMG_MSG_109_18748,"SMN,SMG-US",SOS,FLUID JV II,,,,,9/15/2025
Hold,9/15/2025,,,9/15/2025,,,Dylan Scott,Getting To The Good Part,Brent Anderson,"Ben Hayslip,Jameson Rodgers",33.34%,ESA/Co-Pub,7/15/2025,9/10/2025,,,Curb Records,,,,,,Main Version,,Writer,Country,SMG_MSG_109_18731,"SMN,SMG-US",SOS,FLUID JV II,,,,,9/15/2025
Released,,9/15/2025,11/7/2025,9/15/2025,,,Graham Barham,Buckshot,Brent Anderson,"Graham Barham,Ryan Hurd,Sam Bergeson",25.00%,ESA/Co-Pub,7/7/2025,9/10/2025,,,Sony Music Nashville,,,QZZVQ2500308,BUCKSHOT,BUCKSHOT - Single,Main Version,Single,Writer,Country,SMG_MSG_109_18726,"SMN,SMG-US",SOS,FLUID JV II,,,,,11/7/2025
Hold,9/15/2025,,,9/15/2025,,,Jason Aldean,It Ain't The Goodbye,Brent Anderson,"Ben Hayslip,John Morgan",33.34%,ESA/Co-Pub,7/3/2025,9/10/2025,,,BMG BBR,,,,,,Main Version,,Writer,Country,SMG_MSG_109_18734,"SMN,SMG-US",SOS,FLUID JV II,,,,,9/15/2025
Hold,9/15/2025,,,9/15/2025,,,Jenna Paulette,What You Settle For,Brent Anderson,"Jenna Paulette,Smith Ahnquist",33.34%,ESA/Co-Pub,7/29/2025,9/10/2025,,,LEO33,,,,,,Main Version,,Writer,Country,SMG_MSG_109_18765,"SMN,SMG-US",SOS,FLUID JV II,,,,,9/15/2025
Hold,9/15/2025,,,9/15/2025,,,Jenna Paulette,Raised On Country Music,Brent Anderson,"Jenna Paulette,Smith Ahnquist",33.34%,ESA/Co-Pub,7/27/2025,9/10/2025,,,LEO33,,,,,,Main Version,,Writer,Country,SMG_MSG_109_18747,"SMN,SMG-US",SOS,FLUID JV II,,,,,9/15/2025
Hold,9/15/2025,,,9/15/2025,,,Jenna Paulette,The Only Thing Cryin',Brent Anderson,"Jenna Paulette,Smith Ahnquist",33.34%,ESA/Co-Pub,7/27/2025,9/10/2025,,,LEO33,,,,,,Main Version,,Writer,Country,SMG_MSG_109_18753,"SMN,SMG-US",SOS,FLUID JV II,,,,,9/15/2025
Hold,9/15/2025,,,9/15/2025,,,Jenna Paulette,Needle In A Haystack,Brent Anderson,"Jenna Paulette,Smith Ahnquist",33.34%,ESA/Co-Pub,7/27/2025,9/10/2025,,,LEO33,,,,,,Main Version,,Writer,Country,SMG_MSG_109_18742,"SMN,SMG-US",SOS,FLUID JV II,,,,,9/15/2025
Hold,9/15/2025,,,9/15/2025,,,Jenna Paulette,My Favorite Memory,Brent Anderson,"Jenna Paulette,Smith Ahnquist",33.34%,ESA/Co-Pub,7/28/2025,9/10/2025,,,LEO33,,,,,,Main Version,,Writer,Country,SMG_MSG_109_18741,"SMN,SMG-US",SOS,FLUID JV II,,,,,9/15/2025
Released,9/15/2025,1/22/2026,8/14/2026,9/15/2025,,,Jenna Paulette,Maggie's Song (Old Blue Jeans),Brent Anderson,"Jenna Paulette,Smith Ahnquist",33.33%,ESA/Co-Pub,7/27/2025,9/10/2025,"Jenna Paulette (Released), Jenna Paulette (Cut)",,LEO33,,,QZWH32600668,,,Main Version,Single,Writer,Country,SMG_MSG_109_18738,"SMN,SMG-US",SOS,FLUID JV II,,,,,8/14/2026
Hold,9/15/2025,,,9/15/2025,,,Jenna Paulette,Good Old Boys,Brent Anderson,"Jenna Paulette,Smith Ahnquist",33.34%,ESA/Co-Pub,7/28/2025,9/10/2025,,,LEO33,,,,,,Main Version,,Writer,Country,SMG_MSG_109_18733,"SMN,SMG-US",SOS,FLUID JV II,,,,,9/15/2025
Hold,9/15/2025,,,9/15/2025,,,Jenna Paulette,Fixin' To,Brent Anderson,"Jenna Paulette,Smith Ahnquist",33.34%,ESA/Co-Pub,7/28/2025,9/10/2025,,,LEO33,,,,,,Main Version,,Writer,Country,SMG_MSG_109_18730,"SMN,SMG-US",SOS,FLUID JV II,,,,,9/15/2025
Hold,9/15/2025,,,9/15/2025,,,Jenna Paulette,Dreamin Bout Horses,Brent Anderson,"Jenna Paulette,Smith Ahnquist",33.34%,ESA/Co-Pub,7/28/2025,9/10/2025,,,LEO33,,,,,,Main Version,,Writer,Country,SMG_MSG_109_18729,"SMN,SMG-US",SOS,FLUID JV II,,,,,9/15/2025
Released,,,9/12/2025,9/12/2025,,,Connor McCutcheon,Ain't Nobody,Connor McCutcheon,"Evan Cline,Sydney Cubit",0.00%,,4/11/2025,4/14/2025,,,Independent,,,QMDA72587731,,Ain’t Nobody - Single,Main Version,Single,Writer,,SMG_MSG_109_17609,"SMN,SMG-US",SOS,FLUID JV II,,,,,9/12/2025
Released,,,1/31/2023,9/12/2025,,,Morgan Wallen ,I Wrote The Book,Michael Hardy,"Cameron Montgomery ,Morgan Wallen",25.00%,ESA/Co-Pub,9/16/2020,8/28/2025,Morgan Wallen  (Released),,Big Loud Records,,,USUG12300808,,3 Songs At A Time Sampler,Main Version,Album,Writer,,,"SMN,SMG-US",SOS,SOS,,,,,9/12/2025
Released,,,5/18/2023,9/12/2025,,,Chase Rice,I Hate Cowboys,Michael Hardy,"Brad Tursi,Chase Rice,Ross Copperman",23.75%,ESA/Co-Pub,9/1/2020,8/28/2025,Chase Rice (Released),,Independent,,,QMRSZ2202737,,I Hate Cowboys & All Dogs Go To Hell,Main Version,Album,Writer,,,"SMN,SMG-US",SOS,SOS,,,,,9/12/2025
Released,,,10/25/2024,9/12/2025,,,Chase Rice,I Hate Cowboys,Michael Hardy,"Brad Tursi,Chase Rice,Ross Copperman",23.75%,ESA/Co-Pub,9/1/2020,8/28/2025,Chase Rice (Released),,Independent,,,QZWH32400551,,Fireside Sessions,Main Version,Album,Writer,,,"SMN,SMG-US",SOS,SOS,,,,,9/12/2025
Released,,,9/10/2021,9/12/2025,,,Mitchell Tenpenny,I Can't Love You Any More,Michael Hardy,"Jordan Schmidt,Mitchell Tenpenny",25.00%,ESA/Co-Pub,3/2/2020,8/28/2025,,,"Sony Music Nashville,Riser House Records",,,US6XF2000328,,Midtown Diaries,Main Version,Album,Writer,,,"SMN,SMG-US",SOS,SOS,,,,,9/12/2025
Released,,,10/22/2021,9/12/2025,,,Dillon Carmichael,Hot Beer,Michael Hardy,"Ashley Gorley,Ben Johnson,Hunter Phelps",18.75%,ESA/Co-Pub,1/30/2020,8/28/2025,Dillon Carmichael (Released),,Riser House Records,,,QZA7T1700085,,Son Of A,Main Version,Album,Writer,,,"SMN,SMG-US",SOS,SOS,,,,,9/12/2025
Released,,,6/15/2021,9/12/2025,,,Dillon Carmichael,Hot Beer,Michael Hardy,"Ashley Gorley,Ben Johnson,Hunter Phelps",18.75%,ESA/Co-Pub,1/30/2020,8/28/2025,Dillon Carmichael (Released),,Riser House Records,,,QZA7T1700107,,Hot Beer (Live) - Single,Main Version,Single,Writer,,,"SMN,SMG-US",SOS,SOS,,,,,9/12/2025
Released,,,5/27/2020,9/12/2025,,,Diplo,Hometown,Michael Hardy,"Benjamin Mathis,Great Dane,Henry Allen ,Sasha Sloan,Thomas Wesley Pentz",12.75%,ESA/Co-Pub,4/1/2019,8/28/2025,,"Zac Brown Band,Danielle Bradbery",,,,USSM12001410,,Diplo Presents Thomas Wesley: Chapter 1 - Snake Oil,Main Version,Album,Writer,,,"SMN,SMG-US",SOS,SOS,,,,,9/12/2025
Released,,,6/17/2022,9/12/2025,,,Michael Ray,Holy Water,Michael Hardy,"Ashley Gorley,Ben Johnson,Hunter Phelps",18.75%,ESA/Co-Pub,6/10/2020,8/28/2025,Michael Ray (Released),,Warner Music Nashville,WMG (Warner Music Group),,USWB12202075,,Holy Water (The Warehouse Sessions) - Single,Main Version,Single,Writer,,,"SMN,SMG-US",SOS,SOS,,,,,9/12/2025
Released,,,10/21/2022,9/12/2025,,,Michael Ray,Holy Water,Michael Hardy,"Ashley Gorley,Ben Johnson,Hunter Phelps",18.75%,ESA/Co-Pub,6/10/2020,8/28/2025,Michael Ray (Released),,Warner Music Nashville,WMG (Warner Music Group),,USWB12205812,,The Bootlegger Sessions- EP,Main Version,EP,Writer,,,"SMN,SMG-US",SOS,SOS,,,,,9/12/2025
Released,,,6/17/2022,9/12/2025,,,Michael Ray,Holy Water,Michael Hardy,"Ashley Gorley,Ben Johnson,Hunter Phelps",18.75%,ESA/Co-Pub,6/10/2020,8/28/2025,Michael Ray (Released),,Warner Music Nashville,WMG (Warner Music Group),,USWB12102369,,Holy Water - Single,Main Version,Single,Writer,,,"SMN,SMG-US",SOS,SOS,,,,,9/12/2025
Released,,,8/27/2021,9/12/2025,,,Michael Ray,Holy Water,Michael Hardy,"Ashley Gorley,Ben Johnson,Hunter Phelps",18.75%,ESA/Co-Pub,6/10/2020,8/28/2025,Michael Ray (Released),,Warner Music Nashville,WMG (Warner Music Group),,USWB12102369,,Higher Education,Main Version,Album,Writer,,,"SMN,SMG-US",SOS,SOS,,,,,9/12/2025
Released,,,11/10/2022,9/12/2025,,,Brantley Gilbert,Heaven By Then,Michael Hardy,"Brantley Gilbert ,Brock Berryhill,Hunter Phelps,Jacob Mitchell ,Randy Montana ,Taylor Phillips",10.71%,ESA/Co-Pub,2/22/2022,8/28/2025,Brantley Gilbert (Released),"Blake Shelton,Vince Gill",Big Machine Label Group,,,QZRD92202194,,So Help Me God,Main Version,Album,Writer,,,"SMN,SMG-US",SOS,SOS,,,,,9/12/2025
Released,,,11/10/2022,9/12/2025,,,Brantley Gilbert,Heaven By Then,Michael Hardy,"Brantley Gilbert ,Brock Berryhill,Hunter Phelps,Jacob Mitchell ,Randy Montana ,Taylor Phillips",10.71%,ESA/Co-Pub,2/22/2022,8/28/2025,Brantley Gilbert (Released),"Blake Shelton,Vince Gill",Big Machine Label Group,,,QZRD92304044,,So Help Me God (Deluxe Edition/Behind The Songs),Main Version,Album,Writer,,,"SMN,SMG-US",SOS,SOS,,,,,9/12/2025
Released,,,6/10/2022,9/12/2025,,,Carrie Underwood ,Hate My Heart,"David Garcia,Michael Hardy","Carrie Underwood,Hillary Lindsey",43.75%,"ESA/Co-Pub,ESA/Co-Pub",5/25/2021,4/8/2022,Carrie Underwood  (Released),,Capitol Records Nashville,MCA (Music Corporation of America),,USUM72204766,,Denim & Rhinestones,Main Version,Album,Writer,,SMG_MSG_101_222807,"SMN,SMG-US","CRESCENDO, SOS","CRESCENDO, SOS",,,,,9/12/2025
Released,,,6/10/2022,9/12/2025,,,Carrie Underwood ,Hate My Heart,"David Garcia,Michael Hardy","Carrie Underwood,Hillary Lindsey",43.75%,"ESA/Co-Pub,ESA/Co-Pub",5/25/2021,4/8/2022,Carrie Underwood  (Released),,Capitol Records Nashville,MCA (Music Corporation of America),,USUM72207366,,Denim & Rhinestones,Main Version,Album,Writer,,SMG_MSG_101_222807,"SMN,SMG-US","CRESCENDO, SOS","CRESCENDO, SOS",,,,,9/12/2025
Released,,,4/8/2022,9/12/2025,,,Cole Swindell,Girl Goes Crazy,Michael Hardy,"Cole Swindell,Ross Copperman",25.00%,ESA/Co-Pub,3/22/2021,8/28/2025,Cole Swindell (Released),,Warner Music Nashville,WMG (Warner Music Group),,USWB12200187,,Stereotype,Main Version,Album,Writer,,,"SMN,SMG-US",SOS,SOS,,,,,9/12/2025
Released,,,4/8/2022,9/12/2025,,,Cole Swindell,Every Beer,Michael Hardy,"Cole Swindell,Jordan Schmidt",25.00%,ESA/Co-Pub,1/27/2020,8/28/2025,Cole Swindell (Released),,Warner Music Nashville,WMG (Warner Music Group),,USWB12200180,,Stereotype,Main Version,Album,Writer,,,"SMN,SMG-US",SOS,SOS,,,,,9/12/2025
Released,,,1/27/2023,9/12/2025,,,Cole Swindell,Drinkaby,Michael Hardy,"Hunter Phelps,Jon Pardi,Jordan Schmidt",18.75%,ESA/Co-Pub,2/15/2022,8/28/2025,Cole Swindell (Released),,Warner Music Nashville,WMG (Warner Music Group),,USWB12300061,,,Main Version,Single,Writer,,,"SMN,SMG-US",SOS,SOS,,,,,9/12/2025
Released,,,3/4/2022,9/12/2025,,,Cole Swindell,Down To The Bar,Michael Hardy,"Cole Swindell,Jordan Schmidt,Josh Thompson ",18.75%,ESA/Co-Pub,5/5/2021,8/28/2025,Cole Swindell (Released),,Warner Music Nashville,WMG (Warner Music Group),,USWB12200184,,Stereotype,Main Version,Album,Writer,,,"SMN,SMG-US",SOS,SOS,,,,,9/12/2025
Released,,,12/29/2023,9/12/2025,,,The Cat and Owl,Come Back As A Country Boy,Michael Hardy,"Jordan Schmidt,Josh Thompson",25.00%,ESA/Co-Pub,11/24/2020,8/28/2025,"Blake Shelton (Released), The Cat and Owl (Released)",,,,,UK54A2300242,,Lullaby Versions of Blake Shelton,Main Version,Album,Writer,,,"SMN,SMG-US",SOS,SOS,,,,,9/12/2025
Released,,,10/1/2021,9/12/2025,,,Blake Shelton,Come Back As A Country Boy,Michael Hardy,"Jordan Schmidt,Josh Thompson",25.00%,ESA/Co-Pub,11/24/2020,8/28/2025,"Blake Shelton (Released), The Cat and Owl (Released)",,"BMG BBR,Warner Music Nashville",WMG (Warner Music Group),,USWB12103405,,Body Language (Deluxe),Main Version,Album,Writer,,,"SMN,SMG-US",SOS,SOS,,,,,9/12/2025
Released,,,6/2/2023,9/12/2025,,,Jelly Roll ,Church,"David Garcia,Michael Hardy",Jason Deford,58.34%,"ESA/Co-Pub,ESA/Co-Pub",12/7/2022,1/10/2023,Jelly Roll  (Released),,BMG BBR,,,QMRSZ2300352,,Whitsitt Chapel,Main Version,Album,Writer,,SMG_MSG_101_235859,"SMN,SMG-US","CRESCENDO, SOS","CRESCENDO, SOS",,,,,9/12/2025
Released,,,3/3/2023,9/12/2025,,,Morgan Wallen ,Born With A Beer In My Hand,Michael Hardy,"Morgan Wallen,Zach Abend",25.00%,ESA/Co-Pub,8/12/2022,8/28/2025,Morgan Wallen  (Released),,Big Loud Records,,,USUG12300838,,One Thing At A Time,Main Version,Album,Writer,,SMG_MSG_109_18860,"SMN,SMG-US",SOS,SOS,,,,,9/12/2025
Released,,,3/3/2023,9/12/2025,,,Morgan Wallen ,Born With A Beer In My Hand,Michael Hardy,"Morgan Wallen,Zach Abend",25.00%,ESA/Co-Pub,8/12/2022,8/28/2025,Morgan Wallen  (Released),,Big Loud Records,,,USUG12300801,,One Thing At A Time,Main Version,Album,Writer,,SMG_MSG_109_18860,"SMN,SMG-US",SOS,SOS,,,,,9/12/2025
Released,,,2/17/2023,9/12/2025,,,Nate Smith,Better Boy,Michael Hardy,Taylor Phillips,37.50%,ESA/Co-Pub,2/21/2022,8/28/2025,Nate Smith (Released),,Sony Music Nashville,,,USRN12300021,,Better Boy + Oil Spot,Main Version,Single,Writer,,SMG_MSG_109_18859,"SMN,SMG-US",SOS,SOS,,,,,9/12/2025
Released,,,11/19/2021,9/12/2025,,,Dierks Bentley,Beers On Me,Michael Hardy,"Ashley Gorley,Ben Johnson,Daniel Breland,Dierks Bentley,Luke Dick,Nicolle Galyon,Niko Moon,Ross Copperman",8.33%,ESA/Co-Pub,1/11/2021,8/28/2025,Dierks Bentley (Released),Breland,"Capitol Records Nashville,MCA Nashville","MCA (Music Corporation of America),MCA (Music Corporation of America)",,USAT22400337,,BRELAND & Friends: Vol. 1 (Live),Main Version,Single,Writer,,SMG_MSG_109_18858,"SMN,SMG-US",SOS,SOS,,,,,9/12/2025
Released,,,7/29/2021,9/12/2025,,,Dierks Bentley,Beers On Me,Michael Hardy,"Ashley Gorley,Ben Johnson,Daniel Breland,Dierks Bentley,Luke Dick,Nicolle Galyon,Niko Moon,Ross Copperman",8.33%,ESA/Co-Pub,1/11/2021,8/28/2025,Dierks Bentley (Released),Breland,"Capitol Records Nashville,MCA Nashville","MCA (Music Corporation of America),MCA (Music Corporation of America)",,USUG12103276,,Beers On Me,Main Version,Single,Writer,,SMG_MSG_109_18858,"SMN,SMG-US",SOS,SOS,,,,,9/12/2025
Released,,,2/25/2022,9/12/2025,,,Jon Langston,Back Words,Michael Hardy,"Jon Nite,Ross Copperman",25.00%,ESA/Co-Pub,10/22/2020,8/28/2025,Jon Langston (Released),,Independent,,,USUM72200993,,,Main Version,Single,Writer,,SMG_MSG_109_18857,"SMN,SMG-US",SOS,SOS,,,,,9/12/2025
Released,,,2/17/2021,9/12/2025,,,Florida Georgia Line ,Always Gonna Love You,Michael Hardy,"Brian Kelley,Corey Crowder,Ross Copperman ,Tyler Hubbard",15.00%,ESA/Co-Pub,8/1/2019,8/28/2025,Florida Georgia Line  (Released),,,,,QZRD92100492,,Always Gonna Love You,Main Version,Album,Writer,,SMG_MSG_109_18856,"SMN,SMG-US",SOS,SOS,,,,,9/12/2025
Released,,,2/12/2021,9/12/2025,,,Florida Georgia Line ,Always Gonna Love You,Michael Hardy,"Brian Kelley,Corey Crowder,Ross Copperman ,Tyler Hubbard",15.00%,ESA/Co-Pub,8/1/2019,8/28/2025,Florida Georgia Line  (Released),,,,,QM3E22002355,,Life Rolls On,Main Version,Album,Writer,,SMG_MSG_109_18856,"SMN,SMG-US",SOS,SOS,,,,,9/12/2025
Released,,,2/19/2021,9/12/2025,,,Florida Georgia Line ,Always Gonna Love You,Michael Hardy,"Brian Kelley,Corey Crowder,Ross Copperman ,Tyler Hubbard",15.00%,ESA/Co-Pub,8/1/2019,8/28/2025,Florida Georgia Line  (Released),,,,,QZRD92201212,,Life Rolls On (Deluxe/Big Machine Radio Release Special),Main Version,Album,Writer,,SMG_MSG_109_18856,"SMN,SMG-US",SOS,SOS,,,,,9/12/2025
Upcoming,,9/10/2025,,9/10/2025,,,Jon Wolfe,Paper Umbrellas,Monty Criswell,Drake Milligan,50.00%,ESA/Co-Pub,8/19/2019,8/21/2019,,,Independent,,checked,,,,Main Version,,Writer,Country,SMG_MSG_101_193958,"SMN,SMG-US",CRESCENDO,FLUID JV I,,,,,9/10/2025
Upcoming,9/9/2025,,,9/10/2025,,,Max McNown,Works For Me,Ryan Beaver,"Max McNown,Trent Dabbs,AJ Pruis",25.00%,ESA/Co-Pub,8/23/2025,9/5/2025,,,Sony Music Nashville,,checked,,,,Main Version,,Writer,,SMG_MSG_109_18680,"SMN,SMG-US",SOS,2 MIX JV II,,,,,10/2/2025
Upcoming,9/9/2025,,,9/10/2025,,,Max McNown,Stars,Ryan Beaver,"AJ Pruis,Max McNown,Trent Dabbs",25.00%,ESA/Co-Pub,8/22/2025,9/5/2025,,,Sony Music Nashville,,checked,,,,Main Version,,Writer,,SMG_MSG_109_18698,"SMN,SMG-US",SOS,2 MIX JV II,,,,,10/2/2025
Hold,9/10/2025,,,9/10/2025,,,Lainey Wilson,Santa Claus Must Be A Cowboy,Jessica Cayne,"Chris Rafetto,Sam Stoane",33.34%,ESA/Co-Pub,7/30/2024,8/5/2024,,,BMG BBR,,,,,,Main Version,Album,Writer,Country,SMG_MSG_109_13238,"SMN,SMG-US",SOS,2 MIX JV II,,Lainy texted Frank on 9/10/2025 wanting to hold this for her Christmas project for next year in 2026. ,,,9/10/2025
Released,,,7/28/2023,9/9/2025,,,The Reklaws,11 Beers,Michael Hardy,"Ashley Gorley,Ben Johnson,Hunter Phelps",18.75%,ESA/Co-Pub,3/25/2021,8/28/2025,The Reklaws (Released),,Starseed Records,Big Loud Records,,CBA7F2300015,,The Reklaws: Live At History,Live Version,Album,Writer,Country,SMG_MSG_109_18855,"SMN,SMG-US",SOS,SOS,,,,,9/9/2025
Released,,,11/4/2022,9/9/2025,,,The Reklaws,11 Beers,Michael Hardy,"Ashley Gorley,Ben Johnson,Hunter Phelps",18.75%,ESA/Co-Pub,3/25/2021,8/28/2025,The Reklaws (Released),Jake Owen,Starseed Records,Big Loud Records,,CBA7F2200005,,Good Ol' Days,Album Version,Album,Writer,Country,SMG_MSG_109_18855,"SMN,SMG-US",SOS,SOS,,,,,9/9/2025
Released,,,3/11/2022,9/9/2025,,,The Reklaws,11 Beers,Michael Hardy,"Ashley Gorley,Ben Johnson,Hunter Phelps",18.75%,ESA/Co-Pub,3/25/2021,8/28/2025,The Reklaws (Released),Jake Owen,Starseed Records,Big Loud Records,,CBA7F2200005,,11 Beers (feat. Jake Owen) - Single,Main Version,Single,Writer,Country,SMG_MSG_109_18855,"SMN,SMG-US",SOS,SOS,,,,,9/9/2025
Upcoming,,9/9/2025,9/25/2026,9/9/2025,,,Max McNown,Space For You,Ryan Beaver,"AJ Pruis,Max McNown,Trent Dabbs",25.00%,ESA/Co-Pub,8/22/2025,9/5/2025,,,Sony Music Nashville,,,,,,Main Version,Single,Writer,Country,SMG_MSG_109_18696,"SMN,SMG-US",SOS,2 MIX JV II,,,,,9/9/2025
Released,,9/9/2025,3/20/2026,9/9/2025,,,Max McNown,Stand Still,Ryan Beaver,"AJ Pruis,Max McNown,Trent Dabbs",25.00%,ESA/Co-Pub,8/21/2025,9/5/2025,,,Sony Music Nashville,,,QMGVJ2600071,Standstill (My My My),,Main Version,Single,Writer,Country,SMG_MSG_109_18697,"SMN,SMG-US",SOS,2 MIX JV II,,,,,3/20/2026
Released,,,10/3/2025,9/9/2025,,,Mira Housey,When I'm In The 70s,Mira Housey,,100.00%,ESA/Co-Pub,,9/9/2025,,,Independent,,,QZZ8A2547075,,,Main Version,Single,Writer,,SMG_MSG_109_18660,"SMN,SMG-US",SOS,ROWE JV,,,,,10/3/2025
Released,,9/8/2025,4/8/2026,9/8/2025,checked,,Tim Montana,Break Me Down,"Nathan Barlowe,Tim Montana",Micah Wilshire,66.67%,"ESA/Co-Pub,ESA/Co-Pub",4/24/2025,8/8/2025,,,BMG BBR,,,QMRSZ2600438,,,Main Version,Album,Writer,Rock,SMG_MSG_109_18495,"SMN,SMG-US",SOS,"FLUID JV II, SOS",,,,,4/8/2026
Released,,9/8/2025,7/31/2026,9/8/2025,,,Tim Montana,Beautiful Hate,"Nathan Barlowe,Tim Montana",Micah Wilshire,66.67%,"ESA/Co-Pub,ESA/Co-Pub",4/26/2025,8/8/2025,,,BMG BBR,,,QMRSZ2600928,,Entire State of Tim Montana,Main Version,Album,Writer,Rock,SMG_MSG_109_18491,"SMN,SMG-US",SOS,"FLUID JV II, SOS",,,,,7/31/2026
Released,,,9/5/2025,9/8/2025,,,Zach Hood,Middle Of Nowhere,Sawyer Utah,"Zach Hood,Jonny Joffe,Dakota Hodge,Jack Schrepferman",20.00%,ESA/Co-Pub,5/21/2025,7/1/2025,,,Coup D'Etat Recordings,,,CA5KR2588479,,,Main Version,Single,Writer,,SMG_MSG_109_18522,"SMN,SMG-US",SOS,VISCYRL / ARCADE JV,,,,,9/8/2025
Released,,,5/6/2022,9/7/2025,,,Ella Mai,This Is,Angel Delrae,"Dana L Meyers,Dijon Isaiah McFarlane,Ella Mai,Howard Hewett,LaDamon Douglas",10.00%,ESA/Co-Pub,,8/28/2025,,,10 Summers,Interscope Records,,USUM72300930,,Heart On My Sleeve (Deluxe Edition),Main Version,Album,Writer,R&B/Soul,,"SMN,SMG-US",SOS,AON JV,,,,,9/7/2025
Released,,,7/12/2024,9/7/2025,,,Angel Delrae,The One Who Got Away,Angel Delrae,,100.00%,ESA/Co-Pub,,8/28/2025,,,2478417 Records DK,,,QZTAS2423469,,The One Who Got Away - Single,Main Version,Single,"Writer,Artist",Hip-Hop/Rap,,"SMN,SMG-US",SOS,AON JV,,,,,9/7/2025
Released,,,2/11/2022,9/7/2025,,,Tyrus Turner,Take Our Time,Angel Delrae,"Carlena S Mays,Michael J Givens,Tyrus R Turrner",15.00%,ESA/Co-Pub,,8/28/2025,,,King Sh!t Only Records,,,QZFYY2265782,,Take Our Time - Single,Main Version,Single,Writer,R&B/Soul,,"SMN,SMG-US",SOS,AON JV,,,,,9/7/2025
Released,,,11/10/2022,9/7/2025,,,Wizkid,Slip N Slide,Angel Delrae,"Aleicia Nicole,Chinsea Lee,Donny Flores,Skillibeng,Ibrahim Ayodeji Balogun,John I Djmali Kevin James,London Tyler Holmes,Richard Isong,Simon David Plummer",1.00%,ESA/Co-Pub,,8/28/2025,,"Skillibeng,Shenseea",Starboy Entertainment Ltd,RCA Records,,USRC12203519,,"More Love, Less Ego",Main Version,Album,Writer,Afrobeats,,"SMN,SMG-US",SOS,AON JV,,,,,9/7/2025
Released,,,6/22/2024,9/7/2025,,,Angel Delrae,Sicka Love,Angel Delrae,,100.00%,ESA/Co-Pub,,8/28/2025,,,2478417 Records DK,,,QZNWX2489845,,Sicka Love - Single,Main Version,Single,"Writer,Artist",Hip-Hop/Rap,,"SMN,SMG-US",SOS,AON JV,,,,,9/7/2025
Released,,,1/8/2024,9/7/2025,,,Angel Delrae,Nobody Else,Angel Delrae,"AndersKasperNicolai Andersen,Andyr",50.00%,ESA/Co-Pub,,8/28/2025,,,2478417 Records DK,,,QZFYZ2423515,,Nobody Else - Single,Main Version,Single,"Writer,Artist",Hip-Hop/Rap,,"SMN,SMG-US",SOS,AON JV,,,,,9/7/2025
Released,,,3/20/2024,9/7/2025,,,Angel Delrae,Last Laugh,Angel Delrae,,100.00%,ESA/Co-Pub,,8/28/2025,,,2478417 Records DK,,,QZHN72480872,,Last Laugh - Single,Main Version,Single,"Writer,Artist",Hip-Hop/Rap,,"SMN,SMG-US",SOS,AON JV,,,,,9/7/2025
Released,,,9/23/2022,9/7/2025,,,Lindita,Jealous,Angel Delrae,"LaDamon Douglas,Lindita Halimi",15.00%,ESA/Co-Pub,,8/28/2025,,,Peitho LLC,,,GBKPL2210637,,Jealous (Radio Edit) - Single,Main Version,Single,Writer,Pop,,"SMN,SMG-US",SOS,AON JV,,,,,9/7/2025
Released,,,7/16/2024,9/7/2025,,,Angel Delrae,Impress Me,Angel Delrae,,100.00%,ESA/Co-Pub,,8/28/2025,,,2478417 Records DK,,,QZTAT2440740,,Impress Me - Single,Main Version,Single,"Writer,Artist",Hip-Hop/Rap,,"SMN,SMG-US",SOS,AON JV,,,,,9/7/2025
Released,,,6/24/2024,9/7/2025,,,Angel Delrae,Famous (Look Back At It),Angel Delrae,,100.00%,ESA/Co-Pub,,8/28/2025,,,2478417 Records DK,,,QZNWY2451558,,Famous (Look Back At It) - Single,Main Version,Single,"Writer,Artist",Hip-Hop/Rap,,"SMN,SMG-US",SOS,AON JV,,,,,9/7/2025
Released,,,7/14/2024,9/7/2025,,,Angel Delrae,Don't Act Like That,Angel Delrae,,100.00%,ESA/Co-Pub,,8/28/2025,,,2478417 Records DK,,,QZTAS2483518,,Don't Act Like That - Single,Main Version,Single,"Writer,Artist",Hip-Hop/Rap,,"SMN,SMG-US",SOS,AON JV,,,,,9/7/2025
Released,,,4/14/2023,9/7/2025,,,Shenseea,Curious,Angel Delrae,"Almando Demaro Cresso,Blake Hunter Jakob,Chinsea Lee,Donny Flores,Fredrik William Ball,London Tyler Holmes,Mario Dunwell,Simon David Plummer,Tyshane Thompson,Winston George Boswell",6.30%,ESA/Co-Pub,,8/28/2025,,,Rich Immigrants,Interscope Records,,USUM72305098,,Curious - Single,Main Version,Single,Writer,Hip-Hop/Rap,,"SMN,SMG-US",SOS,AON JV,,,,,9/7/2025
Released,,,11/16/2020,9/7/2025,,,Angel Delrae,Act Right,Angel Delrae,"Andyr,Peter Gogola",50.00%,ESA/Co-Pub,,8/28/2025,,,2478417 Records DK,,,QZNWT2001371,,Act Right - Single,Main Version,Single,"Writer,Artist",Hip-Hop/Rap,SMG_MSG_109_20955,"SMN,SMG-US",SOS,AON JV,,,,,9/7/2025
Released,,,2/10/2022,9/7/2025,,,Lindita,#GMFU,Angel Delrae,"LaDamon Douglas,Lindita Halimi",15.00%,ESA/Co-Pub,,8/28/2025,,,Peitho LLC,,,GBKPL2209722,,#GMFU - Single,Main Version,Single,Writer,Pop,SMG_MSG_109_20953,"SMN,SMG-US",SOS,AON JV,,,,,9/7/2025
Released,,,9/5/2025,9/5/2025,,,Daniel Jeffers,If This Town Could Talk,"Bobby Hamrick,Justin Halpin",Daniel Jeffers,66.67%,"ESA/Co-Pub,ESA/Co-Pub",10/25/2024,10/31/2024,,,Independent,,,TCAJY2569864,,Not Yet (The E.P),Main Version,EP,"Writer,Producer",Country,SMG_MSG_109_14486,"SMN,SMG-US",SOS,"SOS, FLUID JV II",,,,,9/5/2025
Released,,,9/5/2025,9/5/2025,,,Daniel Jeffers,Do Me A Favor,"Bobby Hamrick,Justin Halpin",Daniel Jeffers,66.67%,"ESA/Co-Pub,ESA/Co-Pub",10/24/2024,10/31/2024,,,Independent,,,TCAJY2569808,,Not Yet,Main Version,EP,"Writer,Producer",Country,SMG_MSG_109_14476,"SMN,SMG-US",SOS,"SOS, FLUID JV II",,,,,9/5/2025
Upcoming,,9/5/2025,,9/5/2025,,,Caroline Jones,Family,Bobby Hamrick,Caroline Jones,50.00%,ESA/Co-Pub,3/28/2025,9/3/2025,,,Big Machine Label Group,,checked,,,,Main Version,Single,Writer,Country,SMG_MSG_109_18657,"SMN,SMG-US",SOS,SOS,,,,,9/5/2025
Released,,,9/5/2025,9/4/2025,,,Brit Taylor ,It's All For Sale,Adam Chaffins,"Adam Wright,Brit Taylor",33.34%,ESA/Co-Pub,5/28/2024,6/6/2024,,,Independent,,,QZVMS2500028,,All For Sale - Single,Main Version,Single,Writer,Country,SMG_MSG_109_12742,"SMN,SMG-US",SOS,FLUID JV II,,,,,9/4/2025
Released,,,9/3/2025,9/4/2025,,,RuthAnne,My Greatest Joy,Autumn Rowe,"Violet Skies,RuthAnne,Charlie McClean",25.00%,Admin,,9/3/2025,,,,,,UKW3Z2501477,,The Moment,Main Version,Single,Writer,,SMG_MSG_109_18515,"SMN,SMG-US",SOS,SOS,,,,,9/4/2025
Released,,9/3/2025,11/14/2025,9/3/2025,,,Caroline Jones,Good Omen,Joy Williams,"Caroline Jones,Sarah Buxton",33.34%,ESA/Co-Pub,2/24/2025,6/6/2025,,,Big Machine Label Group,,,QZRD92508038,,Good Omen,Main Version,Single,Writer,,SMG_MSG_109_18061,"SMN,SMG-US",SOS,SOS,,,,,11/14/2025
Hold,9/3/2025,,,9/3/2025,,,LECADE,Freezer Full Of Roses,"LECADE,Derek George,Monty Criswell",,100.00%,"ESA/Co-Pub,ESA/Co-Pub,ESA/Co-Pub",8/6/2025,8/15/2025,,,Big Machine Label Group,,,,,,Main Version,,Writer,,SMG_MSG_109_18633,"SMN,SMG-US",SOS,"LASA / HoB JV, FLUID JV II",,,,,9/3/2025
Released,,,8/15/2025,9/3/2025,,,ERIICE,Bami Soro,Melodie Wagner,"ERIICE,Daniel Boban,Theodoulos Pavlos Doukanaris,Tancrede Rouff,Muhamod Animashaun",20.00%,ESA/Co-Pub,,9/3/2025,,Lucas Estrada,,,,GXBAV2077568,,,Main Version,Single,Writer,,SMG_MSG_109_18514,"SMN,SMG-US",SOS,SOS,,,,,9/3/2025
Released,,,9/12/2025,9/3/2025,,,Matteo Bocelli,Falling In Love,Camylio,"Toby Gad,Matteo Bocelli,Martin Terefe",40.00%,ESA/Co-Pub,,9/2/2025,,,Universal Music Operations Limited,UMG (Universal Music Group),,GBUM72503679,,Falling In Love,Main Version,Album,Writer,,SMG_MSG_109_18513,"SMN,SMG-US",SOS,SOS,,,,,9/3/2025
Released,,,9/15/2025,9/3/2025,,,Ali Wolv,I Ruin Everything I Love,Sara Boe,"Brad Lewis,Ali Wolv",33.33%,ESA/Co-Pub,5/21/2025,9/3/2025,,,,,,QZS7J2525269,,The Ruiner,Main Version,Album,Writer,,SMG_MSG_109_18517,"SMN,SMG-US",SOS,SOS,,,,,9/3/2025
Released,,,6/27/2025,9/3/2025,,,Leven Kali,In The End,JJ Scheff,"Leven Kali,Solomon Fagenson",33.33%,ESA/Co-Pub,,9/3/2025,,,Def Jam Recordings,UMG (Universal Music Group),,USUM72506239,,LK99: The Prelude,Main Version,Album,Writer,,SMG_MSG_109_18512,"SMN,SMG-US",SOS,SOS,,,,,9/3/2025
Released,,,6/27/2025,9/3/2025,,,Leven Kali,Blackrock,JJ Scheff,"Solomon Fagenson,Leven Kali",33.33%,ESA/Co-Pub,,9/3/2025,,,Def Jam Recordings,UMG (Universal Music Group),,USUM72506238,,LK99: The Prelude,Main Version,Album,Writer,,SMG_MSG_109_18511,"SMN,SMG-US",SOS,SOS,,,,,9/3/2025
Hold,9/2/2025,,,9/2/2025,,,Avery Roberson,Carolina's In Texas,Monty Criswell,"Adam Wheeler,Avery Robertson",33.34%,ESA/Co-Pub,8/25/2025,8/27/2025,,,Big Machine Label Group,,,,,,Main Version,,Writer,,SMG_MSG_109_18601,"SMN,SMG-US",SOS,FLUID JV II,,,,,9/2/2025
Hold,1/16/2024,,,8/29/2025,,,Morgan Wallen ,If It Don't Kill Me,Tyler Reeve,"Ben Stennis,Jared Mullins,Ross Ellis",25.00%,ESA/Co-Pub,3/8/2021,2/28/2023,,,Big Loud Records,,,,,,Main Version,,Writer,,SMG_MSG_109_18128,"SMN,SMG-US",SOS,SOS,,,,,8/29/2025
Hold,1/30/2024,,,8/29/2025,,,Tim Hicks,Whiskey In My Boot,Monty Criswell,"Deric Ruttan,Tim Hicks",33.34%,ESA/Co-Pub,1/25/2024,1/31/2024,,,Independent,,,,,,Main Version,,Writer,,SMG_MSG_109_11324,"SMN,SMG-US",SOS,FLUID JV II,,,,,8/29/2025
Hold,1/30/2024,,,8/29/2025,,,Keith Urban,I'm Drinking Tonight,Brent Anderson,"Hunter Phelps,Jameson Rodgers,Smith Ahnquist",25.00%,ESA/Co-Pub,1/2/2024,1/5/2024,,,"Capitol Records Nashville,Hit Red Records",MCA (Music Corporation of America),,,,,Main Version,,Writer,,SMG_MSG_109_11234,"SMN,SMG-US",SOS,FLUID JV II,,,,,8/29/2025
Hold,2/21/2024,,,8/29/2025,,,Warren Zeiders,Whiskey Could Talk,David Garcia,"Jacob Hepworth,Jaxson Free,Taylor Phillips",25.00%,ESA/Co-Pub,2/20/2024,8/28/2024,,,Warner Music Nashville,WMG (Warner Music Group),,,,,Main Version,,Writer,,SMG_MSG_109_13487,"SMN,SMG-US",SOS,SOS,,,,,8/29/2025
Upcoming,2/21/2024,5/27/2026,9/25/2026,8/29/2025,,,Kenny Chesney,They Shot A Car Into Space ,Adam Chaffins,"Adam Wright,Brit Taylor",33.34%,ESA/Co-Pub,10/18/2021,6/30/2022,,,HEY NOW Records,Warner Records,,,Shot A Car Into Space,Silver Sands Marina,Main Version,Album,Writer,Country,,"SMN,SMG-US",SOS,FLUID JV II,,,,AJ Burton,5/27/2026
Hold,2/21/2024,,,8/29/2025,,,Kane Brown,Anchor,David Garcia,"Blake Pendergrass,Hillary Lindsey,Jessie Jo Dillon",25.00%,ESA/Co-Pub,12/8/2023,6/4/2024,,,Sony Music Nashville,,,,,,Main Version,,Writer,,SMG_MSG_109_12718,"SMN,SMG-US",SOS,SOS,,,,,8/29/2025
Hold,2/22/2024,,,8/29/2025,,,Morgan Wallen ,True Story,David Garcia,"Blake Pendergrass,Jessie Jo Dillon",33.33%,ESA/Co-Pub,8/25/2023,5/6/2024,,,Big Loud Records,,,,,,Main Version,,Writer,,SMG_MSG_109_12616,"SMN,SMG-US",SOS,SOS,,,,,8/29/2025
Hold,2/26/2024,,,8/29/2025,,,Old Hickory,Want You To Come Back,Brinley Addington,"Dan Alley,Timothy Baker",33.34%,ESA/Co-Pub,2/13/2024,2/16/2024,,,Independent,,,,,,Main Version,,Writer,,SMG_MSG_109_11884,"SMN,SMG-US",SOS,SOS,,,,,8/29/2025
Hold,2/28/2024,,,8/29/2025,,,Little Big Town,Hangin' In There,Ryan Beaver,"Ryan Tyndall,Tucker Beathard",33.34%,ESA/Co-Pub,9/20/2023,2/26/2024,,,Capitol Records Nashville,MCA (Music Corporation of America),,,,,Main Version,,Writer,,SMG_MSG_109_11934,"SMN,SMG-US",SOS,2 MIX JV II,,,,,8/29/2025
Hold,3/12/2024,,,8/29/2025,,,Parker McCollum,Pouring Rain,Monty Criswell,"Parker McCollum,Randy Rogers",33.33%,ESA/Co-Pub,2/26/2024,3/18/2024,,,MCA Nashville,MCA (Music Corporation of America),,,,,Main Version,,Writer,,SMG_MSG_109_11998,"SMN,SMG-US",SOS,FLUID JV II,,,,,8/29/2025
Hold,3/18/2024,,,8/29/2025,,,Dustin Lynch,Two Tequilas Ago,"Derek George,Frank Rogers,Jeremy Bussey",Dustin Lynch,75.00%,"ESA/Co-Pub,ESA/Co-Pub,ESA/Co-Pub",2/28/2024,3/12/2024,,,BMG BBR,,,,,,Main Version,,Writer,,"SMG_MSG_101_240298, SMG_MSG_109_12069","SMN,SMG-US","SOS, CRESCENDO","FLUID JV II, FLUID JV I",,,,,8/29/2025
Hold,3/18/2024,,,8/29/2025,,,Dustin Lynch,Somebody Said Something,"Brent Anderson,Derek George,Frank Rogers,Jeremy Bussey","Dustin Lynch,Smith Ahnquist",66.67%,"ESA/Co-Pub,ESA/Co-Pub,ESA/Co-Pub,ESA/Co-Pub",2/28/2024,3/12/2024,,,BMG BBR,,,,,,Main Version,,Writer,,"SMG_MSG_101_240297, SMG_MSG_109_12070","SMN,SMG-US","SOS, CRESCENDO","FLUID JV II, FLUID JV I",,,,,8/29/2025
Hold,3/18/2024,,,8/29/2025,,,Breland,Same Drug,Monty Criswell,"Daniel Breland,Daniel Ross,Matt Roy",25.00%,ESA/Co-Pub,3/13/2024,3/18/2024,,,Warner Music Nashville,WMG (Warner Music Group),,,,,Main Version,,Writer,,SMG_MSG_109_12003,"SMN,SMG-US",SOS,FLUID JV II,,,,,8/29/2025
Hold,3/18/2024,,,8/29/2025,,,Parker McCollum,Radio's On,Monty Criswell,"Parker McCollum,Randy Rogers",33.33%,ESA/Co-Pub,2/25/2024,3/12/2024,,,MCA Nashville,MCA (Music Corporation of America),,,,,Main Version,,Writer,,SMG_MSG_109_12059,"SMN,SMG-US",SOS,FLUID JV II,,,,,8/29/2025
Hold,3/18/2024,,,8/29/2025,,,Dustin Lynch,Pouring It On,"Brent Anderson,Jeremy Bussey,Monty Criswell","Dustin Lynch,Smith Ahnquist",60.00%,"ESA/Co-Pub,ESA/Co-Pub,ESA/Co-Pub",2/27/2024,3/12/2024,,,BMG BBR,,,,,,Main Version,,Writer,,SMG_MSG_109_12050,"SMN,SMG-US",SOS,FLUID JV II,,,,,8/29/2025
Hold,3/18/2024,,,8/29/2025,,,Dustin Lynch,Drink On Me,"Brent Anderson,Derek George,Frank Rogers,Monty Criswell",Dustin Lynch,80.00%,"ESA/Co-Pub,ESA/Co-Pub,ESA/Co-Pub,ESA/Co-Pub",2/28/2024,3/12/2024,,,BMG BBR,,,,,,Main Version,,Writer,,"SMG_MSG_101_240299, SMG_MSG_109_12068","SMN,SMG-US","SOS, CRESCENDO","FLUID JV II, FLUID JV I",,,,,8/29/2025
Hold,3/18/2024,,,8/29/2025,,,Parker McCollum,4th Of July,"Derek George,Monty Criswell","Parker McCollum,Randy Rogers",50.00%,"ESA/Co-Pub,ESA/Co-Pub",2/26/2024,3/12/2024,,,MCA Nashville,MCA (Music Corporation of America),,,,,Main Version,,Writer,,SMG_MSG_109_12058,"SMN,SMG-US",SOS,FLUID JV II,,,,,8/29/2025
Hold,3/20/2024,,,8/29/2025,,,Apple Kids Country,Growing Up Country,"Bobby Hamrick,Joy Williams","Gavin Slate,Jaden Michaels,Molly Reed Grayson",40.00%,"ESA/Co-Pub,ESA/Co-Pub",11/10/2023,3/19/2024,,,Independent,,,,,,Main Version,,Writer,,SMG_MSG_109_11983,"SMN,SMG-US","CRESCENDO, SOS","CRESCENDO, SOS",,,,,8/29/2025
Hold,3/22/2024,,,8/29/2025,,,William Beckman,Stone Cold Drinkin' Song,Ryan Beaver,"Bryce Leatherwood,Jared Keim",33.34%,ESA/Co-Pub,2/6/2024,3/12/2024,,,Warner Music Nashville,WMG (Warner Music Group),,,,,Main Version,,Writer,,SMG_MSG_109_12042,"SMN,SMG-US",SOS,2 MIX JV II,,,,,8/29/2025
Hold,4/5/2024,,,8/29/2025,,,Eli Young Band,When You Lose Somebody,Ryan Beaver,"Aaron Eshuis,Mike Eli",33.34%,ESA/Co-Pub,2/6/2023,10/31/2023,,,Big Machine Label Group,,,,,,Main Version,,Writer,,SMG_MSG_109_12436,"SMN,SMG-US",SOS,2 MIX JV II,,,,,8/29/2025
Hold,4/5/2024,,,8/29/2025,,,Eli Winders,Safer To Assume,Ryan Beaver,"Aaron Eshuis,Eli Winders",33.34%,ESA/Co-Pub,11/30/2023,12/19/2023,,,Independent,,,,,,Main Version,,Writer,,SMG_MSG_109_11075,"SMN,SMG-US",SOS,2 MIX JV II,,,,,8/29/2025
Hold,4/18/2024,,,8/29/2025,,,David J,Goodbye Wrong,"Connor McCutcheon,Matthew Morrisey","Kylie Sackley,Paul Wrock",50.00%,"ESA/Co-Pub,ESA/Co-Pub",3/5/2024,3/12/2024,,,Sony Music Nashville,,,,,,Main Version,,Writer,,SMG_MSG_109_12061,"SMN,SMG-US",SOS,"FLUID JV II, SOS",,,,,8/29/2025
Hold,4/26/2024,,,8/29/2025,,,David J,Twenty Too,Tyler Reeve,"Lalo Guzman,Michael Tyler,Thomas Archer",25.00%,ESA/Co-Pub,1/31/2024,5/2/2024,,,Sony Music Nashville,,,,,,Main Version,,Writer,,SMG_MSG_109_12546,"SMN,SMG-US",SOS,SOS,,,,,8/29/2025
Hold,4/24/2024,,,8/29/2025,,,David J,Say It Like That,David Garcia,"Josh Thompson,Michael Hardy,Rocky Block",25.00%,ESA/Co-Pub,8/19/2023,6/4/2024,,,Sony Music Nashville,,,,,,Main Version,,Writer,,SMG_MSG_109_12754,"SMN,SMG-US",SOS,SOS,,,,,8/29/2025
Hold,4/24/2024,,,8/29/2025,,,Jordan Davis,Red Leaves,David Garcia,"Blake Pendergrass,Jessie Jo Dillon,Josh Miller",25.00%,ESA/Co-Pub,3/13/2024,6/3/2024,,,MCA Nashville,MCA (Music Corporation of America),,,,,Main Version,,Writer,,SMG_MSG_109_12675,"SMN,SMG-US",SOS,SOS,,,,,8/29/2025
Hold,5/2/2024,,,8/29/2025,,,Colin Stough,Devil I Know,Adam Chaffins,"Brit Taylor,Bryan Simpson",33.34%,ESA/Co-Pub,10/13/2021,6/30/2022,,,BMG BBR,,,,,,Main Version,,Writer,,,"SMN,SMG-US",SOS,FLUID JV II,,,,,8/29/2025
Hold,5/3/2024,,,8/29/2025,,,Morgan Wallen ,You Know I Would,David Garcia,"Chris Tompkins,Rodney Clawson",33.34%,ESA/Co-Pub,4/29/2024,6/3/2024,,,Big Loud Records,,,,,,Main Version,,Writer,,SMG_MSG_109_12715,"SMN,SMG-US",SOS,SOS,,,,,8/29/2025
Hold,5/25/2024,,,8/29/2025,,,Russell Dickerson,Today,"Cale Dodds,Justin Halpin",Corey Crowder,66.67%,"Admin,ESA/Co-Pub",4/29/2024,5/10/2024,,,Sony Music Nashville,,,,,,Main Version,,Writer,,SMG_MSG_109_12581,"SMN,SMG-US",SOS,"SOS, FLUID JV II",,,,,8/29/2025
Hold,5/25/2024,,,8/29/2025,,,Russell Dickerson,Grass Is Greener,"Cale Dodds,Justin Halpin",Corey Crowder,66.67%,"ESA/Co-Pub,ESA/Co-Pub",1/26/2023,5/24/2024,,,Sony Music Nashville,,,,,,Main Version,,Writer,,SMG_MSG_109_10034,"SMN,SMG-US",SOS,FLUID JV II,,,,,8/29/2025
Hold,6/7/2024,,,8/29/2025,,,Alli Walker,Pull Out And Pray,Jessica Cayne,"Alli Walker,Michael Delorenzis,Michael Paynter",25.00%,ESA/Co-Pub,6/3/2024,6/11/2024,,,Independent,,,,,,Main Version,,Writer,,SMG_MSG_109_12796,"SMN,SMG-US",SOS,2 MIX JV II,,,,,8/29/2025
Hold,6/24/2024,,,8/29/2025,,,Nate Smith,Memories Like You,David Garcia,"Hillary Lindsey,Jaren Johnston",33.34%,ESA/Co-Pub,4/15/2024,8/28/2024,"Nate Smith (Hold), Jaren Johnston (Upcoming)",,Sony Music Nashville,,,,,,Main Version,,Writer,,SMG_MSG_109_13459,"SMN,SMG-US",SOS,SOS,,,,,8/29/2025
Hold,6/7/2024,,,8/29/2025,,,The Band Loula,If You Need Me I'm Here,Ryan Beaver,"Logan Simmons,Malachi Mills",33.33%,ESA/Co-Pub,6/4/2024,6/28/2024,,,Warner Music Nashville,WMG (Warner Music Group),,,,,Main Version,,Writer,,SMG_MSG_109_13073,"SMN,SMG-US",SOS,2 MIX JV II,,,,,8/29/2025
Released,,,5/2/2025,8/29/2025,,,Bryce Vine,Rocky Mountain,Jessica Cayne,"Brittney Spencer,Bryce Vine,Jimmy Duval,Ethan Ridings,Ian Everson",7.50%,ESA/Co-Pub,10/29/2024,8/28/2025,,Brittney Spencer,BAMBOO .45,,,SGB502505428,,Motel California,Main Version,Album,Writer,,SMG_MSG_109_18472,"SMN,SMG-US",SOS,2 MIX JV II,,,,,9/2/2025
Released,,,8/29/2025,8/29/2025,,,Riley Green,One to Willie,"Monty Criswell,Derek George",Randy Montana,66.67%,"ESA/Co-Pub,ESA/Co-Pub",11/15/2022,11/18/2022,,,Big Machine Label Group,,,QZRD92507715,,Don't Mind If I Do (Deluxe),Main Version,Album,Writer,Country,SMG_MSG_109_6849,"SMN,SMG-US",SOS,FLUID JV II,,,,,8/29/2025
Released,,8/27/2025,9/26/2025,8/27/2025,,,Brooke Lee,Highway Lovers,Brooke Lee,Danielle Blakey,50.00%,ESA/Co-Pub,4/2/2025,7/2/2025,,,Spirit Nashville Recordings,,,QMDA72591091,,Highway Lovers - Single,Main Version,Single,Writer,Country,SMG_MSG_109_18076,"SMN,SMG-US",SOS,2 MIX JV II,,,,,9/26/2025
Released,,,8/22/2025,8/26/2025,,,BigXThaPlug,24/7,Nick Gale,"Hank Compton,Emily Weisband,Xavier Landum,Bandplay,Rodarrion Harrison,JT Daly,Atia Boggs",0.00%,ESA/Co-Pub,,8/13/2025,,Ink,,,,QZNMV2534156,,I Hope You're Happy,Main Version,Album,Writer,,SMG_MSG_109_18471,"SMN,SMG-US",SOS,SOS,,,,,8/26/2025
Released,,,8/4/2024,8/25/2025,,,Eem Triplin,FIJI,Ely Rise,"Adam Kain,Julian Sago,AJ Roth,Dahi,Eem Triplin",5.00%,ESA/Co-Pub,,8/21/2025,Eem Triplin (Released),Cruza,RCA Records,Sony Music Entertainment,,USRC12402532,,FIJI (feat. Cruza) - Single,Clean,Single,Writer,Hip-Hop/Rap,SMG_MSG_109_18470,"SMN,SMG-US",SOS,DAHI JV,,,,,8/25/2025
Released,,,8/4/2024,8/25/2025,,,Eem Triplin,FIJI,Ely Rise,"Adam Kain,Julian Sago,AJ Roth,Dahi,Eem Triplin",5.00%,ESA/Co-Pub,,8/21/2025,Eem Triplin (Released),Cruza,RCA Records,Sony Music Entertainment,,USRC12402530,,FIJI (feat. Cruza) - Single,Explicit,Single,Writer,Hip-Hop/Rap,SMG_MSG_109_18470,"SMN,SMG-US",SOS,DAHI JV,,,,,8/25/2025
Hold,8/25/2025,,,8/25/2025,,,Corey Kent,The Hell I Was,Nick Autry,"Cary Barlowe,Chris Rafetto",33.34%,ESA/Co-Pub,8/18/2025,8/21/2025,,,Sony Music Nashville,,,,,,Main Version,,Writer,,SMG_MSG_109_18580,"SMN,SMG-US",SOS,SOS,,,,,8/25/2025
Released,,,8/22/2025,8/22/2025,,,Adam Mac,All Dollars No Sense,Jessica Cayne,"Adam Mac,Chris Rafetto",33.34%,ESA/Co-Pub,11/20/2023,11/30/2023,,,Independent,,,QZEQU2501553,,"All Dollars, No Sense - Single",Main Version,Single,Writer,Country,SMG_MSG_109_11040,"SMN,SMG-US",SOS,2 MIX JV II,,,,,8/22/2025
Released,,8/27/2025,3/6/2026,8/21/2025,,,Joe Bryson,Where Do You Go When It Rains,Joe Bryson,,100.00%,ESA/Co-Pub,6/12/2022,7/31/2025,,,"""Joe Bryson Music, LLC""",,,QM4TW2659458,,The King's Court,Main Version,Album,Writer,Country,,"SMN,SMG-US",SOS,SOS,,,,,3/6/2026
Released,,8/27/2025,3/6/2026,8/21/2025,,,Joe Bryson,Purgatory,Joe Bryson,Trey Gallman,50.00%,ESA/Co-Pub,3/24/2025,7/31/2025,,,"""Joe Bryson Music, LLC""",,,QM4TW2659276,,The King's Court,Main Version,Album,Writer,Country,,"SMN,SMG-US",SOS,SOS,,,,,3/6/2026
Released,,8/25/2025,3/6/2026,8/21/2025,,,Joe Bryson,My Sunday,Joe Bryson,"Madison Carter Windham,Stephen Thomas Latkovic",33.34%,ESA/Co-Pub,4/7/2024,7/31/2025,,,"""Joe Bryson Music, LLC""",,,QM4TW2659156,,The King's Court,Main Version,Album,Writer,Country,,"SMN,SMG-US",SOS,SOS,,,,,3/6/2026
Released,,8/24/2025,9/26/2025,8/21/2025,,,Joe Bryson,Mississippi Mia,Joe Bryson,"Henry Cruz,Jaid Johnson",33.34%,ESA/Co-Pub,11/28/2023,7/31/2025,,,"""Joe Bryson Music, LLC""",,,QMFME2511379,,The King's Court,Main Version,Album,Writer,Country,,"SMN,SMG-US",SOS,SOS,,,,,9/26/2025
Released,8/13/2025,8/24/2025,3/6/2026,8/21/2025,,,Joe Bryson,Come Back Down,Joe Bryson,"Madison Carter Windham,Stephen Thomas Latkovic",33.34%,ESA/Co-Pub,4/9/2024,7/31/2025,,,"""Joe Bryson Music, LLC""",,,QM4TW2659471,,The King's Court,Main Version,Album,Writer,Country,,"SMN,SMG-US",SOS,SOS,,,,,3/6/2026
Released,,8/20/2025,1/16/2026,8/21/2025,,,Joe Bryson,Bloody Nails,Joe Bryson,Jasper Charles,50.00%,ESA/Co-Pub,4/3/2024,7/31/2025,,,Spirit Nashville Recordings,,,QMFMG2578094,,The King's Court,Main Version,Album,Writer,,SMG_MSG_109_21985,"SMN,SMG-US",SOS,SOS,,,,,1/20/2026
Released,,,11/22/2024,8/21/2025,,,Joe Bryson,WWJGTD,Joe Bryson,"Dan Cameron,James Scott Ervin",33.34%,ESA/Co-Pub,5/20/2024,7/31/2025,,,"""Joe Bryson Music, LLC""",,,QZZ8A2496216,,Alley Tapes Vol. 2,Main Version,Album,Writer,,,"SMN,SMG-US",SOS,SOS,,,,,8/21/2025
Released,,,1/17/2025,8/21/2025,,,Jasper Charles,World Burns Down,Joe Bryson,Jasper Charles,50.00%,ESA/Co-Pub,4/2/2024,7/31/2025,,,Independent,,,QT3F42463160,,World Burns Down - Single,Main Version,Single,Writer,,,"SMN,SMG-US",SOS,SOS,,,,,8/21/2025
Released,,,10/11/2024,8/21/2025,,,Joe Bryson,Wild Magnolia,Joe Bryson,"Austin Michael Dore,Clay Matthew Cormier",33.34%,ESA/Co-Pub,5/7/2024,7/31/2025,,,"""Joe Bryson Music, LLC""",,,QZWV32473266,,Alley Tapes Vol. 2,Main Version,Album,Writer,,,"SMN,SMG-US",SOS,SOS,,,,,8/21/2025
Released,,,7/4/2018,8/21/2025,,,Joe Bryson,Til the Sand Ran Out,Joe Bryson,"Brian Rhea,Kenneth Gaylon Cooper,Nick Nanton",25.00%,ESA/Co-Pub,7/11/2017,7/31/2025,,,"""Joe Bryson Music, LLC""",,,SE5BU1886639,,Til the Sand Runs Out - Single,Main Version,Single,Writer,,,"SMN,SMG-US",SOS,SOS,,,,,8/21/2025
Released,,,10/21/2022,8/21/2025,,,Joe Bryson,'Til It's Gone,Joe Bryson,Lauren Hungate,50.00%,ESA/Co-Pub,1/24/2021,7/31/2025,,,"""Joe Bryson Music, LLC""",,,US2762202528,'Til It's Gone,'Til It's Gone - Single,Main Version,Single,Writer,,SMG_MSG_109_22099,"SMN,SMG-US",SOS,SOS,,,,,8/21/2025
Released,,,6/13/2025,8/21/2025,,,Joe Bryson,Started in a Truck,Joe Bryson,"Johnny Gates,Michael Anthony Warren",33.34%,ESA/Co-Pub,2/21/2024,7/31/2025,,,"""Joe Bryson Music, LLC""",,,QZWDD2599790,,Started in a Truck - Single,Main Version,Single,Writer,,,"SMN,SMG-US",SOS,SOS,,,,,8/21/2025
Released,,,1/22/2018,8/21/2025,,,Joe Bryson,She Don't Really Miss Me,Joe Bryson,"Adam Doleac,Nick Nanton",33.34%,ESA/Co-Pub,7/12/2017,7/31/2025,,,"""Joe Bryson Music, LLC""",,,SE5BU1783493,,She Don't Really Miss Me - Single,Main Version,Single,Writer,,,"SMN,SMG-US",SOS,SOS,,,,,8/21/2025
Released,,,4/11/2025,8/21/2025,,,Joe Bryson,Rosary on the Rearview,Joe Bryson,Colleen D McKenna,50.00%,ESA/Co-Pub,6/15/2024,7/31/2025,,Colleen McKenna,"""Joe Bryson Music, LLC""",,,GBWUL2556915,,Rosary on the Rearview - Single,Main Version,Single,Writer,,,"SMN,SMG-US",SOS,SOS,,,,,8/21/2025
Released,,,10/29/2024,8/21/2025,,,Bobby McClendon,Ready for the Worst,Joe Bryson,"Bobby McClendon,Kenneth Gaylon Cooper,Lucas Gienow",25.00%,ESA/Co-Pub,2/8/2022,7/31/2025,,,,,,QZWFL2425896,,30 East,Main Version,Single -> Album,Writer,,,"SMN,SMG-US",SOS,SOS,,,,,8/21/2025
Released,,,11/22/2024,8/21/2025,,,Joe Bryson,More Days Like Today,Joe Bryson,Shawn Ward,50.00%,ESA/Co-Pub,3/4/2024,7/31/2025,,,"""Joe Bryson Music, LLC""",,,QZZ8A2496212,,Alley Tapes Vol. 2,Main Version,Album,Writer,,,"SMN,SMG-US",SOS,SOS,,,,,8/21/2025
Released,,,8/30/2024,8/21/2025,,,Clay Cormier,Montana Mustang,Joe Bryson,"Austin Michael Dore,Clay Matthew Cormier,Zakk Autrey",25.00%,ESA/Co-Pub,1/11/2022,7/31/2025,,,Independent,,,QZTAW2428962,,Montana Mustang - Single,Main Version,Single,Writer,,,"SMN,SMG-US",SOS,SOS,,,,,8/21/2025
Released,,,5/21/2021,8/21/2025,,,Joe Bryson,Medication,Joe Bryson,"Heidi Bulford,John Joseph Bulford,Nick Nanton",25.00%,ESA/Co-Pub,1/21/2021,7/31/2025,,,"""Joe Bryson Music, LLC""",,,SE6I32156973,,Medication - Single,Main Version,Single,Writer,,,"SMN,SMG-US",SOS,SOS,,,,,8/21/2025
Released,,,9/29/2023,8/21/2025,,,Joe Bryson,Loved You Most,Joe Bryson,Liam Patrick Coleman,50.00%,ESA/Co-Pub,5/6/2022,7/31/2025,,,"""Joe Bryson Music, LLC""",,,QZWDE2357271,,Alley Tapes Vol. 1,Main Version,Album,Writer,,,"SMN,SMG-US",SOS,SOS,,,,,8/21/2025
Released,,,11/22/2024,8/21/2025,,,Joe Bryson,Lighter,Joe Bryson,"Emily Elizabeth Ortego,Michael Anthony Warren",33.34%,ESA/Co-Pub,4/28/2024,7/31/2025,,,"""Joe Bryson Music, LLC""",,,QZZ8A2496222,,Alley Tapes Vol. 2,Main Version,Album,Writer,,,"SMN,SMG-US",SOS,SOS,,,,,8/21/2025
Released,,,7/4/2024,8/19/2025,,,Trey Gallman,Last American Outlaw,Joe Bryson,"Jacob Pelitire,Trey Gallman,Parker James Leblanc",25.00%,ESA/Co-Pub,12/6/2023,7/31/2025,,,Independent,,,TCAIJ2481563,,Last American Outlaw - Single,Main Version,Single,Writer,,,"SMN,SMG-US",SOS,SOS,,,,,8/19/2025
Released,,,6/19/2020,8/19/2025,,,Joe Bryson,If I Loved You Then,Joe Bryson,"Logan Ryan Wall,Nick Nanton",33.34%,ESA/Co-Pub,6/18/2020,7/31/2025,,,"""Joe Bryson Music, LLC""",,,SE6I32031831,,If I Loved You Then - Single,Main Version,Single,Writer,,,"SMN,SMG-US",SOS,SOS,,,,,8/19/2025
Released,,,5/10/2024,8/19/2025,,,Joe Bryson,Hey Hey Mama,Joe Bryson,,100.00%,ESA/Co-Pub,3/2/2024,7/31/2025,,,"""Joe Bryson Music, LLC""",,,QZTRX2453744,,"Hey Hey, Mama (Gettin' Old) - Single",Main Version,Single,Writer,,,"SMN,SMG-US",SOS,SOS,,,,,8/19/2025
Released,,,6/30/2021,8/19/2025,,,Johnny Cochran,Head in the Clouds,Joe Bryson,Johnathan Cochran,50.00%,ESA/Co-Pub,3/15/2021,7/31/2025,Johnny Cochran (Released),,BAW Media,,,QZHNB2120942,,Head In The Clouds - Single (Instrumental),Main Version,Single,Writer,,,"SMN,SMG-US",SOS,SOS,,,,,8/19/2025
Released,,,6/30/2021,8/19/2025,,,Johnny Cochran,Head in the Clouds,Joe Bryson,Johnathan Cochran,50.00%,ESA/Co-Pub,3/15/2021,7/31/2025,Johnny Cochran (Released),,BAW Media,,,QZHNB2120941,,Head In The Clouds - Single,Main Version,Single,Writer,,,"SMN,SMG-US",SOS,SOS,,,,,8/19/2025
Released,,,10/18/2024,8/19/2025,,,Liam Coleman,Hate.Ur.Happy,Joe Bryson,"James Scott Ervin,Justin Warren Corley,Liam Patrick Coleman",25.00%,ESA/Co-Pub,2/20/2024,7/31/2025,,,Independent,,,QZW9K2407152,,Hate.Ur.Happy - Single,Main Version,Single,Writer,,,"SMN,SMG-US",SOS,SOS,,,,,8/19/2025
Released,,,3/25/2022,8/19/2025,,,Joe Bryson,Gunslinger,Joe Bryson,,100.00%,ESA/Co-Pub,11/1/2021,7/31/2025,,,"""Joe Bryson Music, LLC""",,,SE6HN2216933,,Gunslinger - Single,Main Version,Single,Writer,,,"SMN,SMG-US",SOS,SOS,,,,,8/19/2025
Released,,,2/25/2022,8/19/2025,,,Joe Bryson,Good Actor,Joe Bryson,,100.00%,ESA/Co-Pub,10/27/2021,7/31/2025,,,"""Joe Bryson Music, LLC""",,,SE5752205835,,Good Actor - Single,Main Version,Single,Writer,,,"SMN,SMG-US",SOS,SOS,,,,,8/19/2025
Released,,,9/29/2023,8/19/2025,,,Joe Bryson,Gettin' By on Gettin' By,Joe Bryson,"Justin Warren Corley,Liam Patrick Coleman",33.34%,ESA/Co-Pub,5/8/2023,7/31/2025,,,"""Joe Bryson Music, LLC""",,,QZWDE2357119,,Alley Tapes Vol. 1,Main Version,Album,Writer,,,"SMN,SMG-US",SOS,SOS,,,,,8/19/2025
Released,,,1/28/2022,8/19/2025,,,Joe Bryson,Fine By Me,Joe Bryson,,100.00%,ESA/Co-Pub,9/25/2021,7/31/2025,,,"""Joe Bryson Music, LLC""",,,SE5BU2200584,,Fine By Me - Single,Main Version,Single,Writer,,,"SMN,SMG-US",SOS,SOS,,,,,8/19/2025
Released,,,7/18/2025,8/19/2025,,,Jasper Charles,Either Way,Joe Bryson,Jasper Charles,50.00%,ESA/Co-Pub,3/22/2025,7/31/2025,,,Independent,,,QZTBC2555244,,Either Way (Acoustic)  - Single,Main Version,Single,Writer,,,"SMN,SMG-US",SOS,SOS,,,,,8/19/2025
Released,,,3/31/2023,8/19/2025,,,Joe Bryson,Down to the Filter,Joe Bryson,"Heidi Bulford,John Joseph Bulford,Nick Nanton",25.00%,ESA/Co-Pub,1/23/2023,7/31/2025,,,"""Joe Bryson Music, LLC""",,,USLZJ2328242,,Down to the Filter,Main Version,,Writer,,,"SMN,SMG-US",SOS,SOS,,,,,8/19/2025
Released,,,5/23/2025,8/19/2025,,,Trey Gallman,Cowboys and Hippies,Joe Bryson,"Trey Gallman,Liam Patrick Coleman",33.34%,ESA/Co-Pub,7/24/2024,7/31/2025,,,Independent,,,TCAJP2591630,,Man to Man,Main Version,Album,Writer,,,"SMN,SMG-US",SOS,SOS,,,,,8/19/2025
Released,,,11/1/2024,8/19/2025,,,Cat Flint,Call It,Joe Bryson,"Bobby McClendon,Kenneth Gaylon Cooper,Lucas Gienow",25.00%,ESA/Co-Pub,9/30/2021,7/31/2025,,,Independent,,,QZWFQ2436849,,Call It - Single,Main Version,Single,Writer,,,"SMN,SMG-US",SOS,SOS,,,,,8/19/2025
Released,,,4/11/2025,8/19/2025,,,Bobby McClendon,Built to Last,Joe Bryson,"Bobby McClendon,Kenneth Gaylon Cooper,Lucas Gienow",25.00%,ESA/Co-Pub,4/21/2022,7/31/2025,,,,,,QZK6N2524860,,30 East,Main Version,Album,Writer,,,"SMN,SMG-US",SOS,SOS,,,,,8/19/2025
Released,,,3/25/2022,8/19/2025,,,Bobby McClendon,Almost Missed You,Joe Bryson,"Bobby McClendon,Kenneth Gaylon Cooper,Lucas Gienow",25.00%,ESA/Co-Pub,1/11/2019,7/31/2025,,,,,,QM4TX2209958,,Almost Missed You - Single,Main Version,Single,Writer,,SMG_MSG_109_22197,"SMN,SMG-US",SOS,SOS,,,,,8/19/2025
Released,,,8/15/2025,8/18/2025,,,Liam Coleman,Insane,Joe Bryson,"Chase Guillory,Justin Corely,Liam Coleman",25.00%,ESA/Co-Pub,3/23/2024,8/15/2025,,,Independent,,,QZNJY2563904,,Insane - Single,Main Version,Single,Writer,,SMG_MSG_109_18395,"SMN,SMG-US",SOS,SOS,,,,,8/18/2025
Upcoming,,8/14/2025,,8/18/2025,,,LECADE,Devil Bought A Bible,LECADE,"Beau Bailey,Michael Whitworth,Andrew DeRoberts",25.00%,ESA/Co-Pub,9/9/2024,3/31/2025,,,Big Machine Label Group,,checked,,,,Main Version,EP,"Writer,Artist",Country,,"SMN,SMG-US",SOS,LASA / HoB JV,,,,,8/18/2025
Released,,8/15/2025,6/12/2026,8/15/2025,,,Vince Gill,My Daughter,Joy Williams,Vince Gill,50.00%,ESA/Co-Pub,5/24/2023,7/11/2023,,,MCA Nashville,MCA (Music Corporation of America),,USUM72604818,,50 Years From Home: A Mother's Prayer,Main Version,Album,Writer,Country,SMG_MSG_109_9265,"SMN,SMG-US",SOS,SOS,,,,,6/24/2026
Released,,8/15/2025,9/4/2026,8/15/2025,,,Vince Gill,When You Belong,Joy Williams,Vince Gill,50.00%,ESA/Co-Pub,4/13/2023,7/11/2023,,,MCA Nashville,MCA (Music Corporation of America),,USUM72607930,When You Belong,50 Years From Home: Stillwater Night,Main Version,Album,Writer,Country,SMG_MSG_109_9264,"SMN,SMG-US",SOS,SOS,,,,,9/15/2026
Released,,,8/15/2025,8/14/2025,checked,,BL3SS,Afters,Melodie Wagner,"Josh Wilkinson,Ki Fitzgerald,Alessandro Bruno",31.67%,ESA/Co-Pub,,8/14/2025,,,WMG (Warner Music Group),,,GBAHS2500696,,Afters - Single,Main Version,Single,Writer,,SMG_MSG_109_18351,"SMN,SMG-US",SOS,SOS,,,,,8/14/2025
Released,,8/12/2025,9/26/2025,8/13/2025,,,Ben Gallaher,Where Do You Go,Neil Thrasher,"Josh Thompson,Kelley Lovelace",33.34%,ESA/Co-Pub,4/27/2020,5/20/2020,,,Stone Country Records,,,QZURR2500017,Where Do You Go,Time,Main Version,Album,Writer,Country,SMG_MSG_101_202430,"SMN,SMG-US",CRESCENDO,CRESCENDO,,,,,9/26/2025
Released,,8/12/2025,9/26/2025,8/13/2025,,,Ben Gallaher,Love Is Hard,Neil Thrasher,"Kurt Allison,Tony Martin,Tully Kennedy",25.00%,ESA/Co-Pub,9/21/2023,10/18/2023,,,Quartz Hill,,,QZURR2500018,,Time,Main Version,Album,Writer,Country,SMG_MSG_101_239430,"SMN,SMG-US",CRESCENDO,CRESCENDO,,,,,9/26/2025
Released,,8/12/2025,9/26/2025,8/13/2025,checked,,Ben Gallaher,I'll Take You,Neil Thrasher,"Tony Martin,Wendell Mobley",33.34%,ESA/Co-Pub,7/4/2022,11/17/2022,,,Stone Country Records,,,QZURR2500016,I'll Take You,Time,Main Version,Album,Writer,Country,SMG_MSG_101_235182,"SMN,SMG-US",CRESCENDO,CRESCENDO,,Project to be a Q1 2025 radio single,,,10/1/2025
Released,,8/13/2025,12/5/2025,8/12/2025,,,Zac Brown Band,What You Gonna Do,Jonathan Singleton,"Zac Brown,Ben Simonetti,Wyatt Durrette",25.00%,ESA/Co-Pub,12/13/2021,7/17/2025,,,"""Master of None, LLC""",,,QZEQU2501393,,Love & Fear,Main Version,Album,Writer,Country,SMG_MSG_101_246346,"SMN,SMG-US",CRESCENDO,CRESCENDO,,,,,12/5/2025
Released,,,7/28/2025,8/11/2025,,,Remy,Wish I Could Tell You,Remy Gautreau,Ariana Wong,50.00%,ESA/Co-Pub,,8/1/2025,,,Independent,,,QZAKB2513611,,Late Bloomer,Main Version,Album,Writer,,SMG_MSG_109_18331,"SMN,SMG-US",SOS,ARCADE JV,,,,,8/11/2025
Released,,,8/8/2025,8/11/2025,,,Big Freedia,Praise Dance,Autumn Rowe,"Midi Jones,Big Freedia",33.33%,Admin,,8/4/2025,,,Independent,,,US38Y2552592,,Pressing Onward,Main Version,Album,Writer,,SMG_MSG_109_18330,"SMN,SMG-US",SOS,SOS,,,,,8/11/2025
Released,,8/13/2025,11/7/2025,8/8/2025,,,Shaylen,All Hat No Cowboy,Jessica Cayne,"Danielle Blakey,Lindsay Rimes,Shaylen Carroll",25.00%,ESA/Co-Pub,6/22/2022,6/29/2022,,,Big Machine Label Group,,,QZRD92508039,"All Hat, No Cowboy","All Hat, No Cowboy - Single",Main Version,Single,Writer,Country,SMG_MSG_101_224569,"SMN,SMG-US",CRESCENDO,2 MIX JV I,,,,,11/7/2025
Released,,,8/7/2025,8/8/2025,,,First Time Thieves,Money Talks,"Brock Westover,Cale Dodds,Justin Halpin",,100.00%,"ESA/Co-Pub,ESA/Co-Pub,ESA/Co-Pub",4/10/2025,5/1/2025,,,Independent,,,QZWV32560492,,Money Talks - Single ,Main Version,Single,"Writer,Producer,Artist",Country,SMG_MSG_109_18015,"SMN,SMG-US",SOS,"FUTURISTICS JV, FLUID JV II",,,,,8/8/2025
Hold,8/7/2025,,,8/7/2025,,,Mo Pitney,Whenever You Can,"Bobby Hamrick,Brinley Addington",Michael Ray,66.67%,"ESA/Co-Pub,ESA/Co-Pub",5/29/2020,6/1/2020,,,Curb Records,,,,,,Main Version,,Writer,Country,SMG_MSG_101_202572,"SMN,SMG-US",CRESCENDO,CRESCENDO,,,,,8/7/2025
Hold,8/7/2025,,,8/7/2025,,,Brooks & Dunn,Old Dance Floor,Ryan Beaver,"Ashley McBryde,Jeremy Spillman",33.34%,ESA/Co-Pub,2/5/2025,3/10/2025,,,Sony Music Nashville,,,,,,Main Version,,Writer,Country,SMG_MSG_109_16824,"SMN,SMG-US",SOS,2 MIX JV II,,,,,8/7/2025
Released,,,8/22/2025,8/6/2025,,,Dasha,Like It Like That,David Garcia,"Dasha,J Kash,Gian Stone",30.00%,ESA/Co-Pub,11/2/2024,8/1/2025,,,WMG (Warner Music Group),,,USWB12502899,,Like It Like That - Single,Main Version,Single,"Writer,Producer",Country,SMG_MSG_109_18329,"SMN,SMG-US",SOS,SOS,,,,,8/22/2025
Released,,8/24/2025,10/10/2025,8/5/2025,,,Faith Hopkins,You Break It You Buy It,Connor McCutcheon,"Evan Cline,Faith Hopkins,Jackson Foote",25.00%,ESA/Co-Pub,3/4/2024,3/17/2025,,,Play It Again Music,,,QM24S2504750,Break It You Buy It,Love & Insanity - EP,Main Version,EP,Writer,Country,SMG_MSG_109_16852,"SMN,SMG-US",SOS,FLUID JV II,,,,,10/10/2025
Released,,,9/20/2024,8/4/2025,,,Drake White,This Hat,Monty Criswell,"Drake White,Shane Minor",33.33%,ESA/Co-Pub,11/12/2018,11/29/2018,,,Independent,,,QZWH32400357,,Low Country High Road,Main Version,Album,"Writer,Producer",Country,SMG_MSG_101_195622,"SMN,SMG-US",CRESCENDO,FLUID JV I,,Produced by Jonathan Singleton,,,8/4/2025
Released,,,9/20/2025,8/4/2025,,,Brooke Lee,Wild And Free,"Brooke Lee,Mike Fiorentino,Patrick Ridgen",,100.00%,"ESA/Co-Pub,ESA/Co-Pub,ESA/Co-Pub",5/28/2024,9/6/2024,,,Spirit Nashville Recordings,,,QZWUY2400028,,,Main Version,Single,"Writer,Artist",Country,SMG_MSG_109_13518,"SMN,SMG-US",SOS,"2 MIX JV II, FLUID JV II, ERB JV",,,,,8/4/2025
Released,,,9/20/2024,8/4/2025,,,Gowa Gibbs,Let's Get Rollin,Dave Cohen,"Eddie Anthony,Gowa Gibbs,Troy Verges",25.00%,ESA/Co-Pub,2/9/2024,2/16/2024,,,Independent,,,TCAIR2464793,,,Main Version,Single,"Writer,Producer",Country,SMG_MSG_109_13757,"SMN,SMG-US",SOS,SOS,,,,,8/4/2025
Released,,,9/13/2024,8/4/2025,,,Ben Goldsmith,Graduate,Dave Cohen,"Ben Goldsmith,Kate York",33.34%,ESA/Co-Pub,10/25/2023,11/2/2023,,,Sony Music Nashville,,,QZZVQ2400019,,The Start of Something Beautiful ,Main Version,Album,"Writer,Producer",Country,SMG_MSG_101_239094,"SMN,SMG-US",CRESCENDO,CRESCENDO,,,,,8/4/2025
Released,,,9/13/2024,8/4/2025,,,Jordana Bryant,I Could See It,Matthew Morrisey,"Jonathan Gamble,Jordana Bryant",33.34%,ESA/Co-Pub,1/24/2024,2/16/2024,,,Independent,,,USUYG1569703,,,Main Version,Single,"Writer,Producer",Country,SMG_MSG_109_11876,"SMN,SMG-US",SOS,SOS,,,,,8/4/2025
Released,,,9/6/2024,8/4/2025,,,Grant Gilbert,College Town Taught Me,Matthew Morrisey,"Chase McDaniel,Clayton Mullen,Grant Gilbert",25.00%,ESA/Co-Pub,5/7/2024,5/24/2024,,Clayton Mullen,Sony Music Nashville,,,QZEQU2401669,,,Main Version,Single,Writer,Country,SMG_MSG_109_12622,"SMN,SMG-US",SOS,SOS,,,,,8/4/2025
Released,,,9/6/2024,8/4/2025,,,Scotty McCreery ,Fall of Summer,"Brent Anderson,Derek George,Frank Rogers,Monty Criswell",Scotty McCreery,80.00%,"ESA/Co-Pub,ESA/Co-Pub,ESA/Co-Pub,ESA/Co-Pub",3/2/2023,3/7/2023,Scotty McCreery  (Released),,"Sony Music Nashville,Triple Tigers",,,USQX92401584,,,Alternate Version,,"Writer,Producer",Country,"SMG_MSG_101_236249, SMG_MSG_109_7787","SMN,SMG-US","SOS, CRESCENDO","FLUID JV II, FLUID JV I",,NC State Version,,,8/4/2025
Released,,,9/5/2024,8/4/2025,,,First Time Thieves,Feel Some Kinda Way,"Cale Dodds,Justin Halpin",Aaron Wagner,66.67%,"ESA/Co-Pub,ESA/Co-Pub",5/16/2023,5/30/2023,,,Independent,,,QZWV32444786,,,Main Version,Single,"Writer,Artist",Pop,SMG_MSG_109_8007,"SMN,SMG-US",SOS,FLUID JV II,,,,,8/4/2025
Released,,,8/30/2024,8/4/2025,,,Craig Campbell,Sadder Day,Brinley Addington,Craig Campbell,50.00%,ESA/Co-Pub,9/19/2023,11/3/2023,,,Independent,,,QM24S2404551,,Almost Greatest Hits ,Main Version,Album,Writer,Country,SMG_MSG_109_10385,"SMN,SMG-US",SOS,SOS,,,,,8/4/2025
Released,,,8/23/2024,8/4/2025,,,Brooke Lee,Heart Starts Healing,Brooke Lee,"Jared Hampton,Tate Howell",33.34%,ESA/Co-Pub,1/22/2024,1/25/2024,Brooke Lee (Released),,Spirit Nashville Recordings,,,QZWUY2400024,,,Live Version,Single,"Writer,Artist,Producer",Country,SMG_MSG_109_11225,"SMN,SMG-US",SOS,2 MIX JV II,,Produced by Derek Wells,,,8/4/2025
Hold,3/25/2025,,,8/4/2025,,,Corey Kent,Out of the Blue,Ryan Beaver,"AJ Pruis,Corey Kent",33.34%,ESA/Co-Pub,5/4/2024,5/4/2024,,,Sony Music Nashville,,,,,,Main Version,,Writer,,SMG_MSG_109_18394,"SMN,SMG-US",SOS,2 MIX JV II,,,,,8/4/2025
Released,,,8/12/2024,8/4/2025,,,Adam Chaffins,"Holding On, Holding Out",Adam Chaffins,"Brit Taylor,Driver Williams",33.34%,ESA/Co-Pub,5/22/2024,6/6/2024,,Brit Taylor ,Spirit Nashville Recordings,,,QM7282455531,,,Main Version,Single,"Writer,Artist",Country,SMG_MSG_109_12738,"SMN,SMG-US",SOS,FLUID JV II,,,,,8/4/2025
Released,,,8/9/2024,8/4/2025,,,Gowa Gibbs,You'll Find Out,Dave Cohen,"Chris Gelbuda,Gowa Gibbs",33.34%,ESA/Co-Pub,6/21/2023,9/27/2023,,,Independent,,,TCAIK2442605,,,Main Version,Single,Writer,Country,SMG_MSG_101_238817,"SMN,SMG-US",CRESCENDO,CRESCENDO,,,,,8/4/2025
Released,,,8/2/2024,8/4/2025,,,Cale Dodds,Good Day,Cale Dodds,Ryan Sandlin,50.00%,Admin,3/31/2021,3/31/2022,,,Independent,,,QZWDE2432007,,,Main Version,Single,"Writer,Artist",Country,,"SMN,SMG-US",SOS,SOS,,,,,8/4/2025
Released,,,8/9/2024,8/4/2025,,,John Daly,The Way I Lose,"Jeremy Bussey,Tyler Reeve",Chris Young,66.67%,"ESA/Co-Pub,ESA/Co-Pub",2/17/2020,2/21/2020,,,Independent,,,QZQAY2400222,,Country Boy,Main Version,Album,Writer,Country,SMG_MSG_101_196733,"SMN,SMG-US","CRESCENDO, SOS","FLUID JV I, SOS",,,,,8/4/2025
Released,,,8/1/2024,8/4/2025,,,First Time Thieves,What It Looks Like,"Cale Dodds,Justin Halpin","Derek Mount,Riley Friesen",50.00%,"Admin,ESA/Co-Pub",5/14/2024,7/2/2024,,Club Danger,Independent,,,QZWDE2429149,,,Main Version,Single,Writer,Pop,SMG_MSG_109_13089,"SMN,SMG-US",SOS,"SOS, FLUID JV II",,,,,8/4/2025
Released,,,7/26/2024,8/4/2025,,,Brooke Lee,Heart Starts Healing,Brooke Lee,"Jared Hampton,Tate Howell",33.34%,ESA/Co-Pub,1/22/2024,1/25/2024,Brooke Lee (Released),,Spirit Nashville Recordings,,,QZWUY2400023,,,Main Version,Single,"Writer,Producer,Artist",Country,SMG_MSG_109_11225,"SMN,SMG-US",SOS,2 MIX JV II,,Produced by Derek Wells,,,8/4/2025
Released,,,5/24/2024,8/4/2025,checked,,Leanna Crawford,Still Waters,Justin Richards,"Jonathan Gamble,Leanna Crawford",33.34%,ESA/Co-Pub,4/18/2022,10/12/2023,Leanna Crawford (Released),,Provident Label Group,Sony Music Entertainment,,USA5W2300669,Still Waters (Psalm 23),Still Waters - Single,Main Version,Album,Writer,Christian,SMG_MSG_101_10049,"SMN,SMG-US",SOS,2 MIX JV II,Number 1,,,,8/4/2025
Released,,,7/19/2024,8/4/2025,,,The Dan Tyminski Band,Whiskey Drinking Man,Monty Criswell,Dan Tyminski,50.00%,ESA/Co-Pub,5/15/2020,5/21/2020,,,Independent,,,QZV6S2400086,,Dan Tyminski: Live From The Ryman,Live Version,Album,Writer,Country,SMG_MSG_101_202399,"SMN,SMG-US",CRESCENDO,FLUID JV I,,,,,8/4/2025
Released,,,7/19/2024,8/4/2025,,,Brooke Moriber ,So Do I,Jessica Cayne,"Brooke Moriber,Karen Kosowski",33.34%,ESA/Co-Pub,8/2/2022,6/21/2024,,,Independent,,,QZQAY2410226,,,Main Version,Single,Writer,Country,SMG_MSG_101_241946,"SMN,SMG-US",CRESCENDO,2 MIX JV I,,,,,8/4/2025
Hold,7/29/2025,,,8/4/2025,,,Chase Bryant,These Are The Days,"Derek George,Monty Criswell",Chase Bryant,66.67%,"ESA/Co-Pub,ESA/Co-Pub",11/18/2024,1/13/2025,,,Independent,,,,,,Main Version,,Writer,,"SMG_MSG_109_15592, SMG_MSG_109_15592","SMN,SMG-US",SOS,FLUID JV II,,,,,8/4/2025
Hold,7/29/2025,,,8/4/2025,,,Chase Bryant,Make Me Forget,"Derek George,Monty Criswell",Chase Bryant,66.67%,"ESA/Co-Pub,ESA/Co-Pub",11/18/2024,1/13/2025,,,Independent,,,,,,Main Version,,Writer,,SMG_MSG_109_15582,"SMN,SMG-US",SOS,FLUID JV II,,,,,8/4/2025
Released,,,7/12/2024,8/4/2025,,,Tim Montana,Ashes,"Mike Fiorentino,Tim Montana",Micah Wilshire,66.67%,"ESA/Co-Pub,ESA/Co-Pub",11/13/2023,1/11/2024,,,BMG BBR,,,QMRSZ2400720,,Savage ,Main Version,Album,"Writer,Artist",Country,SMG_MSG_109_11195,"SMN,SMG-US",SOS,"FLUID JV II, SOS",,,,,8/4/2025
Hold,7/29/2025,,,8/4/2025,,,Chase Bryant,That's How I Made It To This Bar,"Derek George,Monty Criswell",Chase Bryant,66.67%,"ESA/Co-Pub,ESA/Co-Pub",11/19/2024,1/13/2025,,,Independent,,,,,,Main Version,,Writer,,SMG_MSG_109_15591,"SMN,SMG-US",SOS,FLUID JV II,,,,,8/4/2025
Released,,,7/12/2024,8/4/2025,,,Tim Montana,Ain't Coming Down,"Mike Fiorentino,Tim Montana",Micah Wilshire,66.67%,"ESA/Co-Pub,ESA/Co-Pub",11/14/2023,1/11/2024,,,BMG BBR,,,QMRSZ2400726,,Savage ,Main Version,Album,"Writer,Artist",Country,SMG_MSG_109_11192,"SMN,SMG-US",SOS,"FLUID JV II, SOS",,,,,8/4/2025
Hold,7/29/2025,,,8/4/2025,,,Chase Bryant,I Don't Think I Can,"Derek George,Monty Criswell",Chase Bryant,66.67%,"ESA/Co-Pub,ESA/Co-Pub",11/18/2024,1/13/2025,,,Independent,,,,,,Main Version,,Writer,,SMG_MSG_109_15577,"SMN,SMG-US",SOS,FLUID JV II,,,,,8/4/2025
Released,,,7/12/2024,8/4/2025,,,Tim Montana,Day By Day,"Mike Fiorentino,Tim Montana",Micah Wilshire,66.67%,"ESA/Co-Pub,ESA/Co-Pub",11/13/2023,1/10/2024,,,BMG BBR,,,QMRSZ2400728,,Savage ,Main Version,Album,"Writer,Artist",Country,SMG_MSG_109_11213,"SMN,SMG-US",SOS,"FLUID JV II, SOS",,,,,8/4/2025
Hold,7/29/2025,,,8/4/2025,,,Chase Bryant,Broke People,"Derek George,Monty Criswell",Chase Bryant,66.67%,"ESA/Co-Pub,ESA/Co-Pub",11/18/2024,1/13/2025,,,Independent,,,,,,Main Version,,Writer,,"SMG_MSG_109_15571, SMG_MSG_109_19185","SMN,SMG-US",SOS,FLUID JV II,,,,,8/4/2025
Released,,,7/12/2024,8/4/2025,,,Tim Montana,Get You Some,"Mike Fiorentino,Tim Montana",Micah Wilshire,66.67%,"ESA/Co-Pub,ESA/Co-Pub",11/14/2023,1/11/2024,,,BMG BBR,,,QMRSZ2400724,,Savage ,Main Version,Single,"Writer,Artist",Country,SMG_MSG_109_11219,"SMN,SMG-US",SOS,"FLUID JV II, SOS",,,,,8/4/2025
Released,,,7/12/2024,8/4/2025,,,Tim Montana,Lovely,"Mike Fiorentino,Tim Montana",Aaron Wagner,66.67%,"ESA/Co-Pub,ESA/Co-Pub",7/25/2023,7/27/2023,,,BMG BBR,,,QMRSZ2400727,,Savage ,Main Version,Album,"Writer,Artist",Country,"SMG_MSG_101_238346, SMG_MSG_109_9426","SMN,SMG-US","SOS, CRESCENDO","FLUID JV II, CRESCENDO",,,,,8/4/2025
Released,,,7/12/2024,8/4/2025,,,Tim Montana,Death Row,"Jessica Cayne,Tim Montana",Micah Wilshire,66.67%,"ESA/Co-Pub,ESA/Co-Pub",3/16/2022,3/18/2022,,,BMG BBR,,,QMRSZ2400725,,Savage,Main Version,,"Writer,Artist",Country,SMG_MSG_101_222574,"SMN,SMG-US",CRESCENDO,"2 MIX JV I, CRESCENDO",,,,,8/4/2025
Released,,,7/12/2024,8/4/2025,,,Tim Montana,Right Again,"Jessica Cayne,Tim Montana",Micah Wilshire,66.67%,"ESA/Co-Pub,ESA/Co-Pub",8/23/2023,6/11/2024,,,BMG BBR,,,QMRSZ2400723,,Savage ,Main Version,Album,"Writer,Artist",Country,SMG_MSG_109_11915,"SMN,SMG-US",SOS,"2 MIX JV II, SOS",,,,,8/4/2025
Released,,8/27/2025,8/15/2025,8/4/2025,,,Ashley Brooks,Southern Side Of Sweet,Andrew Jannakos,"Chris August,Erin Kirby",33.34%,ESA/Co-Pub,8/17/2023,7/28/2025,,,Independent,,,QZXF32500006,,Southern Side of Sweet - Single,Main Version,Single,Writer,,SMG_MSG_101_246302,"SMN,SMG-US",CRESCENDO,CRESCENDO,,,,,9/18/2025
Released,,,7/12/2024,8/4/2025,,,Bryan Todd,Crazy Talk,Nathan Barlowe,"Bryan Todd,Jaden Michaels,James Maslow",25.00%,ESA/Co-Pub,4/19/2023,10/3/2023,,"James Maslow,Thomas Will",Independent,,,QM6P42411188,,,Main Version,Single,Writer,Pop,SMG_MSG_101_238867,"SMN,SMG-US",CRESCENDO,FLUID JV I,,,,,8/4/2025
Released,,8/1/2025,11/7/2025,8/4/2025,,,Drake Milligan,Good As Gone,Monty Criswell,"Brandon Hood,Drake Milligan",33.34%,ESA/Co-Pub,6/3/2021,6/9/2021,,,BMG BBR,,,QMRSZ2501815,Good As Gone,Tumbleweed,Main Version,Album,Writer,Country,SMG_MSG_101_214242,"SMN,SMG-US",CRESCENDO,FLUID JV I,,,,,11/7/2025
Released,,,7/12/2024,8/1/2025,,,HARDY,I Don't Miss,David Garcia,"Hunter Phelps,Michael Hardy",33.33%,ESA/Co-Pub,6/6/2023,5/6/2024,HARDY (Released),,Big Loud Records,,,USUG12402759,,QUIT!!,Explicit,Album,Writer,Country,SMG_MSG_109_12611,"SMN,SMG-US",SOS,SOS,,,,,8/1/2025
Released,,,7/12/2024,8/1/2025,,,HARDY,I Don't Miss,David Garcia,"Hunter Phelps,Michael Hardy",33.33%,ESA/Co-Pub,6/6/2023,5/6/2024,HARDY (Released),,Big Loud Records,,,USUG12402759,,QUIT!!,Main Version,Album,Writer,Country,SMG_MSG_109_12611,"SMN,SMG-US",SOS,SOS,,,,,8/1/2025
Released,,,7/12/2024,8/1/2025,,,HARDY,Good Girl Phase,David Garcia,"Hunter Phelps,Michael Hardy",33.33%,ESA/Co-Pub,10/28/2023,5/6/2024,HARDY (Released),,Big Loud Records,,,USUG12402758,,QUIT!!,Explicit,Album,Writer,Country,SMG_MSG_109_12610,"SMN,SMG-US",SOS,SOS,,,,,8/1/2025
Released,,,7/12/2024,8/1/2025,,,HARDY,Good Girl Phase,David Garcia,"Hunter Phelps,Michael Hardy",33.33%,ESA/Co-Pub,10/28/2023,5/6/2024,HARDY (Released),,Big Loud Records,,,USUG12402758,,QUIT!!,Main Version,Single,Writer,Country,SMG_MSG_109_12610,"SMN,SMG-US",SOS,SOS,,,,,8/1/2025
Released,,,7/4/2024,8/1/2025,,,First Time Thieves,Confetti,"Cale Dodds,Justin Halpin",Riley Friesen,66.67%,"ESA/Co-Pub,ESA/Co-Pub",10/10/2022,12/6/2022,,,Independent,,,QZWDD2422686,,,Main Version,Single,"Writer,Artist",Pop,SMG_MSG_109_6930,"SMN,SMG-US",SOS,FLUID JV II,,,,,8/1/2025
Released,,,6/28/2024,8/1/2025,,,Chase Behar,Can't Complain,Shane Stevens,"Chase Behar,Lauren Olds,Solomon Olds",25.00%,ESA/Co-Pub,1/6/2024,4/18/2024,,,Independent,,,NLRD52406262,,,Main Version,Single,Writer,Country,SMG_MSG_109_12483,"SMN,SMG-US",SOS,VAULT II,,,,,8/1/2025
Released,,,6/28/2024,8/1/2025,,,Hannah Kerr,As I Am,Matthew Morrisey,"Hannah Kerr,Jonathan Gamble",33.34%,ESA/Co-Pub,10/6/2021,11/11/2021,,,Curb Records,,,USM1C2300940,,As I Am,Main Version,Album,Writer,Country,SMG_MSG_101_216785,"SMN,SMG-US",CRESCENDO,CRESCENDO,,,,,8/1/2025
Released,,,6/28/2024,8/1/2025,,,Keith Urban,WildSide,David Garcia,"Ashley Gorley,Ernest Smith,Keith Urban",25.00%,ESA/Co-Pub,8/31/2022,9/26/2022,,,"Capitol Records Nashville,Hit Red Records",MCA (Music Corporation of America),,USUG12402015,,,Main Version,Single,Writer,Country,"SMG_MSG_101_235262, SMG_MSG_109_13090","SMN,SMG-US",CRESCENDO,CRESCENDO,,,,,8/1/2025
Released,,,6/28/2024,8/1/2025,,,Ryan Kinder,Good Again,Cale Dodds,"Brandon Ray Tant,Ryan Kinder",33.34%,Admin,7/12/2021,6/22/2022,,,Independent,,,QZEQU2401006,,,Main Version,Single,Writer,Country,SMG_MSG_109_6071,"SMN,SMG-US",SOS,SOS,,,,,8/1/2025
Released,,,6/21/2024,8/1/2025,,,Brinley Addington,Mind of Its Own,Brinley Addington,"Brandon Ratcliff,Logan Wall",33.34%,ESA/Co-Pub,7/8/2021,12/31/2020,,,Independent,,,QZEQU2400435,,Nobody's Favorite ,Main Version,Album,"Writer,Artist",Country,SMG_MSG_101_221830,"SMN,SMG-US",CRESCENDO,CRESCENDO,,,,,8/1/2025
Released,,,6/21/2024,8/1/2025,,,Brinley Addington,Late To Church,Brinley Addington,"Aaron Eshuis,Blake Chaffin",33.33%,ESA/Co-Pub,3/11/2020,10/5/2020,,,Independent,,,QZEQU2400438,,Nobody's Favorite ,Main Version,Album,"Writer,Artist",Country,SMG_MSG_101_207092,"SMN,SMG-US",CRESCENDO,CRESCENDO,,,,,8/1/2025
Released,,,6/21/2024,8/1/2025,,,Brinley Addington,I'm Free That Day,Brinley Addington,Aaron Eshuis,50.00%,ESA/Co-Pub,7/10/2019,10/8/2019,,,Independent,,,QZEQU2400432,,Nobody's Favorite ,Main Version,Album,"Writer,Artist",Country,SMG_MSG_101_192406,"SMN,SMG-US",CRESCENDO,CRESCENDO,,,,,8/1/2025
Released,,,6/20/2024,8/1/2025,,,Ashlie Amber,Dive Bar Baby,"Jessica Cayne,Shane Stevens","Andrew Haas,Ian Franzino",50.00%,"ESA/Co-Pub,ESA/Co-Pub",10/23/2023,11/7/2023,,,Independent,,,QZNB82404673,,,Main Version,Single,Writer,Country,SMG_MSG_109_10423,"SMN,SMG-US",SOS,"2 MIX JV II, VAULT II",,,,,8/1/2025
Released,,,6/14/2024,8/1/2025,,,Tim Montana,Shut Me Out,Tim Montana,Kyle Rife,50.00%,ESA/Co-Pub,1/29/2024,1/29/2024,,,BMG BBR,,,QMRSZ2400722,,Savage,Main Version,Album,"Writer,Artist",Country,,"SMN,SMG-US",SOS,SOS,,,,,8/1/2025
Released,,,6/14/2024,8/1/2025,,,George Strait,The Little Things,Monty Criswell,"Bubba Strait,George Strait",33.33%,ESA/Co-Pub,9/25/2017,3/14/2020,,,MCA Nashville,MCA (Music Corporation of America),,USUG12402153,,Cowboys And Dreamers,Main Version,Single -> Album,Writer,Country,SMG_MSG_101_171632,"SMN,SMG-US",CRESCENDO,FLUID JV I,,,,,8/1/2025
Released,,,6/14/2024,8/1/2025,,,Connor McCutcheon,Love Letter,Connor McCutcheon,Nate Kenyon,50.00%,ESA/Co-Pub,7/5/2022,5/31/2023,"Kelsey Hart (Cut), Connor McCutcheon (Released)",,Independent,,,QZNJV2403351,,Top Of The Hill,Main Version,Album,"Writer,Producer",Country,SMG_MSG_109_9457,"SMN,SMG-US",SOS,FLUID JV II,,,,,8/1/2025
Released,,,7/31/2025,8/1/2025,,,Be.zerk,Making Moves,"Bobby Hamrick,Brock Westover",,100.00%,"ESA/Co-Pub,ESA/Co-Pub",5/7/2025,5/8/2025,,,Independent,,,QZWFE2597249,,Making Moves - Single,Main Version,Single,"Writer,Producer,Artist",Hip-Hop/Rap,SMG_MSG_109_18253,"SMN,SMG-US",SOS,"SOS, FUTURISTICS JV",,Produced by Brock Westover,,,8/1/2025
Released,,,8/1/2025,8/1/2025,,,Schmitty,Office With A View,"Derek George,Monty Criswell",Steven Schmitt,66.67%,"ESA/Co-Pub,ESA/Co-Pub",6/18/2024,9/6/2024,,,Independent,,,QZEQU2501561,,Office With A View - Single,Main Version,Single,Writer,Country,SMG_MSG_109_13507,"SMN,SMG-US",SOS,FLUID JV II,,,,,8/1/2025
Released,,,6/14/2024,7/30/2025,,,Don Louis,Liquor Talkin',Cale Dodds,"Don Louis,Thomas Kipp Williams",33.33%,ESA/Co-Pub,10/26/2023,6/13/2024,,,,,,USUYG1548663,,,Main Version,Single,Writer,Country,SMG_MSG_109_12794,"SMN,SMG-US",SOS,FLUID JV II,,,,,7/30/2025
Released,,,6/14/2024,7/30/2025,,,Connor McCutcheon,Top Of The Hill,"Brent Anderson,Connor McCutcheon",Bruce Wiegner,66.67%,"ESA/Co-Pub,ESA/Co-Pub",9/14/2023,9/19/2023,,,Independent,,,QZNJV2403352,,Top Of The Hill,Main Version,Album,Writer,Country,SMG_MSG_109_9790,"SMN,SMG-US",SOS,FLUID JV II,,,,,7/30/2025
Released,,,6/14/2024,7/30/2025,,,Connor McCutcheon,Whiskey's Already Workin',"Brent Anderson,Connor McCutcheon",,100.00%,"ESA/Co-Pub,ESA/Co-Pub",3/15/2023,4/18/2023,,,Independent,,,QZNJV2403350,,Top Of The Hill,Main Version,Album,"Writer,Producer",Country,SMG_MSG_109_8193,"SMN,SMG-US",SOS,FLUID JV II,,,,,7/30/2025
Released,,,6/14/2024,7/30/2025,,,Andrew Jannakos,These Are The Days,Andrew Jannakos,"Gavin Slate,Jaden Michaels,Molly Reed Grayson",25.00%,ESA/Co-Pub,11/16/2023,6/21/2024,,,Independent,,,US23A1580814,,,Main Version,Single,"Writer,Artist",Country,"SMG_MSG_109_13197, SMG_MSG_101_241957","SMN,SMG-US",CRESCENDO,CRESCENDO,,,,,7/30/2025
Released,,,6/7/2024,7/30/2025,,,Gary Levox,She Stayed Anyway,Neil Thrasher,"Gary Levox,Lee Thomas Miller",33.33%,ESA/Co-Pub,8/8/2019,12/16/2019,,,Big Machine Label Group,,,QM4TW2433991,,Levox Live EP (Recorded Live On The Song),Live Version,EP,Writer,Country,SMG_MSG_101_195260,"SMN,SMG-US",CRESCENDO,CRESCENDO,,,,,7/30/2025
Released,,,6/7/2024,7/30/2025,,,Trey Lewish,Thought About Calling You Today,Jeremy Bussey,"John Pierce,Trey Lewis",33.34%,ESA/Co-Pub,4/13/2022,4/28/2022,,,Independent,,,QZYG82300069,,,Main Version,Single,Writer,Country,SMG_MSG_101_223046,"SMN,SMG-US",CRESCENDO,FLUID JV I,,,,,7/30/2025
Released,,,6/6/2024,7/30/2025,,,First Time Thieves,Look So Easy,"Cale Dodds,Justin Halpin",Corey Crowder,66.67%,"ESA/Co-Pub,ESA/Co-Pub",3/3/2023,5/2/2023,,,Independent,,,QZTRX2458477,,,Main Version,Single,"Writer,Artist",Pop,SMG_MSG_109_8955,"SMN,SMG-US",SOS,FLUID JV II,,,,,7/30/2025
Released,,,5/31/2024,7/30/2025,,,Kate Watson,Bringin' Back Backroads,Dave Cohen,"Brett Tyler,Lydia Vaughan",33.34%,ESA/Co-Pub,9/22/2021,9/27/2021,,,Independent,,,US2762404736,,,Main Version,Single,Writer,Country,SMG_MSG_101_215762,"SMN,SMG-US",CRESCENDO,CRESCENDO,,,,,7/30/2025
Released,,,5/31/2024,7/30/2025,,,Shaboozey ,Horses & Hellcats,Dave Cohen,"Collins Chibueze,Gowa Gibbs,Nevin Sastry,Sean Cook",33.00%,ESA/Co-Pub,6/13/2023,5/31/2024,,,Empire,,,USUYG1541248,,"Where I'Ve Been, Isn't Where I'm Going ",Main Version,Album,"Writer,Producer",Country,SMG_MSG_101_240680,"SMN,SMG-US",CRESCENDO,CRESCENDO,,,,,7/30/2025
Released,,,5/31/2024,7/30/2025,,,Shaboozey ,Steal Her From Me,Dave Cohen,"Ben Burgess,Collins Chibueze",33.33%,ESA/Co-Pub,7/7/2023,5/31/2024,,,Empire,,,USUYG1541518,,"Where I've Been, Isn't Where I'm Going",Main Version,Album,"Writer,Producer",Country,SMG_MSG_101_240683,"SMN,SMG-US",CRESCENDO,CRESCENDO,,,,,7/30/2025
Released,,,5/4/2024,7/30/2025,,,The Kruse Brothers,Let Them Horses Run,"Jessica Cayne,Matthew Morrisey","Chandler Kruse,Miles Kruse",50.00%,"ESA/Co-Pub,ESA/Co-Pub",3/6/2023,5/31/2024,,,Independent,,,QZMEN2445011,,Mountain Red,Main Version,Album,Writer,Country,"SMG_MSG_101_240682, SMG_MSG_109_12668","SMN,SMG-US","SOS, CRESCENDO","2 MIX JV II, CRESCENDO",,,,,7/30/2025
Released,,,5/24/2024,7/30/2025,,,Catie St.Germain,Cleaning House,Jessica Cayne,"Brooke Eden,Emma Lee,Eric Arjes",25.00%,ESA/Co-Pub,11/1/2021,11/3/2021,,,Independent,,,US38Y2410209,,Cleaning House (Or Trying),Main Version,Album,Writer,Country,SMG_MSG_101_216737,"SMN,SMG-US",CRESCENDO,2 MIX JV I,,,,,7/30/2025
Released,,,5/24/2024,7/30/2025,,,Smithfield,What I Got,"Bobby Hamrick,Dave Cohen","Jenn Fielder,Trey Smith",50.00%,"ESA/Co-Pub,ESA/Co-Pub",1/26/2022,7/25/2022,,,Independent,,,QZEQU2400659,,Country With Heart,Main Version,Album,Writer,Country,SMG_MSG_101_226080,"SMN,SMG-US",CRESCENDO,CRESCENDO,,,,,7/30/2025
Released,,,5/24/2024,7/30/2025,,,Vincent Mason,Take Too Much,Bobby Hamrick,Vincent Mason,50.00%,ESA/Co-Pub,2/14/2024,4/23/2024,,,MCA Nashville,MCA (Music Corporation of America),,USUM72405382,,Cant Just Be Me,Main Version,Album,Writer,Country,SMG_MSG_109_12528,"SMN,SMG-US",SOS,SOS,,,,,7/30/2025
Released,,,5/24/2024,7/30/2025,,,Lucie Silvas,Workin' On A Beautiful Song,Bobby Hamrick,"Gavin Slate,Jaden Michaels,Lucie Silvas",25.00%,ESA/Co-Pub,11/9/2023,6/7/2024,,John Osborne ,Independent,,,US23A1580809,,,Main Version,Single,Writer,Country,SMG_MSG_101_240736,"SMN,SMG-US",CRESCENDO,CRESCENDO,,,,,7/30/2025
Released,,,5/17/2025,7/30/2025,,,Tim Montana,Die Today,Tim Montana,"Erik Dylan,Micah Wilshire",33.34%,ESA/Co-Pub,8/24/2023,6/11/2024,,,BMG BBR,,,QMRSZ2400721,,Savage ,Main Version,Album,"Writer,Artist",Country,SMG_MSG_109_11882,"SMN,SMG-US",SOS,SOS,,,,,7/30/2025
Upcoming,,8/24/2025,,7/30/2025,,,Warren Zeiders,Say You Want Me,David Garcia,"Ashley Gorley,Blake Pendergrass,J Kash,Warren Zeiders",20.00%,ESA/Co-Pub,5/31/2024,8/28/2024,,,Warner Music Nashville,WMG (Warner Music Group),checked,,,,Main Version,,"Writer,Producer",Country,SMG_MSG_109_13468,"SMN,SMG-US",SOS,SOS,,,,,7/30/2025
Released,,,5/17/2024,7/30/2025,,,Gowa Gibbs,On The Fence,"Jessica Cayne,Matthew Morrisey",Gowa Gibbs,66.67%,"ESA/Co-Pub,ESA/Co-Pub",6/26/2023,6/7/2024,,,Independent,,,USA2P2403322,,,Main Version,Single,Writer,Country,"SMG_MSG_101_240735, SMG_MSG_109_12763","SMN,SMG-US",SOS,"2 MIX JV II, SOS",,,,,7/30/2025
Released,,,5/10/2024,7/30/2025,,,Ryan Kinder,Family Tree,"Cale Dodds,Justin Halpin",Ryan Kinder,66.67%,"Admin,ESA/Co-Pub",8/1/2021,6/22/2022,,,Independent,,,QZEQU2400825,,,Main Version,Single,Writer,Country,SMG_MSG_109_6057,"SMN,SMG-US",SOS,"SOS, FLUID JV II",,,,,7/30/2025
Released,,,5/10/2024,7/30/2025,,,Blessing Offor,Somebody's Child,Joy Williams,"Blessing Offor,Josh Ronan",33.34%,ESA/Co-Pub,5/1/2023,7/11/2023,,Dolly Parton,Capitol CMG,UMG (Universal Music Group),,USUM72403823,,,Main Version,Single,Writer,Country,SMG_MSG_109_9261,"SMN,SMG-US",SOS,SOS,,,,,7/30/2025
Released,,,5/10/2024,7/30/2025,,,Scotty McCreery ,Hey Rose,"Bobby Hamrick,Jeremy Bussey",Jay Brunswick,66.67%,"ESA/Co-Pub,ESA/Co-Pub",7/14/2020,7/15/2020,,,"Sony Music Nashville,Triple Tigers",,,USQX92306508,,Rise & Fall,Main Version,Album,Writer,Country,SMG_MSG_101_204632,"SMN,SMG-US",CRESCENDO,"CRESCENDO, FLUID JV I",,,,,7/30/2025
Released,,,5/10/2024,7/30/2025,,,Scotty McCreery ,And Countin',"Bobby Hamrick,Frank Rogers,Jeremy Bussey",Scotty McCreery,75.00%,"ESA/Co-Pub,ESA/Co-Pub,ESA/Co-Pub",2/13/2023,2/22/2023,,,"Sony Music Nashville,Triple Tigers",,,USQX92306496,,Rise & Fall,Main Version,Album,"Writer,Producer",Country,SMG_MSG_101_236153,"SMN,SMG-US",CRESCENDO,"CRESCENDO, FLUID JV I",,,,,7/30/2025
Released,,,5/10/2024,7/30/2025,,,Dan Smalley ,Slow It Down,"Frank Rogers,Tyler Reeve",Dan Smalley,66.67%,"ESA/Co-Pub,ESA/Co-Pub",7/28/2021,7/29/2021,,,Independent,,,QZMZ92414742,,The State of Country Music,Main Version,Album,Writer,Country,SMG_MSG_101_214865,"SMN,SMG-US","CRESCENDO, SOS","FLUID JV I, SOS",,,,,7/30/2025
Released,,,5/10/2024,7/30/2025,,,Scotty McCreery ,Little More Gone,"Bobby Hamrick,Brent Anderson,Derek George,Frank Rogers,Jeremy Bussey,Monty Criswell",Scotty McCreery,85.71%,"ESA/Co-Pub,ESA/Co-Pub,ESA/Co-Pub,ESA/Co-Pub,ESA/Co-Pub,ESA/Co-Pub",8/22/2023,9/14/2023,,,"Sony Music Nashville,Triple Tigers",,,USQX92306500,,Rise & Fall,Main Version,Album,"Writer,Producer",Country,"SMG_MSG_101_238754, SMG_MSG_109_9773","SMN,SMG-US","CRESCENDO, SOS","CRESCENDO, FLUID JV II, FLUID JV I",,,,,7/30/2025
Released,,,5/10/2024,7/30/2025,,,Scotty McCreery ,Fall of Summer,"Brent Anderson,Derek George,Frank Rogers,Monty Criswell",Scotty McCreery,80.00%,"ESA/Co-Pub,ESA/Co-Pub,ESA/Co-Pub,ESA/Co-Pub",3/2/2023,3/7/2023,Scotty McCreery  (Released),,"Sony Music Nashville,Triple Tigers",,,USQX92306497,,Rise & Fall,Main Version,Album,"Writer,Producer",Country,"SMG_MSG_101_236249, SMG_MSG_109_7787","SMN,SMG-US","SOS, CRESCENDO","FLUID JV II, FLUID JV I",,,,,7/30/2025
Released,,,5/10/2025,7/30/2025,,,Scotty McCreery ,No Country For Old Men,"Brent Anderson,Derek George,Frank Rogers,Monty Criswell",Scotty McCreery,80.00%,"ESA/Co-Pub,ESA/Co-Pub,ESA/Co-Pub,ESA/Co-Pub",3/2/2023,3/9/2023,,,"Sony Music Nashville,Triple Tigers",,,USQX92306509,,Rise & Fall,Main Version,Album,"Writer,Producer",Country,"SMG_MSG_101_236262, SMG_MSG_109_7907","SMN,SMG-US","SOS, CRESCENDO","FLUID JV II, FLUID JV I",,,,,7/30/2025
Released,,,5/3/2024,7/30/2025,,,Lukas Graham ,Cheat Code,"Autumn Rowe,Shane Stevens","Lukas Graham,Tearce Kizzo",43.33%,"Admin,Admin",8/30/2023,3/1/2024,,,Universal International Music B.V.,UMG (Universal Music Group),,DKUM72400183,,,Main Version,Single,Writer,Pop,SMG_MSG_109_11483,"SMN,SMG-US",SOS,SOS,,,,,7/30/2025
Released,,,5/3/2024,7/30/2025,,,Kelsey Hart,Burn My Summer,Ryan Beaver,"Andy Sheridan,Brad Clawson,Kelly Lovelace",25.00%,ESA/Co-Pub,6/5/2023,12/4/2023,,,Curb Records,,,USCRB2400022,,Life With You,Main Version,Album,Writer,Country,SMG_MSG_109_10990,"SMN,SMG-US",SOS,2 MIX JV II,,,,,7/30/2025
Released,,,5/3/2024,7/30/2025,,,Tyler Booth,All This Could Be Yours,Monty Criswell,"Phil O'Donnell,Tyler Booth",33.34%,ESA/Co-Pub,11/2/2021,1/5/2022,,,Independent,,,QZEQU2400831,,,Main Version,Single,Writer,Country,SMG_MSG_101_217019,"SMN,SMG-US",CRESCENDO,FLUID JV I,,,,,7/30/2025
Released,,,5/3/2024,7/30/2025,,,Connor McCutcheon,Hangover,"Bobby Hamrick,Brent Anderson,Connor McCutcheon",,100.00%,"ESA/Co-Pub,ESA/Co-Pub,ESA/Co-Pub",9/20/2023,10/2/2023,,,Independent,,,QZMZ92400970,,,Main Version,Single,"Writer,Artist",Country,"SMG_MSG_101_238843, SMG_MSG_109_9850","SMN,SMG-US","CRESCENDO, SOS","CRESCENDO, FLUID JV II",,,,,7/30/2025
Released,,,5/2/2024,7/30/2025,,,First Time Thieves,Sound Of The Spotlight,"Cale Dodds,Erik Belz,Justin Halpin,Patrick Ridgen",,100.00%,"ESA/Co-Pub,Admin,ESA/Co-Pub,ESA/Co-Pub",10/25/2023,12/1/2023,,,Independent,,,GBWUL2447492,,,Main Version,Single,"Writer,Artist",Pop,SMG_MSG_109_11092,"SMN,SMG-US",SOS,"FLUID JV II, SOS, ERB JV",,,,,7/30/2025
Released,,,4/26/2024,7/30/2025,,,RYLY,Mr. Afterthought,Matthew Morrisey,"Bryce Rowell,Gabe Balltzglier,Riley Smith",25.00%,ESA/Co-Pub,4/21/2023,7/7/2023,,,Independent,,,QZEQU2400716,,,Main Version,Single,Writer,Pop,SMG_MSG_101_237583,"SMN,SMG-US",CRESCENDO,CRESCENDO,,,,,7/30/2025
Released,,,4/26/2024,7/30/2025,,,Sarah Cothran,Gutter,Jessica Cayne,"Sarah Cothran,Willie Breeding",33.34%,ESA/Co-Pub,2/22/2023,4/5/2023,,,Independent,,,QZHNA2461016,,,Main Version,Single,Writer,Pop,SMG_MSG_109_8089,"SMN,SMG-US",SOS,2 MIX JV II,,,,,7/30/2025
Released,,,5/10/2024,7/30/2025,,,Scotty McCreery ,Lonely Ain't Lonely,"Bobby Hamrick,Brent Anderson,Derek George,Frank Rogers,Jeremy Bussey,Monty Criswell",Scotty McCreery,85.71%,"ESA/Co-Pub,ESA/Co-Pub,ESA/Co-Pub,ESA/Co-Pub,ESA/Co-Pub,ESA/Co-Pub",8/21/2023,9/13/2023,,,"Sony Music Nashville,Triple Tigers",,,USQX92306507,,Rise & Fall,Main Version,Album,"Writer,Producer",Country,"SMG_MSG_101_238753, SMG_MSG_109_9771","SMN,SMG-US","CRESCENDO, SOS","CRESCENDO, FLUID JV II, FLUID JV I",,,,,7/30/2025
Released,,,4/19/2024,7/30/2025,,,Brinley Addington,Nobody's Favorite,"Brinley Addington,Ryan Beaver",Neil Medley,66.67%,"ESA/Co-Pub,ESA/Co-Pub",3/31/2023,10/30/2023,,,Independent,,,QZEQU2400433,,,Main Version,Single,Writer,Country,SMG_MSG_109_12417,"SMN,SMG-US","CRESCENDO, SOS","CRESCENDO, 2 MIX JV II",,,,,7/30/2025
Released,,,4/19/2024,7/30/2025,,,Elvie Shane,215634,Adam Wood,"Ben Chapman,Elvie Shane",33.34%,ESA/Co-Pub,7/10/2023,7/11/2023,,,Independent,,,QMRSZ2302766,,Damascus ,Main Version,Album,Writer,Country,SMG_MSG_109_9280,"SMN,SMG-US",SOS,LBJV,,,,,7/30/2025
Released,,,4/19/2024,7/30/2025,,,Elvie Shane,First Place,Adam Wood,"Dan Couch,Elvie Shane,Jakob Miller",25.00%,ESA/Co-Pub,11/29/2022,12/2/2022,,Little Big Town,Independent,,,QMRSZ2302768,,Damascus,Main Version,Album,Writer,Country,SMG_MSG_109_6921,"SMN,SMG-US",SOS,LBJV,,,,,7/30/2025
Released,,,4/12/2024,7/30/2025,,,Tim Montana,Savage,"Nathan Barlowe,Tim Montana",Micah Wilshire,66.67%,"ESA/Co-Pub,ESA/Co-Pub",6/7/2023,6/26/2023,,,BMG BBR,,,QMRSZ2400719,,,Main Version,Single,"Writer,Artist",Country,SMG_MSG_101_237519,"SMN,SMG-US",CRESCENDO,"FLUID JV I, CRESCENDO",,,,,7/30/2025
Released,,,4/12/2024,7/30/2025,,,Steele Fountain ,Hands Are Tied,Jessica Cayne,"Hailey Steele,Jerry Fuentes",33.34%,ESA/Co-Pub,8/27/2023,1/17/2024,,,Independent,,,GBWUL2404622,,,Main Version,Single,Writer,Pop,SMG_MSG_109_11223,"SMN,SMG-US",SOS,2 MIX JV II,,,,,7/30/2025
Released,,,4/12/2024,7/30/2025,,,Connor McCutcheon,Two Truths And A Lie,"Brent Anderson,Connor McCutcheon,Jeremy Bussey",,100.00%,"ESA/Co-Pub,ESA/Co-Pub,ESA/Co-Pub",7/7/2023,8/2/2023,,,Independent,,,QZGLM2423501,,,Main Version,Single,"Writer,Artist,Producer",Country,SMG_MSG_109_9464,"SMN,SMG-US",SOS,FLUID JV II,,,,,7/30/2025
Released,,,4/4/2024,7/30/2025,,,First Time Thieves,Better Everyday,"Cale Dodds,Justin Halpin",Kipp Wiliams,66.67%,"ESA/Co-Pub,ESA/Co-Pub",4/17/2023,1/30/2024,,,Independent,,,GBRKQ2451994,,,Main Version,Single,"Writer,Artist",Pop,SMG_MSG_109_7728,"SMN,SMG-US",SOS,FLUID JV II,,,,,7/30/2025
Released,,,4/3/2024,7/30/2025,,,Ben Burgess,Forever,Dave Cohen,"Kelly Archer,Madeline Merlo",33.34%,ESA/Co-Pub,4/6/2022,10/11/2022,,,Independent,,,QZHNC2408077,,,Main Version,Single,Writer,Country,SMG_MSG_101_233311,"SMN,SMG-US",CRESCENDO,CRESCENDO,,,,,7/30/2025
Released,,,3/29/2024,7/30/2025,,,Scotty McCreery ,Red Letter Blueprint,"Brent Anderson,Derek George,Jeremy Bussey,Monty Criswell",Scotty McCreery,80.00%,"ESA/Co-Pub,ESA/Co-Pub,ESA/Co-Pub,ESA/Co-Pub",8/22/2023,8/28/2023,"Scotty McCreery , Jason Crabb (Released), Scotty McCreery  (Released)",,"Sony Music Nashville,Triple Tigers",,,USQX92306506,,,Main Version,Single,Writer,Country,SMG_MSG_109_9704,"SMN,SMG-US",SOS,FLUID JV II,,,,,7/30/2025
Released,,,3/22/2024,7/30/2025,,,Hannah Kerr,If I Were You,Matthew Morrisey,"Hannah Kerr,Jonathan Gamble",33.34%,ESA/Co-Pub,8/4/2022,8/9/2022,,,Curb Records,,,USM1C2300934,,,Main Version,Single,Writer,Country,SMG_MSG_101_226924,"SMN,SMG-US",CRESCENDO,CRESCENDO,,,,,7/30/2025
Released,,,3/22/2024,7/30/2025,,,Lily Rose,True North,David Garcia,"Hillary Lindsey,Lily Williamson,Trannie Anderson",25.00%,ESA/Co-Pub,3/7/2023,3/16/2023,,,Independent,,,USUG12401824,,,Main Version,Single,Writer,Country,"SMG_MSG_101_236433, SMG_MSG_109_13091","SMN,SMG-US",CRESCENDO,CRESCENDO,,,,,7/30/2025
Released,,,4/5/2024,7/30/2025,,,X Ambassadors,Half Life,Joy Williams,"Adam Levin,Ben Stennis,Casey Harris,Russ Flynn,Sam Harris",33.30%,ESA/Co-Pub,1/15/2022,1/20/2022,X Ambassadors (Released),,Independent,,,USA2P2352170,,Townie,Main Version,Album,Writer,,SMG_MSG_101_217940,"SMN,SMG-US",CRESCENDO,CRESCENDO,,,,,7/30/2025
Released,,,3/15/2024,7/30/2025,,,X Ambassadors,Half Life,Joy Williams,"Adam Levin,Ben Stennis,Casey Harris,Russ Flynn,Sam Harris",33.30%,ESA/Co-Pub,1/15/2022,1/20/2022,X Ambassadors (Released),,Independent,,,USA2P2352170,,,Main Version,Single,Writer,Pop,SMG_MSG_101_217940,"SMN,SMG-US",CRESCENDO,CRESCENDO,,,,,7/30/2025
Released,,,3/15/2024,7/30/2025,,,First Time Thieves,It's Time,"Cale Dodds,Justin Halpin",Riley Friesen,66.67%,"ESA/Co-Pub,ESA/Co-Pub",8/24/2022,9/13/2022,,,Independent,,,GBRKQ2451913,,,Main Version,Single,Writer,Pop,SMG_MSG_109_6529,"SMN,SMG-US",SOS,FLUID JV II,,,,,7/30/2025
Released,,,3/15/2024,7/30/2025,,,Brinley Addington,Something Light,Brinley Addington,"AJ Pruis,Mike Walker",33.34%,ESA/Co-Pub,4/7/2020,4/9/2020,,,Independent,,,QZEQU2400382,,,Main Version,Single,"Writer,Artist",Country,SMG_MSG_101_199572,"SMN,SMG-US",CRESCENDO,CRESCENDO,,,,,7/30/2025
Released,,,3/15/2024,7/30/2025,,,502s,Something's Gonna Go Our Way,Bobby Hamrick,"Bobby Campbell,Ed Isola",33.34%,ESA/Co-Pub,9/21/2023,3/27/2024,,,Big Loud Records,,,QZQXU2100112,,,Main Version,Single,Writer,Indie Pop,SMG_MSG_101_240387,"SMN,SMG-US",CRESCENDO,CRESCENDO,,,,,7/30/2025
Released,,,3/8/2024,7/30/2025,,,Luke Grimes,What Angels Do,Ryan Beaver,"Bart Butler,Luke Grimes",33.33%,ESA/Co-Pub,1/16/2023,10/30/2023,,,Mercury Nashville,MCA (Music Corporation of America),,USUM72400066,,Luke Grimes,Main Version,Album,Writer,Country,SMG_MSG_109_10360,"SMN,SMG-US",SOS,2 MIX JV II,,,,,7/30/2025
Released,,,3/8/2024,7/30/2025,,,Sawyer Brown,I Wouldn't Change a Thing,Monty Criswell,Mac McAnally,50.00%,ESA/Co-Pub,4/1/2019,4/9/2019,,,Curb Records,,,USCRB2300291,,Desperado Troubadours ,Main Version,Album,Writer,Country,SMG_MSG_101_196751,"SMN,SMG-US",CRESCENDO,FLUID JV I,,,,,7/30/2025
Released,,,3/8/2024,7/30/2025,,,Connor McCutcheon,Just Like That,"Cale Dodds,Chizzy,Connor McCutcheon",,100.00%,"ESA/Co-Pub,Admin,ESA/Co-Pub",6/25/2023,8/8/2023,,,Independent,,,QZ5AB2469336,,,Main Version,Single,"Writer,Artist",Country,"SMG_MSG_101_239870, SMG_MSG_109_9510","SMN,SMG-US",SOS,"FLUID JV II, SOS",,,,,7/30/2025
Released,,,3/1/2024,7/30/2025,,,Tim Gallagher ,Nicotine Patch,"Joy Williams,Matthew Morrisey",Tim Gallagher,66.67%,"ESA/Co-Pub,ESA/Co-Pub",2/3/2023,2/6/2023,,,Sony Music Nashville,,,GBARL2400085,,,Main Version,Single,Writer,Country,"SMG_MSG_101_236037, SMG_MSG_109_7535","SMN,SMG-US","SOS, CRESCENDO","SOS, CRESCENDO",,,,,7/30/2025
Released,,,3/1/2024,7/30/2025,,,Jenna Paulette,Darlin',"Jessica Cayne,Matthew Morrisey",Jenna Paulette,66.67%,"ESA/Co-Pub,ESA/Co-Pub",1/17/2023,1/23/2023,,,LEO33,,,QZWH32400071,,,Main Version,Single,Writer,Country,SMG_MSG_101_235974,"SMN,SMG-US",CRESCENDO,"2 MIX JV I, CRESCENDO",,,,,7/30/2025
Released,,,5/10/2024,7/30/2025,,,Peyton Porter,High Road,"Brinley Addington,Matthew Morrisey",Peytan Porter,66.67%,"ESA/Co-Pub,ESA/Co-Pub",8/29/2022,9/26/2022,Peyton Porter (Released),,Independent,,,QZEQU2400804,,Grown (Live from Piomingo),Live Version,Album,Writer,Country,SMG_MSG_101_235343,"SMN,SMG-US",CRESCENDO,CRESCENDO,,,,,7/30/2025
Released,,,3/1/2024,7/30/2025,,,Peyton Porter,High Road,"Brinley Addington,Matthew Morrisey",Peytan Porter,66.67%,"ESA/Co-Pub,ESA/Co-Pub",8/29/2022,9/26/2022,Peyton Porter (Released),,Independent,,,QZEQU2400250,,Grown,Main Version,Album,Writer,Country,SMG_MSG_101_235343,"SMN,SMG-US",CRESCENDO,CRESCENDO,,,,,7/30/2025
Released,,,3/1/2024,7/30/2025,,,Scotty McCreery ,Slow Dance,"Brent Anderson,Derek George,Monty Criswell",Scotty McCreery,75.00%,"ESA/Co-Pub,ESA/Co-Pub,ESA/Co-Pub",8/21/2023,9/11/2023,,,"Sony Music Nashville,Triple Tigers",,,QZVX62400001,,,Main Version,Single,"Writer,Producer",Country,SMG_MSG_109_9755,"SMN,SMG-US",SOS,FLUID JV II,,,,,7/30/2025
Released,,,3/1/2024,7/30/2025,,,Clay Hollis,Blue Collar Prayers,Adam Wood,"Nate Barnes,Rob Hatch",33.34%,ESA/Co-Pub,9/26/2022,11/14/2022,,,Independent,,,QZVX62400001,,,Main Version,Single,Writer,Country,SMG_MSG_109_6848,"SMN,SMG-US",SOS,LBJV,,,,,7/30/2025
Released,,,2/16/2024,7/30/2025,,,Warren Zeiders,Happy Hurts Sometimes,Ryan Beaver,"Bart Butler,Benjy Davis,Warren Zeiders",25.00%,ESA/Co-Pub,6/27/2023,10/30/2023,,,Warner Music Nashville,WMG (Warner Music Group),,USWB12400602,,Pretty Little Poison (Deluxe),Main Version,Album,Writer,Country,SMG_MSG_109_10348,"SMN,SMG-US",SOS,2 MIX JV II,,,,,7/30/2025
Released,,,2/16/2024,7/30/2025,,,Callista Clark,Bless Your Heart,Jonathan Singleton,"Calista Clark,Reid Isbell",33.34%,ESA/Co-Pub,2/3/2020,6/24/2020,,,Independent,,,QM24S2400515,,,Main Version,Single,Writer,Country,SMG_MSG_101_203242,"SMN,SMG-US",CRESCENDO,CRESCENDO,,,,,7/30/2025
Released,,,2/16/2024,7/30/2025,,,Priscilla Block,Good On You,David Garcia,"Jessie Jo Dillon,Laura Veltz,Priscilla Block",25.00%,ESA/Co-Pub,8/29/2023,5/6/2024,,,Mercury Nashville,MCA (Music Corporation of America),,USUM72401058,,,Main Version,Single,"Writer,Producer",Country,SMG_MSG_109_12588,"SMN,SMG-US",SOS,SOS,,,,,7/30/2025
Released,,,2/16/2024,7/30/2025,,,Clayton Mullen,Don't Break Itself,"Cale Dodds,Justin Halpin",Clayton Mullen,66.67%,"ESA/Co-Pub,ESA/Co-Pub",7/13/2023,8/8/2023,,,Independent,,,QZFZ72462095,,,Main Version,Single,Writer,Country,SMG_MSG_109_9504,"SMN,SMG-US",SOS,FLUID JV II,,,,,7/30/2025
Released,,,2/16/2024,7/30/2025,,,Andrew Jannakos,Lie Like Me,"Andrew Jannakos,Jeremy Bussey",Alex Pennington Smith,66.67%,"ESA/Co-Pub,ESA/Co-Pub",2/28/2022,2/28/2022,,,Independent,,,TCAHW2447245,,,Main Version,Single,Writer,Country,SMG_MSG_101_221792,"SMN,SMG-US",CRESCENDO,"CRESCENDO, FLUID JV I",,,,,7/30/2025
Released,,,2/15/2024,7/30/2025,,,Joe Wodarek & 51 South,Ain't Much Changed,"Jonathan Singleton,Justin Adams",Dan Isbell,66.67%,"ESA/Co-Pub,ESA/Co-Pub",4/2/2019,4/5/2019,,,Independent,,,USCGH2488205,,Enjoy The Ride,Main Version,Album,Writer,Country,SMG_MSG_101_196813,"SMN,SMG-US",CRESCENDO,"CRESCENDO, FLUID JV I",,,,,7/30/2025
Released,,,2/15/2024,7/30/2025,,,Joe Wodarek & 51 South,If It Ain't You,Josh Dunne,"Ben Goldsmith,Taylor Davis",33.34%,ESA/Co-Pub,7/7/2022,8/10/2022,,,Independent,,,USCGH2488207,,Enjoy The Ride,Main Version,Album,Writer,Country,SMG_MSG_109_6325,"SMN,SMG-US",SOS,FLUID JV II,,,,,7/30/2025
Released,,,2/9/2024,7/30/2025,,,Riley Taylor,You Left Me,Justin Halpin,"Riley Taylor,Ryan Kinder",33.33%,ESA/Co-Pub,11/18/2022,9/30/2023,,,,,,QZFZ42490093,,,Main Version,Single,Writer,Country,SMG_MSG_109_11779,"SMN,SMG-US",SOS,FLUID JV II,,,,,7/30/2025
Released,,,2/8/2024,7/30/2025,,,Scotty McCreery ,Love Like This,Frank Rogers,"Aaron Eshuis,Scotty McCreery",33.34%,ESA/Co-Pub,3/9/2023,3/13/2023,,,"Sony Music Nashville,Triple Tigers",,,USQX92306495,,,Main Version,Single,"Writer,Producer",Country,SMG_MSG_101_236290,"SMN,SMG-US",CRESCENDO,FLUID JV I,,,,,7/30/2025
Released,,,2/6/2024,7/30/2025,,,Brooke Hogan,Boomerang,"Jason Lehning,Palmer Lee",Baylor Wilson,66.67%,"ESA/Co-Pub,ESA/Co-Pub",9/20/2018,9/20/2018,,,Independent,,,QM4TW2447545,,,Main Version,Single,Writer,Country,SMG_MSG_101_195336,"SMN,SMG-US",CRESCENDO,FLUID JV I,,,,,7/30/2025
Released,,,2/7/2025,7/28/2025,,,HARDY,Sold Out,David Garcia,"Hunter Phelps,Michael Hardy",33.34%,ESA/Co-Pub,9/1/2021,1/4/2022,HARDY (Released),,Big Loud Records,,,USUG12501097,,HARDY (Live From Red Rocks),Sped Up Version,Single,Writer,Rock,SMG_MSG_101_216977,"SMN,SMG-US",CRESCENDO,CRESCENDO,,,,,7/28/2025
Released,,,1/20/2025,7/28/2025,,,HARDY,Sold Out,David Garcia,"Hunter Phelps,Michael Hardy",33.34%,ESA/Co-Pub,9/1/2021,1/4/2022,HARDY (Released),,Big Loud Records,,,QZ22S2200024,,the mockingbird & THE CROW,Main Version,Album,Writer,Country,SMG_MSG_101_216977,"SMN,SMG-US",CRESCENDO,CRESCENDO,,,,,7/28/2025
Released,,,2/7/2025,7/28/2025,,,HARDY,Boots,David Garcia,"Hillary Lindsey,Michael Hardy",33.34%,ESA/Co-Pub,10/23/2019,3/18/2020,,,Big Loud Records,,,USUG12501086,,HARDY (Live from Red Rocks),Live Version,Album,Writer,Country,SMG_MSG_101_197394,"SMN,SMG-US",CRESCENDO,CRESCENDO,,,,,7/28/2025
Released,,,4/4/2025,7/28/2025,,,Hailey Whitters,High On A HeartBreak,David Garcia,"Hailey Whitters,Hillary Lindsey,Jessie Jo Dillon",25.00%,ESA/Co-Pub,9/3/2021,1/4/2022,,,Big Loud Records,,,USUG12502530,,High On A Heartbreak - Single,Main Version,Single,Writer,,SMG_MSG_101_216973,"SMN,SMG-US",CRESCENDO,CRESCENDO,,,,,7/28/2025
Released,,,2/7/2025,7/28/2025,,,HARDY,Jack,David Garcia,"Hillary Lindsey,Michael Hardy",33.34%,ESA/Co-Pub,2/9/2021,3/3/2021,,,Big Loud Records,,,USUG12501085,,the mockingbird & THE CROW,Live Version,Album,Writer,Country,SMG_MSG_101_210683,"SMN,SMG-US",CRESCENDO,CRESCENDO,,,,,7/28/2025
Released,,,2/7/2025,7/28/2025,,,HARDY,Kill Sh!T Till I Die,"David Garcia,Michael Hardy",Hunter Phelps,58.34%,"ESA/Co-Pub,ESA/Co-Pub",3/1/2022,3/24/2022,,,Big Loud Records,,,USUG12501084,,HARDY (Live from Red Rocks),Live Version,Album,Writer,Country,SMG_MSG_101_222649,"SMN,SMG-US","CRESCENDO, SOS","CRESCENDO, SOS",,,,,7/28/2025
Released,,,5/2/2025,7/28/2025,,,Eric Church,Bleed On Paper,Monty Criswell,"Casey Beathard,Tucker Beathard",33.34%,ESA/Co-Pub,6/9/2021,6/16/2021,Eric Church (Released),,EMI Records Nashville,MCA (Music Corporation of America),,USUG12501189,,Evangeline Vs. The Machine,Main Version,Album,Writer,Country,SMG_MSG_101_214289,"SMN,SMG-US",CRESCENDO,FLUID JV I,,,,,7/28/2025
Released,,,11/1/2024,7/28/2025,,,Austin & Colin,Move It,Bobby Hamrick,"Austin Bever,Colin Cooper,Erick Morillo,Mark Quashie",35.00%,ESA/Co-Pub,4/24/2024,8/14/2024,Austin & Colin (Released),,BMG BBR,,,QMRSZ2500543,,Move It (Sped Up Version) - Single,Sped Up Version,Single,"Writer,Producer",Pop,SMG_MSG_109_13360,"SMN,SMG-US",SOS,SOS,,,,,7/28/2025
Released,,,11/1/2024,7/28/2025,,,Austin & Colin,Move It,Bobby Hamrick,"Austin Bever,Colin Cooper,Erick Morillo,Mark Quashie",35.00%,ESA/Co-Pub,4/24/2024,8/14/2024,Austin & Colin (Released),,BMG BBR,,,QMRSZ2401767,,Move It - Single,Main Version,Single,"Writer,Producer",Pop,SMG_MSG_109_13360,"SMN,SMG-US",SOS,SOS,,,,,7/28/2025
Cut,,2/13/2025,,7/28/2025,,,Scotty McCreery ,Big Picture,"Brent Anderson,Derek George,Frank Rogers,Jeremy Bussey",Scotty McCreery,80.00%,"ESA/Co-Pub,ESA/Co-Pub,ESA/Co-Pub,ESA/Co-Pub",2/1/2024,2/28/2024,,,"Sony Music Nashville,Triple Tigers",,,,,,Main Version,,"Writer,Producer",Country,"SMG_MSG_101_239848, SMG_MSG_109_11893","SMN,SMG-US","SOS, CRESCENDO","FLUID JV II, FLUID JV I",,"Produced by Frank Rogers
",,,7/28/2025
Released,,7/28/2025,8/15/2025,7/28/2025,,,Kelsey Parks,Afterglow,Jessica Cayne,"Kelsey Parks,Kyle Kelso",25.00%,ESA/Co-Pub,6/18/2024,6/20/2024,,Katie Garfield,Independent,,,QZWFP2529272,,Afterglow - Single,Main Version,Single,Writer,Country,SMG_MSG_109_12811,"SMN,SMG-US",SOS,2 MIX JV II,,,,Andy Hodges,8/15/2025
Released,,3/5/2025,4/18/2025,7/28/2025,,,LOCASH,Right Life,David Garcia,"Caden Lucas,Preston Brust,Rhett Akins",25.00%,ESA/Co-Pub,3/15/2021,3/29/2021,,,BMG BBR,,,QT2672400007,,Bet The Farm,Main Version,Album,Writer,Country,SMG_MSG_101_212276,"SMN,SMG-US",CRESCENDO,CRESCENDO,,,,,9/18/2025
Upcoming,,3/6/2025,,7/28/2025,,,Tyler Hubbard,Still Got It,David Garcia,"Ashley Gorley,Tyler Hubbard",33.34%,ESA/Co-Pub,4/16/2021,4/20/2021,,,EMI Records Nashville,MCA (Music Corporation of America),checked,,,,Main Version,,Writer,Country,SMG_MSG_101_212977,"SMN,SMG-US",CRESCENDO,CRESCENDO,,,,,7/28/2025
Released,,,4/4/2025,7/28/2025,,,Bradley Gaskin,Country Ain't Cool,Jeremy Bussey,"Brock Berryhill,Josh Hoge,Zack Dyer",25.00%,ESA/Co-Pub,7/15/2021,8/26/2021,,,,,,QZYPF2400004,,Unfinished Business,Main Version,Album,Writer,Country,SMG_MSG_101_215431,"SMN,SMG-US",CRESCENDO,FLUID JV I,,,,,7/28/2025
Upcoming,,8/24/2025,,7/28/2025,,,Gowa Gibbs,Get Along Or Get Gone,"Bobby Hamrick,Dave Cohen",Gowa Gibbs,66.67%,"ESA/Co-Pub,ESA/Co-Pub",6/2/2023,6/15/2023,,,Independent,,checked,,,,Main Version,,Writer,Country,SMG_MSG_101_237490,"SMN,SMG-US",CRESCENDO,CRESCENDO,,,,,7/28/2025
Released,,8/24/2025,8/29/2025,7/28/2025,,,Wynn Williams,The Same,Phillip White,"Carson Chamberlain,Mark Nesler",33.34%,ESA/Co-Pub,10/27/2016,3/24/2020,,,Independent,,,QZEQU2500864,,Country Therapy,Main Version,Album,Writer,Country,SMG_MSG_101_124399,"SMN,SMG-US",CRESCENDO,FLUID JV I,,,,,9/4/2025
Released,,,6/13/2025,7/28/2025,,,Joshua Ray Walker,You Can Dance With Me,Adam Chaffins,"Brit Taylor,Joshua Ray Walker",33.34%,ESA/Co-Pub,4/12/2023,1/11/2024,,,Independent,,,QM6P42574981,,Tropicana,Main Version,Album,Writer,Country,SMG_MSG_109_17154,"SMN,SMG-US",SOS,FLUID JV II,,,,,7/28/2025
Released,,,3/21/2025,7/28/2025,,,McCoy Moore,Can't Make That Up,Brinley Addington,"Jared Hampton,McCoy Moore",33.34%,ESA/Co-Pub,10/17/2023,11/2/2023,,,Sony Music Nashville,,,QZEQU2500407,,Can't Make That Up - Single,Main Version,Single,Writer,Country,SMG_MSG_109_10383,"SMN,SMG-US",SOS,SOS,,,,,7/28/2025
Released,,5/16/2025,9/19/2025,7/28/2025,,,Mat and Savanna Shaw,Applause,Derek George,"Neil Mason,Olivia Sebastianelli",33.34%,ESA/Co-Pub,2/25/2020,5/12/2020,,,Independent,,,QM6P42581487,,Just How Strong You Are,Main Version,Album,Writer,,SMG_MSG_101_244290,"SMN,SMG-US",CRESCENDO,FLUID JV I,,,,,9/19/2025
Released,,7/23/2025,8/15/2025,7/28/2025,,,LECADE,Blind,LECADE,"Beau Bailey,Brandon Mickey Manley,Cole Miracle,James Justin Holt",20.00%,ESA/Co-Pub,12/13/2024,3/31/2025,,,Big Machine Label Group,,,QZRD92507695,,Blind - Single,Main Version,Single,"Writer,Artist",Country,SMG_MSG_109_18046,"SMN,SMG-US",SOS,LASA / HoB JV,,,,Kennedy Murphy,8/15/2025
Cut,,7/28/2025,,7/28/2025,,,Dalton Davis,Little Miss Whiskey,Adam Wood,"David Lee Murphy,Rob Hatch,Trae Landon",25.00%,ESA/Co-Pub,12/11/2024,2/24/2025,,,,,,,,,,,Writer,Country,SMG_MSG_109_16790,"SMN,SMG-US",SOS,LBJV,,,,,7/28/2025
Released,,,2/2/2024,7/28/2025,,,Chris Young,Double Down,"Derek George,Monty Criswell,Tyler Reeve",,100.00%,"ESA/Co-Pub,ESA/Co-Pub,ESA/Co-Pub",8/28/2019,8/30/2019,,,Black River Entertainment,,,USRN12000044,,,Main Version,Single,Writer,Country,SMG_MSG_101_193936,"SMN,SMG-US","CRESCENDO, SOS","FLUID JV I, SOS",,,,,7/28/2025
Released,,,2/2/2024,7/28/2025,,,Alex Lambert,They Don't Come Better,Bobby Hamrick,Alex Lambert,50.00%,ESA/Co-Pub,2/6/2023,2/6/2023,,,Independent,,,QM24S2400093,,They Don't Come Better,Main Version,Single -> Album,Writer,Country,SMG_MSG_101_236036,"SMN,SMG-US",CRESCENDO,CRESCENDO,,,,,7/28/2025
Released,,,1/26/2024,7/28/2025,,,Josh Abbott Band ,Unplug the Jug,Ryan Beaver,"Joe Clemmons,Neil Medley",33.34%,ESA/Co-Pub,9/17/2022,10/30/2023,,,Independent,,,DGA0M2353745,,Somewhere Down The Road,Main Version,Album,Writer,Country,SMG_MSG_109_10359,"SMN,SMG-US",SOS,2 MIX JV II,,,,,7/28/2025
Released,,,8/27/2025,7/28/2025,,,Sawyer Utah,One More Fix,Sawyer Utah,Brian Brundage,50.00%,ESA/Co-Pub,,11/14/2023,Sawyer Utah (Released),,VISCYRL X,,,QMDA62582033,One More Fix,One More Fix - Single,Main Version,Single,"Writer,Producer,Artist",Indie Pop,SMG_MSG_109_18229,"SMN,SMG-US",SOS,VISCYRL / ARCADE JV,,,,,10/3/2025
Released,,,1/26/2024,7/28/2025,,,Ben Burgess,Cows,Dave Cohen,"Aaron Zuckerman,Alex Delicata,Ben Burgess",25.00%,ESA/Co-Pub,2/7/2022,4/12/2023,,,Independent,,,QZ5FN2445271,,,Main Version,Single,Writer,Country,SMG_MSG_101_236894,"SMN,SMG-US",CRESCENDO,CRESCENDO,,,,,7/28/2025
Released,,,1/19/2024,7/28/2025,,,Brittney Spencer,Night In,Jessica Cayne,"Brittney Spencer,Summer Overstreet",33.33%,ESA/Co-Pub,2/15/2022,2/18/2022,,,Warner Music Nashville,WMG (Warner Music Group),,USAT22310182,,My Stupid Life,Main Version,Album,Writer,Country,SMG_MSG_101_221374,"SMN,SMG-US",CRESCENDO,2 MIX JV I,,,,,7/28/2025
Released,,,1/19/2024,7/28/2025,,,Brittney Spencer,I Got Time Today,Jessica Cayne,"Brittney Spencer,Emily Reid,Nate Campany",25.00%,ESA/Co-Pub,8/5/2022,8/14/2022,,,Warner Music Nashville,WMG (Warner Music Group),,USAT22310178,,My Stupid Life,Main Version,Album,Writer,Country,SMG_MSG_101_226920,"SMN,SMG-US",CRESCENDO,2 MIX JV I,,,,,7/28/2025
Released,,,1/19/2024,7/28/2025,,,Brittney Spencer,First Car Feeling,Jessica Cayne,"Brittney Spencer,Kat Higgins",33.34%,ESA/Co-Pub,4/20/2021,4/28/2021,,,Warner Music Nashville,WMG (Warner Music Group),,USAT22310191,,My Stupid Life,Main Version,Album,Writer,Country,SMG_MSG_101_213183,"SMN,SMG-US",CRESCENDO,2 MIX JV I,,,,,7/28/2025
Released,,,8/1/2025,7/28/2025,,,Zach Hood,Another Summer Night,Sawyer Utah,"Ricky Manning,Zach Hood,Jonny Joffe,Dakota Hodge",20.00%,ESA/Co-Pub,5/9/2025,7/1/2025,,,Coup D'Etat Recordings,,,CA5KR2541462,,Another Summer Night - Single,,Single,"Writer,Producer",Pop,SMG_MSG_109_18328,"SMN,SMG-US",SOS,VISCYRL / ARCADE JV,,,,,8/11/2025
Released,,,1/19/2024,7/28/2025,,,Nikko Moon,Ain't No Better Place,David Garcia,"Michael Hardy,Niko Moon",33.34%,ESA/Co-Pub,4/30/2021,7/8/2021,,HARDY,Independent,,,USUYG1520578,,Better Days,Main Version,Album,"Writer,Producer",Country,SMG_MSG_109_21540,"SMN,SMG-US",CRESCENDO,CRESCENDO,,,,,7/28/2025
Released,,,1/12/2024,7/28/2025,,,Emily Faith,Heaven Is A Small Town,Justin Richards,"Emily Faith,Jonathan Gamble,Jordan Sapp",25.00%,ESA/Co-Pub,12/8/2022,10/3/2023,,,Independent,,,TCAHQ2331088,Heaven Is a Small Town,Heaven Is a Small Town - Single,Main Version,Single,Writer,Christian,SMG_MSG_101_9874,"SMN,SMG-US",SOS,2 MIX JV II,,,,,7/28/2025
Released,,,1/12/2024,7/28/2025,,,Kyle Park,Y'all All Nighters,"Brinley Addington,Ryan Beaver","Kyle Park,Mike Walker",50.00%,"ESA/Co-Pub,ESA/Co-Pub",3/14/2022,3/15/2022,,,Independent,,,QMMF72300002,,All Nighters,Main Version,,Writer,Country,SMG_MSG_101_222322,"SMN,SMG-US","CRESCENDO, SOS","CRESCENDO, 2 MIX JV II",,,,,7/28/2025
Released,,,6/26/2025,7/28/2025,,,Sawyer Utah,Where Do U Go?,Sawyer Utah,"Sophie Simmons,Zhone",33.34%,ESA/Co-Pub,8/19/2022,11/27/2023,Sawyer Utah (Released),,VISCYRL X,,,QMBZ92501756,,WHERE DO U GO? - Single,Main Version,Single,"Writer,Producer,Artist",Indie Pop,SMG_MSG_109_17596,"SMN,SMG-US",SOS,VISCYRL / ARCADE JV,,,,,7/28/2025
Released,,,1/12/2024,7/28/2025,,,Kyle Park,The Key To Good Whiskey,Brinley Addington,Kyle Park,50.00%,ESA/Co-Pub,7/14/2021,7/14/2021,,,Independent,,,QMMF72300005,,All Nighters,Main Version,Album,Writer,Country,SMG_MSG_101_237488,"SMN,SMG-US",CRESCENDO,CRESCENDO,,,,,7/28/2025
Released,,,5/10/2024,7/28/2025,,,Scotty McCreery ,Can't Pass The Bar,"Brent Anderson,Cale Dodds,Frank Rogers",Scotty McCreery,75.00%,"ESA/Co-Pub,ESA/Co-Pub,ESA/Co-Pub",8/22/2023,8/28/2023,Scotty McCreery  (Released),,"Sony Music Nashville,Triple Tigers",,,USQX92306503,,Rise & Fall,Main Version,Album,Writer,Country,"SMG_MSG_101_238658, SMG_MSG_109_9709","SMN,SMG-US","SOS, CRESCENDO","FLUID JV II, FLUID JV I",,,,,7/28/2025
Released,,,1/12/2024,7/28/2025,,,Scotty McCreery ,Can't Pass The Bar,"Brent Anderson,Cale Dodds,Frank Rogers",Scotty McCreery,75.00%,"ESA/Co-Pub,ESA/Co-Pub,ESA/Co-Pub",8/22/2023,8/28/2023,Scotty McCreery  (Released),,"Sony Music Nashville,Triple Tigers",,,USQX92306503,,,Main Version,Single,"Writer,Producer",,"SMG_MSG_101_238658, SMG_MSG_109_9709","SMN,SMG-US","SOS, CRESCENDO","FLUID JV II, FLUID JV I",,,,,7/28/2025
Released,,,7/5/2023,7/28/2025,,,Drew Parker,Luck Don't Live Around Here,Neil Thrasher,"Chris DeStefano,Kelley Lovelace",33.34%,ESA/Co-Pub,1/23/2023,2/13/2023,,,Warner Music Nashville,WMG (Warner Music Group),,USWB12402185,,Camouflage Cowboy,Main Version,Album,Writer,Country,SMG_MSG_101_236047,"SMN,SMG-US",CRESCENDO,CRESCENDO,,,,,7/28/2025
Released,,,5/13/2022,7/28/2025,,,The Bros. Landreth ,After The Rain,Jonathan Singleton,"David Landreth,Joey Landreth",33.33%,ESA/Co-Pub,7/16/2020,7/24/2020,,,Independent,,,CAAM92100043,,Come Morning ,Main Version,Album,Writer,Rock,SMG_MSG_101_204718,"SMN,SMG-US",CRESCENDO,CRESCENDO,,,,,7/28/2025
Released,,,2/15/2024,7/28/2025,,,Joe Wodarek & 51 South,Alright Right Now,Josh Dunne,"Ava Suppelsa,Neil Mason",33.34%,ESA/Co-Pub,7/11/2022,6/27/2023,,,Independent,,,USCGH2488206,,Enjoy the Ride,Main Version,Album,Writer,,SMG_MSG_109_9169,"SMN,SMG-US",SOS,FLUID JV II,,,,,7/28/2025
Released,,,6/20/2025,7/28/2025,,,Daniel Jeffers,Ain't About You,"Justin Halpin,Bobby Hamrick",Daniel Jeffers,66.66%,"ESA/Co-Pub,ESA/Co-Pub",12/9/2024,7/28/2025,,,Independent,,,TCAJQ2538986,,Ain't About You - Soingle,Main Version,Single,"Writer,Producer",Country,SMG_MSG_109_18232,"SMN,SMG-US",SOS,"FLUID JV II, SOS",,,,,7/28/2025
Released,,,7/25/2025,7/28/2025,,,Daniel Jeffers,Not Yet,"Justin Halpin,Bobby Hamrick",Daniel Jeffers,66.66%,"ESA/Co-Pub,ESA/Co-Pub",2/27/2025,7/28/2025,,,Independent,,,TCAJT2559631,,Not Yet - Single,Single Version,Single,"Writer,Producer",Country,SMG_MSG_109_18231,"SMN,SMG-US",SOS,"FLUID JV II, SOS",,"Produced by Justin Halpin, Bobby Hamrick",,,7/28/2025
Released,,,2/9/2024,7/28/2025,,,Joe Wodarek & 51 South,Country Go Round,Jeremy Bussey,"Lindsay Rimes,Thomas Archer",33.34%,ESA/Co-Pub,7/11/2022,7/14/2022,,,Independent,,,QM24S2400430,,,Main Version,Single,Writer,,SMG_MSG_101_225272,"SMN,SMG-US",CRESCENDO,FLUID JV I,,,,,7/28/2025
Released,,7/28/2025,8/1/2025,7/28/2025,,,Brinley Addington,Worth The Wait,Brinley Addington,Aaron Eshuis,50.00%,ESA/Co-Pub,6/12/2024,7/22/2024,,,Independent,,,QZEQU2501446,,Worth The Wait - Single,Main Version,Single,Writer,Country,SMG_MSG_109_18216,"SMN,SMG-US",SOS,SOS,,,,Kennedy Murphy,8/1/2025
Released,,,7/25/2025,7/25/2025,,,Savannah Jade,Oops (I Think I Love You),"Jessica Cayne,Matthew Morrisey","Jess Moskaluke,Savannah Jade",50.00%,"ESA/Co-Pub,ESA/Co-Pub",2/21/2025,3/11/2025,,,Independent,,,CA74P2500010,,Savannah Jade - Self Titled,Album Version,Album,Writer,Country,SMG_MSG_109_16825,"SMN,SMG-US",SOS,"2 MIX JV II, SOS",,,,,7/25/2025
Released,,,4/25/2025,7/24/2025,,,Gable Bradley ,Switchblade,"Mike Fiorentino,Nathan Barlowe",Gable Bradley,66.67%,"ESA/Co-Pub,ESA/Co-Pub",1/12/2023,2/14/2023,,,Independent,,,QM6N22513501,,Switchblade - Single,Main Version,Single,Writer,,"SMG_MSG_101_236107, SMG_MSG_109_7552","SMN,SMG-US","SOS, CRESCENDO","FLUID JV II, FLUID JV I",,,,,7/24/2025
Released,,,4/25/2025,7/24/2025,,,Gable Bradley ,Nothing At All,"Mike Fiorentino,Nathan Barlowe","Aaron Gillespie,Gable Bradley",50.00%,"ESA/Co-Pub,ESA/Co-Pub",6/13/2022,6/16/2022,,,Independent,,,QM6N22513477,,Nothing At All - Single,Main Version,Single,Writer,Rock,SMG_MSG_101_224200,"SMN,SMG-US","SOS, CRESCENDO","FLUID JV II, FLUID JV I",,,,,7/24/2025
Cut,7/15/2025,10/28/2025,,7/24/2025,,,Kelsey Hart,Love Letter,Connor McCutcheon,Nate Kenyon,50.00%,ESA/Co-Pub,7/5/2022,5/31/2023,"Kelsey Hart (Cut), Connor McCutcheon (Released)",,Curb Records,,checked,,,,,,Writer,,SMG_MSG_109_9457,"SMN,SMG-US",SOS,FLUID JV II,,,Ciara Shortridge,Andy Hodges,10/28/2025
Released,,,8/15/2025,7/24/2025,,,Connor McCutcheon,Thinkin' Straight,Connor McCutcheon,"Evan Cline,Willie Morrison",0.00%,,6/16/2025,6/16/2025,,,Independent,,,QZWUY2500060,,Thinkin' Straight - Single,Main Version,Single,"Writer,Artist",Country,SMG_MSG_109_18228,"SMN,SMG-US",SOS,FLUID JV II,,,,Andy Hodges,8/15/2025
Released,,5/30/2025,6/20/2025,7/24/2025,,,Jake Worthington,Not Like I Used To,"Derek George,Monty Criswell",Jake Worthington,66.67%,"ESA/Co-Pub,ESA/Co-Pub",7/19/2021,7/29/2021,,,Big Loud Records,,,USUG12504382,,Not Like I Used To - Single,,Single,Writer,,SMG_MSG_101_214866,"SMN,SMG-US",CRESCENDO,FLUID JV I,,,,,7/24/2025
Released,,7/10/2025,11/7/2025,7/24/2025,,,Colt Ford,A Little Out There,David Garcia,"Josh Miller,Tyler Hubbard",33.33%,ESA/Co-Pub,8/7/2020,9/10/2020,,Don Louis,Average Joes Entertainment,,,QMDPP2502357,Little Out There (feat. Don Louis),Little Out There,Main Version,Single,Writer,Country,SMG_MSG_101_213309,"SMN,SMG-US",CRESCENDO,CRESCENDO,,,,,11/7/2025
Released,,7/18/2025,7/25/2025,7/24/2025,,,Shane Stevens,Hey Y'all,Shane Stevens,Avery Evans,50.00%,ESA/Co-Pub,6/10/2025,6/12/2025,,,Independent,,,QZWFG2575512,,Hey Y'all - Single,Single Version,Single,"Writer,Producer,Artist",Country,SMG_MSG_109_18075,"SMN,SMG-US",SOS,VAULT II,,Co-produced by Shane Stevens,,,7/25/2025
Released,,,8/22/2025,7/24/2025,,,Jon Batiste,Do It All Again,Autumn Rowe,"Jon Batiste,Tierce Person",33.33%,Admin,,7/24/2025,,,Interscope Records,,,USUG12504613,DO IT ALL AGAIN ,BIG MONEY,Main Version,Album,Writer,,SMG_MSG_109_18212,"SMN,SMG-US",SOS,SOS,,,,,10/3/2025
Released,,,7/31/2025,7/24/2025,,,Marc Tinez,Encima De Mi,Marc Tinez,"Edmond Porcuna Antolín,Sierra Flowers",33.34%,ESA/Co-Pub,7/24/2022,12/31/2024,,Groove 2070,Tinez Records,Diskover Co,,ES75E2509268,,Encima de mi - single,Main Version,Single,"Writer,Artist",Afrobeats,SMG_MSG_109_17066,"SMN,SMG-US",SOS,CHIZZY JV,,,,,7/24/2025
Released,,,10/22/2022,7/22/2025,,,Th3dstream,Brand New Day,Autumn Rowe,"Isabella Blue Snook,Gary Spriggs,Leoren Davis,Roahn Hylton,Jacob Yoffee,Trevor Trapper",18.00%,Admin,,7/22/2025,,,Independent,,,USUYG1448653,,Love & Blood,Main Version,Album,Writer,,SMG_MSG_109_18204,"SMN,SMG-US",SOS,SOS,,,,,7/22/2025
Released,,,10/22/2022,7/22/2025,,,Th3dstream,I C U,Autumn Rowe,"Roahn Hylton,Jacob Yoffee,Leoren Davis",25.00%,Admin,,7/22/2025,,,Independent,,,USUYG1446210,,Love & Blood,Main Version,Album,Writer,, SMG_MSG_109_18205,"SMN,SMG-US",SOS,SOS,,,,,7/22/2025
Released,,,4/12/2024,7/21/2025,,,Tracy Lawrence,Gulf of Mexico,"Derek George,Monty Criswell",Bubba Strait,66.67%,"ESA/Co-Pub,ESA/Co-Pub",4/16/2021,7/16/2021,,,Warner Music Nashville,WMG (Warner Music Group),,QM4TW2433988,,,Main Version,Single,Writer,,SMG_MSG_101_214635,"SMN,SMG-US",CRESCENDO,FLUID JV I,,,,,7/21/2025
Released,,,5/17/2024,7/21/2025,,,Sasha Alex Sloan,Oxygen Mask,"Dave Cohen,Joy Williams",Sasha Sloan,66.66%,"ESA/Co-Pub,ESA/Co-Pub",12/2/2022,12/15/2022,,,Virgin Music,UMG (Universal Music Group),,USA2P2403322,,Me Again,Main Version,Album,Writer,,"SMG_MSG_101_235814, SMG_MSG_109_6994","SMN,SMG-US","CRESCENDO, SOS","CRESCENDO, SOS",,,,,7/21/2025
Released,,,4/12/2024,7/21/2025,,,Chase Bryant,Tequila on the Rocks,Ryan Beaver,"Chase Bryant,Neil Medley",33.34%,ESA/Co-Pub,9/22/2022,10/30/2023,,,Independent,,,USUYG1537761,,Ashland City,Main Version,Album,Writer,,SMG_MSG_109_10356,"SMN,SMG-US",SOS,2 MIX JV II,,,,,7/21/2025
Released,,,7/12/2024,7/21/2025,,,HARDY,Time To Be Dead,"David Garcia,Michael Hardy",Hillary Lindsey,66.67%,"ESA/Co-Pub,Admin",2/26/2024,5/6/2024,HARDY (Released),,Big Loud Records,,,USUG12402764,,QUIT!!,Main Version,Album,Writer,,SMG_MSG_109_12614,"SMN,SMG-US",SOS,SOS,,,,,7/21/2025
Released,,,2/16/2024,7/21/2025,,,ROTUNDO ,Hold Your Horses,Cale Dodds,"Brian Bunn,Michael Rotundo",33.34%,ESA/Co-Pub,10/11/2023,11/15/2023,,,Independent,,,TCAHX2453085,,,Main Version,Single,Writer,,SMG_MSG_109_10600,"SMN,SMG-US",SOS,FLUID JV II,,,,,7/21/2025
Released,,,7/12/2024,7/21/2025,,,HARDY,Orphan,David Garcia,"Blake Pendergrass,John Byron,Michael Hardy",25.00%,ESA/Co-Pub,10/30/2023,5/6/2024,,,Big Loud Records,,,USUG12402767,,QUIT!!,Main Version,Album,Writer,,SMG_MSG_109_12613,"SMN,SMG-US",SOS,SOS,,,,,7/21/2025
Released,,,7/11/2025,7/21/2025,,,The Kruse Brothers,Talking Bout Tonight,"Jessica Cayne,Matthew Morrisey","Chandler Kruse,Miles Kruse",50.00%,"ESA/Co-Pub,ESA/Co-Pub",3/6/2025,4/14/2025,,,Independent,,,QZMEN2562033,,Cry Cowboy Cry - EP,Album Version,EP,Writer,Country,SMG_MSG_109_18203,"SMN,SMG-US",SOS,"2 MIX JV II, SOS",,,,,7/21/2025
Released,,,5/10/2024,7/21/2025,,,Sidewalk Prophets,Runnin' Out Of Time,David Garcia,"Blake Pendergrass,Lily Williamson,Lydia Vaughan",25.00%,ESA/Co-Pub,11/15/2023,5/6/2024,,,Curb Records,,,USUG12401826,,Runnin' Outta Time ,Main Version,Album,Writer,,SMG_MSG_109_12606,"SMN,SMG-US",SOS,SOS,,,,,7/21/2025
Cut,,2/22/2024,,7/21/2025,,,Sidewalk Prophets,Live For You,Justin Richards,"Ben McDonald,Dave Frey,Jonathan Gamble",25.00%,ESA/Co-Pub,11/14/2022,10/5/2023,,,Curb Records,,,,,,,,Writer,,SMG_MSG_101_10002,"SMN,SMG-US",SOS,2 MIX JV II,,,,,7/21/2025
Released,,,2/14/2025,7/21/2025,,,Sidewalk Prophets,I Apologize,Justin Richards,"Ben McDonald,Dave Frey,Jonathan Gamble",25.00%,ESA/Co-Pub,11/15/2022,10/4/2023,Sidewalk Prophets (Released),,Curb Records,,,USM1C2400017,I Apologize,Looking Up,Main Version,Album,Writer,Christian,SMG_MSG_101_9886,"SMN,SMG-US",SOS,2 MIX JV II,,,,,7/21/2025
Cut,,3/11/2024,,7/21/2025,,,Wade Sapp,When It Rains I Pour,Adam Chaffins,Wade Sapp,50.00%,ESA/Co-Pub,3/5/2024,1/13/2025,,,Independent,,,,,,,,Writer,,SMG_MSG_109_15598,"SMN,SMG-US",SOS,FLUID JV II,,,,,7/21/2025
Released,,,1/24/2025,7/21/2025,,,Hudson Westbrook,Mine Tomorrow,Ryan Beaver,"Dan Alley,Hudson Westbrook",33.33%,ESA/Co-Pub,10/7/2024,10/31/2024,,,River House Artists (Warner Music Nashville),Warner Music Nashville,,USWB12405417,,,Main Version,Single,Writer,,SMG_MSG_109_14489,"SMN,SMG-US",SOS,2 MIX JV II,,,,,7/21/2025
Released,,,1/24/2025,7/21/2025,,,Jesse Raub Jr.,What I Came To Do,Jeremy Bussey,"Jesse Raub Jr.,Scott Sean White,Terri Jo Box",25.00%,ESA/Co-Pub,7/13/2022,6/18/2025,Jesse Raub Jr. (Released),,Independent,,,US2762404725,,,Main Version,Single,Writer,,"SMG_MSG_109_18029, SMG_MSG_101_225274","SMN,SMG-US",CRESCENDO,FLUID JV I,,,,,7/21/2025
Released,,,7/4/2025,7/21/2025,,,Jesse Raub Jr.,What I Came To Do,Jeremy Bussey,"Jesse Raub Jr.,Scott Sean White,Terri Jo Box",25.00%,ESA/Co-Pub,7/13/2022,6/18/2025,Jesse Raub Jr. (Released),,Independent,,,US2762404725,,What I Came To DO,Main Version,Album,Writer,,"SMG_MSG_109_18029, SMG_MSG_101_225274","SMN,SMG-US",CRESCENDO,FLUID JV I,,,,,7/21/2025
Released,,,2/6/2025,7/21/2025,,,Maddox Baston,I Don't Like You Anymore,David Garcia,"Ashley Gorley,Hunter Phelps,Maddox Batson",25.00%,ESA/Co-Pub,11/22/2024,12/11/2024,,,Warner Music Nashville,WMG (Warner Music Group),,USWB12405148,,,Main Version,Single,Writer,,SMG_MSG_109_15509,"SMN,SMG-US",SOS,SOS,,,,,7/21/2025
Released,,,7/12/2024,7/21/2025,,,HARDY,Jim Bob,"David Garcia,Michael Hardy","Cody Quistad,Hunter Phelps",50.00%,"ESA/Co-Pub,Admin",3/1/2024,5/6/2024,HARDY (Released),,Big Loud Records,,,USUG12402773,,QUIT!!,Clean,,Writer,,SMG_MSG_109_12612,"SMN,SMG-US",SOS,SOS,,,,,7/21/2025
Released,,,7/12/2024,7/21/2025,,,HARDY,Jim Bob,"David Garcia,Michael Hardy","Cody Quistad,Hunter Phelps",50.00%,"ESA/Co-Pub,Admin",3/1/2024,5/6/2024,HARDY (Released),,Big Loud Records,,,USUG12402762,,QUIT!!,Explicit,,Writer,,SMG_MSG_109_12612,"SMN,SMG-US",SOS,SOS,,,,,7/21/2025
Released,,,2/7/2025,7/21/2025,,,HARDY,Jim Bob,"David Garcia,Michael Hardy","Cody Quistad,Hunter Phelps",50.00%,"ESA/Co-Pub,Admin",3/1/2024,5/6/2024,HARDY (Released),,Big Loud Records,,,USUG12500101,,HARDY (Live From Red Rocks),Live Version,Album,Writer,,SMG_MSG_109_12612,"SMN,SMG-US",SOS,SOS,,,,,7/21/2025
Released,,,5/24/2024,7/18/2025,,,Smithfield,Overdoing Getting Over Me,Adam Wood,"Brian Bunn,Jennifer Fielder,Trey Smith",25.00%,ESA/Co-Pub,7/13/2022,3/18/2024,,,Independent,,,QZEQU2400657,,Country With Heart (Part One),Main Version,Album,Writer,,SMG_MSG_109_11988,"SMN,SMG-US",SOS,LBJV,,,,,7/18/2025
Cut,,3/19/2024,,7/18/2025,,,Justus Bennetts,Desert Island,Brock Westover,"Justus Bennetts,Katie Cecil,Max Landis",25.00%,ESA/Co-Pub,3/5/2025,3/19/2025,,,Independent,,,,,,,,Writer,,SMG_MSG_109_16862,"SMN,SMG-US",SOS,FUTURISTICS JV,,,,,7/18/2025
Released,,,5/24/2024,7/18/2025,,,Smithfield,Last Call Summer,Adam Wood,"Jennifer Fielder,Trey Smith",33.34%,ESA/Co-Pub,10/27/2022,4/10/2023,,,Independent,,,QZEQU2400656,,Country With Heart (Part One),Main Version,Album,Writer,,SMG_MSG_109_8164,"SMN,SMG-US",SOS,LBJV,,,,,7/18/2025
Released,,,5/24/2024,7/18/2025,,,Smithfield,Hell's A Heartbreak,Adam Wood,"Jennifer Fiedler,Trey Smith",33.33%,ESA/Co-Pub,1/18/2024,2/23/2024,,,Independent,,,QZEQU2400655,,Country With Heart (Part One),Main Version,Album,Writer,,SMG_MSG_109_11938,"SMN,SMG-US",SOS,LBJV,,,,,7/18/2025
Released,,,9/27/2024,7/18/2025,,,Dylan Marlowe,Hungover In A Deer Stand,"David Garcia,Ryan Beaver","Dylan Marlowe,Trannie Anderson",50.00%,"ESA/Co-Pub,ESA/Co-Pub",12/2/2023,12/18/2023,,,Sony Music Nashville,,,QZZVQ2400211,,Mid-Twenties Crisis,Main Version,Album,Writer,,SMG_MSG_109_11230,"SMN,SMG-US",SOS,"SOS, 2 MIX JV II",,,,,7/18/2025
Released,,4/18/2024,6/6/2024,7/18/2025,,,SOPHIA SCOTT,Wildflowers,Shane Stevens,"Kyle Schleinger,Sophia Scott",33.34%,Admin,6/21/2023,4/19/2024,,,Independent,,,USUYG1546294,,,,Single,Writer,Country,SMG_MSG_109_12506,"SMN,SMG-US",SOS,SOS,,,,,7/30/2025
Released,,,7/18/2025,7/18/2025,,,Scotty McCreery ,Holding Down The Honky Tonk,"Brent Anderson,Derek George,Frank Rogers,Jeremy Bussey",Scotty McCreery,80.00%,"ESA/Co-Pub,ESA/Co-Pub,ESA/Co-Pub,ESA/Co-Pub",2/1/2024,2/26/2024,,,"Sony Music Nashville,Triple Tigers",,,USQX92502111,,Scooter & Friends - EP,Main Version,EP,Writer,,"SMG_MSG_101_239845, SMG_MSG_109_11945","SMN,SMG-US","SOS, CRESCENDO","FLUID JV II, FLUID JV I",,Produced by Frank Rogers,,,7/18/2025
Released,,,7/18/2025,7/18/2025,,,Scotty McCreery ,Whiskey Said,"Brent Anderson,Derek George,Frank Rogers,Jeremy Bussey",Scotty McCreery,80.00%,"ESA/Co-Pub,ESA/Co-Pub,ESA/Co-Pub,ESA/Co-Pub",1/30/2024,3/5/2024,Scotty McCreery  (Released),Lee Brice,"Sony Music Nashville,Triple Tigers",,,USQX92503135,,Scooter & Friends - EP,Main Version,EP,Writer,,"SMG_MSG_101_239857, SMG_MSG_109_12369","SMN,SMG-US","SOS, CRESCENDO","FLUID JV II, FLUID JV I",,Produced by Frank Rogers,,,7/18/2025
Released,,,7/18/2025,7/18/2025,,,Scotty McCreery ,Swim Up Bar,"Brent Anderson,Derek George,Monty Criswell,Bobby Hamrick,Frank Rogers",Scotty McCreery,83.34%,"ESA/Co-Pub,ESA/Co-Pub,ESA/Co-Pub,ESA/Co-Pub,ESA/Co-Pub",1/29/2025,1/29/2025,,,"Sony Music Nashville,Triple Tigers",,,USQX92502112,,Scooter & Friends - EP,Main Version,EP,Writer,,"SMG_MSG_101_244511, SMG_MSG_109_16665","SMN,SMG-US","SOS, CRESCENDO","FLUID JV II, SOS, FLUID JV I",,Produced by Frank Rogers,,,7/18/2025
Released,,4/25/2024,6/21/2024,7/16/2025,,,Halle Kearns,He Carries Me,"Jessica Cayne,Justin Richards",Halle Kearns,66.67%,"ESA/Co-Pub,ESA/Co-Pub",10/31/2023,11/7/2023,,,Independent,,,QZWH32400202,,Quarter Life Crisis,Main Version,EP,"Writer,Producer",Country,SMG_MSG_109_10420,"SMN,SMG-US",SOS,2 MIX JV II,,Produced by Jess Cayne,,,8/1/2025
Released,,4/25/2024,9/12/2025,7/16/2025,,,Priscilla Block,Phones And Radios,David Garcia,"Blake Pendergrass,Priscilla Block,Trannie Anderson",25.00%,ESA/Co-Pub,3/26/2024,8/28/2024,,,Mercury Nashville,MCA (Music Corporation of America),,USUM72412200,Phones and Radios,Things You Didn't See,Main Version,Single,Writer,Country,SMG_MSG_109_12595,"SMN,SMG-US",SOS,SOS,,,,Kennedy Murphy,9/12/2025
Released,,4/25/2024,10/10/2025,7/16/2025,,,Priscilla Block,Bring Me Downtown,David Garcia,"Cole Taylor,Laura Veltz,Priscilla Block",25.00%,ESA/Co-Pub,9/25/2023,5/6/2024,,,Mercury Nashville,MCA (Music Corporation of America),,USUM72410681,,Things You Didn't See,,Album,Writer,,SMG_MSG_109_12592,"SMN,SMG-US",SOS,SOS,,,,Kennedy Murphy,10/10/2025
Cut,,4/25/2024,,7/16/2025,,,Priscilla Block,Broken,David Garcia,"Blake Pendergrass,Jessie Jo Dillon,Priscilla Block",25.00%,ESA/Co-Pub,9/26/2023,5/6/2024,,,Mercury Nashville,MCA (Music Corporation of America),,,,,,,Writer,,SMG_MSG_109_12593,"SMN,SMG-US",SOS,SOS,,,,Kennedy Murphy,7/16/2025
Released,,4/25/2024,10/10/2025,7/16/2025,,,Priscilla Block,Try,David Garcia,"Priscilla Block,Trannie Anderson,Tyler Hubbard",25.00%,ESA/Co-Pub,12/12/2023,5/6/2024,,,Mercury Nashville,MCA (Music Corporation of America),,USUM72410678,,Things You Didn't See,,Album,Writer,,SMG_MSG_109_12608,"SMN,SMG-US",SOS,SOS,,,,Kennedy Murphy,10/10/2025
Released,,4/25/2024,10/10/2025,7/16/2025,,,Priscilla Block,Stranger Things,David Garcia,"Cole Taylor,Priscilla Block,Trannie Anderson",25.00%,ESA/Co-Pub,9/26/2023,5/6/2024,,Chase Matthew,Mercury Nashville,MCA (Music Corporation of America),,USUM72410669,,Things You Didn't See,,Album,Writer,,SMG_MSG_109_12607,"SMN,SMG-US",SOS,SOS,,,,Kennedy Murphy,10/10/2025
Released,,4/25/2024,6/21/2024,7/16/2025,,,Priscilla Block,Bad Guy,David Garcia,"Cole Taylor,Priscilla Block,Trannie Anderson",25.00%,ESA/Co-Pub,9/26/2023,5/6/2024,,,Mercury Nashville,MCA (Music Corporation of America),,USUM72405724,,PB2,Main Version,EP,"Writer,Producer",Country,SMG_MSG_109_12589,"SMN,SMG-US",SOS,SOS,,,,Kennedy Murphy,8/1/2025
Released,,4/25/2024,6/21/2024,7/16/2025,,,Priscilla Block,Hell Out Of A Hometown,David Garcia,"Hillary Lindsey,Priscilla Block,Summer Overstreet",25.00%,ESA/Co-Pub,9/27/2023,5/6/2024,,,Mercury Nashville,MCA (Music Corporation of America),,USUM72405723,,PB2,Main Version,EP,"Writer,Producer",,SMG_MSG_109_12594,"SMN,SMG-US",SOS,SOS,,,,Kennedy Murphy,8/1/2025
Cut,,4/30/2024,,7/16/2025,,,Mickey Guyton,Little Man,Jessica Cayne,"Karen Kosowski,Mickey Guyton",33.34%,ESA/Co-Pub,9/12/2023,10/12/2023,,,Capitol Records Nashville,MCA (Music Corporation of America),,,,,,,Writer,,SMG_MSG_109_10047,"SMN,SMG-US",SOS,2 MIX JV II,,,,Andy Hodges,7/16/2025
Released,,5/1/2024,7/23/2024,7/16/2025,,,Warren Zeiders,Fight Like Hell,Ryan Beaver,"Erik Dylan,Jared Keim,Warren Zeiders",25.00%,ESA/Co-Pub,10/27/2023,11/30/2023,,,Warner Music Nashville,WMG (Warner Music Group),,USWB12402977,,Relapse,Main Version,Album,Writer,,SMG_MSG_109_11070,"SMN,SMG-US",SOS,2 MIX JV II,,,,Kennedy Murphy,8/4/2025
Released,,5/20/2024,6/28/2024,7/16/2025,,,Lenny Pey,Let's Go Let's Go,"Cale Dodds,Joy Williams","Gavin Slate,Jaden Michaels,Lenny Peyl",40.00%,"ESA/Co-Pub,ESA/Co-Pub",11/8/2023,3/19/2024,,,Independent,,,US23A1580813,,Growin' Up Country Vol. 2,Main Version,Album,Writer,Country,SMG_MSG_109_11981,"SMN,SMG-US",SOS,"FLUID JV II, SOS",,,,Andy Hodges,8/1/2025
Released,,5/20/2024,6/28/2024,7/16/2025,,,High Valley,Big Feelings,Cale Dodds,"Gavin Slate,Jaden Michaels,Tyler Bellinger",25.00%,ESA/Co-Pub,11/6/2023,6/6/2024,,,Independent,,,US23A1580811,,Growin' Up Country Vol. @,Main Version,Album,Writer,Country,SMG_MSG_109_12722,"SMN,SMG-US",SOS,FLUID JV II,,,,Andy Hodges,8/1/2025
Released,,5/20/2024,6/28/2024,7/16/2025,,,Jaden Michaels ,Dream Up,"Bobby Hamrick,Shane Stevens","Gavin Slate,Jaden Michaels",50.00%,"ESA/Co-Pub,ESA/Co-Pub",11/13/2023,6/21/2024,,,Independent,,,US23A1580808,,Growin' Up Country Vol. 2,Main Version,Album,Writer,,"SMG_MSG_101_241958, SMG_MSG_109_12845","SMN,SMG-US","CRESCENDO, SOS","CRESCENDO, VAULT II",,,,Andy Hodges,8/1/2025
Cut,,5/20/2024,,7/16/2025,,,Runaway June,Put A Smile On,Bobby Hamrick,"Gavin Slate,Jaden Michaels,Jennifer Wayne",25.00%,ESA/Co-Pub,11/6/2023,6/21/2024,,,Quartz Hill,,,,,,,,Writer,,SMG_MSG_101_241956,"SMN,SMG-US",CRESCENDO,CRESCENDO,,,,Andy Hodges,7/16/2025
Cut,,5/23/2024,,7/16/2025,,,Tim Hicks,Quits,Monty Criswell,"Deric Ruttan,Tim Hicks",33.34%,ESA/Co-Pub,1/24/2024,1/31/2024,,,Independent,,,,,,,,Writer,,SMG_MSG_109_11271,"SMN,SMG-US",SOS,FLUID JV II,,,,,7/16/2025
Cut,,6/6/2024,,7/16/2025,,,Elle King,I'm A Cowboy (Gone At Dawn),Dave Cohen,"Elle King,Michael Whitworth",33.34%,ESA/Co-Pub,4/16/2024,4/23/2024,,,Sony Music Nashville,,,,,,,,Writer,,SMG_MSG_109_12519,"SMN,SMG-US",SOS,SOS,,,,,7/16/2025
Cut,,6/11/2024,,7/16/2025,,,Troy Cartwright ,One Summer When I Was Young,"Adam Chaffins,Adam Wood",Troy Cartwright,66.67%,"ESA/Co-Pub,ESA/Co-Pub",1/26/2023,4/19/2023,,,Independent,,,,,,,,Writer,,SMG_MSG_109_8198,"SMN,SMG-US",SOS,"FLUID JV II, LBJV",,,,Andy Hodges,7/16/2025
Cut,,6/12/2024,,7/16/2025,,,Morgan Wallen ,Escape,David Garcia,"Chris Tompkins,Jacob Hackworth,Jessie Jo Dillon",25.00%,ESA/Co-Pub,3/6/2024,8/28/2024,,,Big Loud Records,,,,,,,,Writer,,SMG_MSG_109_12656,"SMN,SMG-US",SOS,SOS,,,,Kennedy Murphy,7/16/2025
Cut,,6/12/2024,,7/16/2025,,,Morgan Wallen ,87 Octane,David Garcia,"Chris Tompkins,Geoff Warburton,Jessie Jo Dillon",25.00%,ESA/Co-Pub,4/8/2024,6/3/2024,"Morgan Wallen  (Cut), Jacob Hackworth (Hold)",,Big Loud Records,,,,,,,,Writer,,SMG_MSG_109_12645,"SMN,SMG-US",SOS,SOS,,,,,7/16/2025
Released,,6/13/2024,7/12/2024,7/16/2025,,,Avery Roberson,Tennessee Dream,Matthew Morrisey,"Avery Roberson,Johnny McGuire",33.34%,ESA/Co-Pub,4/30/2024,5/10/2024,,,Independent,,,QZRD92405476,,,,Single,"Writer,Producer",Country,SMG_MSG_109_12579,"SMN,SMG-US",SOS,SOS,,,,,8/4/2025
Released,,7/3/2024,8/9/2024,7/16/2025,,,John Daly,Wasted Prayers,Tyler Reeve,"Ben Stennis,Trannie Anderson,Trent Tomlinson",25.00%,ESA/Co-Pub,11/10/2022,7/31/2024,,,Independent,,,QZSYP2469089,,Country Boy,,Album,Writer,Country,SMG_MSG_109_9277,"SMN,SMG-US",SOS,SOS,,,,,8/4/2025
Released,,7/31/2024,1/9/2026,7/16/2025,,,Timothy Wayne,Sounds Of A Small Town,Cale Dodds,Corey Crowder,50.00%,ESA/Co-Pub,9/8/2022,9/22/2022,,,Capitol Records Nashville,MCA (Music Corporation of America),,QT6HK2511836,,Sounds Of A Small Town - Single,Main Version,Single,Writer,Country,SMG_MSG_109_6910,"SMN,SMG-US",SOS,FLUID JV II,,,,Andy Hodges,1/9/2026
Released,,8/6/2024,1/13/2025,7/16/2025,,,Hudson Westbrook,Pray Your Name,Ryan Beaver,"Hudson Westbrook,Neil Medley",33.33%,ESA/Co-Pub,8/6/2024,8/30/2024,,,River House Artists (Warner Music Nashville),Warner Music Nashville,,QZYG82300097,,Hudson Westbrook - Self Titled,,Album,Writer,,SMG_MSG_109_13465,"SMN,SMG-US",SOS,2 MIX JV II,,,,Kennedy Murphy,7/25/2025
Released,,8/18/2024,8/30/2024,7/16/2025,,,Vincent Mason,Train Of Thought,Ryan Beaver,"Chase McDaniel,Jared Keim,Vincent Mason",25.00%,ESA/Co-Pub,5/21/2024,7/8/2024,,,MCA Nashville,MCA (Music Corporation of America),,USUM72409932,,Train of Thought,,Album,Writer,,SMG_MSG_109_13140,"SMN,SMG-US",SOS,2 MIX JV II,,,,,8/4/2025
Cut,,8/21/2024,,7/16/2025,,,Justus Bennetts,I Need,Brock Westover,"James Droll,Justus Bennetts",33.33%,ESA/Co-Pub,7/18/2024,7/31/2024,,,Independent,,,,,,,,Writer,,SMG_MSG_109_13788,"SMN,SMG-US",SOS,FUTURISTICS JV,,,,,7/16/2025
Released,,8/21/2024,10/10/2025,7/16/2025,,,Amy Sheppard,Born To Be Country,Brock Westover,"Amy Sheppard,George Sheppard",33.33%,ESA/Co-Pub,7/26/2024,7/31/2024,,,Independent,,,AUIYA2500004,,Born To Be Country,,Album,Writer,,SMG_MSG_109_13774,"SMN,SMG-US",SOS,FUTURISTICS JV,,,,,10/10/2025
Released,,8/26/2024,11/1/2024,7/16/2025,,,Jenna Davis,Really Bad Kisser,Shane Stevens,"Abbey Cabler,Jenna Davis",33.34%,ESA/Co-Pub,11/18/2023,5/10/2024,,,Independent,,,QZEQU2401958,,SIKE,Main Version,EP,Writer,,SMG_MSG_109_12575,"SMN,SMG-US",SOS,VAULT II,,,,,9/29/2025
Cut,,8/26/2024,,7/16/2025,,,Brittney Spencer,Growing Out of You,Jessica Cayne,"Brittney Spencer,Ethan Tasch,Saint Patrick",25.00%,ESA/Co-Pub,8/6/2022,8/8/2022,,,Warner Music Nashville,WMG (Warner Music Group),,,,,,,Writer,,SMG_MSG_101_226917,"SMN,SMG-US",CRESCENDO,2 MIX JV I,,,,,7/16/2025
Released,,8/26/2024,9/27/2024,7/16/2025,,,Brittney Spencer,Damn Good Life,Autumn Rowe,"Brittney Spencer,Jon Levine",33.00%,Admin,,9/26/2024,,,Warner Music Nashville,WMG (Warner Music Group),,USAT22408756,Damn Good Life,My Stupid Life (The Party That I Almost Missed),Main Version,Album,Writer,,SMG_MSG_109_13830,"SMN,SMG-US",SOS,SOS,,,,,11/19/2025
Cut,,8/28/2024,,7/16/2025,,,Catie Offerman,It's Christmas,Brinley Addington,"Catie Offerman,Laura Veltz,Neil Medley",25.00%,ESA/Co-Pub,8/26/2024,8/26/2024,,,Independent,,,,,,,,Writer,,SMG_MSG_109_13405,"SMN,SMG-US",SOS,SOS,,,,,7/16/2025
Cut,,9/9/2024,,7/16/2025,,,Old Hickory,Better Than You,Brinley Addington,"Andy Austin,Timothy Baker",33.33%,ESA/Co-Pub,2/28/2024,9/9/2024,,,Independent,,,,,,,,Writer,,SMG_MSG_109_13731,"SMN,SMG-US",SOS,SOS,,,,,7/16/2025
Cut,,9/13/2024,,7/16/2025,,,Austin & Colin,Karate Of The Soul,Bobby Hamrick,"Austin Bever,Colin Cooper",50.00%,ESA/Co-Pub,4/24/2024,8/14/2024,,,BMG BBR,,,,,,,,Writer,,SMG_MSG_109_13362,"SMN,SMG-US",SOS,SOS,,,,,7/16/2025
Released,,11/1/2024,12/6/2024,7/16/2025,,,Austin & Colin,Big Bad Frog,"Bobby Hamrick,Shane Stevens","Austin Bever,Colin Cooper",66.67%,"ESA/Co-Pub,ESA/Co-Pub",11/20/2023,12/15/2023,,,BMG BBR,,,QMRSZ2401893,,Big Bad Frog - Single,Main Version,Single,Writer,Pop,SMG_MSG_109_11200,"SMN,SMG-US","CRESCENDO, SOS","CRESCENDO, VAULT II",,,,,7/28/2025
Cut,,9/20/2024,,7/16/2025,,,Alli Walker,Kitchen Floor,"Brinley Addington,Jessica Cayne,Matthew Morrisey",Alli Walker,75.00%,"ESA/Co-Pub,ESA/Co-Pub,ESA/Co-Pub",1/25/2023,1/31/2023,,,Independent,,,,,,,,Writer,,SMG_MSG_101_244073,"SMN,SMG-US",CRESCENDO,"CRESCENDO, 2 MIX JV I",,,,,7/16/2025
Released,,,10/25/2024,7/16/2025,,,Ryan Hurd,This Party Sucks,"Brinley Addington,David Garcia,Ryan Beaver",Ryan Hurd,75.00%,"ESA/Co-Pub,ESA/Co-Pub,ESA/Co-Pub",8/22/2023,9/11/2023,,,Big Machine Label Group,,,QZRD92406128,,,Main Version,,Writer,,SMG_MSG_109_11313,"SMN,SMG-US",SOS,"SOS, 2 MIX JV II",,,,,7/16/2025
Released,,10/16/2024,9/5/2025,7/16/2025,,,Runaway June,Real Good Night,Jessica Cayne,"Emma Lee,Eric Arjes,Natalie Stovall",25.00%,ESA/Co-Pub,4/13/2022,4/21/2022,,,Quartz Hill,,,QZURL2400018,,Real Good Night - Single,Main Version,Single,Writer,Country,SMG_MSG_101_246351,"SMN,SMG-US",CRESCENDO,2 MIX JV I,,,,Andy Hodges,9/5/2025
Released,,10/22/2024,5/29/2026,7/16/2025,,,Bryan Martin,Rather Be The Fire,Adam Wood,"Bryan Martin,JT Harding,Scott Sean White",25.00%,ESA/Co-Pub,9/21/2023,10/2/2023,,,Average Joes Entertainment,,,QMDPP2602745,,Rather Be The Fire - Single,,Single,Writer,Country,SMG_MSG_109_9857,"SMN,SMG-US",SOS,LBJV,,,,,6/4/2026
Cut,,10/24/2024,,7/16/2025,,,Elle King,The Horns,Dave Cohen,Elle King,50.00%,ESA/Co-Pub,1/4/2024,1/17/2024,,,Sony Music Nashville,,,,,,,,Writer,,SMG_MSG_101_239681,"SMN,SMG-US",SOS,SOS,,,,,7/16/2025
Cut,,11/15/2024,,7/16/2025,,,Trace Adkins,Naughty List,"Derek George,Monty Criswell",Trace Adkins,66.67%,"ESA/Co-Pub,ESA/Co-Pub",6/11/2024,11/8/2024,,,Independent,,,,,,,,Writer,,SMG_MSG_109_13792,"SMN,SMG-US",SOS,FLUID JV II,,,,,7/16/2025
Cut,,12/4/2024,,7/16/2025,,,Clayton Mullen,Cold Winter,"Cale Dodds,Justin Halpin",Clayton Mullen,66.67%,"Admin,ESA/Co-Pub",10/8/2024,12/3/2024,,,Independent,,,,,,,,Writer,,SMG_MSG_109_15456,"SMN,SMG-US",SOS,"SOS, FLUID JV II",,,,Kennedy Murphy,7/16/2025
Released,,12/6/2024,11/3/2025,7/16/2025,,,Shoshana Bean,Twilight Moon,"Jessica Cayne,Justin Richards,David Ryan Harris",Shoshana Bean,68.66%,"ESA/Co-Pub,ESA/Co-Pub,Admin",6/28/2024,7/2/2024,,,Independent,,,QMEU32514892,Twilight Moon,Only Smoke,Main Version,Album,Writer,Rock,SMG_MSG_109_13088,"SMN,SMG-US",SOS,"2 MIX JV II, SOS",,,,,11/7/2025
Cut,,1/3/2025,,7/16/2025,,,Dustin Lynch,Whiskey On The Moon,Brent Anderson,"Adam Sanders,Dustin Lynch",33.33%,ESA/Co-Pub,11/15/2024,12/9/2024,,,BMG BBR,,,,,,,,Writer,,SMG_MSG_109_15526,"SMN,SMG-US",SOS,FLUID JV II,,,,Kennedy Murphy,7/16/2025
Released,,1/6/2025,3/13/2026,7/16/2025,,,Adam Chaffins,Sugarcoat It,Adam Chaffins,Adam Wright,50.00%,ESA/Co-Pub,3/6/2023,3/7/2023,,,Spirit Nashville Recordings,,,QM4TW2641949,,,Main Version,Single,Writer,,SMG_MSG_109_7777,"SMN,SMG-US",SOS,FLUID JV II,,,,,3/13/2026
Released,,1/6/2025,5/8/2026,7/16/2025,,,Adam Chaffins,King Of Coal Dust County,Adam Chaffins,"Billy Montana,Brit Taylor",33.34%,ESA/Co-Pub,7/17/2024,7/22/2024,,,Spirit Nashville Recordings,,,QM6MZ2648883,,,,Single,Writer,Country,SMG_MSG_109_13162,"SMN,SMG-US",SOS,FLUID JV II,,,,,5/8/2026
Released,,1/6/2025,8/21/2026,7/16/2025,,,Adam Chaffins,"You Get Drunk, I'll Get High",Adam Chaffins,"Adam Wright,Brit Taylor",33.34%,ESA/Co-Pub,11/1/2022,11/2/2022,,,Spirit Nashville Recordings,,,QM6N22651257,"You Get Drunk, I'll Get High",Trailer Trash: Doublewide,Main Version,Album,"Writer,Producer,Artist",Country,SMG_MSG_109_6832,"SMN,SMG-US",SOS,FLUID JV II,,,,,8/21/2026
Released,,1/6/2025,8/21/2026,7/16/2025,,,Adam Chaffins,Hard To Reach,Adam Chaffins,Darrell Scott,50.00%,ESA/Co-Pub,12/10/2024,12/13/2024,,,Spirit Nashville Recordings,,,QM6N22646499,Hard To Reach,Trailer Trash: Doublewide,Main Version,Album,"Writer,Producer,Artist",Country,SMG_MSG_109_15503,"SMN,SMG-US",SOS,FLUID JV II,,,,,8/21/2026
Released,,1/6/2025,8/21/2026,7/16/2025,,,Adam Chaffins,Flea Market,"Adam Chaffins,Bobby Hamrick",,100.00%,"ESA/Co-Pub,ESA/Co-Pub",2/8/2023,2/8/2023,,,Spirit Nashville Recordings,,,QM6N22646591,Flea Market,Trailer Trash: Doublewide,Main Version,Album,"Writer,Artist,Producer",Country,"SMG_MSG_101_236023, SMG_MSG_109_7544","SMN,SMG-US","SOS, CRESCENDO","FLUID JV II, CRESCENDO",,,,,8/21/2026
Released,,1/6/2025,8/21/2026,7/16/2025,,,Adam Chaffins,Stepped Over The Pieces,"Adam Chaffins,Frank Rogers",,100.00%,"ESA/Co-Pub,ESA/Co-Pub",12/18/2024,1/3/2025,,,Spirit Nashville Recordings,,,QM6N22647546,Stepped Over The Pieces,Trailer Trash: Doublewide,Main Version,Album,"Writer,Artist",Country,"SMG_MSG_109_15563, SMG_MSG_101_244343","SMN,SMG-US","SOS, CRESCENDO","FLUID JV II, FLUID JV I",,,,,8/21/2026
Released,,1/6/2025,8/21/2026,7/16/2025,,,Adam Chaffins,Get Rich,Adam Chaffins,Jay Knowles,50.00%,ESA/Co-Pub,5/3/2024,5/10/2024,,,Spirit Nashville Recordings,,,QM6N22647529,Get Rich,Trailer Trash: Doublewide,Main Version,Album,"Writer,Artist",Country,SMG_MSG_109_12564,"SMN,SMG-US",SOS,FLUID JV II,,,,,8/21/2026
Cut,,1/7/2025,,7/16/2025,,,Sam Stoane,Pretty Poppies,Jessica Cayne,"Amie Miriello,Chris Rafetto,Sam Stoane",25.00%,ESA/Co-Pub,10/12/2023,1/13/2025,,,Independent,,,,,,,,Writer,,SMG_MSG_109_15586,"SMN,SMG-US",SOS,2 MIX JV II,,,,,7/16/2025
Released,,1/13/2025,11/7/2025,7/16/2025,,,Matt Koziol,To Hear Him Tell It,Jeremy Bussey,"Josh London,Matt Koziol",33.34%,ESA/Co-Pub,8/21/2024,8/26/2024,,,Independent,,,USUYG1756740,To Hear Him Tell It,Cowboys In London,Main Version,Album,Writer,,SMG_MSG_109_13419,"SMN,SMG-US",SOS,FLUID JV II,,,,,11/7/2025
Released,,1/13/2025,11/7/2025,7/16/2025,,,Matt Koziol,Losing You,Jeremy Bussey,"Josh London,Matt Koziol",33.34%,ESA/Co-Pub,10/24/2024,10/31/2024,,,Independent,,,USUYG1756743,Losing You,Cowboys In London,Main Version,Album,Writer,Country,SMG_MSG_109_14488,"SMN,SMG-US",SOS,FLUID JV II,,,,,11/7/2025
Cut,,1/23/2025,,7/16/2025,,,Emily Ann Roberts,Come And Get It,Ryan Beaver,"Emily Ann Roberts,Jeremy Spillman,Trent Willmon",25.00%,ESA/Co-Pub,1/15/2025,1/29/2025,,,Independent,,,,,,,,Writer,,SMG_MSG_109_16566,"SMN,SMG-US",SOS,2 MIX JV II,,,,Kennedy Murphy,7/16/2025
Released,,1/23/2025,9/5/2025,7/16/2025,,,Emily Ann Roberts,Jack & Jill Daniel's,Ryan Beaver,"Emily Ann Roberts,Jeremy Spillman,Trent Willmon",25.00%,ESA/Co-Pub,1/15/2025,1/29/2025,Emily Ann Roberts (Released),,Independent,,,US6XF2500255,,Jack & Jill Daniel's - Single,Main Version,Single,Writer,Country,SMG_MSG_109_16573,"SMN,SMG-US",SOS,2 MIX JV II,,,,Kennedy Murphy,9/5/2025
Released,,1/29/2025,2/13/2026,7/16/2025,,,Morgan Myles,American Sky,Matthew Morrisey,"Melody Federer,Morgan Myles",33.33%,ESA/Co-Pub,1/5/2024,7/3/2024,,,Independent,,,QM5QG2553005,American Sky,Laced,Main Version,Album,Writer,Country,"SMG_MSG_109_16561, SMG_MSG_101_244414","SMN,SMG-US",SOS,SOS,,,,,2/13/2026
Released,,1/29/2025,9/19/2025,7/16/2025,,,Morgan Myles,Laced,Matthew Morrisey,"Melody Federer,Morgan Myles",33.34%,ESA/Co-Pub,1/5/2024,1/17/2024,,,Blue Elan Records,,,QM5QG2553010,Laced,Laced,Main Version,Album,Writer,Country,SMG_MSG_109_11240,"SMN,SMG-US",SOS,SOS,,,,,10/3/2025
Released,,,7/11/2025,7/15/2025,,,Sacha,Shooting Star,Zach Beeken,"Cole Miracle,Colton Pack,Garrett Nichols,Sacha Visagie,Sam Martinez",16.67%,ESA/Co-Pub,3/12/2025,7/11/2025,,Restless Road,"Sacha Music,Sony Music Canada",,,CAV392500032,,Woman In The Mirror,Main Version,Album,"Writer,Artist",,SMG_MSG_109_18206,"SMN,SMG-US",SOS,FLUID JV II,,,,,7/15/2025
Released,,,10/17/2025,7/15/2025,,,BEL,Only Want You,Jason Vance Harris,Isabel Whelan,40.00%,ESA/Co-Pub,,7/15/2025,,,Nettwerk Music Group,,,CAN112501229,Only Want You,Holy Grail,Main Version,Album,Writer,,SMG_MSG_109_18230,"SMN,SMG-US",SOS,SOS,,,,,10/24/2025
Released,,,10/17/2025,7/15/2025,,,BEL,Break A Leg (intro),Jason Vance Harris,Isabel Whelan,50.00%,ESA/Co-Pub,,7/15/2025,,,Nettwerk Music Group,,,CAN112501224,Break a Leg,Holy Grail,,Album,Writer,,SMG_MSG_109_18058,"SMN,SMG-US",SOS,SOS,,,,,10/24/2025
Released,,2/13/2025,7/18/2025,7/14/2025,,,Scotty McCreery ,Whiskey Said,"Brent Anderson,Derek George,Frank Rogers,Jeremy Bussey",Scotty McCreery,80.00%,"ESA/Co-Pub,ESA/Co-Pub,ESA/Co-Pub,ESA/Co-Pub",1/30/2024,3/5/2024,Scotty McCreery  (Released),,"Sony Music Nashville,Triple Tigers",,,USQX92503135,,Scooter & Friends,Main Version,Album,Writer,,"SMG_MSG_101_239857, SMG_MSG_109_12369","SMN,SMG-US","SOS, CRESCENDO","FLUID JV II, FLUID JV I",,,,,7/18/2025
Released,,2/24/2025,10/24/2025,7/14/2025,,,Randy Rogers Band,Same Place Twice,Ryan Beaver,"Brad Clawson,Randy Rogers",33.34%,ESA/Co-Pub,3/6/2024,5/31/2024,,,Tommy Jackson Records LLC,,,QZWH32500662,Same Place Twice,The Going - EP,Main Version,EP,Writer,Country,SMG_MSG_109_12678,"SMN,SMG-US",SOS,2 MIX JV II,,,,Kennedy Murphy,10/24/2025
Cut,,3/5/2025,,7/14/2025,,,Benedict Cork,Love Ya Like,"Brock Westover,Justin Halpin",Benedict Cork,66.67%,"ESA/Co-Pub,ESA/Co-Pub",1/21/2025,2/24/2025,,,Independent,,,,,,,,Writer,,SMG_MSG_109_16791,"SMN,SMG-US",SOS,"FUTURISTICS JV, FLUID JV II",,,,Andy Hodges,7/14/2025
Cut,,3/18/2025,,7/14/2025,,,Breland,Cutting Me Loose,"Brock Westover,Chizzy",Daniel Breland,66.67%,"ESA/Co-Pub,Admin",3/12/2025,3/19/2025,,,Warner Music Nashville,WMG (Warner Music Group),,,,,,,Writer,,SMG_MSG_109_16873,"SMN,SMG-US",SOS,"FUTURISTICS JV, SOS",,,,Andy Hodges,7/14/2025
Released,,3/19/2025,3/10/2026,7/14/2025,,,Jonny West,Hold Your Hair,Brock Westover,Jonny West,50.00%,ESA/Co-Pub,6/7/2023,7/31/2024,,,Independent,,,,,Hold Your Hair Tied Up,,EP,Writer,Pop,SMG_MSG_109_13894,"SMN,SMG-US",SOS,FUTURISTICS JV,,,,Andy Hodges,3/10/2026
Cut,,3/19/2025,,7/14/2025,,,Sheppard ,Hallucinate,Brock Westover,"Amy Sheppard,George Sheppard",33.33%,ESA/Co-Pub,2/17/2024,7/31/2024,,,Independent,,,,,,,,Writer,,SMG_MSG_109_13887,"SMN,SMG-US",SOS,FUTURISTICS JV,,,,Andy Hodges,7/14/2025
Released,,3/24/2025,4/11/2025,7/14/2025,,,Kala'e Parish,Into Words,Bobby Hamrick,"Bobby Campbell,Kala'e Parish",33.34%,ESA/Co-Pub,4/30/2024,6/6/2024,,,Independent,,,QZK6N2535799,,,Main Version,Single,"Writer,Producer",,SMG_MSG_109_12739,"SMN,SMG-US",SOS,SOS,,,,Andy Hodges,7/28/2025
Released,,4/3/2025,10/24/2025,7/14/2025,,,Vincent Mason,Little Miss,Ryan Beaver,"Chase McDaniel,Jared Keim,Vincent Mason",25.00%,ESA/Co-Pub,6/3/2024,4/7/2025,,,MCA Nashville,MCA (Music Corporation of America),,USUM72508780,Little Miss,There I Go,Main Version,Album,Writer,Country,SMG_MSG_109_16915,"SMN,SMG-US",SOS,2 MIX JV II,,,,Kennedy Murphy,10/24/2025
Cut,,4/6/2025,,7/14/2025,,,Troy Cartwright ,Thinking 'Bout You,Adam Wood,"Billy Montana,Troy Cartwright",33.34%,ESA/Co-Pub,10/25/2022,1/6/2023,,,Independent,,,,,,,,Writer,,SMG_MSG_109_7159,"SMN,SMG-US",SOS,LBJV,,,,Andy Hodges,7/14/2025
Upcoming,,12/15/2025,,7/14/2025,,,Lee Brice,All The Whiskey In The World,Adam Wood,"Lee Brice,Liz Rose",33.33%,ESA/Co-Pub,8/14/2023,4/15/2024,,,Curb Records,,checked,,,,Main Version,,Writer,Country,SMG_MSG_109_12481,"SMN,SMG-US",SOS,LBJV,,,,,12/15/2025
Upcoming,,12/15/2025,,7/14/2025,,,Lee Brice,Old Men,Adam Wood,,100.00%,ESA/Co-Pub,10/13/2023,10/19/2023,,,Curb Records,,checked,,,,Main Version,,Writer,Country,SMG_MSG_109_10077,"SMN,SMG-US",SOS,LBJV,,,,Andy Hodges,12/15/2025
Upcoming,,4/9/2025,,7/14/2025,,,Gowa Gibbs,Fancy Meeting You Here,"Dave Cohen,Jessica Cayne,Matthew Morrisey",Gowa Gibbs,75.00%,"ESA/Co-Pub,ESA/Co-Pub,ESA/Co-Pub",9/15/2023,9/20/2023,,,Independent,,checked,,,,,,Writer,,"SMG_MSG_101_238794, SMG_MSG_109_9794","SMN,SMG-US","CRESCENDO, SOS","CRESCENDO, 2 MIX JV II, SOS",,,,Andy Hodges,7/28/2025
Cut,,4/10/2025,,7/14/2025,,,Vincent Mason,Most Of My Bets,Ryan Beaver,"Aaron Eshuis,Vincent Mason",33.34%,ESA/Co-Pub,3/22/2024,4/3/2024,,,MCA Nashville,MCA (Music Corporation of America),,,,,,,Writer,,SMG_MSG_109_12337,"SMN,SMG-US",SOS,2 MIX JV II,,,,Kennedy Murphy,7/14/2025
Released,,4/11/2025,2/6/2026,7/14/2025,,,Kameron Marlowe,Bourbon And The Bible,Adam Wood,"Dan Couch,Elvie Shane,Jakob Miller",25.00%,ESA/Co-Pub,11/30/2022,12/2/2022,,Elvie Shane,Sony Music Nashville,,,QZEQU2600141,,,Main Version,Single,Writer,Country,SMG_MSG_109_6923,"SMN,SMG-US",SOS,LBJV,,,,Andy Hodges,2/6/2026
Released,,4/14/2025,7/25/2025,7/14/2025,,,Hudson Westbrook,Fool,Ryan Beaver,"Dan Alley,Hudson Westbrook,Neil Medley",25.00%,ESA/Co-Pub,2/10/2025,3/10/2025,,,River House Artists (Warner Music Nashville),Warner Music Nashville,,USWB12501546,,Texas Forever,Album Version,Album,Writer,Country,SMG_MSG_109_16815,"SMN,SMG-US",SOS,2 MIX JV II,,,,Kenneth Freundlich,7/25/2025
Released,,4/22/2025,6/12/2026,7/14/2025,,,Midland,Drunk Enough,"Jamie Moore,Nathan Barlowe","Jess Carson,Mark Wystrach",50.00%,"Admin,ESA/Co-Pub",11/7/2024,1/22/2025,,,Blue Highway Records,HYBE America,,QZRD92608683,Drunk Enough,Stages,Main Version,Album,Writer,Country,SMG_MSG_109_16535,"SMN,SMG-US",SOS,"SOS, FLUID JV II",,,,Andy Hodges,6/15/2026
Upcoming,,4/22/2025,11/6/2026,7/14/2025,,,Dylan Marlowe,Death Do Us Part,Brent Anderson,"Dylan Marlowe,Jameson Rodgers,Zach Abend",25.00%,ESA/Co-Pub,2/11/2025,3/30/2025,,,Sony Music Nashville,,,,,,,,Writer,,SMG_MSG_109_21374,"SMN,SMG-US",SOS,FLUID JV II,,,,,7/13/2026
Released,,4/24/2025,8/8/2025,7/14/2025,,,Ripley Alexander,Got Away,Connor McCutcheon,"Evan Cline,Matt Hall,Ripley Alexander,Sydney Cubit",0.00%,,2/14/2025,2/18/2025,,,Supernormal Music Group,,,USA2P2535586,,Got Away - Single,Main Version,Single,Writer,,SMG_MSG_109_16754,"SMN,SMG-US",SOS,FLUID JV II,,,,Andy Hodges,8/8/2025
Released,,5/6/2025,3/27/2026,7/14/2025,,,Tim & The Glory Boys,If I Go Missin',Cale Dodds,"Allen Salmon,Derek James,Tim Neufeld",25.00%,ESA/Co-Pub,1/24/2024,5/6/2025,,,Sony Music Nashville,,,QZK6K2606288,,,Main Version,Single,Writer,Country,SMG_MSG_109_18126,"SMN,SMG-US",SOS,FLUID JV II,,,,Andy Hodges,4/16/2026
Released,,5/7/2025,3/6/2026,7/14/2025,,,Brit Taylor ,Crazy Leaf,"Adam Chaffins,Jeremy Bussey",Brit Taylor,66.67%,"ESA/Co-Pub,ESA/Co-Pub",1/11/2024,5/6/2025,,,Independent,,,QZVMS2500035,,Land Of The Forgotten,,Album,Writer,Country,SMG_MSG_109_17929,"SMN,SMG-US",SOS,FLUID JV II,,,,"Andy Hodges,Kennedy Murphy",3/6/2026
Released,,5/7/2025,3/6/2026,7/14/2025,,,Brit Taylor ,Lately I've Been Thinking,Adam Chaffins,"Adam Wright,Brit Taylor",33.34%,ESA/Co-Pub,11/1/2022,11/2/2022,,,Independent,,,QZVMS2500032,,Land Of The Forgotten,,Album,Writer,Country,SMG_MSG_109_6828,"SMN,SMG-US",SOS,FLUID JV II,,,,Andy Hodges,3/6/2026
Released,,5/7/2025,1/9/2026,7/14/2025,,,Brit Taylor ,Warning You Whiskey,Adam Chaffins,"Adam Wright,Brit Taylor",33.34%,ESA/Co-Pub,2/20/2024,2/26/2024,,,Independent,,,QZVMS2500029,,Warning You Whiskey - Single,Main Version,Single,Writer,Country,SMG_MSG_109_11931,"SMN,SMG-US",SOS,FLUID JV II,,,,Andy Hodges,1/9/2026
Released,,5/7/2025,3/6/2026,7/14/2025,,,Brit Taylor ,The Land Of The Forgotten,Adam Chaffins,"Adam Wright,Brit Taylor",33.34%,ESA/Co-Pub,5/24/2024,6/11/2024,,,Independent,,,QZVMS2500031,,Land Of The Forgotten,,Album,Writer,Country,SMG_MSG_109_12800,"SMN,SMG-US",SOS,FLUID JV II,,,,Andy Hodges,3/6/2026
Released,,5/7/2025,2/6/2026,7/14/2025,,,Brit Taylor ,Around And Around,Adam Chaffins,"Adam Wright,Brit Taylor",33.34%,ESA/Co-Pub,2/25/2022,12/2/2022,,,Independent,,,QZVMS2500034,,,Main Version,Single,Writer,Country,SMG_MSG_109_6336,"SMN,SMG-US",SOS,FLUID JV II,,,,Andy Hodges,2/6/2026
Released,,5/7/2025,3/6/2026,7/14/2025,,,Brit Taylor ,Bar's Closing,Adam Chaffins,"Brit Taylor,Clint Daniels",33.34%,ESA/Co-Pub,10/25/2024,12/3/2024,,,Independent,,,QZVMS2500036,,Land Of The Forgotten,,Album,Writer,Country,SMG_MSG_109_15455,"SMN,SMG-US",SOS,FLUID JV II,,,,Andy Hodges,3/6/2026
Released,,5/8/2025,11/28/2025,7/14/2025,,,Stella Hennen,Anything Anymore,"Adam Wood,Brock Westover",Stella Hennen,66.67%,"ESA/Co-Pub,ESA/Co-Pub",3/21/2025,4/8/2025,,,Independent,,,QT3FF2544602,Anything Anymore,Where I Don't Exist,Main Version,EP,Writer,,SMG_MSG_109_16947,"SMN,SMG-US",SOS,"LBJV, FUTURISTICS JV",,,,Andy Hodges,12/1/2025
Cut,,5/19/2025,,7/14/2025,,,Bryce Vine,Love It,Brock Westover,"Jesse Rankins,Jordyn Dodd-Waddington",33.34%,ESA/Co-Pub,8/27/2024,10/4/2024,,,BAMBOO .45,,,,,,,,Writer,,SMG_MSG_109_14013,"SMN,SMG-US",SOS,FUTURISTICS JV,,,,Andy Hodges,7/14/2025
Upcoming,,5/20/2025,,7/14/2025,,,Jac Ross,The Rest,"Brent Anderson,Brooke Lee",Lukas Scott,66.67%,"ESA/Co-Pub,ESA/Co-Pub",7/13/2023,8/2/2023,,,Sony Music Nashville,,checked,,,,,,Writer,,SMG_MSG_109_9461,"SMN,SMG-US",SOS,"FLUID JV II, 2 MIX JV II",,,,Kennedy Murphy,7/28/2025
Released,,5/22/2025,10/17/2025,7/14/2025,,,Flatland Calvalry ,Gone,Ryan Beaver,"Aaron Eshuis,Cleto Cordero",33.34%,ESA/Co-Pub,4/30/2024,5/22/2025,,,Interscope Records,,,USUG12507656,Gone,Gone - Single,Main Version,Single,Writer,Country,SMG_MSG_109_18055,"SMN,SMG-US",SOS,2 MIX JV II,,,,Kennedy Murphy,10/17/2025
Released,,5/22/2025,3/27/2026,7/14/2025,,,Flatland Calvalry ,Bird's Eye View,Ryan Beaver,"Aaron Eshuis,Cleto Cordero",33.34%,ESA/Co-Pub,10/22/2024,5/22/2025,,,Interscope Records,,,USUG12509599,,,,Album,Writer,Country,SMG_MSG_109_17623,"SMN,SMG-US",SOS,2 MIX JV II,,,,Kennedy Murphy,3/27/2026
Cut,,5/22/2025,,7/14/2025,,,Angus Gill,Buzzcut Kid,Jeremy Bussey,"Angus Gill,Blue Foley",33.34%,ESA/Co-Pub,10/30/2024,11/21/2024,,,Independent,,,,,,,,Writer,,SMG_MSG_109_15437,"SMN,SMG-US",SOS,FLUID JV II,,,Kennedy Murphy,,7/14/2025
Released,,6/16/2025,8/1/2025,7/14/2025,,,Kalie Shorr,Choke,Jessica Cayne,"Kalie Shorr,Kelly Sheehan,Robbie Lamond",25.00%,ESA/Co-Pub,4/11/2024,4/19/2024,,,Independent,,,TCAJT2578489,,My Type,Main Version,EP,Writer,Country,SMG_MSG_109_12484,"SMN,SMG-US",SOS,2 MIX JV II,,,,,8/1/2025
Cut,,7/14/2025,,7/14/2025,,,Jesse Murphy,Know It Yet,"Adam Wood,Cale Dodds",Jesse Murphy,66.67%,"ESA/Co-Pub,ESA/Co-Pub",4/9/2025,4/12/2025,,,Independent,,,,,TBD - EP Name,,EP,Writer,,SMG_MSG_109_18139,"SMN,SMG-US",SOS,"LBJV, FLUID JV II",,,,Andy Hodges,7/14/2025
Released,,,7/4/2025,7/11/2025,,,Jesse Raub Jr.,What I Came To Do,Jeremy Bussey,"Jesse Raub Jr.,Scott Sean White,Terri Jo Box",25.00%,ESA/Co-Pub,7/13/2022,6/18/2025,Jesse Raub Jr. (Released),,Independent,,,US2762404725,,What I Came To Do,Main Version,Album,Writer,,"SMG_MSG_109_18029, SMG_MSG_101_225274","SMN,SMG-US",CRESCENDO,FLUID JV I,,,,,7/11/2025
Released,,,7/3/2025,7/11/2025,,,First Time Thieves,Version Of Me,"Cale Dodds,Justin Halpin",Rick Seibold,66.67%,"ESA/Co-Pub,ESA/Co-Pub",3/7/2024,1/13/2025,,Rick Seibold,Independent,,,QZWDE2590818,,Version Of Me - Single,Main Version,Single,Writer,,SMG_MSG_109_15595,"SMN,SMG-US",SOS,FLUID JV II,,,,,7/11/2025
Released,,,7/11/2025,7/11/2025,,,Jeremy Rosado,Hero In The Room,Justin Richards,"Colby Wedgeworth,Jeremy Rosado",33.34%,ESA/Co-Pub,2/11/2025,2/12/2025,Jeremy Rosado (Released),,Capitol CMG,UMG (Universal Music Group),,USUM72501693,Hero In The Room,The Waiting Room,Main Version,Album,Writer,Christian,SMG_MSG_109_16681,"SMN,SMG-US",SOS,2 MIX JV II,,,,,7/11/2025
Released,,,7/11/2025,7/11/2025,,,Dalton Dover,Might Just Love You,Brent Anderson,"Dalton Dover,Jeremy Stover",33.33%,ESA/Co-Pub,8/2/2024,12/11/2024,,,Droptine Recordings,,,QZXF32500008,,Might Just Love You - Single,Main Version,Single,Writer,,SMG_MSG_109_15515,"SMN,SMG-US",SOS,FLUID JV II,,,,,7/11/2025
Released,,,7/11/2025,7/11/2025,,,Jordana Bryant,Take It As A Blessing,"Jessica Cayne,Matthew Morrisey",Jordana Bryant,66.67%,"ESA/Co-Pub,ESA/Co-Pub",3/27/2025,4/14/2025,,Alexa Cappelli,Independent,,,USUYG1737937,,Take It As A Blessing - Single,Main Version,Single,Writer,, SMG_MSG_109_18021,"SMN,SMG-US",SOS,"2 MIX JV II, SOS",,,,,7/11/2025
Released,,,7/11/2025,7/11/2025,,,Jeremy Rosado,When I Meet Jesus,Justin Richards,"Colby Wedgeworth,Jeremy Rosado",33.34%,ESA/Co-Pub,1/19/2022,10/16/2023,,,Capitol CMG,UMG (Universal Music Group),,USUM72505496,When I Meet Jesus,The Waiting Room,Main Version,Album,Writer,Christian,SMG_MSG_101_10058,"SMN,SMG-US",SOS,2 MIX JV II,,,,,7/11/2025
Released,,,7/11/2025,7/11/2025,,,Brooke Lee,Dandelion,"Bobby Hamrick,Brinley Addington,Brooke Lee",,100.00%,"ESA/Co-Pub,ESA/Co-Pub,ESA/Co-Pub",3/28/2023,4/3/2023,,Lukas Nelson,Spirit Nashville Recordings,,,QZWUY2500059,,Dandelion (Feat. Lukas Nelson) - Single,Main Version,Single,"Writer,Artist",,"SMG_MSG_101_236806, SMG_MSG_109_8043","SMN,SMG-US","CRESCENDO, SOS","CRESCENDO, 2 MIX JV II",,,,,7/11/2025
Released,,,7/4/2025,7/9/2025,,,"Imanbek,BIA",Rumors,Melodie Wagner,"Neave Applebaum,Henry Tucker,Imanbek,BIA",21.25%,ESA/Co-Pub,,7/8/2025,,,Independent,,,QZAKB2505349,,Rumours - Single,,Single,Writer,,SMG_MSG_109_18001,"SMN,SMG-US",SOS,SOS,,,,,7/9/2025
Released,,,5/30/2025,7/9/2025,,,Kilder,Dusk Til Dawn,Melodie Wagner,"Miggy Dela Rosa,Pepijn Willemse",33.33%,ESA/Co-Pub,,7/8/2025,,,Independent,,,QM6P42518943,,Dusk Til Dawn - Single,,Single,Writer,,SMG_MSG_109_18000,"SMN,SMG-US",SOS,SOS,,,,,7/9/2025
Released,,,8/15/2025,7/3/2025,,,Noelle Scaggs,Bless The DJ,Noelle Scaggs,"Benjamin McIldowie,Lee Anna McCollum,Serban Cazan",28.00%,Admin,,4/7/2025,Noelle Scaggs (Released),,Adventures With Scaggs LLC,,,QT5752500001,,Feel Your Body EP,,Single -> Album,Writer,,SMG_MSG_109_17179,"SMN,SMG-US",SOS,SOS,,,,,7/3/2025
Released,,,6/27/2025,7/2/2025,,,24KGoldn,June,Nick Gale,"24KGoldn,Jin Jin,Matt Zara,Axel Benamar,Jack Riley,Joseph T Manson Jr",0.00%,ESA/Co-Pub,,7/2/2025,,,Columbia Records,Sony Music Entertainment,,USQX92503056,,June - Single,,Single,Writer,,SMG_MSG_109_18019,"SMN,SMG-US",SOS,SOS,,,,,7/2/2025
Released,,,1/17/2025,6/30/2025,,,Ryan Ellis,Real Love,Shane Stevens,"Paul Duncan,Ryan Ellis,Tedd Tjornhom",25.00%,Admin,7/18/2023,11/7/2023,,,Sony Music Nashville,,,USA5W2400055,,Real Love,,Album,Writer,,SMG_MSG_109_12899,"SMN,SMG-US",SOS,SOS,,,,,6/30/2025
Released,,,1/17/2025,6/30/2025,,,Savannah Jade,That's More Like It,Cale Dodds,"Corey Crowder,Jess Moskaluke",33.34%,Admin,2/24/2022,6/22/2022,,,Independent,,,CA74P2400010,,,,Single,Writer,,SMG_MSG_109_6171,"SMN,SMG-US",SOS,SOS,,,,,6/30/2025
Released,,,1/2/2025,6/30/2025,,,First Time Thieves,Change Is A Beautiful Thing,"Cale Dodds,Justin Halpin",Riley Friesen,66.67%,"ESA/Co-Pub,ESA/Co-Pub",7/19/2023,1/22/2024,,,Independent,,,QZZEB2462872,,,,Single,"Writer,Artist",,SMG_MSG_109_11206,"SMN,SMG-US",SOS,FLUID JV II,,,,,6/30/2025
Released,,,1/10/2025,6/30/2025,,,Sidewalk Prophets,Father Let It Be,Justin Richards,"Ben McDonald,Dan Macal,Dave Frey",25.00%,ESA/Co-Pub,8/1/2022,10/2/2023,,,Curb Records,,,USM1C2400015,"Father, Let It Be",Looking Up,Main Version,Single,Writer,Christian,SMG_MSG_109_9860,"SMN,SMG-US",SOS,2 MIX JV II,,,,,6/30/2025
Released,,,1/10/2025,6/30/2025,,,Warren Zeiders,Can A Heart Take,Ryan Beaver,"Randy Montana,Ross Copperman,Warren Zeiders",25.00%,ESA/Co-Pub,10/24/2023,11/30/2023,,,Warner Music Nashville,WMG (Warner Music Group),,USWB12404149,,,,Single,Writer,,SMG_MSG_109_11074,"SMN,SMG-US",SOS,2 MIX JV II,,,,,6/30/2025
Released,,,1/10/2025,6/30/2025,,,Austin & Colin,Boom Boom Sauce,Bobby Hamrick,"Austin Bever,Colin Cooper,James Slater",33.33%,ESA/Co-Pub,12/1/2023,1/17/2024,,,BMG BBR,,,QMRSZ2402158,,,,Single,Writer,,SMG_MSG_109_11202,"SMN,SMG-US",SOS,SOS,,,,,6/30/2025
Released,,,1/17/2025,6/30/2025,,,Brooke Lee,Motel Livin',Brooke Lee,"Austin Nivarel,Jason Duke",33.34%,ESA/Co-Pub,3/1/2023,4/4/2023,,,Spirit Nashville Recordings,,,QZWUY2400042,,,,Single,"Writer,Producer,Artist",,SMG_MSG_109_8064,"SMN,SMG-US",SOS,2 MIX JV II,,,,,6/30/2025
Released,,,1/17/2025,6/30/2025,,,Connor McCutcheon,Devil On My Shoulder,"Brent Anderson,Connor McCutcheon",Smith Ahnquist,66.67%,"ESA/Co-Pub,ESA/Co-Pub",3/21/2024,4/12/2024,,,Independent,,,QZWUY2400043,,,,Single,"Writer,Artist,Producer",,SMG_MSG_109_12443,"SMN,SMG-US",SOS,FLUID JV II,,,,,6/30/2025
Released,,,1/22/2025,6/30/2025,,,Lauren Alaina ,Those Kind Of Women,"Derek George,Monty Criswell","Lainey Wilson,Lynn Hutton",50.00%,"ESA/Co-Pub,ESA/Co-Pub",12/4/2023,12/13/2023,,,Big Loud Records,,,USUG12409347,,,,Single,"Writer,Producer",,SMG_MSG_109_11061,"SMN,SMG-US",SOS,FLUID JV II,,,,,6/30/2025
Released,,,1/24/2025,6/30/2025,,,Jess Moskaluke,The Life For Me,"Jessica Cayne,Matthew Morrisey","Emily Reid,Jess Moskaluke",50.00%,"ESA/Co-Pub,ESA/Co-Pub",2/28/2024,3/12/2024,,,Independent,,,CA74P2400009,,,,Single,Writer,,SMG_MSG_109_12067,"SMN,SMG-US",SOS,"2 MIX JV II, SOS",,,,,6/30/2025
Released,,,2/6/2025,6/30/2025,,,First Time Thieves,Everything Changed,"Justin Halpin,Cale Dodds",Bryan Dawley,66.67%,"ESA/Co-Pub,ESA/Co-Pub",11/29/2023,1/6/2025,,,Independent,,,QZ5FN2505998,,Everything Changed - Single,Main Version,Single,"Writer,Artist",,SMG_MSG_109_15536,"SMN,SMG-US",SOS,FLUID JV II,,,,,6/30/2025
Released,,,2/7/2025,6/30/2025,,,"Scotty McCreery ,Jason Crabb",Red Letter Blueprint,"Brent Anderson,Derek George,Jeremy Bussey,Monty Criswell",Scotty McCreery,80.00%,"ESA/Co-Pub,ESA/Co-Pub,ESA/Co-Pub,ESA/Co-Pub",8/22/2023,8/28/2023,"Scotty McCreery , Jason Crabb (Released), Scotty McCreery  (Released)",,"Sony Music Nashville,Triple Tigers,Red Street Records",,,USQX92500205,,,,Single,Writer,,SMG_MSG_109_9704,"SMN,SMG-US",SOS,FLUID JV II,,,,,6/30/2025
Released,,,2/14/2025,6/30/2025,,,Danae Hayes,Broken Condoms,Jessica Cayne,"Alex Kline,Danae Hays,Nate Kenyon",25.00%,ESA/Co-Pub,5/9/2024,7/22/2024,,,Independent,,,TCAJG2501132,,,,Single,Writer,,SMG_MSG_109_13151,"SMN,SMG-US",SOS,2 MIX JV II,,,,,6/30/2025
Released,,,2/14/2025,6/30/2025,,,Connor McCutcheon,I Don't Miss You At All,"Brent Anderson,Connor McCutcheon",Smith Ahnquist,66.67%,"ESA/Co-Pub,ESA/Co-Pub",1/8/2024,1/25/2024,,,Independent,,,QZWUY2400044,,,,Single,"Writer,Producer,Artist",,SMG_MSG_109_11231,"SMN,SMG-US",SOS,FLUID JV II,,,,,6/30/2025
Released,,,2/14/2025,6/30/2025,,,Sidewalk Prophets,Power Of A Tender Heart,Justin Richards,"Ben McDonald,Carter Frodge,Dave Frey",25.00%,ESA/Co-Pub,3/25/2022,10/11/2023,,,Curb Records,,,USM1C2400006,Power of a Tender Heart,Looking Up,Main Version,Album,Writer,Christian,SMG_MSG_101_10038,"SMN,SMG-US",SOS,2 MIX JV II,,,,,6/30/2025
Released,,,2/21/2025,6/30/2025,,,"Shane Stevens,Sara Evans",I Can't Quit,Shane Stevens,"Jimmy Robbins,Nash Overstreet,Nikki Williams",25.00%,Admin,2/25/2016,1/29/2025,,,Independent,,,QM4TW2539855,,,,Single,"Writer,Producer",,SMG_MSG_109_16571,"SMN,SMG-US",SOS,SOS,,,,,6/30/2025
Released,,,2/21/2025,6/30/2025,,,Brooke Lee,Call Me Pretty,"Brooke Lee,Matthew Morrisey",Isabella Kearney-Nurse,66.67%,"ESA/Co-Pub,ESA/Co-Pub",11/4/2024,1/13/2025,,,Spirit Nashville Recordings,,,QZWUY2500048,,,,Single,"Writer,Producer",,SMG_MSG_109_15572,"SMN,SMG-US",SOS,"2 MIX JV II, SOS",,,,,6/30/2025
Released,,,2/28/2025,6/30/2025,,,Fraser Churchill,Oops,Brock Westover,"Fraser Churchill,Willie Morrison",33.33%,ESA/Co-Pub,7/16/2024,7/31/2024,,,Independent,,,USA2P2507616,,,,Single,"Writer,Producer",,SMG_MSG_109_13936,"SMN,SMG-US",SOS,FUTURISTICS JV,,,,,6/30/2025
Released,,,2/28/2025,6/30/2025,,,Noah Guthrie,Root Down,"Bobby Hamrick,Joy Williams",Noah Guthrie,66.67%,"ESA/Co-Pub,ESA/Co-Pub",3/27/2024,5/2/2024,,,Independent,,,QM4TW2515713,,,,Single,Writer,,SMG_MSG_109_12543,"SMN,SMG-US",SOS,SOS,,,,,6/30/2025
Released,,,2/28/2025,6/30/2025,,,Kip Moore,High Hopes,David Garcia,"David Nassie,Kip Moore",33.33%,ESA/Co-Pub,10/23/2023,6/3/2024,,,Slowhearts Production LLC,,,USA2P2468416,,Solitary Tracks,,Album,Writer,,SMG_MSG_109_12658,"SMN,SMG-US",SOS,SOS,,,,,6/30/2025
Released,,,3/6/2025,6/30/2025,,,First Time Thieves,What We Do Best,"Brock Westover,Cale Dodds,Justin Halpin",,100.00%,"ESA/Co-Pub,Admin,ESA/Co-Pub",4/1/2024,9/20/2024,,,Independent,,,USLZJ2551838,,,,Single,"Writer,Producer,Artist",,SMG_MSG_109_13982,"SMN,SMG-US",SOS,"FUTURISTICS JV, SOS, FLUID JV II",,,,,6/30/2025
Released,,,3/7/2025,6/30/2025,,,"Brooke Lee,Gabe Bradley",Silk and Sandpaper,"Brooke Lee,Mike Fiorentino",Gable Bradley,66.66%,"ESA/Co-Pub,ESA/Co-Pub",11/6/2024,2/7/2025,,,"Spirit Nashville Recordings,Independent",,,QM4TX2533306,,,,Single,"Writer,Producer",,SMG_MSG_109_16662,"SMN,SMG-US",SOS,"2 MIX JV II, FLUID JV II",,,,,6/30/2025
Released,,,3/14/2025,6/30/2025,,,Luna Halo,Candy Cigarettes,"Derek George,Monty Criswell,Nathan Barlowe",,100.00%,"ESA/Co-Pub,ESA/Co-Pub,ESA/Co-Pub",6/12/2023,6/26/2023,,,"Independent,Spirit Nashville Recordings",,,QZWUY2400049,,,,Single,"Writer,Producer,Artist",,"SMG_MSG_101_237518, SMG_MSG_109_9157","SMN,SMG-US","SOS, CRESCENDO","FLUID JV II, FLUID JV I",,,,,6/30/2025
Released,,,3/14/2025,6/30/2025,,,Alli Walker,Ride It Out,"Brinley Addington,Dave Cohen",Alli Walker,66.67%,"ESA/Co-Pub,ESA/Co-Pub",8/29/2024,9/4/2024,,,Independent,,,QZEQU2500406,,,,Single,Writer,,SMG_MSG_109_13509,"SMN,SMG-US",SOS,SOS,,,,,6/30/2025
Released,,,3/14/2025,6/30/2025,,,Austin & Colin,Serious Face,Bobby Hamrick,"Austin Bever,Colin Cooper",50.00%,ESA/Co-Pub,4/11/2024,8/14/2024,,,BMG BBR,,,QMRSZ2500240,,,,Single,Writer,,SMG_MSG_109_13361,"SMN,SMG-US",SOS,SOS,,,,,6/30/2025
Released,,,3/21/2025,6/30/2025,,,Priscilla Block,Yard Sale,David Garcia,"Jessie Jo Dillon,Laura Veltz,Priscilla Block",25.00%,ESA/Co-Pub,9/27/2023,6/3/2024,,,Mercury Nashville,MCA (Music Corporation of America),,USUM72501444,,,,Single,"Writer,Producer",,SMG_MSG_109_12714,"SMN,SMG-US",SOS,SOS,,,,,6/30/2025
Released,,,3/21/2025,6/30/2025,,,Ryan Hurd,California 1972,Ryan Beaver,"Aaron Eshuis,Joe Clemmons,Ryan Hurd",25.00%,ESA/Co-Pub,3/21/2023,10/30/2023,,,Big Machine Label Group,,,QZRD92406394,,Midwest Rock and the & Roll,,Album,Writer,,SMG_MSG_109_10346,"SMN,SMG-US",SOS,2 MIX JV II,,,,,6/30/2025
Released,,,3/21/2025,6/30/2025,,,Connor McCutcheon,Two Beers,"Brent Anderson,Connor McCutcheon",Smith Ahnquist,66.67%,"ESA/Co-Pub,ESA/Co-Pub",3/21/2024,4/3/2024,,,Independent,,,QZWUY2400045,,,,EP,"Writer,Artist,Producer",,SMG_MSG_109_12328,"SMN,SMG-US",SOS,FLUID JV II,,,,,6/30/2025
Released,,,3/21/2025,6/30/2025,,,Connor McCutcheon,Move On Together,Connor McCutcheon,"Cole Phillips,Jake Hess",0.00%,,10/24/2024,11/8/2024,,,Independent,,,QZWUY2500050,,,,EP,"Writer,Artist",,SMG_MSG_109_14526,"SMN,SMG-US",SOS,FLUID JV II,,,,,6/30/2025
Released,,,3/21/2025,6/30/2025,,,Maddie & Tae,Drunk Girls in Bathrooms,"Jamie Moore,Ryan Beaver","Maddie Marlow,Taylor Dye",50.00%,"Admin,ESA/Co-Pub",6/19/2023,10/30/2023,Maddie & Tae (Released),,Mercury Nashville,MCA (Music Corporation of America),,USUM72500504,Drunk Girls In Bathrooms,Drunk Girls In Bathrooms - Single,Main Version,Single,Writer,,SMG_MSG_109_12381,"SMN,SMG-US",SOS,"SOS, 2 MIX JV II",,,,,6/30/2025
Released,,,3/21/2025,6/30/2025,,,Sam Stoane,Diesel,Jessica Cayne,"Chris Rafetto,Kelly Sheehan,Sam Stoane",25.00%,ESA/Co-Pub,4/25/2024,6/6/2024,,,Independent,,,QM24S2500703,,,,EP,Writer,,SMG_MSG_109_12729,"SMN,SMG-US",SOS,2 MIX JV II,,,,,6/30/2025
Released,,,3/28/2025,6/30/2025,,,Jeremy Rosado,Hero In The Room,Justin Richards,"Colby Wedgeworth,Jeremy Rosado",33.34%,ESA/Co-Pub,2/11/2025,2/12/2025,Jeremy Rosado (Released),,Capitol CMG,UMG (Universal Music Group),,USUM72501693,Hero In The Room,Hero In The Room - Single,Main Version,Single,Writer,Christian,SMG_MSG_109_16681,"SMN,SMG-US",SOS,2 MIX JV II,,,,,6/30/2025
Released,,,3/28/2025,6/30/2025,,,Kasey Tyndall ,Not As I've Done,"Adam Wood,Justin Richards",Kasey Tyndall,66.67%,"ESA/Co-Pub,ESA/Co-Pub",7/11/2023,7/18/2023,,,MNRK Records LP,,,US5ED2406836,Not As I've Done,Not As I've Done - Single,Main Version,Single,Writer,Country,"SMG_MSG_109_9358, SMG_MSG_109_","SMN,SMG-US",SOS,"LBJV, 2 MIX JV II",,,,,6/30/2025
Released,,,4/4/2025,6/30/2025,,,Brooke Lee,So Beautiful,Brooke Lee,Danielle Blakey,50.00%,ESA/Co-Pub,12/3/2024,1/13/2025,,,Spirit Nashville Recordings,,,QZWUY2500055,,,,Single,"Writer,Artist",,SMG_MSG_109_15590,"SMN,SMG-US",SOS,2 MIX JV II,,,,,6/30/2025
Released,,,4/4/2025,6/30/2025,,,First Time Thieves,Time's A Thief,"Cale Dodds,Justin Halpin",Corey Crowder,66.67%,"ESA/Co-Pub,ESA/Co-Pub",11/3/2022,11/20/2022,,,Independent,,,GBWUL2575458,,,,Single,Writer,,SMG_MSG_109_6850,"SMN,SMG-US",SOS,FLUID JV II,,,,,6/30/2025
Released,,,4/11/2025,6/30/2025,,,Toby Lightman,Higher,Shane Stevens,"Nash Overstreet,Toby Lightman",33.33%,ESA/Co-Pub,9/14/2023,7/23/2024,,,Independent,,,GBWUL2540349,,,,Single,Writer,,SMG_MSG_109_13194,"SMN,SMG-US",SOS,VAULT II,,,,,6/30/2025
Released,,,4/18/2025,6/30/2025,,,Cale Dodds,ETITOY,Cale Dodds,Corey Crowder,50.00%,ESA/Co-Pub,12/5/2023,4/8/2025,,,Independent,,,GBWUL2597716,,,,Single,"Writer,Artist",,SMG_MSG_109_16948,"SMN,SMG-US",SOS,FLUID JV II,,,,,6/30/2025
Released,,,4/18/2025,6/30/2025,,,Smithfield,Heaven Has A Grand Ole Opry,Adam Wood,Emily Landis,50.00%,ESA/Co-Pub,10/5/2023,10/11/2023,,,Independent,,,QZEQU2500496,,,,Single,Writer,,SMG_MSG_109_10033,"SMN,SMG-US",SOS,LBJV,,,,,6/30/2025
Released,,,4/18/2025,6/30/2025,,,Riley Taylor,Nobody Wins,Justin Halpin,"Riley Taylor,Ryan Kinder",33.33%,ESA/Co-Pub,6/6/2024,1/29/2025,,,,,,QZTRX2528348,,Story To Tell,,Album,Writer,,SMG_MSG_109_16579,"SMN,SMG-US",SOS,FLUID JV II,,,,,6/30/2025
Released,,,4/25/2025,6/30/2025,,,Grace Asbury,Rain In The Desert,Jessica Cayne,"Grace Asbury,Mark Siegel",33.34%,ESA/Co-Pub,10/18/2024,10/24/2024,,,Independent,,,QZQAY2552080,,,,Album,Writer,,SMG_MSG_109_14089,"SMN,SMG-US",SOS,2 MIX JV II,,,,,6/30/2025
Released,,,4/25/2025,6/30/2025,,,Grace Asbury,Settling In,"Jessica Cayne,Justin Richards",Grace Asbury,66.67%,"ESA/Co-Pub,ESA/Co-Pub",4/24/2024,4/26/2024,,,Independent,,,QZWDD2458042,Settlin In,Couples Therapy,Explicit,Album,Writer,Country,SMG_MSG_109_12526,"SMN,SMG-US",SOS,2 MIX JV II,,,,,6/30/2025
Released,,,4/25/2025,6/30/2025,,,Grace Asbury,Where The Wind Blows,Jessica Cayne,"Grace Asbury,Mark Siegel",33.34%,ESA/Co-Pub,10/2/2024,10/24/2024,,,Independent,,,QZSYP2568753,,,,Album,Writer,,SMG_MSG_109_14094,"SMN,SMG-US",SOS,2 MIX JV II,,,,,6/30/2025
Released,,,4/25/2025,6/30/2025,,,Clayton Mullen,Love On The Radio,Matthew Morrisey,"Clayton Mullen,Jason Duke,Jason Massey",25.00%,ESA/Co-Pub,7/31/2024,8/15/2024,,,Independent,,,QZEQU2500660,,,,Single,Writer,,SMG_MSG_109_13375,"SMN,SMG-US",SOS,SOS,,,,,6/30/2025
Released,,,5/2/2025,6/30/2025,,,Brooke Eden,Giddy Up,Brock Westover,"Brooke Eden,Willie Morrison",33.33%,ESA/Co-Pub,6/27/2024,7/31/2024,,,BMG BBR,,,QMRSZ2500344,,,,Single,"Writer,Producer",,SMG_MSG_109_13880,"SMN,SMG-US",SOS,FUTURISTICS JV,,,,,6/30/2025
Released,,,5/2/2025,6/30/2025,,,Maddox Baston,I Need A Truck,David Garcia,"Ashley Gorley,Hunter Phelps,Maddox Batson",25.00%,ESA/Co-Pub,11/22/2024,1/29/2025,,,Warner Music Nashville,WMG (Warner Music Group),,USWB12500732,,,,Album,"Writer,Producer",,SMG_MSG_109_16572,"SMN,SMG-US",SOS,SOS,,,,,6/30/2025
Released,,,5/9/2025,6/30/2025,,,Brooke Lee,She Would've Loved This,"Brooke Lee,Justin Richards",Mike Lohmeier,66.67%,"ESA/Co-Pub,ESA/Co-Pub",1/22/2025,2/6/2025,,,Spirit Nashville Recordings,,,QZWUY2500058,She Would've Loved This,She Would've Loved This - Single,Main Version,Single,"Writer,Artist",Country,SMG_MSG_109_16661,"SMN,SMG-US",SOS,2 MIX JV II,,,,,6/30/2025
Released,,,5/15/2025,6/30/2025,checked,,Scotty McCreery ,Bottle Rockets (Hold My Hand),"Bobby Hamrick,Brent Anderson,Derek George,Frank Rogers,Jeremy Bussey,Monty Criswell","Darius Rucker,Dean Felber,Jim Sonefeld,Mark Bryan,Scotty McCreery",54.54%,"ESA/Co-Pub,ESA/Co-Pub,ESA/Co-Pub,ESA/Co-Pub,ESA/Co-Pub,ESA/Co-Pub",1/28/2025,2/7/2025,,Hootie & The Blowfish,"Sony Music Nashville,Triple Tigers",,,USQX92502247,,,,Single,"Writer,Producer",,SMG_MSG_109_16663,"SMN,SMG-US","SOS, CRESCENDO","SOS, FLUID JV II, FLUID JV I",Number 1,,,,6/30/2025
Released,,,5/16/2025,6/30/2025,,,Morgan Wallen ,If You Were Mine,David Garcia,"Chris Tompkins,Geoff Warburton,Jessie Jo Dillon",25.00%,ESA/Co-Pub,11/16/2023,5/6/2024,,,Big Loud Records,,,USUG12501616,,,,Album,Writer,,SMG_MSG_109_12615,"SMN,SMG-US",SOS,SOS,,,,,6/30/2025
Released,,,5/16/2025,6/30/2025,,,Adam Chaffins,Dive Bar Moses,"Adam Chaffins,Bobby Hamrick",,100.00%,"ESA/Co-Pub,ESA/Co-Pub",10/4/2022,10/26/2022,,,Spirit Nashville Recordings,,,QZWUY2400052,,,,Album,"Writer,Producer,Artist",,"SMG_MSG_101_235098, SMG_MSG_109_6804","SMN,SMG-US","SOS, CRESCENDO","FLUID JV II, CRESCENDO",,,,,6/30/2025
Released,,,5/16/2025,6/30/2025,,,Tyler Braden,Think About Me,Adam Wood,"Melissa Peirce,Tyler Braden",33.34%,ESA/Co-Pub,9/14/2022,10/25/2022,,,Warner Music Nashville,WMG (Warner Music Group),,USWB12500371,,,,Album,Writer,,SMG_MSG_109_6768,"SMN,SMG-US",SOS,LBJV,,,,,6/30/2025
Released,,,5/23/2025,6/30/2025,,,12/OC,Sound Of You Leaving,"Justin Richards,Sam Carter",Cole Phillips,66.67%,"ESA/Co-Pub,ESA/Co-Pub",10/17/2024,10/24/2024,,,Independent,,,QZTV32553137,Sound of You Leaving,Sound of You Leaving - Single,Main Version,Single,Writer,Country,SMG_MSG_109_14091,"SMN,SMG-US",SOS,2 MIX JV II,,,,,6/30/2025
Released,,,6/5/2025,6/30/2025,,,First Time Thieves,All Starts Now,"Cale Dodds,Justin Halpin",Riley Friesen,66.67%,"ESA/Co-Pub,ESA/Co-Pub",3/27/2024,8/26/2024,,,Independent,,,QZTV32594605,,,,Single,"Writer,Artist",,SMG_MSG_109_13395,"SMN,SMG-US",SOS,FLUID JV II,,,,,6/30/2025
Released,,,6/13/2025,6/30/2025,,,Oliver Westover,Ghost In My Mind,Brock Westover,"Bobby Nimoy,Oliver Westover",33.33%,ESA/Co-Pub,11/1/2022,6/13/2025,,,Independent,,,QZPLR2532440,,,,Single,Writer,,SMG_MSG_109_17867,"SMN,SMG-US",SOS,FUTURISTICS JV,,,,,6/30/2025
Released,6/26/2024,,5/2/2025,6/30/2025,,,Dawson Anderson,Category 6,Connor McCutcheon,"Autumn Buysse,Dawson Anderson,Justin Johnson",0.00%,,5/20/2024,5/24/2024,,,Independent,,,USUYG1721867,,Category 6 - Single,Main Version,Single,Writer,,SMG_MSG_109_12620,"SMN,SMG-US",SOS,FLUID JV II,,,,,6/30/2025
Hold,6/26/2024,,,6/30/2025,,,Jason Aldean,Sleeping In An Airport,Monty Criswell,"Kurt Allison,Neil Thrasher,Tully Kennedy",25.00%,ESA/Co-Pub,6/13/2024,6/26/2024,,,BMG BBR,,,,,,,,Writer,,SMG_MSG_109_13078,"SMN,SMG-US",SOS,FLUID JV II,,,,,6/30/2025
Hold,7/8/2024,,,6/30/2025,,,Ashley McBryde,Wind Up Dead,"Brent Anderson,Jeremy Bussey","Ashley McBryde,Courtney Allen",60.00%,"ESA/Co-Pub,ESA/Co-Pub",5/31/2024,7/8/2024,,,Warner Music Nashville,WMG (Warner Music Group),,,,,,,Writer,,SMG_MSG_109_13143,"SMN,SMG-US",SOS,FLUID JV II,,,,,6/30/2025
Hold,7/8/2024,,,6/30/2025,,,Ashley McBryde,The Love Of A Song,"Brent Anderson,Jeremy Bussey",Ashley McBryde,66.67%,"ESA/Co-Pub,ESA/Co-Pub",5/30/2024,7/8/2024,,,Warner Music Nashville,WMG (Warner Music Group),,,,,,,Writer,,SMG_MSG_109_13136,"SMN,SMG-US",SOS,FLUID JV II,,,,,6/30/2025
Hold,7/8/2024,,,6/30/2025,,,Luke Bryan,That Way,Monty Criswell,"Lynn Hutton,Mark Holman",33.34%,ESA/Co-Pub,6/26/2024,7/2/2024,,,Capitol Records Nashville,MCA (Music Corporation of America),,,,,,,Writer,,SMG_MSG_109_13086,"SMN,SMG-US",SOS,FLUID JV II,,,,,6/30/2025
Upcoming,7/8/2024,1/3/2025,10/30/2026,6/30/2025,,,Dustin Lynch,Old Man Knows,"Brent Anderson,Jeremy Bussey","Dustin Lynch,Jameson Rodgers",50.00%,"ESA/Co-Pub,ESA/Co-Pub",6/19/2024,7/8/2024,,,BMG BBR,,,,,,,,Writer,,SMG_MSG_109_13129,"SMN,SMG-US",SOS,FLUID JV II,,,,,9/8/2025
Hold,7/8/2024,,,6/30/2025,,,John Morgan,Nobody To You,Brent Anderson,"David Lee Murphy,John Morgan",33.33%,ESA/Co-Pub,4/24/2024,7/8/2024,,,BMG BBR,,,,,,,,Writer,,SMG_MSG_109_13127,"SMN,SMG-US",SOS,FLUID JV II,,,,,6/30/2025
Hold,7/8/2024,,,6/30/2025,,,Dustin Lynch,My Last 6er,Brent Anderson,"Dustin Lynch,Jameson Rodgers",33.33%,ESA/Co-Pub,6/19/2024,7/8/2024,,,BMG BBR,,,,,,,,Writer,,SMG_MSG_109_13123,"SMN,SMG-US",SOS,FLUID JV II,,,,,6/30/2025
Hold,7/8/2024,,,6/30/2025,,,Dustin Lynch,Missin' You Lately,Brent Anderson,"Dustin Lynch,Jameson Rodgers",33.33%,ESA/Co-Pub,6/19/2024,7/8/2024,,,BMG BBR,,,,,,,,Writer,,SMG_MSG_109_13122,"SMN,SMG-US",SOS,FLUID JV II,,,,,6/30/2025
Hold,7/8/2024,,,6/30/2025,,,Dustin Lynch,Leaves In The Fall,Brent Anderson,"Dustin Lynch,Jameson Rodgers",33.33%,ESA/Co-Pub,6/18/2024,7/8/2024,,,BMG BBR,,,,,,,,Writer,,SMG_MSG_109_13120,"SMN,SMG-US",SOS,FLUID JV II,,,,,6/30/2025
Hold,7/8/2024,,,6/30/2025,,,Just Jayne ,Better In My Head,Brent Anderson,"Alex Schwartz,Jillian Steele,Joe Khajadourian,Rachel Wiggins,Taylor Edwards",16.70%,ESA/Co-Pub,4/4/2024,7/8/2024,,,UMG Recordings Inc,MCA (Music Corporation of America),,,,,,,Writer,,SMG_MSG_109_13101,"SMN,SMG-US",SOS,FLUID JV II,,,,,6/30/2025
Hold,7/8/2024,,,6/30/2025,,,Dustin Lynch,Good Whiskey,Brent Anderson,"Dustin Lynch,Jameson Rodgers",33.33%,ESA/Co-Pub,6/18/2024,7/8/2024,,,BMG BBR,,,,,,,,Writer,,SMG_MSG_109_13113,"SMN,SMG-US",SOS,FLUID JV II,,,,,6/30/2025
Hold,7/8/2024,,,6/30/2025,,,Brooke Lee,Another Round,"Brent Anderson,Brooke Lee",Lukas Scott,66.67%,"ESA/Co-Pub,ESA/Co-Pub",3/28/2024,7/8/2024,,,Spirit Nashville Recordings,,,,,,,,Writer,,SMG_MSG_109_13098,"SMN,SMG-US",SOS,"FLUID JV II, 2 MIX JV II",,,,,6/30/2025
Hold,7/30/2024,,,6/30/2025,,,Drew Baldridge,I Can't Love You,"Cale Dodds,Justin Halpin","Corey Crowder,Drew Baldridge",50.00%,"Admin,ESA/Co-Pub",7/16/2024,7/29/2024,,,BMG BBR,,,,,,,,Writer,,SMG_MSG_109_13196,"SMN,SMG-US",SOS,"SOS, FLUID JV II",,,,,6/30/2025
Hold,7/30/2024,,,6/30/2025,,,Drew Baldridge,Do It For Me,"Cale Dodds,Justin Halpin","Corey Crowder,Drew Baldridge",50.00%,"Admin,ESA/Co-Pub",7/16/2024,7/29/2024,,,BMG BBR,,,,,,,,Writer,,SMG_MSG_109_13192,"SMN,SMG-US",SOS,"SOS, FLUID JV II",,,,,6/30/2025
Hold,7/31/2024,,,6/30/2025,,,Eddie and the Getaway,Afterlife,Dave Cohen,"Eddie Anthony,Eddie Eberle",33.34%,ESA/Co-Pub,7/23/2024,7/29/2024,,,Independent,,,,,,,,Writer,,SMG_MSG_109_13199,"SMN,SMG-US",SOS,SOS,,,,,6/30/2025
Hold,2/19/2025,,,6/30/2025,,,ATLUS,Driver Drive,"Brock Westover,Brooke Lee","Reid Haughton,Danielle Blakey",63.34%,"ESA/Co-Pub,ESA/Co-Pub",2/4/2025,2/18/2025,"ATLUS (Hold), Brooke Lee (Released)",,BMG BBR,,,,,,,,Writer,,SMG_MSG_109_16749,"SMN,SMG-US",SOS,"FUTURISTICS JV, 2 MIX JV II",,,,,6/30/2025
Released,,,6/27/2025,6/30/2025,,,Zach Hood,Beautiful As You,Sawyer Utah,"Zach Hood,Gavin Lucas",33.33%,ESA/Co-Pub,,8/22/2024,,,Independent,,,CA5KR2536151,,Beautiful As You - Single,,Single,Writer,,SMG_MSG_109_17877,"SMN,SMG-US",SOS,VISCYRL / ARCADE JV,,,,,6/30/2025
Released,,,6/27/2025,6/27/2025,,,Levi Hummon,Staycation,Cale Dodds,"Eric Arjes,Levi Hummon",33.34%,Admin,3/9/2022,6/22/2022,,Shwayze,Red Van Records,,,QZEQU2501027,,Staycation - Single,,Single,Writer,,SMG_MSG_109_6161,"SMN,SMG-US",SOS,SOS,,,,,6/27/2025
Released,,,6/27/2025,6/27/2025,,,Halle Kearns,Wish You Gone,Jessica Cayne,"Halle Kearns,Willie Breeding",33.34%,ESA/Co-Pub,11/5/2024,11/8/2024,,,Independent,,,TCAJS2568865,,Wish You Gone - Single,,Single,Writer,,SMG_MSG_109_14541,"SMN,SMG-US",SOS,2 MIX JV II,,,,,6/27/2025
Released,,,6/27/2025,6/27/2025,,,Cole Swindell,Take Me Down,David Garcia,"Chris Tompkins,Cole Swindell,Jessie Jo Dillon",25.00%,ESA/Co-Pub,2/4/2025,2/18/2025,,,Warner Music Nashville,WMG (Warner Music Group),,USWB12500918,,Spanish Moss,,Album,Writer,,SMG_MSG_109_16771,"SMN,SMG-US",SOS,SOS,,,,,6/27/2025
Released,,,6/27/2025,6/27/2025,,,Scotty McCreery ,Once Upon A Bottle of Wine,"Brent Anderson,Derek George,Frank Rogers,Jeremy Bussey",Scotty McCreery,80.00%,"ESA/Co-Pub,ESA/Co-Pub,ESA/Co-Pub,ESA/Co-Pub",2/1/2024,3/5/2024,,Charlie Wilson,Triple Tigers,,,USQX92503134,,Once Upon A Bottle Of Wine (Feat. Charlie Wilson) - Single,,Single,"Writer,Producer",,"SMG_MSG_101_239856, SMG_MSG_109_12363","SMN,SMG-US","SOS, CRESCENDO","FLUID JV II, FLUID JV I",,Produced by Frank Rogers,,,6/27/2025
Released,,,5/30/2025,6/27/2025,,,Grant Gilbert,Where Do Dreams Go,Brent Anderson,"Grant Gilbert,Joey Hendricks",33.34%,ESA/Co-Pub,1/24/2024,2/14/2024,,,River House Artists,,,QZYG82500127,,West of Fort Worth,,Album,"Writer,Producer",,SMG_MSG_109_11905,"SMN,SMG-US",SOS,FLUID JV II,,Produced by Brent Anderson,,,6/27/2025
Released,2/19/2025,5/30/2025,3/20/2026,6/27/2025,,,ATLUS,Still Haven't Stopped,David Garcia,"Blake Pendergrass,Geoff Wharburton,Sean Haywood",25.00%,ESA/Co-Pub,1/30/2025,2/19/2025,,,BMG BBR,,,QMRSZ2502424,,Art of Letting Go,Main Version,Album,Writer,Country,SMG_MSG_109_16770,"SMN,SMG-US",SOS,SOS,,,,Kennedy Murphy,3/20/2026
Hold,8/29/2024,,,6/27/2025,,,Dustin Lynch,Tailgate High,Brent Anderson,"Dustin Lynch,Hunter Phelps,Jameson Rodgers",25.00%,ESA/Co-Pub,8/23/2024,8/28/2024,,,BMG BBR,,,,,,,,Writer,,SMG_MSG_109_13475,"SMN,SMG-US",SOS,FLUID JV II,,,,,6/27/2025
Hold,8/29/2024,,,6/27/2025,,,Dustin Lynch,Should've Bought A Horse,Brent Anderson,"Dustin Lynch,Hunter Phelps,Jameson Rodgers",25.00%,ESA/Co-Pub,8/24/2024,8/28/2024,,,BMG BBR,,,,,,,,Writer,,SMG_MSG_109_13470,"SMN,SMG-US",SOS,FLUID JV II,,,,,6/27/2025
Hold,8/29/2024,,,6/27/2025,,,Dustin Lynch,Need Me A You,Brent Anderson,"Dustin Lynch,Hunter Phelps,Jameson Rodgers",25.00%,ESA/Co-Pub,8/23/2024,8/28/2024,,,BMG BBR,,,,,,,,Writer,,SMG_MSG_109_13461,"SMN,SMG-US",SOS,FLUID JV II,,,,,6/27/2025
Hold,8/29/2024,,,6/27/2025,,,Dustin Lynch,Deer Season,Brent Anderson,"Dustin Lynch,Hunter Phelps,Jameson Rodgers",25.00%,ESA/Co-Pub,8/24/2024,8/28/2024,,,BMG BBR,,,,,,,,Writer,,SMG_MSG_109_13437,"SMN,SMG-US",SOS,FLUID JV II,,,,,6/27/2025
Cut,8/29/2024,1/3/2025,,6/27/2025,,,Dustin Lynch,Casamigos,Brent Anderson,"Dustin Lynch,Hunter Phelps,Jameson Rodgers",25.00%,ESA/Co-Pub,8/23/2024,8/28/2024,,,BMG BBR,,,,,,,,Writer,,SMG_MSG_109_13435,"SMN,SMG-US",SOS,FLUID JV II,,,,Kennedy Murphy,7/16/2025
Released,9/4/2024,5/27/2025,9/26/2025,6/27/2025,,,HARDY,Keep It Country,"David Garcia,Michael Hardy","Hunter Phelps,Smith Ahnquist",50.00%,"ESA/Co-Pub,Admin",8/8/2024,8/28/2024,HARDY (Released),,Big Loud Records,,,USUG12505231,,COUNTRY! COUNTRY!,Main Version,Album,Writer,Country,SMG_MSG_109_13451,"SMN,SMG-US",SOS,SOS,,,,Kennedy Murphy,9/26/2025
Hold,9/9/2024,,,6/27/2025,,,Will Moseley,The Shape I'm In,"Brock Westover,Mike Fiorentino",Will Moseley,66.67%,"ESA/Co-Pub,ESA/Co-Pub",8/20/2024,9/12/2024,,,Independent,,,,,,,,Writer,,SMG_MSG_109_13752,"SMN,SMG-US",SOS,"FUTURISTICS JV, FLUID JV II",,,,,6/27/2025
Hold,4/3/2025,,,6/27/2025,,,Jess Moskaluke,Silver Oak Silverado,"Jessica Cayne,Matthew Morrisey","Alex Kline,Jess Moskaluke",50.00%,"ESA/Co-Pub,ESA/Co-Pub",8/28/2024,9/4/2024,,,Independent,,checked,,,,,,Writer,,SMG_MSG_109_13510,"SMN,SMG-US",SOS,"2 MIX JV II, SOS",,,,,7/3/2025
Hold,9/9/2024,,,6/27/2025,,,Jess Moskaluke,Piece Of Me,"Jessica Cayne,Matthew Morrisey","Alex Kline,Jess Moskaluke",50.00%,"ESA/Co-Pub,ESA/Co-Pub",8/28/2024,9/4/2024,,,Independent,,,,,,,,Writer,,SMG_MSG_109_13508,"SMN,SMG-US",SOS,"2 MIX JV II, SOS",,,,,6/27/2025
Hold,9/9/2024,,,6/27/2025,,,Jess Moskaluke,Humble,"Bobby Hamrick,Jessica Cayne,Matthew Morrisey",Jess Moskaluke,75.00%,"ESA/Co-Pub,ESA/Co-Pub,ESA/Co-Pub",8/29/2024,9/4/2024,,,Independent,,,,,,,,Writer,,SMG_MSG_109_13502,"SMN,SMG-US",SOS,"SOS, 2 MIX JV II",,,,,6/27/2025
Released,9/12/2024,,5/2/2025,6/27/2025,,,Brooke Eden,Rainbow Rodeo,Brock Westover,"Brooke Eden,Nell Maynard",33.33%,ESA/Co-Pub,9/5/2024,9/12/2024,,,BMG BBR,,,QMRSZ2500588,,,,Single,"Writer,Producer",,SMG_MSG_109_13749,"SMN,SMG-US",SOS,FUTURISTICS JV,,,,,6/30/2025
Hold,9/19/2024,,,6/27/2025,,,Travis Japan,Voodoo,"Cale Dodds,Justin Halpin",Sam Burgeson,66.67%,"ESA/Co-Pub,ESA/Co-Pub",2/27/2024,3/18/2024,,,Capitol Records,,,,,,,,Writer,,SMG_MSG_109_11993,"SMN,SMG-US",SOS,FLUID JV II,,,,,6/27/2025
Hold,10/3/2024,,,6/27/2025,,,Marti Perramon ,Careless,Brock Westover,"Marti Perramon,Ryan Marrone",33.33%,ESA/Co-Pub,9/16/2024,10/2/2024,,,Universal Music Operations Limited,UMG (Universal Music Group),,,,,,,Writer,,SMG_MSG_109_14004,"SMN,SMG-US",SOS,FUTURISTICS JV,,,,,6/27/2025
Released,10/21/2024,5/27/2025,9/26/2025,6/27/2025,,,HARDY,Take the Country and Run,"Michael Hardy,David Garcia",Ashley Gorley,66.67%,"Admin,ESA/Co-Pub",10/9/2024,10/31/2024,HARDY (Released),,Big Loud Records,,,USUG12505224,,COUNTRY! COUNTRY!,Main Version,Album,Writer,Country,SMG_MSG_109_14471,"SMN,SMG-US",SOS,SOS,,,,Kennedy Murphy,9/26/2025
Released,10/31/2024,5/27/2025,9/26/2025,6/27/2025,,,HARDY,Country Country,"David Garcia,Michael Hardy",Ashley Gorley,66.67%,"ESA/Co-Pub,Admin",10/23/2024,10/31/2024,HARDY (Released),,Big Loud Records,,,USUG12505221,,COUNTRY! COUNTRY!,Main Version,Album,Writer,Country,SMG_MSG_109_14475,"SMN,SMG-US",SOS,SOS,,,,Kennedy Murphy,9/26/2025
Hold,11/1/2024,,,6/27/2025,,,Maddox Baston,One Less,Brock Westover,"Alex Schwartz,Conner Sweet,Joe Khajadourian,Johnny Gates,Michael Warren",16.67%,ESA/Co-Pub,4/4/2024,7/31/2024,,,Warner Music Nashville,WMG (Warner Music Group),,,,,,,Writer,,SMG_MSG_109_13932,"SMN,SMG-US",SOS,FUTURISTICS JV,,,,,6/27/2025
Hold,11/4/2024,,,6/27/2025,,,Deltona,I Don't Wanna Know,Brock Westover,"Alex Schwartz,Caleb Miller,Chris Deaton,Joe Khajadourian,Ned Abernathy",16.70%,ESA/Co-Pub,10/7/2024,11/5/2024,,,Capitol Records Nashville,MCA (Music Corporation of America),,,,,,,Writer,,SMG_MSG_109_14524,"SMN,SMG-US",SOS,FUTURISTICS JV,,,,,6/27/2025
Hold,11/6/2024,,,6/27/2025,,,Patrick Murphy,Raining While The Sun Shines,Monty Criswell,Patrick Murphy,50.00%,ESA/Co-Pub,10/30/2024,10/31/2024,,,Warner Music Nashville,WMG (Warner Music Group),,,,,,,Writer,,SMG_MSG_109_14492,"SMN,SMG-US",SOS,FLUID JV II,,,,,6/27/2025
Hold,11/6/2024,,,6/27/2025,,,Tim McGraw,Done It All,"Adam Wood,Tyler Reeve",Lance Miller,66.67%,"ESA/Co-Pub,ESA/Co-Pub",12/12/2023,1/17/2024,,,Big Machine Label Group,,,,,,,,Writer,,SMG_MSG_109_11215,"SMN,SMG-US",SOS,"LBJV, SOS",,,,,6/27/2025
Hold,11/15/2024,,,6/27/2025,,,Dillon Carmichael,Whitley To Rain,"Brent Anderson,Derek George,Monty Criswell",Dillon Carmichael,75.00%,"ESA/Co-Pub,ESA/Co-Pub,ESA/Co-Pub",7/11/2024,8/5/2024,,,Riser House Records,,,,,,,,Writer,,SMG_MSG_109_13245,"SMN,SMG-US",SOS,FLUID JV II,,,,,6/27/2025
Hold,11/15/2024,,,6/27/2025,,,Dillon Carmichael,Vinyl,"Brent Anderson,Derek George,Monty Criswell",Dillon Carmichael,75.00%,"ESA/Co-Pub,ESA/Co-Pub,ESA/Co-Pub",7/12/2024,8/5/2024,,,Riser House Records,,,,,,,,Writer,,SMG_MSG_109_13244,"SMN,SMG-US",SOS,FLUID JV II,,,,,6/27/2025
Hold,11/15/2024,,,6/27/2025,,,Dillon Carmichael,Too Late Too Soon,"Brent Anderson,Derek George,Monty Criswell",Dillon Carmichael,75.00%,"ESA/Co-Pub,ESA/Co-Pub,ESA/Co-Pub",7/11/2024,8/5/2024,,,Riser House Records,,,,,,,,Writer,,SMG_MSG_109_13243,"SMN,SMG-US",SOS,FLUID JV II,,,,,6/27/2025
Hold,11/15/2024,,,6/27/2025,,,Dillon Carmichael,S.O.B. Like Me,"Brent Anderson,Derek George,Monty Criswell",Dillon Carmichael,75.00%,"ESA/Co-Pub,ESA/Co-Pub,ESA/Co-Pub",7/10/2024,8/5/2024,,,Riser House Records,,,,,,,,Writer,,SMG_MSG_109_13237,"SMN,SMG-US",SOS,FLUID JV II,,,,,6/27/2025
Hold,11/15/2024,,,6/27/2025,,,Dillon Carmichael,Playing With Fire,"Brent Anderson,Derek George,Monty Criswell",Dillon Carmichael,75.00%,"ESA/Co-Pub,ESA/Co-Pub,ESA/Co-Pub",7/13/2024,8/5/2024,,,Riser House Records,,,,,,,,Writer,,SMG_MSG_109_13235,"SMN,SMG-US",SOS,FLUID JV II,,,,,6/27/2025
Hold,11/15/2024,,,6/27/2025,,,Dillon Carmichael,Boots And Hats,"Brent Anderson,Derek George,Monty Criswell",Dillon Carmichael,75.00%,"ESA/Co-Pub,ESA/Co-Pub,ESA/Co-Pub",7/11/2024,8/5/2024,,,Riser House Records,,,,,,,,Writer,,SMG_MSG_109_13224,"SMN,SMG-US",SOS,FLUID JV II,,,,,6/27/2025
Hold,11/18/2024,,,6/27/2025,,,Brooke Eden,Wake Up,"Brock Westover,Jessica Cayne","Adam Macphail,Brooke Eden,Chris Housman",40.00%,"ESA/Co-Pub,ESA/Co-Pub",10/9/2024,11/21/2024,,,BMG BBR,,,,,,,,Writer,,SMG_MSG_109_15449,"SMN,SMG-US",SOS,"FUTURISTICS JV, 2 MIX JV II",,,,,6/27/2025
Released,11/26/2024,,4/11/2025,6/27/2025,,,Julia Minichiello,Placeholder,"Brock Westover,Jessica Cayne",Julia Miniciello,66.67%,"ESA/Co-Pub,ESA/Co-Pub",11/4/2024,12/3/2024,,,Independent,,,QZYG82300117,,,,Single,Writer,,SMG_MSG_109_15466,"SMN,SMG-US",SOS,"FUTURISTICS JV, 2 MIX JV II",,,,,6/30/2025
Hold,12/4/2024,,,6/27/2025,,,Deltona,Heavy,Brock Westover,"Caleb Miller,Chris Deaton,Ned Abernathy",25.00%,ESA/Co-Pub,11/20/2024,12/9/2024,,,Capitol Records Nashville,MCA (Music Corporation of America),,,,,,,Writer,,SMG_MSG_109_15504,"SMN,SMG-US",SOS,FUTURISTICS JV,,,,,6/27/2025
Released,12/11/2024,6/2/2025,10/17/2025,6/27/2025,,,Chris Young,Tin Roof,Adam Wood,"Ty Graham,Trent Fisher",33.34%,ESA/Co-Pub,7/31/2024,8/6/2024,,,Black River Entertainment,,,QMBZ92517617,Tin Roof,I Didn't Come Here To Leave,Main Version,Album,Writer,Country,SMG_MSG_109_13279,"SMN,SMG-US",SOS,LBJV,,"UPC DPD - 199350844225
UPC DPD SPOTIFY - 199538022674
UPC CD - 199538011623
UPC AMAZON VINYL - 199350955266
UPC CD INDIE SIGNED - 199350955808
UPC D2C VINYL - 199350943898
UPC GREEN VINYL - 199350945472
UPC DC SIGNED VINYL - 199350957208
UPC DIG BONUS TRACKS – 199538656848",,,10/17/2025
Hold,12/18/2024,,,6/27/2025,,,Chris Young,Gettin Late Early,Brent Anderson,"Jake Mitchell,Jameson Rodgers,Smith Ahnquist",25.00%,ESA/Co-Pub,1/5/2023,1/13/2023,"Chris Young (Hold), Jade Eagleson (Hold)",,Black River Entertainment,,,,,,,,Writer,,SMG_MSG_109_7380,"SMN,SMG-US",SOS,FLUID JV II,,,,,6/27/2025
Upcoming,1/22/2025,4/7/2025,10/30/2026,6/27/2025,,,Dustin Lynch,Talkin',"Brent Anderson,David Garcia","John Morgan,Smith Ahnquist",50.00%,"ESA/Co-Pub,ESA/Co-Pub",2/8/2024,3/12/2024,,,BMG BBR,,,,,,,,Writer,,SMG_MSG_109_12052,"SMN,SMG-US",SOS,"FLUID JV II, SOS",,,,,7/9/2026
Released,,6/24/2025,9/29/2025,6/27/2025,,,HARDY,Good Ole Boy,"David Garcia,Michael Hardy",Hunter Phelps,66.67%,"ESA/Co-Pub,Admin",6/24/2025,6/27/2025,HARDY (Released),,Big Loud Records,,,USUG12508043,,COUNTRY! COUNTRY! COUNTRY!,Main Version,Album,Writer,,SMG_MSG_109_17879,"SMN,SMG-US",SOS,SOS,,,,Kennedy Murphy,9/29/2025
Released,1/22/2025,5/30/2025,3/20/2026,6/27/2025,,,ATLUS,Sounds Like Alcohol,"David Garcia,Justin Halpin",Sean Haywood,66.67%,"ESA/Co-Pub,ESA/Co-Pub",6/6/2024,1/29/2025,,,BMG BBR,,,QMRSZ2502427,,Art of Letting Go,Main Version,Album,Writer,Country,SMG_MSG_109_16582,"SMN,SMG-US",SOS,"SOS, FLUID JV II",,,,"Kennedy Murphy,Andy Hodges",3/20/2026
Cut,1/28/2025,1/29/2025,,6/27/2025,,,Alina,Forget Again,"Brock Westover,Mike Fiorentino",Alina Adams,66.67%,"ESA/Co-Pub,ESA/Co-Pub",1/13/2025,1/29/2025,,,Independent,,,,,,,,Writer,,SMG_MSG_109_16567,"SMN,SMG-US",SOS,"FUTURISTICS JV, FLUID JV II",,,,,7/16/2025
Hold,2/5/2025,,,6/27/2025,,,Kayley Green,Can't Get That Drunk,Brent Anderson,"Jon Nite,Kaylee Green",33.34%,ESA/Co-Pub,12/5/2023,12/13/2023,,,Sony Music Nashville,,,,,,,,Writer,,SMG_MSG_109_11205,"SMN,SMG-US",SOS,FLUID JV II,,,,,6/27/2025
Hold,2/11/2025,,,6/27/2025,,,HunterGirl ,Long Time Coming,"Adam Wood,Brock Westover",Tristyn Wolkonowski,66.67%,"ESA/Co-Pub,ESA/Co-Pub",2/11/2025,2/12/2025,,,BMG BBR,,,,,,,,Writer,,SMG_MSG_109_16683,"SMN,SMG-US",SOS,"LBJV, FUTURISTICS JV",,,,,6/27/2025
Hold,2/13/2025,,,6/27/2025,,,Christian Yancey,Me 'N You,Matthew Morrisey,"Christian Yancey,Johnny McGuire",33.34%,ESA/Co-Pub,7/22/2024,8/9/2024,,,Independent,,,,,,,,Writer,,SMG_MSG_109_13265,"SMN,SMG-US",SOS,SOS,,,,,6/27/2025
Released,2/14/2025,,5/30/2025,6/27/2025,,,Matt Stell,Heaven And Back,"Brent Anderson,Jeremy Bussey,Frank Rogers",Matthew Stell,75.00%,"ESA/Co-Pub,ESA/Co-Pub,ESA/Co-Pub",11/11/2024,1/6/2025,,,RECORDS Nashville,Sony Music Nashville,,QZW5K2500002,,Heaven And Back - Single,Main Version,Single,Writer,,"SMG_MSG_109_15539, SMG_MSG_101_244354","SMN,SMG-US","SOS, CRESCENDO","FLUID JV II, FLUID JV I",,,,,7/24/2025
Cut,2/18/2025,2/18/2025,,6/27/2025,,,Austin Jenckes,Permission Slip,Cale Dodds,"Andy Skib,Austin Jenckes",33.34%,Admin,10/30/2024,2/18/2025,,,Independent,,,,,,,,Writer,,SMG_MSG_109_16765,"SMN,SMG-US",SOS,SOS,,,,Andy Hodges,7/14/2025
Released,2/19/2025,5/30/2025,8/15/2025,6/27/2025,,,ATLUS,Devil Ain't Done,David Garcia,"Geoff Warburton,Sean Haywood",33.34%,ESA/Co-Pub,1/30/2025,2/19/2025,,,BMG BBR,,,QMRSZ2501269,,Devil Ain't Done - Single,Main Version,Single,"Writer,Producer",Country,SMG_MSG_109_16746,"SMN,SMG-US",SOS,SOS,,,,Kennedy Murphy,8/15/2025
Hold,2/19/2025,,,6/27/2025,,,Priscilla Block,One Less Redneck,David Garcia,"Cole Taylor,Jesse Frasure,Priscilla Block",25.00%,ESA/Co-Pub,2/7/2025,2/19/2025,,,Mercury Nashville,MCA (Music Corporation of America),,,,,,,Writer,,SMG_MSG_109_16764,"SMN,SMG-US",SOS,SOS,,,,,6/27/2025
Cut,2/21/2025,2/21/2025,,6/27/2025,,,Bowen Young,Only Wanna,"Cale Dodds,Justin Halpin","Brandon Young,Clare Bowen",50.00%,"Admin,ESA/Co-Pub",5/8/2024,2/25/2025,,,Independent,,,,,,,,Writer,,SMG_MSG_109_16797,"SMN,SMG-US",SOS,"SOS, FLUID JV II",,,,,7/14/2025
Hold,3/3/2025,,,6/27/2025,,,Shane Profitt,Nothin' For A Livin',Jeremy Bussey,"Jamie Paulin,Paul Skyes,Shane Profitt",25.00%,ESA/Co-Pub,2/26/2025,3/18/2025,,,Sony Music Nashville,,,,,,,,Writer,,SMG_MSG_109_16847,"SMN,SMG-US",SOS,FLUID JV II,,,,,6/27/2025
Hold,3/4/2025,,,6/27/2025,,,Tim Hicks,Young Again,Monty Criswell,"Deric Ruttan,Tim Hicks",33.34%,ESA/Co-Pub,2/26/2025,3/4/2025,,,Independent,,,,,,,,Writer,,SMG_MSG_109_16804,"SMN,SMG-US",SOS,FLUID JV II,,,,,6/27/2025
Hold,3/4/2025,,,6/27/2025,,,Tim Hicks,Still Coming Down,Monty Criswell,"Deric Ruttan,Tim Hicks",33.34%,ESA/Co-Pub,2/27/2025,3/4/2025,,,Independent,,,,,,,,Writer,,SMG_MSG_109_16801,"SMN,SMG-US",SOS,FLUID JV II,,,,,6/27/2025
Hold,3/12/2025,,,6/27/2025,,,MaRynn Taylor,Like A Woman Tonight,Brinley Addington,"Erin Kinsey,Josh Kerr",33.34%,ESA/Co-Pub,1/30/2024,2/5/2024,,,Black River Entertainment,,,,,,,,Writer,,SMG_MSG_109_11861,"SMN,SMG-US",SOS,SOS,,,,,6/27/2025
Hold,3/21/2025,,,6/27/2025,,,Cole Swindell,Daddy's Truck,Brent Anderson,"Jameson Rodgers,Ray Fulcher,Taylor Phillips",25.00%,ESA/Co-Pub,3/10/2025,3/30/2025,,,Warner Music Nashville,WMG (Warner Music Group),,,,,,,Writer,,,"SMN,SMG-US",SOS,FLUID JV II,,,,,6/27/2025
Released,3/24/2025,5/26/2026,8/14/2026,6/27/2025,,,Josh Weathers,You Either Love Me Or You Don't,Jeremy Bussey,"Cam Newby,Josh Weathers",33.33%,ESA/Co-Pub,3/19/2025,3/25/2025,,,Independent,,,QMBZ92676346,,,Main Version,Album,Writer,Country,SMG_MSG_109_16881,"SMN,SMG-US",SOS,FLUID JV II,,,,,8/14/2026
Hold,3/25/2025,,,6/27/2025,,,Corey Kent,Come Around,Ryan Beaver,"AJ Pruis,Corey Kent",33.33%,ESA/Co-Pub,5/2/2024,5/24/2024,,,Sony Music Nashville,,,,,,,,Writer,,SMG_MSG_109_12623,"SMN,SMG-US",SOS,2 MIX JV II,,,,,6/27/2025
Released,3/28/2025,4/22/2025,5/5/2026,6/27/2025,,,Midland,Shooting Memories With Tequila,Ryan Beaver,"Joe Clemmons,Mike Walker",33.34%,ESA/Co-Pub,3/25/2025,3/31/2025,,,Blue Highway Records,HYBE America,,QZRD92608680,Shooting Memories With Tequila,Shooting Memories With Tequila - Single,Main Version,Single,Writer,Country,SMG_MSG_109_16893,"SMN,SMG-US",SOS,2 MIX JV II,,,,Kennedy Murphy,5/8/2026
Released,4/15/2025,10/28/2025,5/22/2026,6/27/2025,,,McCoy Moore,Chesney On The Beach,Brinley Addington,"Colton Venner,McCoy Moore",33.33%,ESA/Co-Pub,3/25/2025,3/31/2025,,,Sony Music Nashville,,,QZZVQ2500323,,Sunshine State,Main Version,Album,Writer,Country,SMG_MSG_109_16887,"SMN,SMG-US",SOS,SOS,,,,,5/22/2026
Hold,4/23/2025,,,6/27/2025,,,Carter Faith,All Ears,Monty Criswell,"Carter Faith,Lauren Hungate,Tofer Brown",25.00%,ESA/Co-Pub,4/16/2025,4/21/2025,,,MCA Nashville,MCA (Music Corporation of America),,,,,,,Writer,,SMG_MSG_109_17611,"SMN,SMG-US",SOS,FLUID JV II,,,,,6/27/2025
Hold,4/23/2025,,,6/27/2025,,,Kameron Marlowe,She Don't Cry Anymore,"Adam Wood,Brinley Addington",Jordan Fletcher,66.67%,"ESA/Co-Pub,ESA/Co-Pub",6/27/2023,7/19/2023,,,Sony Music Nashville,,,,,,,,Writer,,"SMG_MSG_101_238265, SMG_MSG_109_9360","SMN,SMG-US","SOS, CRESCENDO","LBJV, CRESCENDO",,,,,6/27/2025
Hold,4/25/2025,,,6/27/2025,,,ATLUS,Less Like You,Justin Halpin,"Cary Barlowe,Sean Haywood",33.34%,ESA/Co-Pub,4/24/2025,4/25/2025,,,BMG BBR,,,,,,,,Writer,,SMG_MSG_109_18168,"SMN,SMG-US",SOS,FLUID JV II,,,,,6/27/2025
Hold,4/29/2025,,,6/27/2025,,,Dallas Smith,Put It Back Together,David Garcia,"Blake Pendergrass,Rocky Block",33.34%,ESA/Co-Pub,5/10/2024,8/28/2024,,,Big Loud Records,,,,,,,,Writer,,SMG_MSG_109_13466,"SMN,SMG-US",SOS,SOS,,,,,6/27/2025
Hold,5/5/2025,,,6/27/2025,,,ATLUS,Miss Whiskey,"David Garcia,Justin Halpin","Autumn Buysse,Sean Haywood",50.00%,"ESA/Co-Pub,ESA/Co-Pub",4/30/2025,5/5/2025,,,BMG BBR,,,,,,,,Writer,,SMG_MSG_109_18240,"SMN,SMG-US",SOS,"SOS, FLUID JV II",,,,,6/27/2025
Hold,5/5/2025,,,6/27/2025,,,Hannah Ellis,First Time Last Time,"Bobby Hamrick,Brock Westover",Hannah Ellis,66.66%,"ESA/Co-Pub,ESA/Co-Pub",4/29/2025,5/6/2025,,,Curb Records,,checked,,,,,,Writer,,SMG_MSG_109_17939,"SMN,SMG-US",SOS,"SOS, FUTURISTICS JV",,,,,9/2/2025
Hold,5/21/2025,,,6/27/2025,,,McCoy Moore,Harder Than It Has To Be,Brinley Addington,"McCoy Moore,Neil Medley",33.33%,ESA/Co-Pub,2/26/2024,2/28/2024,,,Sony Music Nashville,,,,,,,,Writer,,SMG_MSG_109_12012,"SMN,SMG-US",SOS,SOS,,,,,6/27/2025
Hold,5/28/2025,,,6/27/2025,,,Dalton Dover,Wild Man,"Derek George,Monty Criswell","Dalton Dover,Tommy Karlas",50.00%,"ESA/Co-Pub,ESA/Co-Pub",3/5/2025,5/15/2025,,,Droptine Recordings,,,,,,,,Writer,,SMG_MSG_109_18283,"SMN,SMG-US",SOS,FLUID JV II,,,,,6/27/2025
Hold,5/28/2025,,,6/27/2025,,,Mike Parker,Hook Up,"Jessica Cayne,Matthew Morrisey","Chris Mackey,Mike Parker",50.00%,"ESA/Co-Pub,ESA/Co-Pub",5/8/2025,5/20/2025,,,Independent,,,,,,,,Writer,,SMG_MSG_109_18080,"SMN,SMG-US",SOS,"2 MIX JV II, SOS",,,,,6/27/2025
Hold,5/30/2025,,,6/27/2025,,,Tyler Hubbard,Welcome to the Farm,Nathan Barlowe,"Canaan Smith,Rhet Akins,Tyler Hubbard",25.00%,ESA/Co-Pub,5/15/2025,5/30/2025,,,EMI Records Nashville,MCA (Music Corporation of America),,,,,,,Writer,,SMG_MSG_109_18279,"SMN,SMG-US",SOS,FLUID JV II,,,,,6/27/2025
Hold,6/30/2025,,,6/27/2025,,,Tyler Hubbard,Soon As I Get Home,Nathan Barlowe,"Canaan Smith,Dallas Davidson,Rhet Akins,Tyler Hubbard",20.00%,ESA/Co-Pub,5/16/2025,5/30/2025,,,EMI Records Nashville,MCA (Music Corporation of America),,,,,,,Writer,, SMG_MSG_109_18269,"SMN,SMG-US",SOS,FLUID JV II,,,,,6/27/2025
Cut,5/30/2025,6/11/2025,,6/27/2025,,,Tyler Hubbard,I Wish It Would Rain,Nathan Barlowe,"Canaan Smith,Dallas Davidson,Rhet Akins,Tyler Hubbard",20.00%,ESA/Co-Pub,5/17/2025,5/31/2025,,,EMI Records Nashville,MCA (Music Corporation of America),checked,,,,,,Writer,,SMG_MSG_109_18125,"SMN,SMG-US",SOS,FLUID JV II,,,,Andy Hodges,8/29/2025
Cut,5/30/2025,12/20/2025,,6/27/2025,,,Garth Brooks,You Need A Friend,Adam Wood,"Phillip Lammonds,Wynn Varble",33.34%,ESA/Co-Pub,5/7/2024,5/10/2024,,,Independent,,,,,,,,Writer,,SMG_MSG_109_12586,"SMN,SMG-US",SOS,LBJV,,,,,12/20/2025
Hold,6/2/2025,,,6/27/2025,,,Ashley McBryde,Longest Goodbye,Ryan Beaver,"Jeremy Spillman,William Beckmann",33.34%,ESA/Co-Pub,5/1/2025,6/2/2025,,,Warner Music Nashville,WMG (Warner Music Group),,,,,,,Writer,,SMG_MSG_109_18171,"SMN,SMG-US",SOS,2 MIX JV II,,,,,6/27/2025
Hold,6/3/2025,,,6/27/2025,,,Cody Johnson,She'll Give You One,Ryan Beaver,"Hunter Phelps,Jared Keim",33.34%,ESA/Co-Pub,4/22/2025,6/3/2025,,,Warner Music Nashville,WMG (Warner Music Group),,,,,,,Writer,,SMG_MSG_109_18296,"SMN,SMG-US",SOS,2 MIX JV II,,,,,6/27/2025
Hold,6/5/2025,,,6/27/2025,,,Timmy McKeever ,Slow Burn,Cale Dodds,"Nick Bailey,Timmy McKeever",33.34%,Admin,1/27/2025,6/4/2025,,,Independent,,,,,,,,Writer,,SMG_MSG_109_18297,"SMN,SMG-US",SOS,SOS,,,,,6/27/2025
Hold,6/10/2025,,,6/27/2025,,,Corey Kent,Jacket That Smells Like Smoke,"Ryan Beaver,Brent Anderson",Corey Kent,66.67%,"ESA/Co-Pub,ESA/Co-Pub",6/6/2025,6/10/2025,,,Sony Music Nashville,,,,,,,,Writer,,SMG_MSG_109_17607,"SMN,SMG-US",SOS,"2 MIX JV II, FLUID JV II",,,,,6/27/2025
Hold,6/10/2025,,,6/27/2025,,,Corey Kent,So Many Summers,"Brent Anderson,Ryan Beaver","AJ Pruis,Corey Kent,Smith Ahnquist",40.00%,"ESA/Co-Pub,ESA/Co-Pub",6/7/2025,6/10/2025,,,Sony Music Nashville,,,,,,,,Writer,, SMG_MSG_109_18298,"SMN,SMG-US",SOS,"FLUID JV II, 2 MIX JV II",,,,,6/27/2025
Hold,6/10/2025,,,6/27/2025,,,Corey Kent,Rent Free,Brent Anderson,"Corey Kent,Smith Ahnquist",33.34%,ESA/Co-Pub,6/5/2025,6/10/2025,,,Sony Music Nashville,,,,,,,,Writer,, SMG_MSG_109_18294,"SMN,SMG-US",SOS,FLUID JV II,,,,,6/27/2025
Cut,6/18/2025,,,6/27/2025,,,Skeez,Best Night Of My Life,"Brock Westover,Cale Dodds","Bryce Vine,Samuel Dresslar",50.00%,"ESA/Co-Pub,ESA/Co-Pub",5/22/2025,6/4/2025,,Bryce Vine,Independent,,,,,,,,Writer,,SMG_MSG_109_17618,"SMN,SMG-US",SOS,"FUTURISTICS JV, FLUID JV II",,,,,9/29/2025
Released,,,6/27/2025,6/27/2025,,,Reaper,Up,JJ Scheff,,100.00%,ESA/Co-Pub,,6/27/2025,,,Independent,,,QM24S2503516,UP,UP - SINGLE,Main Version,Single,"Writer,Producer,Artist",Alternative,17887,"SMN,SMG-US",SOS,SOS,,,,,6/27/2025
Released,,,7/5/2024,6/26/2025,,,Camylio,Dusk Till Dawn,Camylio,"Anton Nilsson,Felicia Magna Widen",33.34%,ESA/Co-Pub,,12/16/2024,Camylio (Released),,Mercury Records,,,USUG12403166,dusk till dawn,in the light and shadows,,Album,"Writer,Artist",,SMG_MSG_109_16694,"SMN,SMG-US",SOS,SOS,,,,,6/26/2025
Released,,,1/19/2024,6/26/2025,,,Zach Hood,Dopamine,Camylio,"Jonny Joffe,Ori Dulitzki,Zach Hood",25.00%,ESA/Co-Pub,,12/16/2024,Zach Hood (Released),,Arista Records,Sony Music Entertainment,,USAR12300480,,Dopamine - Single,,Single,Writer,,"SMG_MSG_101_239822, SMG_MSG_109_16723","SMN,SMG-US",SOS,SOS,,,,,6/26/2025
Released,,,12/6/2024,6/26/2025,,,"""Stellar, Camylio""",Dangerous Game,Camylio,Siddhant Banerjee,50.00%,ESA/Co-Pub,,12/16/2024,"""Stellar, Camylio"" (Released)",,Vydia,,,QZS7J2471444,,Prince of Darkness,,Album,"Writer,Artist",,SMG_MSG_109_16711,"SMN,SMG-US",SOS,SOS,,,,,6/26/2025
Released,,,11/5/2021,6/26/2025,,,Camylio,Bones,Camylio,Michael Wise,50.00%,ESA/Co-Pub,,12/16/2024,Camylio (Released),,Mercury Records,,,USUG12105230,,All The Songs I Used To Love,,Album,"Writer,Artist",,SMG_MSG_109_16709,"SMN,SMG-US",SOS,SOS,,,,,6/26/2025
Released,,,11/5/2021,6/26/2025,,,Camylio,Black and White,Camylio,"Benedikt Schoeller,Rene Muller,Timothy Auld",25.00%,ESA/Co-Pub,,12/16/2024,Camylio (Released),,Mercury Records,,,USUG12105226,,All The Songs I Used To Love,,Album,"Writer,Artist",,SMG_MSG_109_16672,"SMN,SMG-US",SOS,SOS,,,,,6/26/2025
Released,,,10/6/2023,6/26/2025,,,Camylio,Better Love,Camylio,"Jonathan Green,Whakaio Taahi",33.34%,ESA/Co-Pub,,12/16/2024,Camylio (Released),,Mercury Records,,,USUG12307030,,Before We Say Goodbye,,Album,"Writer,Artist",,SMG_MSG_109_16671,"SMN,SMG-US",SOS,SOS,,,,,6/26/2025
Released,,,11/5/2021,6/26/2025,,,Cymo,Anyway,Camylio,"Dominic Rolke,Jintae Ko,Simon Adrian",33.30%,ESA/Co-Pub,,12/16/2024,Cymo (Released),,Soave Records,,,NLT2H2100851,,Anyway - Single,,Single,Writer,,SMG_MSG_109_16670,"SMN,SMG-US",SOS,SOS,,,,,6/26/2025
Released,,,7/5/2024,6/26/2025,,,Camylio,Angel,Camylio,"Elin Johanna Bergman,Kristoffer Fogelmark",33.34%,ESA/Co-Pub,,12/16/2024,Camylio (Released),,Mercury Records,,,USUG12403164,angel,in the light and shadows,,Album,"Writer,Artist",,SMG_MSG_109_16669,"SMN,SMG-US",SOS,SOS,,,,,6/26/2025
Released,,,10/28/2022,6/26/2025,,,Camylio,Amnesia,Camylio,"Neil Ormandy,Stephen Miller",33.34%,ESA/Co-Pub,,12/16/2024,Camylio (Released),,Mercury Records,,,USUG12207837,,Amnesia - Single,,Single,"Writer,Artist",,SMG_MSG_109_16666,"SMN,SMG-US",SOS,SOS,,,,,6/26/2025
Released,,,7/11/2025,6/26/2025,,,"Xandra,Bryce Vine",Superstar,Erik Belz,"Alexandra Pohl,Andrew Jackson,Billen Ted,Bryce Vine,Eli Salomons,Javier Lloret de Muller,Sam Brennan,Tom Hollings,Tom Mann",2.50%,Admin,,6/26/2025,,,BAMBOO .45,,,USQX92503185,,Superstar - Single,,Single,Writer,,SMG_MSG_109_17912,"SMN,SMG-US",SOS,SOS,,,,,6/26/2025
Released,,,2/11/2014,6/25/2025,,,Atlien Workshop,Monster,Chizzy,"Christopher Parker,Jarren Benton,Robert E Stribling,Theartis Jeron Thomas",50.00%,Admin,,4/26/2023,,"Jarren Benton,Ness Lee",Independent,,,uscgh1460819,,We've Landed - EP,,EP,Writer,,SMG_MSG_109_14238,"SMN,SMG-US",SOS,SOS,,,,,6/25/2025
Released,,,7/18/2025,6/25/2025,,,Mustard Service,High Roller,"Marco Ochoa,Adam Perez,Leonardo Cattani",,100.00%,"ESA/Co-Pub,ESA/Co-Pub,ESA/Co-Pub",,6/25/2025,,,Independent,,,QZ9H32500041,,Vice City Magic,,Single -> Album,Writer,,SMG_MSG_109_17904,"SMN,SMG-US",SOS,RUDY PEREZ JV,,,,,6/25/2025
Released,,,7/18/2025,6/25/2025,,,Mustard Service,There You Go Again,"Marco Ochoa,Leonardo Cattani,Adam Perez",,100.00%,"ESA/Co-Pub,ESA/Co-Pub,ESA/Co-Pub",,6/25/2025,,,Independent,,,QZ9H32500045,,Vice City Magic,,Single -> Album,Writer,,SMG_MSG_109_17907,"SMN,SMG-US",SOS,RUDY PEREZ JV,,,,,6/25/2025
Released,,,7/18/2025,6/25/2025,,,Mustard Service,Billy Bob,"Marco Ochoa,Leonardo Cattani,Adam Perez",,100.00%,"ESA/Co-Pub,ESA/Co-Pub,ESA/Co-Pub",,6/25/2025,,,Independent,,,QZ9H32500043,,Vice City Magic,,Single -> Album,Writer,,SMG_MSG_109_17901,"SMN,SMG-US",SOS,RUDY PEREZ JV,,,,,6/25/2025
Released,,,7/18/2025,6/25/2025,,,Mustard Service,Telephone,"Marco Ochoa,Leonardo Cattani,Adam Perez",,100.00%,"ESA/Co-Pub,ESA/Co-Pub,ESA/Co-Pub",,6/25/2025,,,Independent,,,QZ9H32500042,,Vice City Magic,,Single -> Album,Writer,,SMG_MSG_109_17906,"SMN,SMG-US",SOS,RUDY PEREZ JV,,,,,6/25/2025
Released,,,7/18/2025,6/25/2025,,,Mustard Service,Let Me Call You Baby,"Leonardo Cattani,Marco Ochoa,Adam Perez",,100.00%,"ESA/Co-Pub,ESA/Co-Pub,ESA/Co-Pub",,6/25/2025,,,Independent,,,QZ9H32500044,,Vice City Magic,,Single -> Album,Writer,, SMG_MSG_109_17909,"SMN,SMG-US",SOS,RUDY PEREZ JV,,,,,6/25/2025
Released,,,7/18/2025,6/25/2025,,,Mustard Service,I'm An Idiot,"Marco Ochoa,Leonardo Cattani,Adam Perez",,100.00%,"ESA/Co-Pub,ESA/Co-Pub,ESA/Co-Pub",,6/25/2025,,,Independent,,,QZ9H32500039,,Vice City Magic,,Single -> Album,Writer,,SMG_MSG_109_17905,"SMN,SMG-US",SOS,RUDY PEREZ JV,,,,,6/25/2025
Released,,,4/25/2025,6/25/2025,,,Mustard Service,Conversation Overtime,"Marco Ochoa,Leonardo Cattani,Adam Perez",,100.00%,"ESA/Co-Pub,ESA/Co-Pub,ESA/Co-Pub",,6/25/2025,,,Independent,,,QZ9H32500036,,Vice City Magic,,Single -> Album,Writer,,SMG_MSG_109_17902,"SMN,SMG-US",SOS,RUDY PEREZ JV,,,,,6/25/2025
Released,,,7/11/2025,6/25/2025,,,Mustard Service,Yucky's Song,"Marco Ochoa,Leonardo Cattani,Adam Perez",,100.00%,"ESA/Co-Pub,ESA/Co-Pub,ESA/Co-Pub",,6/25/2025,,,Independent,,, QZ9H32500038,,Vice City Magic,,Single -> Album,Writer,,SMG_MSG_109_17908,"SMN,SMG-US",SOS,RUDY PEREZ JV,,,,,6/25/2025
Released,,,6/27/2025,6/25/2025,,,Mustard Service,2am,"Leonardo Cattani,Adam Perez,Marco Ochoa",,100.00%,"ESA/Co-Pub,ESA/Co-Pub,ESA/Co-Pub",,6/25/2025,,,Independent,,,QZ9H32500034,,Vice City Magic,,Single -> Album,Writer,,SMG_MSG_109_17896,"SMN,SMG-US",SOS,RUDY PEREZ JV,,,,,6/25/2025
Released,,,7/7/2025,6/25/2025,,,MiiRACLES,Elevator Song,Nick Gale,"Dan Rothman,William Rowland",0.00%,ESA/Co-Pub,,6/18/2025,,,Independent,,,FRX452529406,,Elevator Song - Single,Main Version,Single,Writer,Indie Pop,SMG_MSG_109_17911,"SMN,SMG-US",SOS,SOS,,"Nick wants to use a pseudonym for this release. He has set one up at PRS which is linked to his main account, which is J Miracle IPI# 1294684114 ",,,7/25/2025
Released,,,6/23/2025,6/25/2025,,,MiiRACLES,Cry For Your Supper,Nick Gale,"Dan Rothman,Tyler Ballgame",0.00%,ESA/Co-Pub,,6/18/2025,,,Independent,,,FRX282542679,,Cry For Your Supper - Single,,Single,Writer,,SMG_MSG_109_17910,"SMN,SMG-US",SOS,SOS,,"Nick wants to use a pseudonym for this release. He has set one up at PRS which is linked to his main account, which is J Miracle IPI# 1294684114 ",,,6/25/2025
Released,,,5/23/2025,6/25/2025,,,Mustard Service,Going Nowhere,"Marco Ochoa,Leonardo Cattani,Adam Perez",,100.00%,"ESA/Co-Pub,ESA/Co-Pub,ESA/Co-Pub",,4/28/2025,,,Independent,,,QZ9H32500037,,Going Nowhere - Single,,Single,Writer,,SMG_MSG_109_17903,"SMN,SMG-US",SOS,RUDY PEREZ JV,,,,,6/25/2025
Released,,,3/21/2025,6/25/2025,,,Mustard Service,Big Time,"Marco Ochoa,Adam Perez,Leonardo Cattani",,100.00%,"ESA/Co-Pub,ESA/Co-Pub,ESA/Co-Pub",,4/28/2025,,,Independent,,,QZ9H32500035,,Big TIME - Single,,Single,Writer,,SMG_MSG_109_17900,"SMN,SMG-US",SOS,RUDY PEREZ JV,,,,,6/25/2025
Released,,,6/20/2025,6/25/2025,,,Sam Austins,Wipe Your Tears,JJ Scheff,"Sam Austins,John Hill",33.33%,ESA/Co-Pub,,6/25/2025,,,Independent,,,USAT22503154,,"The Woods, Vol. 1",,Single -> Album,Writer,,SMG_MSG_109_17890,"SMN,SMG-US",SOS,SOS,,,,,6/25/2025
Released,,,5/2/2025,6/25/2025,,,e.motion,Somebody Else,Nick Gale,,0.00%,ESA/Co-Pub,2/3/2025,6/23/2025,e.motion (Released),,Independent,,,GBARL2500545,,Somebody Else - Efan Remix,,Single,Writer,,SMG_MSG_109_17885,"SMN,SMG-US",SOS,SOS,,,,,6/25/2025
Released,,,4/18/2025,6/25/2025,,,e.motion,Somebody Else,Nick Gale,,0.00%,ESA/Co-Pub,2/3/2025,6/23/2025,e.motion (Released),,Independent,,,GBARL2500497,,Somebody Else - Blair Muir Remix,,Single,Writer,,SMG_MSG_109_17885,"SMN,SMG-US",SOS,SOS,,,,,6/25/2025
Released,,,5/9/2025,6/25/2025,,,e.motion,Somebody Else,Nick Gale,,0.00%,ESA/Co-Pub,2/3/2025,6/23/2025,e.motion (Released),,Independent,,,GBARL2500634,,Somebody Else - Bullet Tooth Remix,,Single,Writer,,SMG_MSG_109_17885,"SMN,SMG-US",SOS,SOS,,,,,6/25/2025
Released,,,6/6/2025,6/25/2025,,,e.motion,Somebody Else,Nick Gale,,0.00%,ESA/Co-Pub,2/3/2025,6/23/2025,e.motion (Released),,Independent,,,GBARL2500676,,Somebody Else - KI/KI Remix ,,Single,Writer,,SMG_MSG_109_17885,"SMN,SMG-US",SOS,SOS,,,,,6/25/2025
Released,,,4/11/2025,6/25/2025,,,e.motion,Somebody Else,Nick Gale,,0.00%,ESA/Co-Pub,2/3/2025,6/23/2025,e.motion (Released),,Independent,,,GBARL2500414,,Somebody Else - GABESXRDA Remix,,Single,Writer,,SMG_MSG_109_17885,"SMN,SMG-US",SOS,SOS,,,,,6/25/2025
Released,,,4/4/2025,6/25/2025,,,e.motion,Somebody Else,Nick Gale,,0.00%,ESA/Co-Pub,2/3/2025,6/23/2025,e.motion (Released),,Independent,,,GBARL2500404,,Somebody Else - Denon Reed Remix,,Single,Writer,,SMG_MSG_109_17885,"SMN,SMG-US",SOS,SOS,,,,,6/25/2025
Released,,,2/21/2025,6/25/2025,,,e.motion,Somebody Else,Nick Gale,,0.00%,ESA/Co-Pub,2/3/2025,6/23/2025,e.motion (Released),,Independent,,,GBARL2500214,,Somebody Else,,Single,Writer,,SMG_MSG_109_17885,"SMN,SMG-US",SOS,SOS,,e.motion is Nick Gale,,,6/25/2025
Released,,,9/12/2025,6/24/2025,,,Black Caviar,Million Bucks,Remy Gautreau,"Tina Dahmouh,Pat Linehan,Jared Piccone,Patrick Nissley,Troy Hinson",25.00%,ESA/Co-Pub,,6/20/2025,,Tima Dee,Independent,,,QZTLA2545217,Million Bucks,Million Bucks - Single,Main Version,Single,Writer,Dance,SMG_MSG_109_17861,"SMN,SMG-US",SOS,ARCADE JV,,,,,10/3/2025
Released,,,6/20/2025,6/24/2025,,,Mira Housey,I Just Remembered!,Mira Housey,,100.00%,ESA/Co-Pub,1/27/2025,11/7/2024,,,Independent,,,QZTLA2519226,,I Just Remembered - Single,,Single,Writer,, SMG_MSG_109_17881,"SMN,SMG-US",SOS,ROWE JV,,,,,6/24/2025
Released,,,5/16/2025,6/24/2025,,,Nu Aspect,Watching Over You,Melodie Wagner,"Samuel Higgins,Joshua Grimmett",33.33%,ESA/Co-Pub,6/3/2025,6/3/2025,,Marlo Rex,selected.,,,DES232500180,,Watching Over You - Single,,Single,Writer,,SMG_MSG_109_17889,"SMN,SMG-US",SOS,SOS,,,,,6/24/2025
Released,,,10/10/2025,6/24/2025,,,Reaper,Hydra,JJ Scheff,,100.00%,ESA/Co-Pub,,6/20/2025,Reaper (Released),,Independent,,,QM24S2504757,HYDRA,SHARK - EP,Explicit,EP,"Writer,Producer,Artist",Alternative,17880,"SMN,SMG-US",SOS,SOS,,,,,10/17/2025
Released,,,10/10/2025,6/24/2025,,,Reaper,Shark,JJ Scheff,,100.00%,ESA/Co-Pub,,6/20/2025,Reaper (Released),,Independent,,,QM24S2504898,SHARK,SHARK - EP,Main Version,EP,"Writer,Producer,Artist",Alternative,SMG_MSG_109_17884,"SMN,SMG-US",SOS,SOS,,,,,10/17/2025
Released,,,6/13/2025,6/24/2025,,,Mae Muller,In My Head,Nick Gale,"Autumn Buysse,Mae Muller,Gil Lewis",0.00%,ESA/Co-Pub,2/6/2025,6/13/2025,,,Independent,,,AEA3A2146382,,In My Head - Single,,Single,Writer,,SMG_MSG_109_17882,"SMN,SMG-US",SOS,SOS,,,,,6/24/2025
Released,,,7/19/2024,6/22/2025,,,Childish Gambino,We Are God,Ely Rise,"Dahi,Donald Glover,Riley Stephen Mackin ",7.00%,ESA/Co-Pub,,3/31/2025,,,Wolf+Rothstein ,Sony Music Entertainment,,USRC12402293,,Bando Stone and the New World,,Album,Writer,,SMG_MSG_109_17958,"SMN,SMG-US",SOS,DAHI JV,,,,,6/22/2025
Released,,,7/19/2024,6/22/2025,,,Elmiene,Sweetness,Ely Rise,"Abdala Mohamed Elamin,Dahi,Ilsey Anna Juber",5.00%,ESA/Co-Pub,,3/31/2025,Elmiene (Released),Leon Thomas,Polydor Records,UMG (Universal Music Group),,GBUM72403865,,Live from 525,,Album,Writer,,SMG_MSG_109_17894,"SMN,SMG-US",SOS,DAHI JV,,,,,6/22/2025
Released,,,10/25/2024,6/22/2025,,,Elmiene,Sweetness,Ely Rise,"Abdala Mohamed Elamin,Dahi,Ilsey Anna Juber",5.00%,ESA/Co-Pub,,3/31/2025,Elmiene (Released),Leon Thomas,Polydor Records,UMG (Universal Music Group),,GBUM72402504,,Anyway I Can,,Album,Writer,,SMG_MSG_109_17894,"SMN,SMG-US",SOS,DAHI JV,,,,,6/22/2025
Released,,,5/17/2024,6/22/2025,,,Elmiene,Sweetness,Ely Rise,"Abdala Mohamed Elamin,Dahi,Ilsey Anna Juber",5.00%,ESA/Co-Pub,,3/31/2025,Elmiene (Released),Leon Thomas,Polydor Records,UMG (Universal Music Group),,GBUM72402512,,Sweetness - Single,,Single,Writer,,SMG_MSG_109_17894,"SMN,SMG-US",SOS,DAHI JV,,,,,6/22/2025
Released,,,7/19/2024,6/22/2025,,,Childish Gambino,Survive Feat. Chloe,Ely Rise,"Chloe Elizabeth Bailey,Dahi,Donald Glover,Kamasi Tii Washington,Ludwig Gorranson,Michael  Chinomso Uzowuru,Stephen Glover",10.00%,ESA/Co-Pub,,3/31/2025,,Chloe,Wolf+Rothstein ,Sony Music Entertainment,,USRC12402302,,Bando Stone and the New World,,Album,Writer,,SMG_MSG_109_17899,"SMN,SMG-US",SOS,DAHI JV,,,,,6/22/2025
Released,,,7/19/2024,6/22/2025,,,Childish Gambino,Steps Beach,Ely Rise,"Britanny Fatima Foushee,Donald Glover,Steve Lacy",10.00%,ESA/Co-Pub,,3/31/2025,Childish Gambino (Released),,Wolf+Rothstein ,Sony Music Entertainment,,USRC12402337,,Bando Stone and the New World,,Album,Writer,,SMG_MSG_109_17898,"SMN,SMG-US",SOS,DAHI JV,,,,,6/22/2025
Released,,,7/19/2024,6/22/2025,,,Childish Gambino,Steps Beach,Ely Rise,"Britanny Fatima Foushee,Donald Glover,Steve Lacy",10.00%,ESA/Co-Pub,,3/31/2025,Childish Gambino (Released),,Wolf+Rothstein ,Sony Music Entertainment,,USRC12402298,,Bando Stone and the New World,,Album,Writer,,SMG_MSG_109_17898,"SMN,SMG-US",SOS,DAHI JV,,,,,6/22/2025
Released,,,3/12/2024,6/22/2025,,,Dahi,Shame ,Ely Rise,"Abdala Mohamed Elamin,Dahi,Jocelyn Adriene Donald ,Matthew Nicholas Hales,Taran Alan Stormes Martino,Thomas R. Brenneck",14.28%,ESA/Co-Pub,,3/31/2025,Dahi (Released),,Def Jam Recordings,UMG (Universal Music Group),,USUM72311168,,Marking My Time (Again),,Album,Writer,,SMG_MSG_109_17957,"SMN,SMG-US",SOS,DAHI JV,,,,,6/22/2025
Released,,,9/29/2023,6/22/2025,,,Dahi,Shame ,Ely Rise,"Abdala Mohamed Elamin,Dahi,Jocelyn Adriene Donald ,Matthew Nicholas Hales,Taran Alan Stormes Martino,Thomas R. Brenneck",14.28%,ESA/Co-Pub,,3/31/2025,Dahi (Released),Elmiene,Def Jam Recordings,UMG (Universal Music Group),,USUM72311168,,Shame - Single,,Single,Writer,,SMG_MSG_109_17957,"SMN,SMG-US",SOS,DAHI JV,,,,,6/22/2025
Released,,,8/9/2024,6/22/2025,,,Ravyn Lenae,Pilot ,Ely Rise,"Dahi,Danny Mckinnon,Hayley Gene Penner,Margaux Whitney,Ravyn Lenae,Sarah Paige Aarons,Spencer Eugene Stewart",4.50%,ESA/Co-Pub,,3/31/2025,,,Atlantic Recording Corporation,,,USAT22402899,,Bird's Eye,,Album,Writer,,SMG_MSG_109_17956,"SMN,SMG-US",SOS,DAHI JV,,,,,6/22/2025
Released,,,7/26/2024,6/22/2025,,,Ravyn Lenae,One Wish,Ely Rise,"Dahi,Donald Glover,Frankie Arduini,Isaac John De Boni,Luiz Antonio Bizarro,Margaux Whitney,Michael John Mule,Ravyn Lenae,Sarah Paige Aarons",1.70%,ESA/Co-Pub,,3/31/2025,Ravyn Lenae (Released),Childish Gambino,Atlantic Recording Corporation,,,USAT22402894,,One Wish - Single,,Single,Writer,,SMG_MSG_109_17955,"SMN,SMG-US",SOS,DAHI JV,,,,,6/22/2025
Released,,,8/9/2024,6/22/2025,,,Ravyn Lenae,One Wish,Ely Rise,"Dahi,Donald Glover,Frankie Arduini,Isaac John De Boni,Luiz Antonio Bizarro,Margaux Whitney,Michael John Mule,Ravyn Lenae,Sarah Paige Aarons",1.70%,ESA/Co-Pub,,3/31/2025,Ravyn Lenae (Released),Childish Gambino,Atlantic Recording Corporation,,,USAT22402894,,Bird's Eye,,Album,Writer,,SMG_MSG_109_17955,"SMN,SMG-US",SOS,DAHI JV,,,,,6/22/2025
Released,,,7/19/2024,6/22/2025,,,Childish Gambino,No Excuses,Ely Rise,"Dani Markham,Donald Glover,Kamasi Tii Washington,Ludwig Gorranson,Lynette Williams,Malik Perry Flint,Michael  Chinomso Uzowuru,Riley Stephen Mackin ,Sydney Loren Bennett (Syd),Thomas Drayton",6.00%,ESA/Co-Pub,,3/31/2025,,"Ludwig Goransson,Kamasi Washington",Wolf+Rothstein ,Sony Music Entertainment,,USRC12402303,,Bando Stone and the New World,,Album,Writer,,SMG_MSG_109_17954,"SMN,SMG-US",SOS,DAHI JV,,,,,6/22/2025
Released,,,6/16/2022,6/22/2025,,,Steve Lacy,Mercury,Ely Rise,"Britanny Fatima Foushee,Dahi,Steve Lacy",2.50%,ESA/Co-Pub,,3/31/2025,Steve Lacy (Released),,L-M Records,,,USRC12201526,,Mercury - Single,,Single,Writer,,SMG_MSG_109_17953,"SMN,SMG-US",SOS,DAHI JV,,,,,6/22/2025
Released,,,7/14/2022,6/22/2025,,,Steve Lacy,Mercury,Ely Rise,"Britanny Fatima Foushee,Dahi,Steve Lacy",2.50%,ESA/Co-Pub,,3/31/2025,Steve Lacy (Released),,L-M Records,,,USRC12203022,,Gemini Rights,,Album,Writer,,SMG_MSG_109_17953,"SMN,SMG-US",SOS,DAHI JV,,,,,6/22/2025
Released,,,6/28/2022,6/22/2025,,,Steve Lacy,Mercury,Ely Rise,"Britanny Fatima Foushee,Dahi,Steve Lacy",2.50%,ESA/Co-Pub,,3/31/2025,Steve Lacy (Released),,L-M Records,,,USRC12201526,,Gemini Rights,,Album,Writer,,SMG_MSG_109_17953,"SMN,SMG-US",SOS,DAHI JV,,,,,6/22/2025
Released,,,2/17/2025,6/22/2025,,,Eem Triplin,IYKTYK,Ely Rise,"Aidan Jonathanb Crotinger,Bryan Yepes,Dahi,Eem Triplin,Steven Phillip Schaeffer",5.00%,ESA/Co-Pub,,3/31/2025,,,RCA Records,Sony Music Entertainment,,USRC12500196,,Melody of a Memory,,Album,Writer,,SMG_MSG_109_17893,"SMN,SMG-US",SOS,DAHI JV,,,,,6/22/2025
Released,,,7/19/2024,6/22/2025,,,Childish Gambino,In The Night,Ely Rise,"Amaarae,Chukwudi Kebhu Iniabasi Hodge,Dahi,Donald Glover,Jayla Darden,Jorja Alice Smith,Kurtis Isaac Mckenzie ,Sarah Paige Aarons,Tierra Whack",4.00%,ESA/Co-Pub,,3/31/2025,Childish Gambino (Released),"Jorja Smith,Amaarae",Wolf+Rothstein ,Sony Music Entertainment,,USRC12402186,,Bando Stone and the New World,,Album,Writer,,SMG_MSG_109_17952,"SMN,SMG-US",SOS,DAHI JV,,,,,6/22/2025
Released,,,7/16/2024,6/22/2025,,,Childish Gambino,In The Night,Ely Rise,"Amaarae,Chukwudi Kebhu Iniabasi Hodge,Dahi,Donald Glover,Jayla Darden,Jorja Alice Smith,Kurtis Isaac Mckenzie ,Sarah Paige Aarons,Tierra Whack",4.00%,ESA/Co-Pub,,3/31/2025,Childish Gambino (Released),"Jorja Smith,Amaarae",Wolf+Rothstein ,Sony Music Entertainment,,USRC12402186,,In the Night - Single,,Single,Writer,,SMG_MSG_109_17952,"SMN,SMG-US",SOS,DAHI JV,,,,,6/22/2025
Released,,,2/17/2025,6/22/2025,,,Eem Triplin,If We Being Honest,Ely Rise,"Aidan Jonathanb Crotinger,Amari Lewis,Bryan Yepes,Dahi,Eem Triplin,Steven Phillip Schaeffer",12.50%,ESA/Co-Pub,,3/31/2025,,,RCA Records,Sony Music Entertainment,,USRC12500193,,Melody of a Memory,,Album,Writer,,SMG_MSG_109_17914,"SMN,SMG-US",SOS,DAHI JV,,,,,6/22/2025
Released,,,2/24/2023,6/22/2025,,,Don Tolliver,If I Had ,Ely Rise,"Ant Clemons,Caleb Zackery Toliver,Charlie Wilson,Dahi,Danny Mckinnon,Jai Raj Paul,John Key",8.33%,ESA/Co-Pub,,3/31/2025,Don Tolliver (Released),Charlie Wilson,Cactus Jack Records,Atlantic Recording Corporation,,USAT22302031,,Love Sick,,Album,Writer,,SMG_MSG_109_17951,"SMN,SMG-US",SOS,DAHI JV,,,,,6/22/2025
Released,,,2/24/2023,6/22/2025,,,Don Tolliver,If I Had ,Ely Rise,"Ant Clemons,Caleb Zackery Toliver,Charlie Wilson,Dahi,Danny Mckinnon,Jai Raj Paul,John Key",8.33%,ESA/Co-Pub,,3/31/2025,Don Tolliver (Released),Charlie Wilson,Cactus Jack Records,Atlantic Recording Corporation,,USAT22301694,,Love Sick,,Album,Writer,,SMG_MSG_109_17951,"SMN,SMG-US",SOS,DAHI JV,,,,,6/22/2025
Released,,,2/24/2023,6/22/2025,,,Don Tolliver,If I Had ,Ely Rise,"Ant Clemons,Caleb Zackery Toliver,Charlie Wilson,Dahi,Danny Mckinnon,Jai Raj Paul,John Key",8.33%,ESA/Co-Pub,,3/31/2025,Don Tolliver (Released),Charlie Wilson,Cactus Jack Records,Atlantic Recording Corporation,,USAT22301681,,Love Sick,,Album,Writer,,SMG_MSG_109_17951,"SMN,SMG-US",SOS,DAHI JV,,,,,6/22/2025
Released,,,7/19/2024,6/22/2025,,,Childish Gambino,Got To Be,Ely Rise,"Donald Glover,Keith Andrew Palmer,Keith Charles Flint,Liam Paul Paris Howlett,Luther Roderick Campbell,Malik Perry Flint,Michael  Chinomso Uzowuru,Riley Stephen Mackin ,Samuel Tyler Johnson",2.00%,ESA/Co-Pub,,3/31/2025,Childish Gambino (Released),,Wolf+Rothstein ,Sony Music Entertainment,,USRC12402339,,Bando Stone and the New World,,Album,Writer,,SMG_MSG_109_17949,"SMN,SMG-US",SOS,DAHI JV,,,,,6/22/2025
Released,,,7/19/2024,6/22/2025,,,Childish Gambino,Got To Be,Ely Rise,"Donald Glover,Keith Andrew Palmer,Keith Charles Flint,Liam Paul Paris Howlett,Luther Roderick Campbell,Malik Perry Flint,Michael  Chinomso Uzowuru,Riley Stephen Mackin ,Samuel Tyler Johnson",2.00%,ESA/Co-Pub,,3/31/2025,Childish Gambino (Released),,Wolf+Rothstein ,Sony Music Entertainment,,USRC12402297,,Bando Stone and the New World,,Album,Writer,,SMG_MSG_109_17949,"SMN,SMG-US",SOS,DAHI JV,,,,,6/22/2025
Released,,,7/14/2022,6/22/2025,,,Steve Lacy,Give You The World,Ely Rise,"Dahi,Margaux Whitney,Steve Lacy",16.65%,ESA/Co-Pub,,3/31/2025,Steve Lacy (Released),,L-M Records,,,USRC12203024,,Gemini Rights,,Album,Writer,,SMG_MSG_109_17950,"SMN,SMG-US",SOS,DAHI JV,,,,,6/22/2025
Released,,,7/15/2022,6/22/2025,,,Steve Lacy,Give You The World,Ely Rise,"Dahi,Margaux Whitney,Steve Lacy",16.65%,ESA/Co-Pub,,3/31/2025,Steve Lacy (Released),,L-M Records,,,USRC12202292,,Gemini Rights,,Album,Writer,,SMG_MSG_109_17950,"SMN,SMG-US",SOS,DAHI JV,,,,,6/22/2025
Released,,,2/17/2025,6/22/2025,,,Eem Triplin,Feyonce,Ely Rise,"Dahi,Eem Triplin,Spencer Eugene Stewart",20.00%,ESA/Co-Pub,,3/31/2025,,,RCA Records,Sony Music Entertainment,,USRC12500197,,Melody of a Memory,,Album,Writer,,SMG_MSG_109_17948,"SMN,SMG-US",SOS,DAHI JV,,,,,6/22/2025
Released,,,2/24/2023,6/22/2025,,,Don Tolliver,Encouragement,Ely Rise,"Caleb Zackery Toliver,Dahi,Danny Mckinnon,Douglas Ford,John Key",12.50%,ESA/Co-Pub,,3/31/2025,,,Cactus Jack Records,Atlantic Recording Corporation,,USAT22301685,,Love Sick,,Album,Writer,,SMG_MSG_109_17913,"SMN,SMG-US",SOS,DAHI JV,,,,,6/22/2025
Released,,,6/26/2024,6/22/2025,,,Ravyn Lenae,Dream Girl,Ely Rise,"Dahi,Jimmy Jam,Ravyn Lenae,Sarah Paige Aarons,Spencer Eugene Stewart,Tyrone William Griffin Jr.",11.90%,ESA/Co-Pub,,3/31/2025,Ravyn Lenae (Released),Ty Dolla $ign,Atlantic Recording Corporation,,,USAT22402895,,Dream Girl - Single,Single Version,Single,Writer,,SMG_MSG_109_17947,"SMN,SMG-US",SOS,DAHI JV,,,,,6/22/2025
Released,,,8/9/2024,6/22/2025,,,Ravyn Lenae,Dream Girl,Ely Rise,"Dahi,Jimmy Jam,Ravyn Lenae,Sarah Paige Aarons,Spencer Eugene Stewart,Tyrone William Griffin Jr.",11.90%,ESA/Co-Pub,,3/31/2025,Ravyn Lenae (Released),Ty Dolla $ign,Atlantic Recording Corporation,,,USAT22402895,,Bird's Eye,Album Version,Album,Writer,,SMG_MSG_109_17947,"SMN,SMG-US",SOS,DAHI JV,,,,,6/22/2025
Released,,,8/9/2024,6/22/2025,,,Ravyn Lenae,Days ,Ely Rise,"Dahi,Ravyn Lenae,Sarah Paige Aarons,Spencer Eugene Stewart,Tobias Breuer",10.00%,ESA/Co-Pub,,3/31/2025,,,Atlantic Recording Corporation,,,USAT22402900,,Bird's Eye,,Album,Writer,,SMG_MSG_109_17897,"SMN,SMG-US",SOS,DAHI JV,,,,,6/22/2025
Released,,,7/19/2024,6/22/2025,,,Childish Gambino,Cruisin',Ely Rise,"Dahi,Donald Glover,Dylan Wiggins,Ludwig Gorranson,Michael  Chinomso Uzowuru,Noah Oliver Smith (Yeat),Samuel Tyler Johnson",5.00%,ESA/Co-Pub,,3/31/2025,,Yeat,Wolf+Rothstein ,Sony Music Entertainment,,USRC12402299,,Bando Stone and the New World,,Album,Writer,,SMG_MSG_109_17892,"SMN,SMG-US",SOS,DAHI JV,,,,,6/22/2025
Released,,,5/13/2022,6/22/2025,,,Kendrick Lamar,Count Me Out,Ely Rise,"Dahi,Danny Mckinnon,Jason  Kevin Pounds,Kendrick Lamar,Mark Anthony Spears,Sam Dew,Tim Maxey",8.80%,ESA/Co-Pub,,3/31/2025,Kendrick Lamar (Released),,Aftermath Entertainment,UMG (Universal Music Group),,USUM72209377,,Mr. Morale & The Big Steppers (Clean),Clean,Album,Writer,,SMG_MSG_109_17923,"SMN,SMG-US",SOS,DAHI JV,,,,,6/22/2025
Released,,,5/13/2022,6/22/2025,,,Kendrick Lamar,Count Me Out,Ely Rise,"Dahi,Danny Mckinnon,Jason  Kevin Pounds,Kendrick Lamar,Mark Anthony Spears,Sam Dew,Tim Maxey",8.80%,ESA/Co-Pub,,3/31/2025,Kendrick Lamar (Released),,Aftermath Entertainment,UMG (Universal Music Group),,USUM72209116,,Mr. Morale & The Big Steppers (Explicit),Explicit,Album,Writer,,SMG_MSG_109_17923,"SMN,SMG-US",SOS,DAHI JV,,,,,6/22/2025
Released,,,5/13/2022,6/22/2025,,,Kendrick Lamar,Count Me Out,Ely Rise,"Dahi,Danny Mckinnon,Jason  Kevin Pounds,Kendrick Lamar,Mark Anthony Spears,Sam Dew,Tim Maxey",8.80%,ESA/Co-Pub,,3/31/2025,Kendrick Lamar (Released),,Aftermath Entertainment,UMG (Universal Music Group),,USUM72208983,,Mr. Morale & The Big Steppers (Clean),Clean,Album,Writer,,SMG_MSG_109_17923,"SMN,SMG-US",SOS,DAHI JV,,,,,6/22/2025
Released,,,5/13/2022,6/22/2025,,,Kendrick Lamar,Count Me Out,Ely Rise,"Dahi,Danny Mckinnon,Jason  Kevin Pounds,Kendrick Lamar,Mark Anthony Spears,Sam Dew,Tim Maxey",8.80%,ESA/Co-Pub,,3/31/2025,Kendrick Lamar (Released),,Aftermath Entertainment,UMG (Universal Music Group),,USUM72208980,,Mr. Morale & The Big Steppers (Explicit),Explicit,Album,Writer,,SMG_MSG_109_17923,"SMN,SMG-US",SOS,DAHI JV,,,,,6/22/2025
Released,,,8/9/2024,6/22/2025,,,Ravyn Lenae,Candy ,Ely Rise,"Dahi,Ravyn Lenae,Sarah Paige Aarons",25.00%,ESA/Co-Pub,,3/31/2025,,,Atlantic Recording Corporation,,,USAT22402896,,Bird's Eye,,Album,Writer,,SMG_MSG_109_17195,"SMN,SMG-US",SOS,DAHI JV,,,,,6/22/2025
Released,,,2/17/2025,6/22/2025,,,Eem Triplin,Came In It,Ely Rise,"Amari Lewis,Dahi,Eem Triplin",10.00%,ESA/Co-Pub,,3/31/2025,,,RCA Records,Sony Music Entertainment,,USRC12500192,,Melody of a Memory,,Album,Writer,,SMG_MSG_109_17895,"SMN,SMG-US",SOS,DAHI JV,,,,,6/22/2025
Released,,,7/14/2022,6/22/2025,,,Steve Lacy,Buttons,Ely Rise,"Dahi,Steve Lacy",5.00%,ESA/Co-Pub,,3/31/2025,,,L-M Records,,,USRC12202287,,Gemini Rights,,Album,Writer,,SMG_MSG_109_17891,"SMN,SMG-US",SOS,DAHI JV,,,,,6/22/2025
Released,,,5/14/2021,6/22/2025,,,Marc Tinez,Wa$abi,Marc Tinez,Edmond Porcuna Antolín,50.00%,ESA/Co-Pub,2/18/2021,12/31/2024,,,Tinez Records,Diskover Co,,ES47E2004266,,Wa$abi - Single,,Single,"Writer,Artist",,SMG_MSG_109_16945,"SMN,SMG-US",SOS,CHIZZY JV,,,,,6/22/2025
Released,,,11/30/2023,6/22/2025,,,Marc Tinez,Under Your Control,Marc Tinez,Kalvyn Francisco Paterson Contreras,50.00%,ESA/Co-Pub,10/9/2023,12/31/2024,,,M. Tinez Records,,,ES75E2307122,,Under Your Control - Single,,Single,"Writer,Artist",,SMG_MSG_109_16943,"SMN,SMG-US",SOS,CHIZZY JV,,,,,6/22/2025
Released,,,7/12/2019,6/22/2025,,,Marc Tinez,Te Entiendo,Marc Tinez,Edmond Porcuna Antolín,50.00%,ESA/Co-Pub,5/20/2019,12/31/2024,,Groove 2070,M. Tinez Records,,,ESA011939625,,Te Entiendo - Single,,Single,"Writer,Artist",,SMG_MSG_109_16941,"SMN,SMG-US",SOS,CHIZZY JV,,,,,6/22/2025
Released,,,6/18/2020,6/22/2025,,,Marc Tinez,Supernasty,Marc Tinez,Edmond Porcuna Antolín,50.00%,ESA/Co-Pub,5/3/2020,12/31/2024,,Groove 2070,M. Tinez Records,,,QZHN52007526,,Supernasty - Single,,Single,"Writer,Artist",,SMG_MSG_109_16940,"SMN,SMG-US",SOS,CHIZZY JV,,,,,6/22/2025
Released,,,3/25/2021,6/22/2025,,,Marc Tinez,Slow Motion,Marc Tinez,Edmond Porcuna Antolín,50.00%,ESA/Co-Pub,1/1/2021,12/31/2024,,Groove 2070,M. Tinez Records,,,ES47E2003136,,Slow Motion - Single,,Single,"Writer,Artist",,SMG_MSG_109_16939,"SMN,SMG-US",SOS,CHIZZY JV,,,,,6/22/2025
Released,,,5/8/2020,6/22/2025,,,Marc Tinez,Sex Tour,Marc Tinez,Edmond Porcuna Antolín,50.00%,ESA/Co-Pub,2/2/2020,12/31/2024,,Groove 2070,M. Tinez Records,,,QZES62035444,,Shawty - EP,,EP,"Writer,Artist",,SMG_MSG_109_16938,"SMN,SMG-US",SOS,CHIZZY JV,,,,,6/22/2025
Released,,,3/8/2019,6/22/2025,,,Marc Tinez,Quizás,Marc Tinez,Kalvyn Francisco Paterson Contreras,50.00%,ESA/Co-Pub,1/30/2019,12/31/2024,,,M. Tinez Records,,,QZDA81985057,,Quizás - Single,,Single,"Writer,Artist",,SMG_MSG_109_16936,"SMN,SMG-US",SOS,CHIZZY JV,,,,,6/22/2025
Released,,,2/10/2022,6/22/2025,,,Marc Tinez,Queen Of The Party,Marc Tinez,Alejandro Alconchel Maurici,50.00%,ESA/Co-Pub,1/1/2022,12/31/2024,,Makensi,M. Tinez Records,,,ES75E2102979,,Queen of the Party - Single,,Single,"Writer,Artist",,SMG_MSG_109_16935,"SMN,SMG-US",SOS,CHIZZY JV,,,,,6/22/2025
Released,,,5/8/2020,6/22/2025,,,Marc Tinez,Paso A Recogerte,Marc Tinez,Edmond Porcuna Antolín,50.00%,ESA/Co-Pub,1/30/2020,12/31/2024,,Groove 2070,M. Tinez Records,,,QZES62035445,,Shawty - EP,,EP,"Writer,Artist",,SMG_MSG_109_16934,"SMN,SMG-US",SOS,CHIZZY JV,,,,,6/22/2025
Released,,,5/8/2020,6/22/2025,,,Marc Tinez,Obsesionao,Marc Tinez,Edmond Porcuna Antolín,50.00%,ESA/Co-Pub,2/6/2020,12/31/2024,,Groove 2070,M. Tinez Records,,,QZES62035443,,Shawty - EP,,EP,"Writer,Artist",,SMG_MSG_109_16933,"SMN,SMG-US",SOS,CHIZZY JV,,,,,6/22/2025
Released,,,2/7/2024,6/22/2025,,,Marc Tinez,Nube,Marc Tinez,"Carlos Sánchez Redondo,Ricardo Chaves Soria",45.00%,ESA/Co-Pub,12/1/2023,12/31/2024,,"Richie Rasheed,Neuro",M. Tinez Records,,,ES75E2400268,,Nube - Single,,Single,"Writer,Artist",,SMG_MSG_109_17063,"SMN,SMG-US",SOS,CHIZZY JV,,,,,6/22/2025
Released,,,1/18/2024,6/22/2025,,,Marc Tinez,Nada Me Vale,Marc Tinez,Antonio Muñoz López,50.00%,ESA/Co-Pub,12/1/2023,12/31/2024,,Papielguapo,M. Tinez Records,,,ES75E2308547,,Nada Me Vale - Single,,Single,"Writer,Artist",,SMG_MSG_109_16932,"SMN,SMG-US",SOS,CHIZZY JV,,,,,6/22/2025
Released,,,2/10/2021,6/22/2025,,,Marc Tinez,Mami Ven,Marc Tinez,Alejandro Alconchel Maurici,50.00%,ESA/Co-Pub,12/1/2020,12/31/2024,,Makensi,M. Tinez Records,,,ES47E2003828,,Mami Ven - Single,,Single,"Writer,Artist",,SMG_MSG_109_16931,"SMN,SMG-US",SOS,CHIZZY JV,,,,,6/22/2025
Released,,,1/30/2025,6/22/2025,,,Marc Tinez,Mala Fama,"Chizzy,Marc Tinez",,100.00%,"Admin,ESA/Co-Pub",9/30/2024,12/31/2024,,,Tinez Records,Diskover Co,,ES75E2500279,,Mala Fama - Single,,Single,"Writer,Artist",,SMG_MSG_109_17055,"SMN,SMG-US",SOS,"SOS, CHIZZY JV",,,,,6/22/2025
Released,,,5/1/2024,6/22/2025,,,Marc Tinez,If You Don't Mind - Acoustic Version - Slowed Down,Marc Tinez,Ramiro Antonio Molina,50.00%,ESA/Co-Pub,1/1/2024,12/31/2024,,,Tinez Records,Diskover Co,,ES75E2404085,,If You Don't Mind - EP,,EP,"Writer,Artist",,SMG_MSG_109_16930,"SMN,SMG-US",SOS,CHIZZY JV,,,,,6/22/2025
Released,,,5/1/2024,6/22/2025,,,Marc Tinez,If You Don't Mind - Sped Up,Marc Tinez,Ramiro Antonio Molina,75.00%,ESA/Co-Pub,1/1/2024,12/31/2024,,,Tinez Records,Diskover Co,,ES75E2404083,,If You Don't Mind - EP,,EP,"Writer,Artist",,SMG_MSG_109_17059,"SMN,SMG-US",SOS,CHIZZY JV,,,,,6/22/2025
Released,,,5/1/2024,6/22/2025,,,Marc Tinez,If You Don't Mind - Acoustic Version,Marc Tinez,Ramiro Antonio Molina,50.00%,ESA/Co-Pub,1/1/2024,12/31/2024,,,Tinez Records,Diskover Co,,ES75E2404086,,If You Don't Mind - EP,,EP,"Writer,Artist",,SMG_MSG_109_16929,"SMN,SMG-US",SOS,CHIZZY JV,,,,,6/22/2025
Released,,,5/1/2024,6/22/2025,,,Marc Tinez,If You Don't Mind,Marc Tinez,Ramiro Antonio Molina,75.00%,ESA/Co-Pub,1/1/2024,12/31/2024,,,Tinez Records,Diskover Co,,ES75E2404084,,If You Don't Mind - EP,,EP,"Writer,Artist",,SMG_MSG_109_17058,"SMN,SMG-US",SOS,CHIZZY JV,,,,,6/22/2025
Released,,,12/4/2020,6/22/2025,,,Marc Tinez,Focused,Marc Tinez,Edmond Porcuna Antolín,50.00%,ESA/Co-Pub,9/4/2020,12/31/2024,,Groove 2070,M. Tinez Records,,,ES47E2000175,,Focused - Single,,Single,"Writer,Artist",,SMG_MSG_109_16927,"SMN,SMG-US",SOS,CHIZZY JV,,,,,6/22/2025
Released,,,9/16/2022,6/22/2025,,,Marc Tinez,Flexin',Marc Tinez,Alberto Domingo López,50.00%,ESA/Co-Pub,7/4/2021,12/31/2024,,Alberto Rock,M. Tinez Records,,,ES71G2229823,,Flexin' - Single,,Single,"Writer,Artist",,SMG_MSG_109_16926,"SMN,SMG-US",SOS,CHIZZY JV,,,,,6/22/2025
Released,,,2/4/2021,6/22/2025,,,Marc Tinez,Dime Que No ,Marc Tinez,Alberto Domingo López,50.00%,ESA/Co-Pub,11/4/2020,12/31/2024,,Alberto Rock,M. Tinez Records,,,ES47E2001361,,Dime Que No - Single,,Single,"Writer,Artist",,SMG_MSG_109_16925,"SMN,SMG-US",SOS,CHIZZY JV,,,,,6/22/2025
Released,,,6/18/2021,6/22/2025,,,Marc Tinez,Desde Que Me Fui,Marc Tinez,Edmond Porcuna Antolín,50.00%,ESA/Co-Pub,5/1/2021,12/31/2024,,Groove 2070,M. Tinez Records,,,ES47E2005004,,Desde Que Me Fui - Single,,Single,"Writer,Artist",,SMG_MSG_109_16924,"SMN,SMG-US",SOS,CHIZZY JV,,,,,6/22/2025
Released,,,7/9/2020,6/22/2025,,,Groove 2070,De 0 A 100,Marc Tinez,"Alejandro Santiago Malagón,Edmond Porcuna Antolín",33.34%,ESA/Co-Pub,5/1/2020,12/31/2024,,"Marc Tinez,No Value",JBC Music,Diskover Co,,ESA012077983,,De 0 A 100 - Single,,Single,"Writer,Artist",,SMG_MSG_109_17067,"SMN,SMG-US",SOS,CHIZZY JV,,,,,6/22/2025
Released,,,5/17/2019,6/22/2025,,,Marc Tinez,Cuando Lo Mueves,Marc Tinez,Antonio Muñoz López,50.00%,ESA/Co-Pub,4/3/2019,12/31/2024,,,M. Tinez Records,,,QZES91937143,,Cuano Lo Mueves - Single,,Single,"Writer,Artist",,SMG_MSG_109_16923,"SMN,SMG-US",SOS,CHIZZY JV,,,,,6/22/2025
Released,,,1/14/2021,6/22/2025,,,Marc Tinez,Cuando El Diablo,Marc Tinez,Edmond Porcuna Antolín,50.00%,ESA/Co-Pub,3/20/2020,12/31/2024,,Groove 2070,M. Tinez Records,,,ES47E2000847,,Cuando El Diablo - Single,,Single,"Writer,Artist",,SMG_MSG_109_16922,"SMN,SMG-US",SOS,CHIZZY JV,,,,,6/22/2025
Released,,,9/30/2022,6/22/2025,,,Marc Tinez,Alma De Chico,Marc Tinez,Edmond Porcuna Antolín,50.00%,ESA/Co-Pub,5/1/2022,12/31/2024,,Groove 2070,M. Tinez Records,,,ES75E2205324,,Alma De Chico - Single,,Single,"Writer,Artist",,SMG_MSG_109_16919,"SMN,SMG-US",SOS,CHIZZY JV,,,,,6/22/2025
Released,,,6/10/2022,6/22/2025,,,blckatom,Sugar,blckatom,,100.00%,ESA/Co-Pub,6/1/2022,4/23/2025,,,Architects Music Group LLC,,,QZHNB1911066,,Sugar - Single,,Single,Writer,,SMG_MSG_109_18141,"SMN,SMG-US",SOS,CHIZZY JV,,,,,6/22/2025
Released,,,9/27/2024,6/22/2025,,,Delf,Slide,blckatom,"Bohan Leng,Derek Nathan Chan,Wo Hin Fung Elphick",25.00%,ESA/Co-Pub,3/3/2022,4/23/2025,,,Iris Chengdu - Iris Creative,,,QZHNB1911066,,Offshore,,Album,Writer,,SMG_MSG_109_18161,"SMN,SMG-US",SOS,CHIZZY JV,,,,,6/22/2025
Released,,,6/24/2022,6/22/2025,,,Chris Brown,Show It,"Chizzy,blckatom","Chris Brown,Ellery Mckinney ,Jamal Gaines,Jayde Hamilton,John Concepcion,Mark A. Hudson,Matthew Dean Burdette,Miles Barker,Patrizio Pigliapoco,Quinton Lamar Cook",6.00%,"Admin,ESA/Co-Pub",1/1/2021,4/23/2025,,,RCA Records,Sony Music Entertainment,,USRC12201878,,Breezy,,Album,Writer,,SMG_MSG_109_14364,"SMN,SMG-US",SOS,"SOS, CHIZZY JV",,,,,6/22/2025
Released,,,9/27/2024,6/22/2025,,,Delf,Off My Mind,blckatom,"Cheuk Wing Cheryl Chow,Wo Hin Fung Elphick,Ziyi Wang",16.00%,ESA/Co-Pub,8/6/2024,4/23/2025,,,Iris Chengdu - Iris Creative,,,DGA0L2420157,,Offshore,,Album,Writer,,SMG_MSG_109_18167,"SMN,SMG-US",SOS,CHIZZY JV,,,,,6/22/2025
Released,,,9/27/2024,6/22/2025,,,Delf,Delicious,blckatom,"Jo-Ann Ruff,Shang Rong Yang,Wo Hin Fung Elphick,Zhou Tong Tian",20.00%,ESA/Co-Pub,7/3/2022,4/23/2025,,,Iris Chengdu - Iris Creative,,,DGA0L2420156,,Offshore,,Album,Writer,,SMG_MSG_109_18166,"SMN,SMG-US",SOS,CHIZZY JV,,,,,6/22/2025
Released,,,7/26/2024,6/22/2025,,,blckatom,222,blckatom,,100.00%,ESA/Co-Pub,5/31/2023,4/23/2025,,,Architects Music Group LLC,,,QZTAU2423118,,222 - Single,,Single,"Writer,Artist",,SMG_MSG_109_18140,"SMN,SMG-US",SOS,CHIZZY JV,,,,,6/22/2025
Released,,,6/13/2025,6/20/2025,,,The Kentucky Gentlemen,To The Moon,"Jessica Cayne,Matthew Morrisey","Brandon Campbell,Derrick Campbell",50.00%,"ESA/Co-Pub,ESA/Co-Pub",8/22/2024,9/9/2024,,,River House Artists,,,QZYG82500123,,Rhinestone Revolution,,Album,Writer,,SMG_MSG_109_13753,"SMN,SMG-US",SOS,"2 MIX JV II, SOS",,,,,6/20/2025
Released,,,6/13/2025,6/20/2025,,,Gray Robinson,Ask A Daisy,"Jessica Cayne,Matthew Morrisey",Gray Robinson,66.67%,"ESA/Co-Pub,ESA/Co-Pub",9/9/2024,9/12/2024,,,Independent,,,QZNWW2593897,,Ask a Daisy - Single,,Single,"Writer,Producer",,SMG_MSG_109_13730,"SMN,SMG-US",SOS,"2 MIX JV II, SOS",,,,,6/20/2025
Released,,,6/13/2025,6/20/2025,,,Dillon Carmichael,Hell Freezes Over,"Jonathan Singleton,Josh Dunne",Rob Snyder,66.67%,"ESA/Co-Pub,ESA/Co-Pub",8/11/2022,8/14/2022,,,Riser House Records,,,QM6N22580945,,Keepin' Country Alive,,Album,Writer,,"SMG_MSG_101_227013, SMG_MSG_109_6452","SMN,SMG-US","CRESCENDO, SOS","CRESCENDO, FLUID JV II",,,,,6/20/2025
Released,,,6/13/2025,6/20/2025,,,Dillon Carmichael,Tiny Little Fiddle,Brent Anderson,"Brett Tyler,Dillon Carmichael",33.34%,ESA/Co-Pub,2/6/2024,2/16/2024,,,Riser House Records,,,QM6N22580911,,Keepin' Country Alive,,Album,Writer,,SMG_MSG_109_11886,"SMN,SMG-US",SOS,FLUID JV II,,,,,6/20/2025
Released,,,6/13/2025,6/20/2025,,,Cole Goodwin,Girlfriend's Got A Boyfriend,Connor McCutcheon,"Cole Goodwin,Jack Hummel",33.33%,ESA/Co-Pub,4/8/2024,2/5/2025,,,Big Machine Label Group,,,QZRD92507253,,Girlfriend's Got a Boyfriend - Single,,Single,Writer,,SMG_MSG_109_17878,"SMN,SMG-US",SOS,FLUID JV II,,,,,6/20/2025
Released,,,6/13/2025,6/20/2025,,,Pretty Sister,Viva La Vegas,Brock Westover,"Julian Nixon,Marcus Rashad Neither,Zak Waters",25.00%,ESA/Co-Pub,5/14/2022,6/9/2025,,,CloudKid,,,DEWO71700821,,Viva Las Vegas - Single,,Single,Writer,,SMG_MSG_109_17888,"SMN,SMG-US",SOS,FUTURISTICS JV,,,,,6/20/2025
Released,,,6/13/2025,6/20/2025,,,Dierks Bentley,Off The Map,"Adam Wood,Jeremy Bussey",Lauren McLamb,66.67%,"ESA/Co-Pub,ESA/Co-Pub",11/16/2023,11/30/2023,,,Capitol Records Nashville,MCA (Music Corporation of America),,USUG12502287,,Broken Branches,,Album,Writer,,SMG_MSG_109_10981,"SMN,SMG-US",SOS,"LBJV, FLUID JV II",,,,,6/20/2025
Released,,,6/10/2025,6/20/2025,checked,,Parker McCollum,Killin' Me,Monty Criswell,"Parker McCollum,Randy Rogers",33.34%,ESA/Co-Pub,2/26/2024,3/12/2024,,,MCA Nashville,MCA (Music Corporation of America),,USUM72500586,,Parker McCollum,,Album,Writer,,SMG_MSG_109_12057,"SMN,SMG-US",SOS,FLUID JV II,,,,,6/20/2025
Released,,,6/20/2025,6/20/2025,,,Randy Rogers Band,Is This Thing Workin',Monty Criswell,"Parker McCollum,Randy Rogers",33.33%,ESA/Co-Pub,2/27/2024,3/18/2024,,,Tommy Jackson Records LLC,,,QZWH32500469,,Is This Thing Workin' (feat. Parker McCollum) - Single,,Single,Writer,,SMG_MSG_109_12002,"SMN,SMG-US",SOS,FLUID JV II,,,,,6/20/2025
Released,,,6/20/2025,6/20/2025,,,Smithfield,Take Me To Texas,Adam Wood,"Jennifer Fielder,Trey Smith",33.34%,ESA/Co-Pub,6/25/2024,5/20/2025,,,Independent,,,QZEQU2500976,,Take Me To Texas - Single,,Single,Writer,,SMG_MSG_109_17871,"SMN,SMG-US",SOS,LBJV,,,,,6/20/2025
Released,,,6/20/2025,6/20/2025,,,Hudson Westbrook,Funny Seeing You Here,Ryan Beaver,"Dan Alley,Hudson Westbrook,Neil Medley",25.00%,ESA/Co-Pub,2/17/2025,3/10/2025,,,River House Artists (Warner Music Nashville),Warner Music Nashville,,USWB12501545,,Texas Forever,,Album,Writer,,SMG_MSG_109_16816,"SMN,SMG-US",SOS,2 MIX JV II,,,,,6/20/2025
Released,,,6/20/2025,6/20/2025,,,Chris Janson,The Bride,Adam Wood,"Chris Janson,Michael Wilkes,Mitch Oglesby",25.00%,ESA/Co-Pub,9/18/2024,6/20/2025,,,Warner Music Nashville,WMG (Warner Music Group),,USWB12501841,,The Bride - Single,,Single,Writer,,SMG_MSG_109_17870,"SMN,SMG-US",SOS,LBJV,,,,,6/20/2025
Released,,,6/20/2025,6/20/2025,,,William Beckmann,Be Your Man,Brinley Addington,"Andrew DeRoberts,Neil Medley,William Beckmann",25.00%,ESA/Co-Pub,11/15/2023,12/6/2023,,,Warner Music Nashville,WMG (Warner Music Group),,USWB12405622,,Whiskey Lies & Alibis,,Album,Writer,,SMG_MSG_109_10997,"SMN,SMG-US",SOS,SOS,,,,,6/20/2025
Released,,,6/20/2025,6/20/2025,,,William Beckmann,California Quake,Ryan Beaver,"Chris LaCorte,William Beckmann",33.34%,ESA/Co-Pub,3/19/2024,3/20/2024,,,Warner Music Nashville,WMG (Warner Music Group),,USWB12405625,,Whiskey Lies & Alibis,,Album,Writer,,SMG_MSG_109_11979,"SMN,SMG-US",SOS,2 MIX JV II,,,,,6/20/2025
Released,,,6/20/2025,6/20/2025,,,Shane Stevens,GRITS,Shane Stevens,Tedd Tjornhom,50.00%,Admin,7/18/2023,11/6/2023,,,Independent,,,QZTAT2583369,,GRITS - Single,,Single,"Writer,Artist",,SMG_MSG_109_12875,"SMN,SMG-US",SOS,SOS,,,,,6/20/2025
Released,,,5/31/2024,6/12/2025,,,LECADE,You Get Me,LECADE,"Gabe Foust,Jacob Hackworth",33.34%,ESA/Co-Pub,3/23/2024,3/31/2025,,,Big Machine Label Group,,,QZRD92405212,,You Get Me - Single,,Single,"Writer,Artist",,SMG_MSG_109_18038,"SMN,SMG-US",SOS,LASA / HoB JV,,,,,6/12/2025
Released,,,5/9/2025,6/12/2025,,,LECADE,Love Me Anyway,LECADE,Jordan Terrell,50.00%,ESA/Co-Pub,,3/31/2025,,,Big Machine Label Group,,,QZRD92507116,,Love Me Anyway - Single,,Single,"Writer,Artist",,SMG_MSG_109_18044,"SMN,SMG-US",SOS,LASA / HoB JV,,,,,6/12/2025
Released,,,2/7/2025,6/12/2025,,,LECADE,Liquor & Cigarettes,LECADE,"Brandon Mickey Manley,Jake Banfield",33.34%,ESA/Co-Pub,5/8/2024,3/31/2025,LECADE (Released),,Big Machine Label Group,,,QZRD92406492,,Liquor & Cigarettes (Stepped Down) - Single,Alternate Version,Single,"Writer,Artist",,SMG_MSG_109_18032,"SMN,SMG-US",SOS,LASA / HoB JV,,,,,6/12/2025
Released,,,11/1/2024,6/12/2025,,,LECADE,Liquor & Cigarettes,LECADE,"Brandon Mickey Manley,Jake Banfield",33.34%,ESA/Co-Pub,5/8/2024,3/31/2025,LECADE (Released),,Big Machine Label Group,,,QZRD92406170,,Liquor & Cigarettes - Single,Main Version,Single,"Writer,Artist",,SMG_MSG_109_18032,"SMN,SMG-US",SOS,LASA / HoB JV,,,,,6/12/2025
Released,,,3/28/2025,6/12/2025,,,LECADE,Hope It Kills Me,LECADE,"Jordan Terrell,Justin Thomas Schools,Max King",25.00%,ESA/Co-Pub,5/17/2024,3/31/2025,,,Big Machine Label Group,,,QZRD92506905,,Hope It Kills Me (Feat. Sterling Eliza) - Single,,Single,"Writer,Artist",,SMG_MSG_109_18022,"SMN,SMG-US",SOS,LASA / HoB JV,,,,,6/12/2025
Released,,,5/26/2023,6/12/2025,,,LECADE,Gave It Up,LECADE,"Beau Bailey,Cole Miracle,Edward Eugene Eberle",25.00%,ESA/Co-Pub,4/1/2023,3/31/2025,,,Big Machine Label Group,,,QZEQU2300558,,Gave It Up - Single,,Single,"Writer,Artist",,SMG_MSG_109_17969,"SMN,SMG-US",SOS,LASA / HoB JV,,,,,6/12/2025
Released,,,1/26/2024,6/12/2025,,,LECADE,Bed We Made,LECADE,Austin Rakesh Shawn,50.00%,ESA/Co-Pub,8/2/2023,3/31/2025,,,Big Machine Label Group,,,QZRD92304373,,Bed We Made - Single,,Single,"Writer,Artist",,SMG_MSG_109_18042,"SMN,SMG-US",SOS,LASA / HoB JV,,,,,6/12/2025
Released,,,4/25/2025,6/6/2025,,,Dylan Marlowe,Country in the Clouds,Brent Anderson,"David Medlin,Dylan Marlowe,Jameson Rodgers,Zach Abend",20.00%,ESA/Co-Pub,2/25/2025,3/30/2025,,Conner Smith,Sony Music Nashville,,,QZZVQ2500120,,Country in the Clouds - Single,,Single,"Writer,Artist",,SMG_MSG_109_17141,"SMN,SMG-US",SOS,FLUID JV II,,,,,6/6/2025
Released,,,4/18/2025,6/6/2025,,,Hayden Coffman,Fightin' Words,Connor McCutcheon,"Autumn Buysse,Hayden Coffman,Nicole Alexis",0.00%,,8/28/2024,4/21/2025,,,Independent,,,QZEQU2500547,,Love and Heartbreak,,Album,"Writer,Artist",,SMG_MSG_109_17139,"SMN,SMG-US",SOS,FLUID JV II,,,,,6/6/2025
Released,,,11/4/2024,6/5/2025,,,Camo,Wings,Hunter Madrid,Ryung Park Chae,50.00%,ESA/Co-Pub,,4/29/2025,,,502,,,USUYG1578144,,Yours Truly,,Album,Writer,,,"SMN,SMG-US",SOS,SOS,,,,,6/5/2025
Released,,,11/4/2024,6/5/2025,,,Camo,Waterfalls,Hunter Madrid,"Ryung Park Chae,Seo Dong Hyun",33.33%,ESA/Co-Pub,,4/29/2025,,BIG Naughty,502,,,USUYG1578143,,Yours Truly,,Album,Writer,,,"SMN,SMG-US",SOS,SOS,,,,,6/5/2025
Released,,,3/12/2025,6/5/2025,,,Fordo,Villain,Hunter Madrid,"Donte Blaise Coleman,Ethan Kevin Ford,Kyle Harrington,Matt Cohn,Steven Cheung,Xandr Fox",15.00%,ESA/Co-Pub,,4/29/2025,,,Sana + Listen to the Kids,,,USLD91773007,,Villain - Single,,Single,Writer,,,"SMN,SMG-US",SOS,SOS,,,,,6/5/2025
Released,,,5/8/2024,6/5/2025,,,Sydney Ross Mitchell,Thrill,Hunter Madrid,"Alan Vega Cardenas,Sydney Ross Mitchell",25.00%,ESA/Co-Pub,,4/29/2025,,,Independent,,,QZPEW2428032,,Thrill - Single,,Single,Writer,,,"SMN,SMG-US",SOS,SOS,,,,,6/5/2025
Released,,,2/22/2024,6/5/2025,,,Sydney Ross Mitchell,Superblue,Hunter Madrid,Sydney Ross Mitchell,50.00%,ESA/Co-Pub,,4/29/2025,,,Independent,,,QZPEW2405862,,Next Time,,Album,Writer,,,"SMN,SMG-US",SOS,SOS,,,,,6/5/2025
Released,,,6/23/2023,6/5/2025,,,Daniel Munozz,Strangers,Hunter Madrid,"Andrew John Holyfield,Brice Blanchard,Daniel Munoz",25.00%,ESA/Co-Pub,,4/29/2025,,,Independent,,,QZPEW2452914,,Strangers - Single,,Single,Writer,,,"SMN,SMG-US",SOS,SOS,,,,,6/5/2025
Released,,,10/4/2024,6/5/2025,,,Sydney Ross Mitchell,Sting,Hunter Madrid,"Daniel Yunuen Aldaz Leander,Evan Michael Pruett,Joshua Allen Mojica Hui,Sydney Ross Mitchell,Thomas M Hunter",10.00%,ESA/Co-Pub,,4/29/2025,Sydney Ross Mitchell (Released),,Independent,,,QZPEW2452914,,Pure Bliss Forever,,Album,Writer,,,"SMN,SMG-US",SOS,SOS,,,,,6/5/2025
Released,,,5/24/2024,6/5/2025,,,Sydney Ross Mitchell,Sting,Hunter Madrid,"Daniel Yunuen Aldaz Leander,Evan Michael Pruett,Joshua Allen Mojica Hui,Sydney Ross Mitchell,Thomas M Hunter",10.00%,ESA/Co-Pub,,4/29/2025,Sydney Ross Mitchell (Released),,Independent,,,QZPEW2452914,,Sting - Single,,Single,Writer,,,"SMN,SMG-US",SOS,SOS,,,,,6/5/2025
Released,,,9/16/2022,6/5/2025,,,AG Club,Imposter Syndrome,Hunter Madrid,Rochelle Lopez,50.00%,ESA/Co-Pub,,4/29/2025,,SampleLov,TheNamelessCollective,Sony Music Entertainment,,USSM12206060,,Imposter Syndrome,,Album,Writer,,,"SMN,SMG-US",SOS,SOS,,,,,6/5/2025
Released,,,7/27/2023,6/5/2025,,,Midwxst,Heartache Blues,Hunter Madrid,"Aaron Miles Shadrow,Andrew Bret Drucker ,Edgar Nathaniel Sarratt Iii,Isaac Banner Rose,Kendall Roark Bailey,Sophie Belle Grajcer,Steven Cheung,Wyatt Bernard,Zachary Cassell",10.00%,ESA/Co-Pub,,4/29/2025,Midwxst (Released),,midwxst LLC,,,USUG12306306,,E3 (Explicit),,Album,Writer,,,"SMN,SMG-US",SOS,SOS,,,,,6/5/2025
Released,,,7/27/2023,6/5/2025,,,Midwxst,Heartache Blues,Hunter Madrid,"Aaron Miles Shadrow,Andrew Bret Drucker ,Edgar Nathaniel Sarratt Iii,Isaac Banner Rose,Kendall Roark Bailey,Sophie Belle Grajcer,Steven Cheung,Wyatt Bernard,Zachary Cassell",10.00%,ESA/Co-Pub,,4/29/2025,Midwxst (Released),,midwxst LLC,,,USUG12306315,,E3 (Clean),,Album,Writer,,,"SMN,SMG-US",SOS,SOS,,,,,6/5/2025
Released,,,7/27/2023,6/5/2025,,,Midwxst,Heartache Blues,Hunter Madrid,"Aaron Miles Shadrow,Andrew Bret Drucker ,Edgar Nathaniel Sarratt Iii,Isaac Banner Rose,Kendall Roark Bailey,Sophie Belle Grajcer,Steven Cheung,Wyatt Bernard,Zachary Cassell",10.00%,ESA/Co-Pub,,4/29/2025,Midwxst (Released),,midwxst LLC,,,USUG12305046,,E3 (Explicit),,Album,Writer,,,"SMN,SMG-US",SOS,SOS,,,,,6/5/2025
Released,,,7/27/2023,6/5/2025,,,Midwxst,Heartache Blues,Hunter Madrid,"Aaron Miles Shadrow,Andrew Bret Drucker ,Edgar Nathaniel Sarratt Iii,Isaac Banner Rose,Kendall Roark Bailey,Sophie Belle Grajcer,Steven Cheung,Wyatt Bernard,Zachary Cassell",10.00%,ESA/Co-Pub,,4/29/2025,Midwxst (Released),,midwxst LLC,,,USUG12305055,,E3 (Clean),,Album,Writer,,,"SMN,SMG-US",SOS,SOS,,,,,6/5/2025
Released,,,9/16/2022,6/5/2025,,,AG Club,Candice,Hunter Madrid,"Isaac Banner Rose,Jahan Michael Jayubo-Williams,Janessa Kiyomi Laguio,Victor Daniel Wainstein",35.00%,ESA/Co-Pub,,4/29/2025,,,TheNamelessCollective,Sony Music Entertainment,,USSM12206062,,Imposter Syndrome,,Album,Writer,,,"SMN,SMG-US",SOS,SOS,,,,,6/5/2025
Released,,,9/16/2022,6/5/2025,,,AG Club,Adam Sandler,Hunter Madrid,"Damarcuz Henderson,Isaac Banner Rose,Jahan Michael Jayubo-Williams,Michael Farkash,Niko Marcial Oroc,Samant Philippe Mathur,Victor Daniel Wainstein",12.50%,ESA/Co-Pub,,4/29/2025,,,TheNamelessCollective,Sony Music Entertainment,,USSM12206053,,Imposter Syndrome,,Album,Writer,,,"SMN,SMG-US",SOS,SOS,,,,,6/5/2025
Hold,10/8/2024,,,10/22/2024,,,Parmalee,Break Up With Me Again,David Garcia,"Michael Hardy,Jessie Jo Dillon,Jameson Rodgers",25.00%,ESA/Co-Pub,8/29/2024,10/22/2024,,,BMG BBR,,,,,,,,Writer,,SMG_MSG_109_13733,"SMN,SMG-US",SOS,SOS,,,,Kennedy Murphy,10/22/2024
Hold,10/9/2024,,,10/22/2024,,,Tim McGraw,Whiskey Business,David Garcia,Jesse Frasure,50.00%,ESA/Co-Pub,10/2/2024,10/22/2024,,,Big Machine Label Group,,,,,,,,Writer,,SMG_MSG_109_14055,"SMN,SMG-US",SOS,SOS,,,,Kennedy Murphy,10/22/2024
Hold,10/6/2024,,,10/22/2024,,,Dustin Lynch,Your Son,Brent Anderson,"Smith Ahnquist,Hunter Phelps,Jameson Rodgers",25.00%,ESA/Co-Pub,1/3/2024,10/6/2024,,,BMG BBR,,,,,,,,Writer,,SMG_MSG_109_12006,"SMN,SMG-US",SOS,FLUID JV II,,,,AJ Burton,10/22/2024
