isrc,song_title,artist,spirit_songwriters,release_date,cm_track_id,track_tier,career_health,spotify_streams,spotify_streams_180d_ago,spotify_popularity,radio_spins,radio_spins_180d_ago,tiktok_posts,youtube_views,shazam_count,source_ok
USRC12601645,SaWaDiKa,LISA,Volta,2026-09-02,172180167,1,explosive growth,39971866,3913030,91,2120,1,214555,175888999,,yes
QT4K32616647,Is This My Life,Angelo Mota,"Angelo Mota,Hamish",2026-08-28,167140118,5,steady,858410,599897,52,3,2,328,56892,,yes
QT62W2609023,five minutes with god,Angelo Mota,Angelo Mota,2026-08-28,172012141,0,explosive growth,10855,10855,32,,,,636,,yes
QT62W2609022,keep your head up,Angelo Mota,Angelo Mota,2026-08-28,172012139,0,explosive growth,10438,10438,32,,,,735,,yes
QT62W2609017,Pray For Me,Angelo Mota,Angelo Mota,2026-08-28,172012142,0,explosive growth,23139,20475,38,,,,1035,,yes
QT62W2609016,Terrified,Angelo Mota,Angelo Mota,2026-08-28,171987497,0,explosive growth,23398,19649,38,,,,1441,,yes
QT4K42673607,or not,Angelo Mota,Angelo Mota,2026-08-28,169129616,0,steady,141149,109224,39,,,,8439,,yes
QT62U2685069,Javelin,Angelo Mota,"Angelo Mota,Hamish",2026-08-28,171010174,5,growth,148922,100643,45,,,21,11816,,yes
QT62W2609015,Madman,Angelo Mota,Angelo Mota,2026-08-28,172012143,0,explosive growth,24208,15532,38,,,,1582,,yes
QT62W2609021,Good Enough,Angelo Mota,Angelo Mota,2026-08-28,172012144,0,explosive growth,12555,12555,34,,,,811,,yes
QT62W2609020,Program,Angelo Mota,Angelo Mota,2026-08-28,172008493,0,explosive growth,11372,11372,33,,,,834,,yes
QT62W2609019,Hills Have Eyes,Angelo Mota,Angelo Mota,2026-08-28,172012140,0,explosive growth,15388,15388,35,,,,1017,,yes
USQX92604649,Heaven,JENNIE,Volta,2026-08-28,171987306,1,explosive growth,16003084,16003084,84,751,25,6210,3053441,,yes
QT6HJ2636439,Mine To Miss,Connor McCutcheon,Connor McCutcheon,2026-08-28,171955326,0,,8950,1141,31,,,,405,,yes
AUNCC2500106,Cliches,Jem Cassar-Daley,Brock Westover,2026-08-28,160298262,0,gradual decline,94402,89422,31,299,92,,3340,,yes
CA74P2600010,Why Does The Moon,Jess Moskaluke,"Jessica Cayne,Matthew Morrisey",2026-08-28,171958411,0,explosive growth,58724,15264,44,,,,2851,,yes
AUNCC2600016,Souvenir,Jem Cassar-Daley,Brock Westover,2026-08-28,170727850,0,,7477,2390,29,11,2,,303,,yes
QMDA62630329,Mess Of It,Brooke Lee,Brooke Lee,2026-08-28,171959880,0,explosive growth,100677,4869,49,1,1,,67871,,yes
GXJ2E2610400,Live Without You,"""AUGUSTKID, Laurentius, Mitchy & André & one more cig""",Justin Halpin,2026-08-28,171961170,0,explosive growth,142522,19660,51,,,,18211,,yes
QZUCN2202809,What It Means To Me,Ross Quinn,Jordan Cosmo,2026-08-28,171955545,0,explosive growth,,,45,2,2,,3639,,yes
QZWH32600307,Square Up,Dahi,Ely Rise,2026-08-28,170158046,5,growth,239913,239913,46,8,1,,,,yes
QZWH32600344,Stand For Something,Dahi,Ely Rise,2026-08-28,170158052,5,explosive growth,88050,17656,47,3,1,,12196,,yes
QZWH32600343,The Night,Dahi,Ely Rise,2026-08-28,170158054,0,explosive growth,104326,11859,48,1,1,,14332,,yes
QZWH32600342,They Don't Know Me,Dahi,Ely Rise,2026-08-28,170158059,5,explosive growth,116520,13634,49,8,1,,15004,,yes
QZWH32600341,Love Me,Dahi,Ely Rise,2026-08-28,170158062,5,explosive growth,137726,27542,50,34,1,,24970,,yes
QZWH32600339,Who Are You,Dahi,Ely Rise,2026-08-28,170158058,4,explosive growth,181577,39173,52,12,2,,49080,,yes
QMDA62673423,Dirt In My Teeth,Joe Bryson,"Bobby Hamrick,Justin Halpin,Joe Bryson",2026-08-28,171987661,0,explosive growth,38339,1563,42,,,,1374,,yes
QZRD92608950,Daisy,Carly Pearce,Michael Hardy,2026-08-28,169354306,1,explosive growth,46333,10599,42,24,3,,7519,,yes
CA5KR2667363,No Air,NGHTMRE,Melodie Wagner,2026-08-21,171749482,4,explosive growth,1054018,88542,64,394,6,582,,,yes
QM6N22646772,Easy Love,Adam Chaffins,Adam Chaffins,2026-08-21,166710334,,,1734,1012,18,,,,126,,yes
QZTV32601643,This Old Road Is Coming To An End,John Daly,"Nick Autry,Mike Fiorentino",2026-08-21,171881605,,,4588,1954,25,,,,411,,yes
QMBZ92623609,Ghost,Peacemode,Joe Janiak,2026-08-21,171739787,5,explosive growth,56702,1798,44,,,,22979,,yes
QZ9H32600088,Werewolves of Hialeah,Mustard Service,"Marco Ochoa,Adam Perez,Leonardo Cattani",2026-08-21,171751896,0,explosive growth,41626,18893,41,,,,20658,,yes
QZ9H32600087,Caballito,Mustard Service,Marco Ochoa,2026-08-21,171751894,0,explosive growth,21220,12125,35,,,,,,yes
QZ9H32600065,Psalm 2,Mustard Service,Marco Ochoa,2026-08-21,171452285,0,explosive growth,74431,74431,37,,,,88545,,yes
QZ9H32600086,The Clock,Mustard Service,Marco Ochoa,2026-08-21,171751899,0,explosive growth,30701,15790,38,,,,6375,,yes
QZ9H32600085,Leap Year,Mustard Service,Marco Ochoa,2026-08-21,171751900,0,explosive growth,38099,19619,40,,,,70869,,yes
QZ9H32600084,Today I Killed My Son,Mustard Service,Marco Ochoa,2026-08-21,171751903,0,explosive growth,36502,19598,39,,,,,,yes
QZ9H32600082,I Want It All,Mustard Service,Marco Ochoa,2026-08-21,171751897,0,explosive growth,59079,24188,44,,,,53969,,yes
QZ9H32600081,Paradise,Mustard Service,Marco Ochoa,2026-08-21,171751895,5,explosive growth,111672,42214,48,,,,33711,,yes
USQX92602830,Blue Roan,Ian Munsick,Ryan Beaver,2026-08-21,168835918,4,explosive growth,41901,41901,54,,,,20013,,yes
QMRSZ2602650,Once In A Mile,John Morgan,Brent Anderson,2026-08-21,171738599,4,explosive growth,718161,86476,62,63,1,165,135211,,yes
QM6N22651257,"You Get Drunk, I'll Get High",Adam Chaffins,Adam Chaffins,2026-08-21,166710331,,,3087,1155,22,,,,122,,yes
QM6N22646499,Hard To Reach,Adam Chaffins,Adam Chaffins,2026-08-21,166710335,,,3890,1050,23,,,,93,,yes
QM6N22646591,Flea Market,Adam Chaffins,"Adam Chaffins,Bobby Hamrick",2026-08-21,166710329,,,3819,1873,23,,,,56,,yes
QM6N22647546,Stepped Over The Pieces,Adam Chaffins,"Adam Chaffins,Frank Rogers",2026-08-21,166710332,,,6379,1086,27,,,,199,,yes
QM6N22647529,Get Rich,Adam Chaffins,Adam Chaffins,2026-08-21,166710337,,,1517,1031,17,,,,,,yes
DKQ7G2600084,Last Mile,Lukas Graham,Remy Gautreau,2026-08-14,171530433,4,growth,182363,16701,50,1,1,,33922,,yes
QZJ842610605,Criminal,Gigi Moss,Nick Gale,2026-08-14,171526069,0,explosive growth,540032,42123,58,1,1,,7070,,yes
QMRSZ2602590,Let Him In Anyway,Blake Shelton,Michael Hardy,2026-08-14,171513011,4,growth,255388,52080,54,,,,,,yes
QZEQU2601153,Talk Shit,Adam Mac,Jessica Cayne,2026-08-14,171495863,0,explosive growth,23130,2550,36,,,1,,,yes
QT6F82630691,Losing Horse,Gable Bradley,Mike Fiorentino,2026-08-14,,,,,,,,,,,,no_match(ok)
QT6FY2678770,Komplicated,Arkade,Patrick Ridgen,2026-08-14,171721701,,,3318,1306,25,,,,,,yes
CBGAH2600010,Prairie Queen,Brandie Caroline,Jade Eagleson,2026-08-14,171487878,0,,10722,1434,31,58,1,,,,yes
DEWO71701010,Both Sides Of Me,Unroyal,Mike Fiorentino,2026-08-14,171504679,0,explosive growth,185257,152969,51,,,,57923,,yes
USA2P2643642,Body,Jay Sean,Angel Delrae,2026-08-14,171489394,0,explosive growth,197933,197933,51,156,3,,,,yes
QZWH32600668,Maggie's Song (Old Blue Jeans),Jenna Paulette,Brent Anderson,2026-08-14,171491388,5,growth,49147,7462,41,2,1,,28865,,yes
QMBZ92676346,You Either Love Me Or You Don't,Josh Weathers,Jeremy Bussey,2026-08-14,171485565,,explosive growth,23392,3937,36,,,,447,,yes
USSM12603931,Avoidance,AG Club,Hamish,2026-08-07,171337423,3,explosive growth,40174,5481,39,,,,,,yes
USAT22603602,Babygirl,Ravyn Lenae,Ely Rise,2026-08-07,171265707,3,explosive growth,1522589,1522589,65,305,6,181,,,yes
USAT22603606,Let Us In,Ravyn Lenae,Ely Rise,2026-08-07,171246304,4,explosive growth,275693,27053,52,15,2,10,,,yes
USAT22603605,Find It One Day,Ravyn Lenae,Ely Rise,2026-08-07,171246314,4,explosive growth,394719,30422,55,21,1,38,,,yes
USAT22603604,Wish You Well,Ravyn Lenae,Ely Rise,2026-08-07,171280563,3,explosive growth,514155,37863,57,5,1,19,22533,,yes
USAT22603603,Barriers,Ravyn Lenae,Ely Rise,2026-08-07,171246311,4,explosive growth,373934,1009,54,1,1,22,31482,,yes
USAT22603601,Saturday Night,Ravyn Lenae,Ely Rise,2026-08-07,169429337,1,steady,3049530,3049530,59,586,1,581,,,yes
USAT22601331,Reputation,Ravyn Lenae,Ely Rise,2026-08-07,164865059,1,steady,9915878,9915878,58,1790,1,287,1118016,,yes
USAT22603600,Sew Me Back Together,Ravyn Lenae,Ely Rise,2026-08-07,171265706,3,explosive growth,629500,1325,58,8,1,191,40560,,yes
USAT22603598,In & Out,Ravyn Lenae,Ely Rise,2026-08-07,171246317,3,growth,2229823,2229823,66,506,2,14,,,yes
USAT22603597,Never Let Me Go,Ravyn Lenae,Ely Rise,2026-08-07,171246310,3,explosive growth,797173,1894,60,3,1,67,49596,,yes
USAT22603251,Handle,Ravyn Lenae,Ely Rise,2026-08-07,167827403,1,steady,4216344,4216344,52,1481,30,645,1042759,7539,yes
QZRD92609202,I Kinda Want Your Man,Mackenzie Carpenter,Jamie Moore,2026-08-07,171249945,4,explosive growth,488044,70849,57,,,73,80492,,yes
QZTRX2646743,Watering the Lawn,Riley Taylor,Jade Eagleson,2026-08-07,171277254,0,explosive growth,15359,1007,31,1,1,,900,,yes
QT6FF2690801,Sugar,Connor McCutcheon,Connor McCutcheon,2026-08-07,171295071,0,explosive growth,58453,3552,42,,,,230,,yes
QMBZ92672936,Thrill,Sawyer Utah,Sawyer Utah,2026-08-07,171287730,0,explosive growth,124464,2800,48,,,,8066,,yes
QMDA62600113,You Only Call When It's Raining,Lucas Ball,Ryan Beaver,2026-08-07,171276020,2,explosive growth,138785,4441,48,,,,44432,,yes
USUG12604883,Sunset Marquis,Miranda Lambert,David Garcia,2026-08-07,169436623,4,growth,436474,436474,56,61,10,232,9441,,yes
USAT22605028,Whistle,Bri3,Chizzy,2026-08-05,171223374,0,steady,147447,20119,44,,,14,36138,,yes
QT3F92692503,Walk To Fame,Chizzy Stephens,Chizzy,2026-08-05,171215858,0,,,,10,,,,255,,yes
QT3F92692501,Duffy,Chizzy Stephens,Chizzy,2026-08-05,171215859,0,,,,6,,,,168,,yes
QT3F92692500,Top Of The Morning,Chizzy Stephens,Chizzy,2026-08-05,171215857,0,,,,8,,,,276,,yes
QZEQU2601206,Drunk Love You,Smithfield,Adam Wood,2026-07-31,171008937,0,explosive growth,135091,116435,44,,,,136282,,yes
QMRSZ2600931,Long Long Year,Tim Montana,Tim Montana,2026-07-31,168410968,0,steady,24353,19219,23,,,,5476,,yes
QMRSZ2600936,Like A Satellite,Tim Montana,"Mike Fiorentino,Nathan Barlowe,Tim Montana",2026-07-31,168410962,0,explosive growth,5430,5430,24,,,,971,,yes
QMRSZ2600932,Vampires,Tim Montana,Tim Montana,2026-07-31,168410976,0,growth,6710,6710,25,,,,1143,,yes
QMRSZ2600940,Everything I'm Not,Tim Montana,Tim Montana,2026-07-31,168410964,0,decline,5518,5518,24,,,,1035,,yes
QMRSZ2600939,When It's Over,Tim Montana,Tim Montana,2026-07-31,168410960,0,decline,5459,5459,23,,,,1010,,yes
QMRSZ2600938,Like A Kennedy,Tim Montana,Tim Montana,2026-07-31,168410961,0,explosive growth,5205,5205,23,,,,3628,,yes
QMRSZ2600937,Off The Ground,Tim Montana,Tim Montana,2026-07-31,168410966,0,explosive growth,5418,5418,23,,,,1148,,yes
QMRSZ2600934,One Black Thumbnail,Tim Montana,"Mike Fiorentino,Nathan Barlowe,Tim Montana",2026-07-31,168410967,0,growth,6362,6362,24,,,,1396,,yes
QMRSZ2600933,Crown of Ash,Tim Montana,"Nathan Barlowe,Tim Montana",2026-07-31,168410969,0,growth,70960,13838,41,2,2,,1937,,yes
QMRSZ2600930,Kinda Like It,Tim Montana,Tim Montana,2026-07-31,168410971,0,explosive growth,47252,16209,39,25,1,,7009,,yes
QMRSZ2600929,Watch Me Drown,Tim Montana,Tim Montana,2026-07-31,168410970,0,growth,87354,18493,43,6,2,,16648,,yes
QZ9H32600064,Sharks,Mustard Service,Marco Ochoa,2026-07-31,171012434,0,explosive growth,194950,105283,44,1,1,,115843,,yes
CA5KR2662169,Focus,Loek,Melodie Wagner,2026-07-31,171097519,3,growth,39572,8102,40,2,1,1,,,yes
QMRSZ2600928,Beautiful Hate,Tim Montana,"Nathan Barlowe,Tim Montana",2026-07-31,168410975,0,explosive growth,18132,18132,31,2,2,,17285,,yes
GBLFP2673099,Territorial,Michael Aldag,Ben Samama,2026-07-29,170922298,0,growth,78295,8291,41,,,,20937,,yes
USUG12606261,Pleaser,VITA,Hamish,2026-07-24,170726331,0,explosive growth,92581,4477,42,21,1,,44971,,yes
GBGLW2600583,Dog Eat Dog,CHINCHILLA,Sara Boe,2026-07-23,170708717,1,growth,275791,275791,52,6,1,138,,,yes
QZTGW2604354,I Want You,NURKO,Remy Gautreau,2026-07-17,170402795,5,growth,93953,93953,38,,,,29881,,yes
CA5KR2661623,Cruel World,Mathias Julin,Jordan Cosmo,2026-07-17,170520723,0,growth,402940,3379,55,,,386,29942,,yes
QZEQU2600827,Another Love Song,Chris Housman,Jessica Cayne,2026-07-17,168870160,0,growth,50647,24115,35,,,,58390,,yes
US6XF2600173,Jack & Jill Daniel's,Emily Ann Roberts,Ryan Beaver,2026-07-17,170432627,4,growth,954641,111075,58,1,1,,,,yes
QMBZ92622437,More Life,Peacemode,Joe Janiak,2026-07-17,170529077,0,explosive growth,64838,1523,41,29,1,,1894,,yes
QM6P42687629,Driver Drive,Brooke Lee,"Brock Westover,Brooke Lee",2026-07-17,170405724,0,growth,204997,204997,52,,,,59151,,yes
USQX92602821,Been A Good Run,Scotty McCreery,"Derek George,Monty Criswell",2026-07-17,167324620,4,growth,497115,220872,52,198,3,43,67726,,yes
QT6EC2671861,HOOCH,Fuller Debes,Joe Bryson,2026-07-17,170421913,,,5944,1270,20,,,,372,,yes
QZZVQ2600251,Find Me In A Bar,Nate Smith,Zack Hall,2026-07-17,170402576,4,growth,1755615,312332,62,195,4,69,141206,,yes
QZNMT2636570,Romanticize,Tkay Maidza,Tkay Maidza,2026-07-15,170335623,4,growth,879415,280150,56,333,2,364,120770,4884,yes
QZWH32600305,Running,Dahi,Ely Rise,2026-07-10,170091917,3,growth,2790130,2790130,65,175,2,84,,,yes
QT3RR2600002,Distant Lover,JIHYO,Angel Delrae,2026-07-10,170123864,1,steady,2285313,1599962,62,,,448,12519333,,yes
QT3F32666649,Juvie 99,Chizzy Stephens,Chizzy,2026-07-10,170148398,0,,1016,1016,9,,,,910,,yes
QMBZ92614738,Got That Right,Joe Bryson,"Joe Bryson,Justin Halpin,Cale Dodds",2026-07-10,170086257,0,explosive growth,39468,1679,35,,,10,10531,,yes
USWB12600201,Hits Me,Hudson Westbrook,Ryan Beaver,2026-07-10,170091928,3,growth,6381864,6381864,72,38,2,5731,93835,,yes
USUYG1819784,Forever Ago,Restless Road,Zach Beeken,2026-07-10,170123999,4,gradual decline,538246,33543,53,,,165,135426,,yes
UKW3Z2601713,Forever Right Now,JERUB,Jordan Cosmo,2026-07-03,169760037,4,gradual decline,1255390,57467,57,614,38,1,59557,,yes
USUS12600333,PLZ HOLD,Snakehips,Tkay Maidza,2026-06-26,170123738,0,,1435,1086,13,,,,,,yes
USUS12600332,PLZ HOLD,Snakehips,Tkay Maidza,2026-06-26,169433041,4,steady,825826,650749,53,133,2,215,168674,,yes
USAT22602375,Celestial,Charlotte MacInnes,Joe Janiak,2026-06-26,166026027,,steady,65895,34610,35,574,9,48,9322,,yes
USAT22602534,Beast,Charlotte MacInnes,Joe Janiak,2026-06-26,166032350,,steady,137449,8346,42,1,1,,3098,,yes
QZ9H32600062,Aerolineas Mostaza,Mustard Service,Marco Ochoa,2026-06-26,169468141,0,steady,135939,109691,36,,,,19823,,yes
QM6N22640719,Jesus In China (Overflow),Chanpan,Wes Singerman,2026-06-26,166667823,5,steady,183115,35487,42,10,1,42,15982,,yes
QZJ842605822,Sad and Beautiful,Gigi Moss,Nick Gale,2026-06-26,169436264,0,steady,1111169,919962,57,,,243,180095,,yes
DEUM72603242,Voices,Alle Farben,Melodie Wagner,2026-06-26,169447839,5,steady,329875,165070,44,42,1,,27441,,yes
QM24S2603382,Life Of The Party,UNSECRET,Noelle Scaggs,2026-06-26,169448300,0,,3874,3293,18,,,,,,yes
GBAYE2600209,Hush,Muse,Nick Gale,2026-06-26,163920525,3,steady,10059095,23440,72,843,14,561,1645548,,yes
USWB12601495,Thank Somebody Country,Cody Johnson,Michael Hardy,2026-06-26,169434017,4,steady,1036909,103526,55,,,83,330366,,yes
QMRSZ2601970,Hands Up,Jelly Roll,Michael Hardy,2026-06-24,169371658,1,growth,7411977,137013,71,27670,445,2602,1559210,54579,yes
QZTGW2602119,Washington,Jonny West,Brock Westover,2026-06-23,169076313,,explosive growth,15643,2954,25,,,,171,,yes
QZTGW2602118,Bone Deep,Jonny West,Brock Westover,2026-06-23,169076307,,explosive growth,14024,2934,30,,,,4588,,yes
QZTGW2602115,Week,Jonny West,Brock Westover,2026-06-23,169076312,,explosive growth,4067,2165,19,,,,426,,yes
QZTGW2602116,"Can I Call You, Baby?",Jonny West,Brock Westover,2026-06-23,169076308,,,11084,2669,24,,,,413,,yes
QZTGW2602117,WCYS?,Jonny West,Brock Westover,2026-06-23,169076314,,,4770,2175,18,,,,404,,yes
USAT22603941,On Your Mind,FKA Twigs,Volta,2026-06-19,169103237,1,steady,5129691,5129691,67,265,1,5275,543880,,yes
QMJMT2605961,Michigan,Infinity Song,Joe Janiak,2026-06-12,166079523,0,steady,103084,56478,37,16,4,,11841,,yes
QT3EX2653716,Rhyme or Reason,Connor McCutcheon,Connor McCutcheon,2026-06-12,168819279,0,explosive growth,7844,1738,19,,,,2491,,yes
USUM72604818,My Daughter,Vince Gill,Joy Williams,2026-06-12,168826562,0,steady,20486,11550,22,2,1,,8580,,yes
QZRD92608683,Drunk Enough,Midland,"Jamie Moore,Nathan Barlowe",2026-06-12,166536810,4,steady,435274,202429,49,,,,75418,,yes
QZWH32600288,Find Me,Dahi,Ely Rise,2026-06-05,168401591,5,steady,719377,719377,50,53,1,1,53726,,yes
DEUM72603114,Cola,CAKES,Melodie Wagner,2026-06-05,168414976,0,steady,243205,6553,40,22,1,191,2444,,yes
USUG12604541,She Got It,Blake Proehl,Connor McCutcheon,2026-06-05,168416566,4,steady,1020870,1020870,58,,,772,32671,,yes
QZAKB2562380,Burden,Dylan Rockoff,Justin Halpin,2026-06-05,168444716,0,steady,12917,2982,23,,,,898,,yes
USUG12603062,Ashes,Camylio,"Camylio,Coleton Rubin",2026-05-29,165677445,0,decline,20429,14304,23,,,1,9760,,yes
USUG12603063,Before You Do,Camylio,"Camylio,Coleton Rubin",2026-05-29,165677439,0,steady,46848,22878,33,,,,57530,,yes
USUG12603067,Steal Some Love,Camylio,"Camylio,Joe Janiak",2026-05-29,165677437,0,growth,59201,30520,33,,,8,40003,,yes
USUG12403164,Angel,Camylio,Camylio,2026-05-29,126236685,0,steady,11373174,10380473,53,,,5547,2733342,65953,yes
USUG12603065,How Far Down,Camylio,Camylio,2026-05-29,165677441,0,growth,192105,135574,31,,,,18391,,yes
USUG12601283,Fall Into You,Camylio,"Camylio,Joe Janiak",2026-05-29,160433831,0,steady,364407,291058,33,,,29,,,yes
USUG12603064,Gravity,Camylio,Camylio,2026-05-29,165677444,0,steady,166946,69254,38,,,9,64406,,yes
USUG12603068,Strung Out On You,Camylio,Camylio,2026-05-29,165677447,0,growth,45059,27992,29,,,,12928,,yes
USUG12603069,Take My Bones,Camylio,"Camylio,Coleton Rubin",2026-05-29,165677442,0,steady,46570,28839,31,,,,62039,,yes
USUG12402922,Trouble,Camylio,Camylio,2026-05-29,120995341,0,gradual decline,27627989,25385409,58,,,49961,1881195,208318,yes
USUG12603066,Nightmare,Camylio,Camylio,2026-05-29,165677438,0,growth,64096,35403,35,,,,50101,,yes
USUG12603061,Waterfall,Camylio,Camylio,2026-05-29,165677448,0,steady,94333,47632,36,,,203,43702,,yes
USUG12505198,Psycho,Camylio,Camylio,2026-05-29,154899861,0,steady,592883,511724,34,,,,71735,,yes
QM6P42635875,Vodka Soda,408,"Cale Dodds,Justin Halpin",2026-05-29,167836816,0,steady,304108,304108,45,,,,63742,,yes
QZEQU2600924,Maybe Baby,Brody Clementi,"Nick Autry,Jessica Cayne",2026-05-29,167830849,0,steady,292607,5398,46,,,66,2054,,yes
CA5KR2652570,Strangers to Strangers,Zach Hood,Sawyer Utah,2026-05-29,167848999,5,steady,667743,178307,49,,,110,,,yes
GBRKQ2615687,Wild Kids,Toby Lightman,Shane Stevens,2026-05-29,167830468,,,8930,1733,19,,,,178,,yes
QMDPP2602745,Rather Be The Fire,Bryan Martin,Adam Wood,2026-05-29,167848822,5,steady,593728,499455,48,,,,140243,,yes
QZ9H32600046,Who Knew Your Body,Mustard Service,Marco Ochoa,2026-05-22,167553322,0,steady,156837,137258,36,14,1,,69881,,yes
DEUM72602921,Heroes Of The Night,Alle Farben,Melodie Wagner,2026-05-22,167527873,5,steady,358281,309368,44,1971,4,,,,yes
QZWFP2688981,X Games,Connor McCutcheon,Connor McCutcheon,2026-05-22,167569351,0,explosive growth,18977,1005,20,,,,493,,yes
QZZVQ2500323,Chesney On The Beach,McCoy Moore,Brinley Addington,2026-05-22,162586196,0,steady,89010,45282,34,,,113,10329,,yes
KRA492600312,Intro,ZEROBASEONE,Ben Samama,2026-05-18,167297008,5,steady,1895015,1368793,45,,,5,107948,,yes
KRA492600313,Top 5,ZEROBASEONE,Ben Samama,2026-05-18,167295914,1,steady,16019575,9771,66,152,4,118947,52686947,36293,yes
USRC12600932,Housekeeping,Ally Salort,Sara Boe,2026-05-15,167109558,5,steady,701899,498124,37,7,1,196,23167,,yes
QM24S2506949,Compass,Matt Hansen,Sara Boe,2026-05-15,157148748,5,steady,7304194,6744385,50,284,275,310,365345,,yes
QM24S2600021,Somewhere In Between,Matt Hansen,Ben Samama,2026-05-15,158238696,4,steady,10455249,4725475,63,,,608,599467,,yes
QM24S2602507,Before We Know It,Matt Hansen,Sara Boe,2026-05-15,167115824,4,steady,800540,442332,53,,,5,70249,,yes
USSM12600807,Jezebel,GIVEON,Peter Lee Johnson,2026-05-15,165362213,1,gradual decline,14202037,1580171,70,27679,5,1893,,56734,yes
USUM72603312,Bellafonte,Jenevieve,Tkay Maidza,2026-05-08,166661755,5,steady,1012398,38379,51,3,1,14,140617,,yes
QZMEV2661248,Pressed,Tkay Maidza,Tkay Maidza,2026-05-08,166664435,0,steady,223479,159473,36,295,2,14,21683,,yes
QZWH32600272,Rest Of Your Life,Dahi,Ely Rise,2026-05-08,166705037,0,steady,346002,201211,48,29,1,,19836,,yes
QMMEH2601092,Forget Me Not,Sicily Rose,"Bobby Hamrick,Shane Stevens",2026-05-08,166687797,0,steady,406082,406082,45,,,,38516,,yes
QM6MZ2648883,King Of Coal Dust County,Adam Chaffins,Adam Chaffins,2026-05-08,166705663,,growth,44275,41298,24,238,1,,20121,,yes
CBEFB2602145,Say That You'll Be There,Loods,Melodie Wagner,2026-05-07,166634232,0,steady,491603,14842,49,35,2,,11558,,yes
QZWFN2646389,World In You,Myya,Liz Lokre,2026-05-06,166611326,,,3492,2785,6,,,,24482,,yes
QZRD92608680,Shooting Memories With Tequila,Midland,Ryan Beaver,2026-05-05,166536511,1,steady,3226980,1394788,59,389,1,402,242317,,yes
GBRKQ2600686,Crew,O.A.R.,Remy Gautreau,2026-05-01,166383729,0,steady,240050,72402,42,6,2,,60001,,yes
GBPVV2500140,Palestine,KNEECAP,JJ Scheff,2026-05-01,158444273,5,steady,1597166,314886,52,22,1,71,282714,,yes
QZTB42618405,It Gets Better,Sara Jean Kelley,David Ryan Harris,2026-05-01,166393504,,explosive growth,21221,6752,19,,,,,,yes
QT5752500015,Man's World,Noelle Scaggs,Noelle Scaggs,2026-05-01,,,,,,,,,,,,no_match(ok)
QT5752500019,Feel Your Body,Noelle Scaggs,Noelle Scaggs,2026-05-01,168107849,,,,,2,,,,,,yes
QT5752500025,Diamonds On The Floor,Noelle Scaggs,Noelle Scaggs,2026-05-01,155558281,,,,,2,,,,,,yes
QT5752500012,World Stop,Noelle Scaggs,Noelle Scaggs,2026-05-01,,,,,,,,,,,,no_match(ok)
QT5752500009,Head To The Sky,Noelle Scaggs,Noelle Scaggs,2026-05-01,166817333,,,,,3,,,,,,yes
QT5752500022,Money Fame Love,Noelle Scaggs,"Bobby Hamrick,Brock Westover,Noelle Scaggs",2026-05-01,159886616,,,,,1,,,,,,yes
QT5752500004,The Ultimate,Noelle Scaggs,Noelle Scaggs,2026-05-01,172647513,,,,,1,,,,,,yes
QT5752500001,Bless The DJ,Noelle Scaggs,Noelle Scaggs,2026-05-01,151622594,,steady,2676,2111,1,,,,,6,yes
QT5752500027,Get Loose,Noelle Scaggs,Noelle Scaggs,2026-05-01,,,,,,,,,,,,no_match(ok)
QT2JK2500195,Evergreen Avenue,Izzy Escobar,Mira Housey,2026-05-01,166353535,4,steady,1686474,48207,52,20,5,,381518,,yes
USUG12601597,Waste A Day,Ernest,David Garcia,2026-05-01,164417788,5,steady,3014274,1432336,55,80,6,1,328650,,yes
USUG12601592,What's A Little Rain,Ernest,David Garcia,2026-05-01,164428738,3,steady,5125978,342753,67,234,3,308,128813,,yes
NLF712601983,Like A Child,Armin Van Buuren,Melodie Wagner,2026-04-24,166026125,1,steady,4548945,4631,63,4,1,600,618,56490,yes
USUG12603162,Wrong With Me,Timmy McKeever,Cale Dodds,2026-04-24,165978506,0,steady,286412,174698,15,3,1,,,,yes
USA2P2622923,Scarlet Witch,Musza,Autumn Rowe,2026-04-23,,,,,,,,,,,,no_match(ok)
QZTB92614625,Sunkissed,Jake Clark,Mira Housey,2026-04-17,165767804,,steady,121154,20057,36,,,15,1711,,yes
USLZJ2681758,Layup,Mira Housey,Mira Housey,2026-04-17,165732889,,explosive growth,81983,51594,25,,,,,,yes
US5TA2600053,Rise High Rise,Xdinary Heroes,Ben Samama,2026-04-17,165716926,1,steady,1625657,239420,53,,,335,739138,,yes
QZ5FN2651573,Pockets Full Of Sand,The Elovaters,"Justin Halpin,Cale Dodds",2026-04-17,158576437,0,steady,1128704,182782,50,526,1,130,,,yes
QM4TW2672431,Kissing A Stranger,Brooke Lee,"Brooke Lee,Justin Richards",2026-04-17,159815213,0,steady,33606,7063,24,,,,,,yes
QM4TW2672446,I Gotta Go,Brooke Lee,Brooke Lee,2026-04-17,159815209,0,decline,36618,8528,27,,,,,,yes
USLZJ2656431,How's It Going For You?,Cale Dodds,Cale Dodds,2026-04-16,165655085,,growth,41527,5392,19,,,,,,yes
QM6MZ2662966,On The Loose,Luke Alexander,Melodie Wagner,2026-04-10,165318696,0,steady,236583,8813,37,,,,3107,,yes
QZTB32616647,Only Devils,Connor McCutcheon,Connor McCutcheon,2026-04-10,165276232,3,steady,27823,1350,25,,,45,2013,,yes
QT82U2697780,No Loyalty,Harry T,Nick Gale,2026-04-10,165330415,2,steady,886316,1147,55,6,1,269,45611,,yes
USLZJ2652643,You Had Me At Howdy,Kylie Morgan,"Brock Westover,Jessica Cayne",2026-04-10,165291532,0,steady,61517,30145,28,,,,14240,,yes
QMRSZ2600438,Break Me Down,Tim Montana,"Nathan Barlowe,Tim Montana",2026-04-08,165206298,0,gradual decline,146465,103916,32,10369,2,,43713,,yes
CA5KR2640799,Daredevil,Zach Hood,Sawyer Utah,2026-04-03,164874624,5,steady,943466,97805,46,9,1,89,19666,,yes
QZRP42645021,Spose To Be,Chizzy Stephens,Chizzy,2026-04-01,164811969,0,,1549,1305,5,,,,1230,,yes
KRA302600046,Million Miles Away,IRENE,Melodie Wagner,2026-03-30,164662807,0,steady,915600,100047,45,2,2,,454224,,yes
QZNN22502366,Must Be,Tkay Maidza,Tkay Maidza,2026-03-27,164413854,5,steady,766489,61973,46,20,2,2450,74174,12571,yes
QZEQU2600375,Giving Up On Us,Smithfield,Adam Wood,2026-03-27,164450446,0,steady,160297,160297,36,55,2,,153103,,yes
USUG12601542,Breathe,Marlon Hoffstadt,Ben Samama,2026-03-27,164417981,1,steady,4383017,2382620,59,26,1,1080,159944,17539,yes
QZK6K2606288,If I Go Missin',Tim & The Glory Boys,Cale Dodds,2026-03-27,164450298,0,steady,92026,5841,34,,,,9636,,yes
USUG12509599,Bird's Eye View,Flatland Calvalry,Ryan Beaver,2026-03-27,159045880,5,steady,877222,150805,48,4,1,173,33736,,yes
ES75E2600483,7 Days A Week,Marc Tinez,Marc Tinez,2026-03-26,160710258,,,,,1,,,,,,yes
USLZJ2605283,Three Tinted Windows,O.A.R.,Remy Gautreau,2026-03-20,163968948,0,steady,290873,117024,42,10,2,1,113683,,yes
USLD91786253,Ways Away,Tyler Nance,Connor McCutcheon,2026-03-20,163914628,4,steady,1663700,165739,55,5,1,76,193620,,yes
QM4TW2672383,Just Because,Brooke Lee,"Brooke Lee,Justin Richards",2026-03-20,159815212,0,decline,155312,13948,33,,,,52202,,yes
USUYG1796591,All For You,Josh Tatofi,Nick Autry,2026-03-20,163961677,0,steady,119044,37019,36,2,1,,167276,,yes
QMGVJ2600071,Stand Still,Max McNown,Ryan Beaver,2026-03-20,163902988,3,steady,7329993,436254,61,12,7,338,411631,,yes
QMRSZ2502424,Still Haven't Stopped,ATLUS,David Garcia,2026-03-20,158246515,,steady,526301,133505,37,1,1,287,138215,,yes
QMRSZ2502427,Sounds Like Alcohol,ATLUS,"David Garcia,Justin Halpin",2026-03-20,158246506,,steady,139906,50919,33,,,,47064,,yes
AUWA02600032,Gentleman,Budjerah,Autumn Rowe,2026-03-19,163827830,0,steady,198677,198677,33,2186,105,17,197162,6795,yes
QT5M52611420,The Weekend,Digital Farm Animals,Nick Gale,2026-03-18,163726573,0,steady,2401129,77573,54,6,5,5271,178474,7829,yes
QZNWY2699040,Sweet Cherry Pie,Chizzy Stephens,Chizzy,2026-03-18,163796770,0,,4126,3534,9,,,,4496,,yes
QZMER2673013,Gut Check,Remy,Remy Gautreau,2026-03-13,162919953,0,growth,39262,15152,21,,,,1151,,yes
QZNWT2628895,Mine To Miss,Connor McCutcheon,Connor McCutcheon,2026-03-13,162769585,2,steady,197307,13668,45,,,131,4661,,yes
CA5KR2635234,Walk Away,Tritonal,Jordan Cosmo,2026-03-13,162647820,2,steady,858466,286564,51,399,27,20,49191,,yes
QZ5FN2656391,In My Bones,Valerie Broussard,"Cale Dodds,Justin Halpin",2026-03-13,162790917,0,,14612,6058,15,,,,2979,,yes
USAT22600963,Struck,Charlotte MacInnes,"Joe Janiak,Sara Boe",2026-03-13,162486568,,steady,568297,482624,43,10,3,76,10333,,yes
USME32600011,Doomsday Doggerel,The Black Crowes,"Chris Robinson,Rich Robinson",2026-03-13,162863076,0,steady,156141,91435,30,27,14,,,,yes
USME32600010,Eros Blues,The Black Crowes,"Chris Robinson,Rich Robinson",2026-03-13,162863065,0,steady,174556,99887,30,18,11,,,,yes
USME32600009,You Call This A Good Time?,The Black Crowes,"Chris Robinson,Rich Robinson",2026-03-13,162907470,0,steady,191585,110179,31,24,17,,,,yes
USME32600008,Blood Red Regrets,The Black Crowes,"Chris Robinson,Rich Robinson",2026-03-13,162907469,0,steady,197804,113123,32,27,17,,,,yes
USME32600007,It's Like That,The Black Crowes,"Chris Robinson,Rich Robinson",2026-03-13,158385055,0,gradual decline,518614,300195,32,2023,335,2,86608,,yes
USME32600006,Queen of the B-Sides,The Black Crowes,"Chris Robinson,Rich Robinson",2026-03-13,162907468,2,steady,223199,121745,33,30,5,1,,,yes
USME32600005,High & Lonesome,The Black Crowes,"Chris Robinson,Rich Robinson",2026-03-13,162907467,5,steady,281853,148713,35,48,39,,,,yes
USME32600004,Do The Parasite!,The Black Crowes,"Chris Robinson,Rich Robinson",2026-03-13,162907466,5,steady,273310,145855,35,93,41,13,,,yes
USME32600002,Cruel Streak,The Black Crowes,"Chris Robinson,Rich Robinson",2026-03-13,162485376,5,steady,618075,210755,44,148,73,,,,yes
QM4TW2641949,Sugarcoat It,Adam Chaffins,Adam Chaffins,2026-03-13,162493049,,explosive growth,10196,10196,9,,,,639,,yes
QZK6F2610321,Big Steppa,Laron Smith,Chizzy,2026-03-11,163967812,,explosive growth,28561,6522,25,,,,,18950,yes
QM4TX2654674,IDWKT,Sawyer Utah,Sawyer Utah,2026-03-06,161191002,0,,8650,4120,12,,,,554,,yes
QM4TX2654671,Circles,Sawyer Utah,Sawyer Utah,2026-03-06,161191000,0,explosive growth,15153,5754,16,,,,65541,,yes
QMBZ92501756,Where Do U Go?,Sawyer Utah,Sawyer Utah,2026-03-06,149309766,3,steady,529238,435509,34,1,1,,47928,2177,yes
QM4TW2694426,CARS,Sawyer Utah,Sawyer Utah,2026-03-06,161191003,3,steady,73156,63193,26,,,19,56693,,yes
QMDA62582033,One More Fix,Sawyer Utah,Sawyer Utah,2026-03-06,152123550,0,steady,175183,147674,22,,,,49269,309,yes
QMFMF2505480,Play With My Heart,Sawyer Utah,Sawyer Utah,2026-03-06,155710065,3,steady,667936,428749,44,,,1788,,,yes
QM6N22561874,tears & wishes,Sawyer Utah,Sawyer Utah,2026-03-06,146967908,4,steady,104502,90036,16,,,90,35300,198,yes
QM4TW2659458,Where Do You Go When It Rains,Joe Bryson,Joe Bryson,2026-03-06,161199646,0,growth,4015,2339,7,,,,428,,yes
QM4TW2659276,Purgatory,Joe Bryson,Joe Bryson,2026-03-06,161195407,0,steady,28403,19808,16,,,,712,,yes
QM4TW2659156,My Sunday,Joe Bryson,Joe Bryson,2026-03-06,161199641,0,growth,28529,17545,14,,,,757,,yes
QM4TW2659471,Come Back Down,Joe Bryson,Joe Bryson,2026-03-06,161199649,0,growth,7378,4270,9,,,,1027,,yes
QZVMS2500035,Crazy Leaf,Brit Taylor,"Adam Chaffins,Jeremy Bussey",2026-03-06,157827135,0,explosive growth,4658,2951,8,,,,620,,yes
QZVMS2500032,Lately I've Been Thinking,Brit Taylor,Adam Chaffins,2026-03-06,157827136,0,explosive growth,5595,3506,9,3,2,,919,,yes
QZVMS2500031,The Land Of The Forgotten,Brit Taylor,Adam Chaffins,2026-03-06,157827139,0,growth,7829,3535,13,6,2,,965,,yes
QZVMS2500036,Bar's Closing,Brit Taylor,Adam Chaffins,2026-03-06,157827132,0,explosive growth,6665,2460,6,,,,394,,yes
ES75E2600840,Scared of Loving,Marc Tinez,Marc Tinez,2026-03-05,161310126,,,,,1,,,,,,yes
QZRD92608512,Drunk Cigs,Mackenzie Carpenter,Jamie Moore,2026-02-27,160299676,5,steady,983746,358289,48,415,111,159,,,yes
QZVEM2622901,Buried Together,Remy,Remy Gautreau,2026-02-27,160608308,0,growth,32690,14177,23,,,,,,yes
QM4TW2610300,I was July,Juliet Ivy,Jason Vance Harris,2026-02-27,158262337,,steady,42316,18309,23,,,,9024,,yes
QM4TW2694398,LADY,Sawyer Utah,Sawyer Utah,2026-02-27,161191001,3,steady,70808,36402,27,,,69,3199,,yes
US5ED2507868,Maybe You're The One,Pop Evil,Kasey Tyndall,2026-02-27,160476555,0,steady,187735,115418,30,,,78,,,yes
QM24S2600394,Darkness Wins,Erin Kirby,Brinley Addington,2026-02-27,160507406,0,growth,58795,32610,20,3,2,,,,yes
QMRSZ2600123,Uncross Your Heart,Haven Madison,"Brock Westover,Jessica Cayne",2026-02-27,160475932,0,steady,79460,39362,24,,,14,7632,,yes
USQX92500137,Get To Love You,220 Kid,Joe Janiak,2026-02-20,153469882,5,steady,1315133,1007298,44,700,663,222,,6589,yes
USQX92502807,Hold On For Heaven,220 Kid,Joe Janiak,2026-02-20,157818695,0,steady,852709,393123,48,1303,966,,,,yes
QZQAY2652037,New City,FEYI,Angel Delrae,2026-02-20,159787310,0,growth,75965,31671,29,10,1,984,4795,,yes
USSM12600451,No Blame,Baby Keem,Volta,2026-02-20,159809860,1,steady,7590278,4997979,56,22,21,111,747982,,yes
USSM12600450,Dramatic Girl,Baby Keem,Volta,2026-02-20,159810869,3,gradual decline,28213465,14582173,66,50,24,4264,2104598,49567,yes
USSM12600448,Highway 95 pt.2,Baby Keem,Volta,2026-02-20,159809857,1,gradual decline,17811868,9578231,65,33,21,746,1498954,,yes
USSM12600446,$ex Appeal,Baby Keem,Volta,2026-02-20,159809797,1,gradual decline,22924485,11751543,67,111,58,2304,1848963,,yes
USSM12600444,House Money,Baby Keem,Volta,2026-02-20,159809838,1,gradual decline,32488349,16642124,69,41,14,3270,3840987,61191,yes
USA2P2605782,Otherside,Bryce Vine,Patrick Ridgen,2026-02-20,159864557,0,steady,90304,52882,25,,,,,,yes
QT5M22664584,Playground,Grace Bridie,Grace Bridie,2026-02-20,159789468,0,steady,1044425,276015,48,,,1305,98912,,yes
QZ5FN2643174,prettyboy,Mira Housey,Mira Housey,2026-02-20,159810653,,explosive growth,222912,212712,33,10,1,,,,yes
QM4TW2668458,Desert Darling,Brooke Lee,Brooke Lee,2026-02-20,159810025,0,decline,137610,47040,31,6,5,,,,yes
QM24S2600627,Heaven,Reaper,JJ Scheff,2026-02-13,162702959,0,explosive growth,40029,19848,23,,,,897,,yes
USSM12600141,Be Her,Ella Langley,Michael Hardy,2026-02-13,158385391,1,gradual decline,268619300,49894114,88,177974,5928,365316,36233110,614935,yes
QMRSZ2600179,Getaway Car,Dustin Lynch,Brent Anderson,2026-02-13,159149317,5,steady,1881922,1265765,54,249,40,165,,,yes
US6XF2600017,Whipped,Emily Ann Roberts,Ryan Beaver,2026-02-13,159188749,1,steady,4492190,1379000,61,790,13,2711,873939,,yes
QM5QG2553005,American Sky,Morgan Myles,Matthew Morrisey,2026-02-13,157825730,0,explosive growth,28445,25262,11,,,,5852,,yes
ES75E2600789,In God's Hands,Marc Tinez,Marc Tinez,2026-02-12,159268918,,,,,1,,,,,,yes
CA5KR2614549,Two Steppin,Shankz,Melodie Wagner,2026-02-06,158647656,0,steady,498386,125696,43,,,,14318,,yes
QZEQU2600141,Bourbon And The Bible,Kameron Marlowe,Adam Wood,2026-02-06,158631194,5,steady,752771,549235,39,,,45,71606,,yes
QZVMS2500034,Around And Around,Brit Taylor,Adam Chaffins,2026-02-06,157827131,0,growth,18267,11894,14,356,114,,4120,,yes
KRA382600737,Why U Mad,SKINZ,Ben Samama,2026-02-04,158587107,,steady,155104,76070,31,5,5,,,,yes
USUG12600832,McArthur,HARDY,Michael Hardy,2026-01-30,158434366,2,gradual decline,36426384,14764537,74,95259,14345,12258,3896563,255681,yes
QZFZ62695533,Jesus Doesn't Care,Colleen McKenna,Joe Bryson,2026-01-30,158518506,,,21264,9891,19,,,,2936,,yes
QZS7J2531421,Pills,Kate Sykes,"Mike Fiorentino,Nathan Barlowe",2026-01-30,158109655,,,3553,2050,1,,,,,,yes
USA2P2514067,Raised By A Woman,Rachel Grae,Joe Janiak,2026-01-23,147222161,3,steady,413697,377501,27,,,40,13104,780,yes
USA2P2528291,Safe With Me,Rachel Grae,Joe Janiak,2026-01-23,149983878,3,steady,474209,420459,29,,,80,23424,540,yes
USA2P2537414,Need Your Love,Rachel Grae,Joe Janiak,2026-01-23,151560073,3,steady,262932,230503,25,,,41,12809,,yes
USA2P2554911,Run With The River,Rachel Grae,Joe Janiak,2026-01-23,155667942,4,steady,175803,150726,22,,,44,224400,,yes
USA2P2544749,Come A Day,Rachel Grae,Joe Janiak,2026-01-23,158260516,0,steady,868175,601737,41,,,1282,,,yes
QZZEB2550577,Like My Own,Kylie Morgan,Kasey Tyndall,2026-01-23,158260522,0,steady,468261,248724,34,,,4109,66202,,yes
USA2P2556929,Into Me,Tolou,Liz Lokre,2026-01-23,158251889,0,steady,35773,13176,24,,,,3586,,yes
USUM72511256,Cool Down,Ari Lennox,Liz Lokre,2026-01-23,158263054,5,steady,537224,537224,35,16,11,77,104614,,yes
QZZEB2553121,BUTTERF-LIES,Mira Housey,Mira Housey,2026-01-23,158260293,,growth,400955,387730,32,9,2,,1070,,yes
USWB12504170,Exclusive,Hudson Westbrook,Ryan Beaver,2026-01-23,158238741,4,steady,4383701,2766626,54,,,1415,,,yes
US6R22526325,Burn To Black,Brooke Lee,Brooke Lee,2026-01-23,158260253,0,decline,195079,98939,35,,,,28829,,yes
QMRSZ2500467,Ruin Me,Corbyn Besson,Peter Lee Johnson,2026-01-16,155836844,0,steady,1298259,828145,44,1341,472,430,293125,9752,yes
USAT22600020,Yo Yan,Skrillex,Peter Lee Johnson,2026-01-16,158054742,0,steady,1546372,1356611,32,157,71,35,375597,,yes
USC4R2559998,Buzz,Vienna Vienna,Joe Janiak,2026-01-16,157104484,3,steady,440890,369788,32,,,11,14338,852,yes
QMFMG2578094,Bloody Nails,Joe Bryson,Joe Bryson,2026-01-16,158082625,0,steady,484169,188826,39,,,454,,,yes
USUM72511641,100,Ella Mai,Peter Lee Johnson,2026-01-14,158012256,1,growth,16075213,7163394,67,51462,7928,11448,1087958,271473,yes
QZQAY2604464,All My Love,Johnny Valentine,Patrick Ridgen,2026-01-13,157970729,,steady,189436,54423,35,348,163,98,30163,,yes
QZNMZ2537486,The One That Got Away,AJ McClean,Ben Samama,2026-01-09,156613213,0,steady,252345,167335,37,5,4,,,,yes
QZNN22571271,Relapse,AJ McClean,Ben Samama,2026-01-09,157783506,0,growth,100687,57874,33,,,,,,yes
QZNN22571268,Body Butter,AJ McClean,Ben Samama,2026-01-09,157783511,0,steady,131499,71869,34,,,66,,,yes
QZNN22571266,Flowers,AJ McClean,Ben Samama,2026-01-09,157783519,2,steady,246979,80393,30,386,165,897,,,yes
QZNN22571267,Why You Love Me Wrong,AJ McClean,Ben Samama,2026-01-09,157783518,0,growth,97655,59798,31,,,,,,yes
QZNN22571269,Lovin' On Me,AJ McClean,Ben Samama,2026-01-09,157783513,0,growth,84557,50830,31,,,,,,yes
USME32600003,Pharmacy Chronicles,The Black Crowes,"Chris Robinson,Rich Robinson",2026-01-09,157854423,1,steady,599255,353597,38,4492,2664,,,,yes
USME32600001,Profane Prophecy,The Black Crowes,"Chris Robinson,Rich Robinson",2026-01-09,157790458,5,steady,967574,629993,39,12708,6224,,576491,,yes
QT6HK2511836,Sounds Of A Small Town,Timothy Wayne,Cale Dodds,2026-01-09,157875163,0,steady,31898,22616,19,,,,,,yes
QZVMS2500029,Warning You Whiskey,Brit Taylor,Adam Chaffins,2026-01-09,157825708,0,steady,49395,28910,20,148,44,,,,yes
QZFZ22682418,Give Up On Us,Lonnie,"Chizzy,blckatom",2026-01-07,158009871,,steady,68700,43174,23,,,,,,yes
QT6EU2523564,Chasing After You,Kelsey Parks,Jessica Cayne,2025-12-19,157444756,0,steady,1307751,851768,45,,,36,,21155,yes
QZZEB2505657,Sleeping In My Makeup,Mira Housey,Mira Housey,2025-12-19,157433116,,steady,66041,64849,10,34,21,,609,,yes
US5ED2507576,Is It Alright?,Jaz Karis,Chizzy,2025-12-12,157164383,5,steady,525332,402949,38,,,10,,,yes
QMFMG2516822,It Ain't Mine,Connor McCutcheon,Connor McCutcheon,2025-12-05,156969493,0,explosive growth,18481,11397,17,,,,12843,,yes
CA5KR2602902,Southern Belle,Zach Hood,Sawyer Utah,2025-12-05,156905982,5,steady,1522219,1003402,46,4,3,218,22679,,yes
QM24S2506993,One More Christmas,Trace Adkins,"Derek George,Monty Criswell",2025-11-28,156617381,0,steady,601211,596356,19,,,,183520,,yes
QT3FF2544602,Anything Anymore,Stella Hennen,"Adam Wood,Brock Westover",2025-11-28,156621949,3,steady,473653,392602,36,663,488,7,7246,,yes
ES75E2512321,Si Se Va La Luz,Marc Tinez,Marc Tinez,2025-11-24,156664222,,,,,1,,,,,,yes
QT6EE2586396,Let's Get Married (This Christmas),Joseph of Mercury,Joseph of Mercury,2025-11-21,156686850,,steady,21132,20992,2,,,,,,yes
QT6EE2530851,Breaking In The Bible,Colleen McKenna,Joe Bryson,2025-11-21,156486244,,explosive growth,9593,5556,13,,,,,,yes
QZZ8B2553212,Yours,Mira Housey,Mira Housey,2025-11-21,156429778,,growth,54475,53490,19,,,,,,yes
GBCFB2500541,Otherside,Poolside,Nick Gale,2025-11-21,156320052,1,steady,2198653,1099249,53,1174,564,53,74057,,yes
QM24S2506582,Watterson Hall (Me & You),William Clark Green,Ryan Beaver,2025-11-19,156319729,0,steady,201692,169917,23,3,2,,8860,,yes
US23A8583303,Holly Jolly Good Time,Tyler James Bellinger,Cale Dodds,2025-11-14,155999945,,explosive growth,52203,51775,3,,,,,,yes
US23A8583302,Small Town Santa,Sammy Arriaga,Cale Dodds,2025-11-14,156066868,0,steady,48505,47782,5,,,,,,yes
GBUM72502295,Happening Again,Celeste,Ely Rise,2025-11-14,156007900,0,steady,728257,586357,38,14,14,22,,,yes
QMFME2576762,Lonely Does,Connor McCutcheon,Connor McCutcheon,2025-11-14,156002063,0,steady,32461,28543,12,,,,,,yes
USWB12504169,If He Wanted To,Hudson Westbrook,Ryan Beaver,2025-11-14,155975227,4,steady,9497440,6641490,57,110,79,7202,900212,,yes
QZTPX2595163,Oxygen,SUMMY,Brock Westover,2025-11-14,157382394,,,4560,1415,13,,,,427528,,yes
QMFME2583373,Come Home,Brooke Lee,"Brooke Lee,Justin Richards,Jessica Cayne",2025-11-14,156002048,0,steady,32843,28538,15,,,,3497,,yes
QZRD92508038,Good Omen,Caroline Jones,Joy Williams,2025-11-14,156001770,0,steady,71951,54577,18,,,,19233,,yes
USLS52581901,The Gift,Tamar Braxton,Liz Lokre,2025-11-07,159748069,0,,25827,6599,25,,,,14786,,yes
NLF712506801,The City,Alex Wann,Melodie Wagner,2025-11-07,155647536,1,steady,4097737,1963652,58,2607,2310,273,151805,20019,yes
QZTGW2407482,I Want You,NURKO,Remy Gautreau,2025-11-07,155651296,1,steady,1243420,1192469,39,,,32,114391,,yes
QZZ8A2520130,This Side Of The Mississippi,Cale Dodds,"Cale Dodds,Justin Halpin",2025-11-07,155914580,,growth,14974,12222,8,,,,403,,yes
QZZ8A2520122,Knowing When To Quit,Cale Dodds,Cale Dodds,2025-11-07,155811609,,growth,17166,14569,6,,,,,,yes
QZZ8A2520137,Other Side Of You,Cale Dodds,"Cale Dodds,Justin Halpin",2025-11-07,155664497,,explosive growth,43467,38869,13,,,,345,,yes
QZZVQ2500308,Buckshot,Graham Barham,Brent Anderson,2025-11-07,155655584,4,steady,2957671,2151372,51,,,920,575125,,yes
USUYG1756740,To Hear Him Tell It,Matt Koziol,Jeremy Bussey,2025-11-07,155815615,0,steady,7288,6579,4,,,,,,yes
USUYG1756743,Losing You,Matt Koziol,Jeremy Bussey,2025-11-07,155815612,0,decline,3574,3222,3,,,,,,yes
QT6E92571379,It Feels Like Christmas,Matt Bloyd,Shane Stevens,2025-11-06,155723044,,steady,18870,18789,1,,,,,,yes
QMEU32514888,What If I Don't,Shoshana Bean,David Ryan Harris,2025-11-04,156009287,,steady,43701,24892,25,,,,,,yes
QMEU32514893,Strangers Again,Shoshana Bean,David Ryan Harris,2025-11-04,156009295,,explosive growth,43180,21561,26,,,,,,yes
QMEU32514887,Quite Like Me,Shoshana Bean,David Ryan Harris,2025-11-04,156009418,,decline,34830,20928,23,,,,,,yes
QMEU32514896,Only Thing Left,Shoshana Bean,David Ryan Harris,2025-11-04,156009268,,decline,22974,14715,18,,,,,,yes
QMEU32514898,Montana,Shoshana Bean,David Ryan Harris,2025-11-04,156009257,,decline,23206,13896,19,,,,5494,,yes
QMEU32514889,Man Of His Word,Shoshana Bean,David Ryan Harris,2025-11-04,156009410,,decline,37627,22623,25,,,,,,yes
QMEU32514897,Make Me A Mistake,Shoshana Bean,David Ryan Harris,2025-11-04,156009265,,steady,22835,13566,19,,,,2060,,yes
QMEU32514895,Lone Soldier,Shoshana Bean,David Ryan Harris,2025-11-04,156009292,,explosive growth,24706,15564,19,,,,,,yes
QMEU32514890,Let Me Believe,Shoshana Bean,David Ryan Harris,2025-11-04,156009294,,gradual decline,618254,192394,46,,,,5180,,yes
QMEU32514886,Left Over Love,Shoshana Bean,David Ryan Harris,2025-11-04,156009298,,explosive growth,51652,33508,25,,,,,,yes
QMEU32514891,Hard Woman To Love,Shoshana Bean,David Ryan Harris,2025-11-04,156009388,,steady,68748,51003,24,,,,,,yes
QMEU32514894,Forward,Shoshana Bean,David Ryan Harris,2025-11-04,156009420,,decline,27576,16723,23,,,,,,yes
KRA382506367,Everything Is Love,AHOF,Ben Samama,2025-11-04,155520450,4,steady,4639672,3536394,51,12,2,4363,1608,,yes
QT6EB2521767,BAG!,Drelli,Remy Gautreau,2025-11-03,155553921,,steady,2699,2475,2,,,,,,yes
QMEU32514892,Twilight Moon,Shoshana Bean,"Jessica Cayne,Justin Richards,David Ryan Harris",2025-11-03,156009408,,explosive growth,35840,19918,25,,,,,,yes
USRC12501996,Falsetto,Eli,Jason Vance Harris,2025-10-31,155317959,0,steady,372395,267780,33,,,,,,yes
USRC12501997,I Wish I Was A Girl,Eli,Jason Vance Harris,2025-10-31,155317942,0,steady,348061,251103,34,,,76,,,yes
USRC12500828,Marianne,Eli,Jason Vance Harris,2025-10-31,148095368,0,steady,2372104,2053945,43,37,36,1955,83400,3984,yes
SE6I32577633,Last First Dance,Tommy Lyon,Jordan Cosmo,2025-10-31,155317971,,steady,298621,187900,36,,,30,,,yes
QT3FA2534773,Jack Of All Trades,Stella Hennen,Sawyer Utah,2025-10-31,155560623,,steady,110362,97696,21,,,,7169,,yes
QT6EB2525058,Used To Love You,Brandon Ratcliff,Jessica Cayne,2025-10-31,155887282,0,steady,8626,5546,6,,,,,,yes
QZZ8B2504305,Where We Are Right Now,O.A.R.,Remy Gautreau,2025-10-30,155210859,0,steady,481808,332023,40,6,6,7,31672,,yes
USA2P2545307,Mismatch,&TEAM,Ben Samama,2025-10-28,155130938,3,steady,12641399,7547249,65,52,32,7371,,34094,yes
QM6MZ2533029,Halo,monte booker,Hamish,2025-10-24,154943047,0,steady,94173,78104,23,,,1,,,yes
QM6MZ2533037,Awake,monte booker,Hamish,2025-10-24,154921283,0,steady,211444,179394,26,,,17,,,yes
QT2JK2500077,Three More Glasses,Izzy Escobar,Mira Housey,2025-10-24,153513027,1,steady,643396,336090,42,,,,44063,,yes
USUM72510354,My Muse,Leon Thomas,Peter Lee Johnson,2025-10-24,153824826,1,gradual decline,22901910,20428526,65,5651,3892,657,,93704,yes
QT65Z2521159,Catching Fire,Alli Leighann,"Chizzy,Connor McCutcheon",2025-10-24,154932570,,steady,165957,99072,32,,,,,,yes
QZWH32500662,Same Place Twice,Randy Rogers Band,Ryan Beaver,2025-10-24,151579205,0,steady,87343,75023,18,,,4,,,yes
USUM72508780,Little Miss,Vincent Mason,Ryan Beaver,2025-10-24,154899880,4,steady,2571440,1949730,50,,,465,127725,,yes
USUM72510908,My Muse,Leon Thomas,Peter Lee Johnson,2025-10-23,154910247,5,steady,23671844,16636644,39,,,6853,,,yes
DEUM72507322,Everywhere,Max Allais,Jordan Cosmo,2025-10-17,154524151,0,steady,638992,429320,43,278,276,123,,1388,yes
QMDA62568904,Lady In Red,Pedro Santos,Jordan Cosmo,2025-10-17,150609961,5,steady,6205755,4108612,56,,,692,1401,20287,yes
US5ED2507152,Alright,Jaz Karis,Chizzy,2025-10-17,154529956,0,steady,466033,395154,32,2044,1601,34,,,yes
QZRD92507923,Sober,Avery Roberson,LECADE,2025-10-17,154563372,0,steady,59930,51339,23,,,,,,yes
CAN112501229,Only Want You,BEL,Jason Vance Harris,2025-10-17,154652900,0,steady,90072,46001,26,,,,,,yes
CAN112501224,Break A Leg (intro),BEL,Jason Vance Harris,2025-10-17,154625380,0,growth,22446,17181,13,,,,,,yes
USUG12507656,Gone,Flatland Calvalry,Ryan Beaver,2025-10-17,154524145,5,steady,1937226,1396654,48,222,209,158,,,error:HTTPError
QMBZ92517617,Tin Roof,Chris Young,Adam Wood,2025-10-17,154592900,0,steady,,,,,,,,,error:HTTPError
QM24S2505215,The Wheel,Reaper,JJ Scheff,2025-10-10,154242566,0,growth,19376,14664,15,,,,2406,13,yes
QM24S2505216,Phantoms,Reaper,JJ Scheff,2025-10-10,154196376,0,growth,17924,13489,15,,,,1248,,yes
QM24S2505217,Angels Cry,Reaper,JJ Scheff,2025-10-10,154231584,0,growth,37364,29447,18,,,,2137,12,yes
QM24S2504750,You Break It You Buy It,Faith Hopkins,Connor McCutcheon,2025-10-10,154305568,0,growth,16757,11958,14,,,,,5,yes
USUM72410681,Bring Me Downtown,Priscilla Block,David Garcia,2025-10-10,154204356,0,steady,269947,215096,33,6,5,82,118024,,yes
USUM72410678,Try,Priscilla Block,David Garcia,2025-10-10,154172892,0,steady,281451,204787,33,12,11,1508,,,yes
USUM72410669,Stranger Things,Priscilla Block,David Garcia,2025-10-10,154172572,5,steady,1062605,849587,41,13,12,251,,,yes
AUIYA2500004,Born To Be Country,Amy Sheppard,Brock Westover,2025-10-10,154128996,,steady,163667,150058,21,,,,,,yes
QMFME2597230,Defense,monte booker,Hamish,2025-10-08,154092299,3,steady,464601,377751,33,43,26,49,,1318,yes
GBUM72501397,Starry Eyed,Good Neighbours,Joe Janiak,2025-10-03,144985664,1,gradual decline,18814252,18814252,66,1470,1358,877,1013380,23501,yes
QM4TX2581753,Every Road,Peacemode,Joe Janiak,2025-10-03,147584908,0,steady,116284,106244,18,,,,2284,78,yes
QMFME2547066,Money Train,Peacemode,Joe Janiak,2025-10-03,153835449,0,steady,415785,360224,30,,,,2402,157,yes
QM4TX2581687,Nothing Else,Peacemode,Joe Janiak,2025-10-03,145032664,0,steady,237522,220687,23,,,,1501,657,yes
QM7282560692,One More Drink Before I Go,Peacemode,Joe Janiak,2025-10-03,148686021,0,growth,53498,49149,10,,,,972,7,yes
QMFME2547069,Shine A Little Love,Peacemode,Joe Janiak,2025-10-03,153922075,0,growth,7770,6752,8,,,,,,yes
QMDA72590087,In The Valley,Peacemode,Joe Janiak,2025-10-03,152624853,0,steady,23003,20646,10,,,,1315,,yes
QM4TX2581742,The Heart & The Hope,Peacemode,Joe Janiak,2025-10-03,146286441,0,steady,460266,352650,41,,,,9763,1111,yes
QMBZ92536172,Come Back Baby,Peacemode,Joe Janiak,2025-10-03,149982225,0,steady,1239104,1020133,41,12,9,189,138984,7027,yes
QZS7J2530238,Make It With You,Grace Asbury,"Jessica Cayne,Matthew Morrisey",2025-10-03,153753329,0,growth,55031,47883,16,,,,11184,114,yes
QZZ8A2547075,When I'm In The 70s,Mira Housey,Mira Housey,2025-10-03,153895443,,steady,25902,17290,12,,,,,,yes
USUG12508045,Take the Country and Run,HARDY,"Michael Hardy,David Garcia",2025-09-29,153654547,0,steady,464339,313322,39,,,9,,,yes
USUG12505243,Everybody Does,HARDY,Michael Hardy,2025-09-29,153500823,0,steady,1195859,904313,19,,,,,,yes
USUG12505235,Everybody Does,HARDY,Michael Hardy,2025-09-29,153486658,2,steady,1195859,904313,38,,,29,,,yes
USUG12505242,Y’all Need Jesus,HARDY,Michael Hardy,2025-09-29,153500862,0,steady,1508070,1118411,20,,,,,,yes
USUG12505232,Y’all Need Jesus,HARDY,Michael Hardy,2025-09-29,153486659,2,steady,1508070,1118411,42,,,177,1890,,yes
USUG12505241,Keep It Country,HARDY,"David Garcia,Michael Hardy",2025-09-29,153500848,0,steady,1295140,957032,20,,,,,,yes
USUG12505231,Keep It Country,HARDY,"David Garcia,Michael Hardy",2025-09-29,153486666,2,steady,1295140,957032,40,,,30,,,yes
USUG12505230,Gun To My Head,HARDY,Michael Hardy,2025-09-29,153486661,5,steady,1935865,1360693,46,,,96,,,yes
USUG12505239,Who Don't,HARDY,Michael Hardy,2025-09-29,153500760,0,steady,1499696,1105246,21,,,,,,yes
USUG12505228,Who Don't,HARDY,Michael Hardy,2025-09-29,153486664,2,steady,1499696,1105246,42,,,24,,,yes
USUG12505240,Country In Me,HARDY,Michael Hardy,2025-09-29,153500817,0,steady,3070284,1756406,24,,,,,,yes
USUG12505229,Country In Me,HARDY,Michael Hardy,2025-09-29,153486660,1,steady,3070284,1756406,54,,,352,1006368,,yes
USUG12505227,Bottomland,HARDY,Michael Hardy,2025-09-29,150900824,4,gradual decline,22704555,18193939,61,199,194,44950,,50866,yes
USUG12505238,Bedrooms In The Sky,HARDY,Michael Hardy,2025-09-29,153500812,0,steady,3980401,2527082,21,,,,,,yes
USUG12505226,Bedrooms In The Sky,HARDY,Michael Hardy,2025-09-29,153486665,1,steady,3980401,2527082,55,,,44,410430,,yes
USUG12505225,Goodbye,HARDY,Michael Hardy,2025-09-29,153486663,0,steady,1310679,1013919,38,,,34,,,yes
USUG12505224,Take the Country and Run,HARDY,"Michael Hardy,David Garcia",2025-09-29,153486667,1,steady,3583568,2068846,54,,,180,1102004,,yes
USUG12508048,Country In Me,HARDY,Michael Hardy,2025-09-29,153706855,0,steady,468559,327150,13,,,,,,yes
USUG12505236,Country Country,HARDY,"David Garcia,Michael Hardy",2025-09-29,153473349,0,steady,5393449,3675952,29,,,,,,yes
USUG12505221,Country Country,HARDY,"David Garcia,Michael Hardy",2025-09-29,153461373,1,steady,5393449,3675952,56,1320,1318,765,,,yes
USUG12502833,Favorite Country Song,HARDY,Michael Hardy,2025-09-29,145950719,4,gradual decline,30838648,29485883,62,218606,177140,4498,2444490,326663,yes
USUG12502832,Luckiest Man Alive,HARDY,Michael Hardy,2025-09-29,146920898,4,steady,6397795,4938354,52,551,410,397,721402,,yes
USUG12502835,Girl With A Gun,HARDY,Michael Hardy,2025-09-29,147108312,0,steady,5755173,4708129,23,,,,,,yes
USUG12502831,Girl With A Gun,HARDY,Michael Hardy,2025-09-29,146920897,1,steady,5755173,4708129,46,217,165,574,970939,,yes
USUG12502834,Buck On The Wall,HARDY,Michael Hardy,2025-09-29,145977716,0,steady,8137072,6724568,30,,,,,,yes
USUG12502829,Buck On The Wall,HARDY,Michael Hardy,2025-09-29,145976526,1,steady,8083656,7788221,48,231,200,9566,770794,,yes
USUG12508044,Country In Me,HARDY,Michael Hardy,2025-09-29,153654555,0,steady,468559,326240,39,,,21,151334,,yes
USUG12508047,Good Ole Boy,HARDY,"David Garcia,Michael Hardy",2025-09-29,153665837,0,steady,4947586,2930670,21,24,15,,,,yes
USUG12508043,Good Ole Boy,HARDY,"David Garcia,Michael Hardy",2025-09-29,153649884,1,steady,4947586,2919476,58,744,279,317,,6487,yes
QZTL92556787,Smooth,Black Caviar,Remy Gautreau,2025-09-26,153533408,,steady,1236,1160,1,,,,,,yes
USC4R2449413,Livin' It Up Down In Texas,Billy F Gibbons,Billy F. Gibbons,2025-09-26,142223202,,steady,814622,722022,34,229,210,9,149244,5723,yes
UKRPL1900934,Silver Lining,KC Lights,Melodie Wagner,2025-09-26,153468284,0,steady,425026,378384,30,4,4,,14702,4103,yes
QM24S2504568,Figure 8,Lily Rose,Matthew Morrisey,2025-09-26,153541209,2,steady,346160,239174,36,,,113,,,yes
DE1QW2504980,Bury Me Alive,CH4YN,Ben Samama,2025-09-26,153468343,0,steady,127347,111921,21,,,,1489,122,yes
QZTGW2404816,Give Up The Ghost,Modestep,Nick Gale,2025-09-26,153481932,0,steady,307574,263968,30,,,,45654,,yes
QZTGW2404809,Different,Modestep,Nick Gale,2025-09-26,153483953,0,steady,173482,141439,29,,,,36725,,yes
QZTL92553953,Miss This,Black Caviar,Remy Gautreau,2025-09-26,153494396,,steady,16781,13606,13,,,,,,yes
QZTL92540249,Pop Off,Black Caviar,Remy Gautreau,2025-09-26,153533405,,steady,4056,3719,3,,,,,2,yes
QZTL92512676,Summa That,Black Caviar,Remy Gautreau,2025-09-26,153533403,,growth,3353,3042,3,,,,,,yes
USLD91783509,Unreasonable,Paperwater,Liz Lokre,2025-09-26,153482364,0,steady,36493,33868,10,23,13,,449,,yes
QMDA72591091,Highway Lovers,Brooke Lee,Brooke Lee,2025-09-26,153497121,0,decline,120463,83884,31,,,,8090,27,yes
QMFME2511379,Mississippi Mia,Joe Bryson,Joe Bryson,2025-09-26,153485359,0,steady,69218,48827,21,,,,,86,yes
USLD91783525,Unreasonable (Afrowater Remix),Paperwater,Liz Lokre,2025-09-25,153493965,0,,,,1,,,,,,yes
QMFME2516776,KMF,JUILS,Sawyer Utah,2025-09-25,153777922,,,9186,8669,3,,,,,,yes
QZZ8A2520078,Still Single,Cale Dodds,"Cale Dodds,Justin Halpin",2025-09-25,153485355,,steady,29962,28020,8,,,,629,5,yes
QZWUY2400028,Wild And Free,Brooke Lee,"Brooke Lee,Mike Fiorentino,Patrick Ridgen",2025-09-20,136709721,0,gradual decline,172183,145858,28,,,852,53602,191,yes
QZZ7M2597715,It's You,Kelsey Parks,Jessica Cayne,2025-09-19,153243472,0,steady,700699,574975,37,,,,,12046,yes
QZZ8A2517069,I Feel Good About It,First Time Thieves,"Cale Dodds,Justin Halpin",2025-09-19,153785880,,,,,2,,,,,,yes
QM5QG2553010,Laced,Morgan Myles,Matthew Morrisey,2025-09-19,153182357,0,steady,16622,15837,7,,,32,3391,32,yes
ES75E2510564,Call Me Up,Marc Tinez,"Chizzy,Marc Tinez",2025-09-18,153216016,,,,,3,,,,369,,yes
QT3EX2500355,Good Man Going Home,Jeff Bates,Nick Autry,2025-09-17,153320943,5,growth,17846,5357,5,,,,14344,,yes
QMDA72587233,Holy Sugar,The Wombats,Joe Janiak,2025-09-16,153088628,,steady,1084781,934680,39,931,928,80,80538,8736,yes
USRC12501645,El Pleito,Miguel,Ely Rise,2025-09-15,152984827,5,steady,1779171,1479325,41,77,76,203,3488967,,yes
QZS7J2525269,I Ruin Everything I Love,Ali Wolv,Sara Boe,2025-09-15,153045801,,steady,97734,76650,24,,,,4244,,yes
USQX92503769,Cannibalism,Slayyyter,Hamish,2025-09-12,152796589,3,steady,21341289,8246616,71,167,93,2077,,26929,yes
QM24S2505346,Forever Again,Matt Hansen,Sara Boe,2025-09-12,152792101,4,steady,13064072,9579071,61,,,1588,647164,11754,yes
QM24S2504898,Shark,Reaper,JJ Scheff,2025-09-12,152852798,0,steady,483294,238833,44,16,5,20,,23369,yes
QMDA72587731,Ain't Nobody,Connor McCutcheon,Connor McCutcheon,2025-09-12,153020209,0,steady,21713,17546,14,,,,5749,53,yes
GBUM72503679,Falling In Love,Matteo Bocelli,Camylio,2025-09-12,152815264,0,steady,382834,258779,36,120,108,1194,409233,,yes
USUM72412200,Phones And Radios,Priscilla Block,David Garcia,2025-09-12,152793596,0,steady,711720,602184,35,341,332,449,218264,1111,yes
QZTLA2545217,Million Bucks,Black Caviar,Remy Gautreau,2025-09-12,152844751,,growth,27192,21880,18,,,,,,yes
US38Y2539268,Indigo,Venna,Hamish,2025-09-05,147370203,0,steady,324791,247539,35,11,9,,253993,,yes
US38Y2539269,Eternal Reflections,Venna,Hamish,2025-09-05,147370201,5,steady,936147,738546,41,193,138,32,178425,1978,yes
USUG12505379,All Night Days,Rob Thomas,Remy Gautreau,2025-09-05,152509171,0,steady,479678,364444,38,2693,2648,,97486,,yes
CA5KR2588479,Middle Of Nowhere,Zach Hood,Sawyer Utah,2025-09-05,152482179,5,steady,3610314,2526099,52,,,635,32552,,yes
TCAJY2569864,If This Town Could Talk,Daniel Jeffers,"Bobby Hamrick,Justin Halpin",2025-09-05,152684662,,steady,31521,21569,18,,,,7752,5,yes
TCAJY2569808,Do Me A Favor,Daniel Jeffers,"Bobby Hamrick,Justin Halpin",2025-09-05,152524081,,steady,154761,58216,36,,,,12698,124,yes
QZVMS2500028,It's All For Sale,Brit Taylor,Adam Chaffins,2025-09-05,152507895,0,growth,25410,20522,12,14,8,,860,222,yes
US6XF2500255,Jack & Jill Daniel's,Emily Ann Roberts,Ryan Beaver,2025-09-05,152507878,1,steady,5334455,3236257,57,160,17,4559,774729,7159,yes
UKW3Z2501477,My Greatest Joy,RuthAnne,Autumn Rowe,2025-09-03,146932502,,growth,26702,15794,13,,,18,3740,73,yes
TCAJZ2564914,Afterglow,Grace Bridie,Grace Bridie,2025-08-29,152218019,5,steady,192354,192266,1,,,,,256,yes
QM24S2504757,Hydra,Reaper,JJ Scheff,2025-08-29,152186822,0,steady,142206,115370,17,,,,3359,316,yes
QZRD92507715,One to Willie,Riley Green,"Monty Criswell,Derek George",2025-08-29,152156856,5,steady,894125,653438,42,,,108,,,yes
USUG12501956,Nonchalant,Sikarus,Michael Hardy,2025-08-22,144160796,0,growth,92585,75308,25,,,,5905,359,yes
QZNMV2534156,24/7,BigXThaPlug,Nick Gale,2025-08-22,151822908,1,steady,5302535,4473743,46,22,21,282,746398,,error:HTTPError
QZEQU2501553,All Dollars No Sense,Adam Mac,Jessica Cayne,2025-08-22,,,,,,,,,,,,error:HTTPError
USWB12502899,Like It Like That,Dasha,David Garcia,2025-08-22,151821365,1,steady,7669747,7669747,59,10363,9657,520,810100,34859,yes
USUG12504613,Do It All Again,Jon Batiste,Autumn Rowe,2025-08-22,151885123,5,steady,663439,529529,39,57,51,19,57411,,yes
QMRSZ2202691,Storm's Coming,Kolby Cooper,Michael Hardy,2025-08-19,,,,,,,,,,,,no_match(ok)
GXBAV2077568,Bami Soro,ERIICE,Melodie Wagner,2025-08-15,151549081,0,steady,1299230,1258902,28,,,,24174,,yes
QZNJY2563904,Insane,Liam Coleman,Joe Bryson,2025-08-15,151708351,,,9446,7549,11,,,,,20,yes
GBAHS2500696,Afters,BL3SS,Melodie Wagner,2025-08-15,151527749,5,gradual decline,17991637,16152277,64,260,244,379,634631,19828,yes
QZWFP2529272,Afterglow,Kelsey Parks,Jessica Cayne,2025-08-15,151896876,0,steady,1317291,1058273,43,,,5,,28115,yes
QZRD92507695,Blind,LECADE,LECADE,2025-08-15,151558995,0,steady,343390,302201,32,,,,18079,,yes
QZWUY2500060,Thinkin' Straight,Connor McCutcheon,Connor McCutcheon,2025-08-15,151575231,0,steady,112814,85502,26,,,,12071,188,yes
QMRSZ2501269,Devil Ain't Done,ATLUS,David Garcia,2025-08-15,151531316,,steady,1662900,1075563,46,17589,12975,94,301567,13407,yes
QZ5FA2550089,Still,Clever,LECADE,2025-08-08,151242573,,growth,177448,155291,22,,,,331940,362,yes
US38Y2552592,Praise Dance,Big Freedia,Autumn Rowe,2025-08-08,150537385,0,growth,11561,10413,8,,,,,,yes
USA2P2535586,Got Away,Ripley Alexander,Connor McCutcheon,2025-08-08,151217119,0,steady,227487,214696,3,,,10,3976,201,yes
QZWV32560492,Money Talks,First Time Thieves,"Brock Westover,Cale Dodds,Justin Halpin",2025-08-07,,,,,,,,,,,,no_match(ok)
QM24S2504212,Liberation,Reaper,JJ Scheff,2025-08-01,150957584,0,growth,83851,71865,27,,,,11499,136,yes
QZEQU2501561,Office With A View,Schmitty,"Derek George,Monty Criswell",2025-08-01,150931822,,steady,52500,49741,14,,,,6334,23,yes
CA5KR2541462,Another Summer Night,Zach Hood,Sawyer Utah,2025-08-01,150932467,0,steady,1812049,1431687,44,,,409,26790,,yes
QZEQU2501446,Worth The Wait,Brinley Addington,Brinley Addington,2025-08-01,150991295,,steady,19888,19427,3,,,,,,yes
TCAJT2578489,Choke,Kalie Shorr,Jessica Cayne,2025-08-01,150957670,5,steady,4697,4308,4,,,7,2777,,yes
QZWFE2597249,Making Moves,Be.zerk,"Bobby Hamrick,Brock Westover",2025-07-31,,,,,,,,,,,,no_match(ok)
ES75E2509268,Encima De Mi,Marc Tinez,Marc Tinez,2025-07-31,151031565,,,1795,1645,1,,,,358,,yes
QZAKB2513611,Wish I Could Tell You,Remy,Remy Gautreau,2025-07-28,150818779,0,growth,5076,4726,3,,,,109,,yes
USUG12506452,Miami (Feat. Lil Wayne & Rick Ross),Morgan Wallen,Michael Hardy,2025-07-25,,,,,,,,,,,,no_match(ok)
USUG12506451,Miami (Feat. Lil Wayne & Rick Ross),Morgan Wallen,Michael Hardy,2025-07-25,150599833,3,steady,38610359,30450178,53,,,,,,yes
USUG12506450,Miami (Feat. Lil Wayne & Rick Ross),Morgan Wallen,Michael Hardy,2025-07-25,,,,,,,,,,,,no_match(ok)
USUG12506449,Miami (Feat. Lil Wayne & Rick Ross),Morgan Wallen,Michael Hardy,2025-07-25,150579657,3,gradual decline,38651005,30450178,67,6554,6547,,,,error:HTTPError
TCAJT2559631,Not Yet,Daniel Jeffers,"Justin Halpin,Bobby Hamrick",2025-07-25,150611679,,growth,148949,134014,23,,,,6173,59,yes
CA74P2500010,Oops (I Think I Love You),Savannah Jade,"Jessica Cayne,Matthew Morrisey",2025-07-25,150616083,,growth,222090,212767,22,,,,1688,103,yes
QZWFG2575512,Hey Y'all,Shane Stevens,Shane Stevens,2025-07-25,152520727,0,gradual decline,6843,6377,3,,,,,,yes
USWB12501546,Fool,Hudson Westbrook,Ryan Beaver,2025-07-25,148123955,5,steady,2005563,1578136,46,1,1,1647,387448,,yes
USUMV2502659,Miami (Feat. Lil Wayne & Rick Ross),Morgan Wallen,Michael Hardy,2025-07-24,,,,,,,,,,,,no_match(ok)
USUMV2502658,Miami (Feat. Lil Wayne & Rick Ross),Morgan Wallen,Michael Hardy,2025-07-24,,,,,,,,,,,,no_match(ok)
QZNJX2533967,All That I've Known,Tommy Lyon,Jordan Cosmo,2025-07-18,150307655,,steady,2536329,1395037,54,,,46485,832524,36076,yes
QZTBC2555244,Either Way,Jasper Charles,Joe Bryson,2025-07-18,151378973,,growth,50222,33367,31,,,,4403,302,yes
USQX92502111,Holding Down The Honky Tonk,Scotty McCreery,"Brent Anderson,Derek George,Frank Rogers,Jeremy Bussey",2025-07-18,150325441,5,steady,563418,463027,35,,,187,102904,,yes
USQX92503135,Whiskey Said,Scotty McCreery,"Brent Anderson,Derek George,Frank Rogers,Jeremy Bussey",2025-07-18,150300209,5,steady,726644,628661,35,,,10,235875,,yes
USQX92502112,Swim Up Bar,Scotty McCreery,"Brent Anderson,Derek George,Monty Criswell,Bobby Hamrick,Frank Rogers",2025-07-18,150277667,5,steady,1261313,1014624,42,,,46,104878,4540,yes
QZ9H32500041,High Roller,Mustard Service,"Marco Ochoa,Adam Perez,Leonardo Cattani",2025-07-18,150374722,0,steady,323538,237818,37,,,,90708,95,yes
QZ9H32500045,There You Go Again,Mustard Service,"Marco Ochoa,Leonardo Cattani,Adam Perez",2025-07-18,150374707,0,steady,239296,184017,32,,,,46322,,yes
QZ9H32500043,Billy Bob,Mustard Service,"Marco Ochoa,Leonardo Cattani",2025-07-18,150374823,0,steady,229191,174233,33,,,,27219,,yes
QZ9H32500042,Telephone,Mustard Service,"Marco Ochoa,Leonardo Cattani,Adam Perez",2025-07-18,150374675,0,steady,207033,151817,34,,,,,,yes
QZ9H32500044,Let Me Call You Baby,Mustard Service,"Leonardo Cattani,Marco Ochoa,Adam Perez",2025-07-18,150374697,0,steady,570235,437603,37,,,,97370,,yes
QZ9H32500039,I'm An Idiot,Mustard Service,"Marco Ochoa,Leonardo Cattani,Adam Perez",2025-07-18,150374866,0,steady,607418,406790,41,,,,94135,126,yes
USUG12402787,Jim Bob,HARDY,"David Garcia,Michael Hardy",2025-07-12,,,,,,,,,,,,no_match(ok)
USUG12402773,Jim Bob,HARDY,"David Garcia,Michael Hardy",2025-07-12,121499591,0,steady,35468004,29761185,39,,,,,,yes
USUG12501957,Nonchalant,Sikarus,Michael Hardy,2025-07-11,,,,,,,,,,,,no_match(ok)
QZMEN2562033,Talking Bout Tonight,The Kruse Brothers,"Jessica Cayne,Matthew Morrisey",2025-07-11,147247981,4,steady,1453718,724470,53,,,37,131364,849,yes
CAV392500032,Shooting Star,Sacha,Zach Beeken,2025-07-11,149981680,0,steady,485251,385563,36,1528,1350,66,947977,6647,yes
USUM72501693,Hero In The Room,Jeremy Rosado,Justin Richards,2025-07-11,145348048,0,steady,3798725,2876969,49,128,88,,375106,10089,yes
QZXF32500008,Might Just Love You,Dalton Dover,Brent Anderson,2025-07-11,149981566,0,steady,893491,737029,19,,,2716,98958,1068,yes
USUYG1737937,Take It As A Blessing,Jordana Bryant,"Jessica Cayne,Matthew Morrisey",2025-07-11,149977356,0,steady,649179,560996,37,,,1,104398,1129,yes
USUM72505496,When I Meet Jesus,Jeremy Rosado,Justin Richards,2025-07-11,149990643,2,steady,4262306,2203239,59,26,10,1437,800918,8003,yes
QZWUY2500059,Dandelion,Brooke Lee,"Bobby Hamrick,Brinley Addington,Brooke Lee",2025-07-11,149993438,0,steady,80166,70972,19,,,,20158,60,yes
USQX92503185,Superstar,"Xandra,Bryce Vine",Erik Belz,2025-07-11,149965926,0,steady,1324949,1189744,39,291,163,24,457,692,yes
QZ9H32500038,Yucky's Song,Mustard Service,"Marco Ochoa,Leonardo Cattani",2025-07-11,150274213,0,steady,527936,410295,38,,,,118471,177,yes
FRX452529406,Elevator Song,MiiRACLES,Nick Gale,2025-07-07,149881156,0,growth,5141,5141,1,,,,42,7,yes
QZAKB2505349,Rumors,"Imanbek,BIA",Melodie Wagner,2025-07-04,148621692,0,steady,198981,186174,19,1348,1284,44,7643,15888,yes
QZWDE2590818,Version Of Me,First Time Thieves,"Cale Dodds,Justin Halpin",2025-07-03,149645837,0,steady,10584,10160,3,,,,144,,yes
USSM12502547,Never Met Anyone Like You,Ella Langley,Michael Hardy,2025-06-27,149278672,2,gradual decline,43558147,30172821,71,1728,1726,4141,2550731,42650,yes
USSM12502698,Never Met Anyone Like You,Ella Langley,Michael Hardy,2025-06-27,,,,,,,,,,,,no_match(ok)
USUM72506239,In The End,Leven Kali,JJ Scheff,2025-06-27,149288611,3,steady,935355,755362,40,400,270,16,50368,2863,yes
USUM72506238,Blackrock,Leven Kali,JJ Scheff,2025-06-27,149311797,0,steady,117642,99069,25,,,,27034,,yes
USQX92503056,June,24KGoldn,Nick Gale,2025-06-27,149279798,0,steady,1012201,875097,33,2112,2079,423,,9358,yes
CA5KR2536151,Beautiful As You,Zach Hood,Sawyer Utah,2025-06-27,149288663,4,steady,8128937,5714171,59,,,12697,288862,5443,yes
QZEQU2501027,Staycation,Levi Hummon,Cale Dodds,2025-06-27,149309298,0,steady,179898,170903,20,,,,9088,175,yes
TCAJS2568865,Wish You Gone,Halle Kearns,Jessica Cayne,2025-06-27,149307459,,growth,83989,82172,9,,,,1006,,yes
USWB12500918,Take Me Down,Cole Swindell,David Garcia,2025-06-27,145359056,0,steady,118262,104364,22,,,,57718,,yes
USQX92503134,Once Upon A Bottle of Wine,Scotty McCreery,"Brent Anderson,Derek George,Frank Rogers,Jeremy Bussey",2025-06-27,149284113,0,steady,674004,582629,34,144,144,32,93531,,yes
QM24S2503516,Up,Reaper,JJ Scheff,2025-06-27,149308733,0,steady,584422,455562,36,,,,11462,548,yes
QZ9H32500034,2am,Mustard Service,"Leonardo Cattani,Adam Perez,Marco Ochoa",2025-06-27,149307540,0,steady,1184044,866636,44,,,,1692792,2237,yes
FRX282542679,Cry For Your Supper,MiiRACLES,Nick Gale,2025-06-23,149273418,0,steady,35938,30652,14,79,60,28,,206,yes
TCAJQ2538986,Ain't About You,Daniel Jeffers,"Justin Halpin,Bobby Hamrick",2025-06-20,149016141,,growth,131904,123960,17,,,,552,171,yes
USAT22503154,Wipe Your Tears,Sam Austins,JJ Scheff,2025-06-20,147740830,0,steady,848580,739997,38,91,19,43,27296,4016,yes
QZTLA2519226,I Just Remembered!,Mira Housey,Mira Housey,2025-06-20,149077993,,growth,7662,6975,5,,,,,,yes
QZWH32500469,Is This Thing Workin',Randy Rogers Band,Monty Criswell,2025-06-20,149000997,0,steady,366804,346282,24,148,77,33,23054,,yes
QZEQU2500976,Take Me To Texas,Smithfield,Adam Wood,2025-06-20,149000968,0,steady,156227,146665,19,,,,4996,,yes
USWB12501545,Funny Seeing You Here,Hudson Westbrook,Ryan Beaver,2025-06-20,148123954,4,gradual decline,18452379,14668833,59,552,548,17355,1278466,12563,yes
USWB12501841,The Bride,Chris Janson,Adam Wood,2025-06-20,149000999,0,steady,509118,476000,25,,,35,90046,,yes
USWB12405622,Be Your Man,William Beckmann,Brinley Addington,2025-06-20,146615566,0,steady,125955,98634,27,,,,8354,,yes
USWB12405625,California Quake,William Beckmann,Ryan Beaver,2025-06-20,146615571,0,steady,106435,81885,26,,,,13557,,yes
QZTAT2583369,GRITS,Shane Stevens,Shane Stevens,2025-06-20,148965832,0,gradual decline,95452,90697,14,,,,2050,77,yes
USUMV2203509,Tennessee Fan,Morgan Wallen,Michael Hardy,2025-06-16,,,,,,,,,,,,no_match(ok)
USUG12503694,Heaven Sent,Lauren Alaina,Michael Hardy,2025-06-13,148675050,0,steady,648675,582029,34,317,298,473,389841,,yes
AEA3A2505962,Nothing Is Perfect,Fiaa Hamilton,Jordan Cosmo,2025-06-13,148718311,5,,43171,41206,1,,,,27970,,yes
GBK3W2503392,Bad 4 Me,King Isis,Hamish,2025-06-13,148662756,,growth,97808,94141,14,,,,4297,325,yes
QZRP42505820,Changed Me,Zach Loizou,Jordan Cosmo,2025-06-13,148913405,,steady,123632,122833,5,,,46,,24,yes
QZWDD2599790,Started in a Truck,Joe Bryson,Joe Bryson,2025-06-13,148871625,0,growth,30384,26589,9,,,,2375,11,yes
QM6P42574981,You Can Dance With Me,Joshua Ray Walker,Adam Chaffins,2025-06-13,148741586,,steady,41990,38179,12,,,,4239,,yes
QZPLR2532440,Ghost In My Mind,Oliver Westover,Brock Westover,2025-06-13,149099301,,steady,12891,12241,5,,,,,51,yes
AEA3A2146382,In My Head,Mae Muller,Nick Gale,2025-06-13,148658222,0,gradual decline,1594157,1518299,17,52,35,17348,305749,11532,yes
QZYG82500123,To The Moon,The Kentucky Gentlemen,"Jessica Cayne,Matthew Morrisey",2025-06-13,147800110,0,steady,79979,77232,9,,,,5614,88,yes
QZNWW2593897,Ask A Daisy,Gray Robinson,"Jessica Cayne,Matthew Morrisey",2025-06-13,148684148,,steady,236484,183515,30,,,,20542,807,yes
QM6N22580945,Hell Freezes Over,Dillon Carmichael,"Jonathan Singleton,Josh Dunne",2025-06-13,148704698,0,steady,53851,48739,16,,,,29345,,yes
QM6N22580911,Tiny Little Fiddle,Dillon Carmichael,Brent Anderson,2025-06-13,148700896,0,steady,53576,45792,19,,,5,3025,,yes
QZRD92507253,Girlfriend's Got A Boyfriend,Cole Goodwin,Connor McCutcheon,2025-06-13,148684122,5,steady,882627,379815,50,,,65,28268,517,yes
DEWO71700821,Viva La Vegas,Pretty Sister,Brock Westover,2025-06-13,148715901,,steady,92424,81036,23,,,,,52,yes
USUG12502287,Off The Map,Dierks Bentley,"Adam Wood,Jeremy Bussey",2025-06-13,148684053,0,steady,560468,401803,37,96,49,69,97616,,yes
USUMV2502100,Favorite Country Song,HARDY,Michael Hardy,2025-06-12,,,,,,,,,,,,no_match(ok)
USUM72500586,Killin' Me,Parker McCollum,Monty Criswell,2025-06-10,148568940,3,steady,18539133,16017474,70,41107,7941,7647,1427370,73167,yes
GBARL2500676,Somebody Else,e.motion,Nick Gale,2025-06-06,148372331,5,steady,1206577,963425,43,,,5,52485,2057,yes
QZTV32594605,All Starts Now,First Time Thieves,"Cale Dodds,Justin Halpin",2025-06-05,150852226,,,1839,1728,1,,,,,,yes
AEA3A2561946,Run,DEEPS,Jordan Cosmo,2025-06-02,148307239,0,steady,371262,343371,29,,,5425,16020,,yes
QM6P42518943,Dusk Til Dawn,Kilder,Melodie Wagner,2025-05-30,148131798,0,growth,198726,178602,24,,,,17122,479,yes
QZYG82500127,Where Do Dreams Go,Grant Gilbert,Brent Anderson,2025-05-30,148108543,0,steady,110449,105065,14,,,,7546,64,yes
QZW5K2500002,Heaven And Back,Matt Stell,"Brent Anderson,Jeremy Bussey,Frank Rogers",2025-05-30,148083141,0,steady,911881,646503,45,,,93,64341,632,yes
QZXF32500005,Credit Card,mxrgan,Sawyer Utah,2025-05-23,148097681,0,gradual decline,27162,25482,3,,,,189,9,yes
QZNJV2533440,Ruins,Tommy Lyon,Jordan Cosmo,2025-05-23,147803259,,steady,889656,725223,39,,,223,263097,2088,yes
TCAJP2591630,Cowboys and Hippies,Trey Gallman,Joe Bryson,2025-05-23,149709302,,,1309,1212,1,,,,,1,yes
QZTV32553137,Sound Of You Leaving,12/OC,"Justin Richards,Sam Carter",2025-05-23,148036269,,growth,352166,319532,27,,,,22100,94,yes
QZ9H32500037,Going Nowhere,Mustard Service,"Marco Ochoa,Leonardo Cattani,Adam Perez",2025-05-23,147799917,0,steady,1226000,928612,44,,,39,289308,708,yes
USUMV2501840,Favorite Country Song,HARDY,Michael Hardy,2025-05-20,,,,,,,,,,,,no_match(ok)
QMRSZ2400721,Die Today,Tim Montana,Tim Montana,2025-05-17,119082767,0,steady,378445,347958,28,37,37,12,88455,682,yes
USA2P2514497,Nothing Without Your Love,JIN,Nick Gale,2025-05-16,147514500,4,gradual decline,77574731,60799287,70,49,39,28729,6427926,112220,yes
QZTV32545928,One Dark Night,Chris Murphy,Ben Samama,2025-05-16,147642923,0,growth,496241,454636,31,,,,,2174,yes
QZJ842501397,Feels So Good,Aminé,Ely Rise,2025-05-16,147033333,2,steady,4766062,4304980,48,491,316,188,491917,4758,yes
QZJ842501402,Vacay,Aminé,Ely Rise,2025-05-16,146892062,2,gradual decline,16250157,13818989,56,816,723,5389,995509,64252,yes
QZJ842501396,New Flower,Aminé,Ely Rise,2025-05-16,147033331,1,gradual decline,10289321,8562935,57,484,459,371,772779,25761,yes
USUG12501618,Come Back as a Redneck,Morgan Wallen,Michael Hardy,2025-05-16,145037185,3,gradual decline,43690585,35820473,66,390,339,2554,786705,12167,yes
QZWUY2400054,Little Bit At A Time,Adam Chaffins,Adam Chaffins,2025-05-16,147528290,5,growth,7457,7457,14,,,,,163,yes
QZWUY2400053,Kentucky Girl,Adam Chaffins,Adam Chaffins,2025-05-16,147528299,,steady,10842,10354,14,,,,363,10,yes
QZWUY2400047,Trailer Trash,Adam Chaffins,Adam Chaffins,2025-05-16,143192782,,steady,23175,22360,14,4,3,,15891,131,yes
USUG12501660,Whiskey In Reverse,Morgan Wallen,Michael Hardy,2025-05-16,,,,,,,,,,,,no_match(ok)
USUG12501627,Whiskey In Reverse,Morgan Wallen,Michael Hardy,2025-05-16,145037179,2,gradual decline,44510101,34459870,69,,,2929,4626727,,yes
USUG12502313,Miami,HARDY,Michael Hardy,2025-05-16,145037176,4,steady,69733844,50792129,45,,,,,,yes
USUG12501669,Miami,Morgan Wallen,Michael Hardy,2025-05-16,,,,,,,,,,,,no_match(ok)
USUG12501663,Miami,Morgan Wallen,Michael Hardy,2025-05-16,,,,,,,,,,,,no_match(ok)
USUG12501630,Miami,Morgan Wallen,Michael Hardy,2025-05-16,147491632,1,gradual decline,69733844,50792129,73,,,150027,3824379,92619,yes
USUG12501655,Leaving’s The Least I Can Do,Morgan Wallen,Michael Hardy,2025-05-16,,,,,,,,,,,,no_match(ok)
USUG12501621,Leaving’s The Least I Can Do,Morgan Wallen,Michael Hardy,2025-05-16,145037178,2,gradual decline,46859178,36210318,69,,,9386,6900020,,yes
USUG12501635,I Got Better,Morgan Wallen,Michael Hardy,2025-05-16,,,,,,,,,,,,no_match(ok)
USUG12501599,I Got Better,Morgan Wallen,Michael Hardy,2025-05-16,145037208,1,gradual decline,452247044,294415664,88,215374,181381,447817,12394778,725368,yes
USUG12501616,If You Were Mine,Morgan Wallen,David Garcia,2025-05-16,147491638,1,gradual decline,69176853,52135752,73,,,45985,5982932,44773,yes
QZWUY2400052,Dive Bar Moses,Adam Chaffins,"Adam Chaffins,Bobby Hamrick",2025-05-16,147514586,,growth,35298,34495,,,,,,,yes
USWB12500371,Think About Me,Tyler Braden,Adam Wood,2025-05-16,147058880,5,steady,1209939,1031396,41,,,13,138266,256,yes
DES232500180,Watching Over You,Nu Aspect,Melodie Wagner,2025-05-16,147505581,1,gradual decline,9511784,8028395,53,,,18,747212,,yes
USUMV2501742,Whiskey In Reverse,Morgan Wallen,Michael Hardy,2025-05-15,,,,,,,,,,,,no_match(ok)
USUMV2501830,Miami,Morgan Wallen,Michael Hardy,2025-05-15,,,,,,,,,,,,no_match(ok)
USUMV2501745,Miami,Morgan Wallen,Michael Hardy,2025-05-15,,,,,,,,,,,,no_match(ok)
USUMV2501737,Leaving’s The Least I Can Do,Morgan Wallen,Michael Hardy,2025-05-15,,,,,,,,,,,,no_match(ok)
USUMV2501818,I Got Better,Morgan Wallen,Michael Hardy,2025-05-15,,,,,,,,,,,,no_match(ok)
USUMV2501717,I Got Better,Morgan Wallen,Michael Hardy,2025-05-15,,,,,,,,,,,,no_match(ok)
USQX92502247,Bottle Rockets (Hold My Hand),Scotty McCreery,"Bobby Hamrick,Brent Anderson,Derek George,Frank Rogers,Jeremy Bussey,Monty Criswell",2025-05-15,147494111,3,gradual decline,46568599,33970959,66,201185,172938,5853,5692577,454276,yes
USQX92306509,No Country For Old Men,Scotty McCreery,"Brent Anderson,Derek George,Frank Rogers,Monty Criswell",2025-05-10,120411600,0,steady,478115,420186,32,,,70,1023907,,yes
QM6N22566115,Choose Love,KC Lights,Melodie Wagner,2025-05-09,147206084,2,steady,1039718,599583,47,689,611,89,173029,2536,yes
QZS7J2518810,Suzette,Nami,Hamish,2025-05-09,144681735,0,growth,442029,392112,27,,,,71432,2863,yes
QZQAY2549630,Northstar,Nami,Hamish,2025-05-09,142732423,0,steady,165339,157472,15,,,,11138,381,yes
QZQAY2558944,Need You Around,Nami,Hamish,2025-05-09,147301762,0,steady,102258,82669,23,,,,3708,46,yes
QZQAY2535160,Hues,Nami,Hamish,2025-05-09,147269287,0,steady,201983,154841,30,,,,8969,290,yes
QZQAY2504267,Forever,Nami,Hamish,2025-05-09,147223603,0,growth,83747,68513,23,,,,7494,,yes
DEXC82500052,Connoisseur,Nami,Hamish,2025-05-09,148533228,0,steady,128672,114400,21,,,51,92683,2306,yes
QZQAY2545710,Connoisseur,Nami,Hamish,2025-05-09,143484950,3,steady,439044,334998,37,,,31,46386,1382,yes
QZDA42565723,Save A Dance For Me,Tristan Roberson,Jessica Cayne,2025-05-09,144772213,0,steady,694790,637147,31,,,,173435,578,yes
QZDA42565727,She Still Calls Me,Tristan Roberson,"Jessica Cayne,Matthew Morrisey",2025-05-09,147301498,0,steady,111941,87549,27,,,,5419,,yes
USSM12501020,More To Lose,Miley Cyrus,Autumn Rowe,2025-05-09,147187758,1,steady,31087220,28218640,56,3608,3397,2133,8902413,81161,yes
QZSY62100216,Like A River,Desure,Joe Janiak,2025-05-09,137340906,,steady,6445,6273,1,,,,,9,yes
QMRSZ2500171,Let Him In Anyway,Blake Shelton,Michael Hardy,2025-05-09,144724553,1,steady,5616206,2637373,57,52601,6057,2612,2573693,104463,yes
QZWUY2500058,She Would've Loved This,Brooke Lee,"Brooke Lee,Justin Richards",2025-05-09,147222212,0,steady,97575,88690,19,,,16,9441,44,yes
GBARL2500634,Somebody Else,e.motion,Nick Gale,2025-05-09,147243598,0,growth,40309,35684,14,,,,1634,85,yes
QZRD92507116,Love Me Anyway,LECADE,LECADE,2025-05-09,,,,,,,,,,,,no_match(ok)
USUM72500504,Drunk Girls in Bathrooms,Maddie & Tae,"Jamie Moore,Ryan Beaver",2025-05-02,144999426,0,steady,693162,628943,28,413,411,78,186830,,yes
GBAHS2501560,tears & wishes,Sawyer Utah,Sawyer Utah,2025-05-02,155749120,0,steady,999175,524033,47,88,41,8,24538,,yes
USUG12502839,Luckiest Man Alive,HARDY,Michael Hardy,2025-05-02,,,,,,,,,,,,no_match(ok)
USUG12502842,Girl With A Gun,HARDY,Michael Hardy,2025-05-02,,,,,,,,,,,,no_match(ok)
USUG12502838,Girl With A Gun,HARDY,Michael Hardy,2025-05-02,,,,,,,,,,,,no_match(ok)
USUG12502840,Favorite Country Song,HARDY,Michael Hardy,2025-05-02,,,,,,,,,,,,no_match(ok)
USUG12502841,Buck On The Wall,HARDY,Michael Hardy,2025-05-02,,,,,,,,,,,,no_match(ok)
USUG12502836,Buck On The Wall,HARDY,Michael Hardy,2025-05-02,,,,,,,,,,,,no_match(ok)
SGB502505428,Rocky Mountain,Bryce Vine,Jessica Cayne,2025-05-02,146914557,0,steady,705127,611144,37,,,2369,187548,3141,yes
QMRSZ2500344,Giddy Up,Brooke Eden,Brock Westover,2025-05-02,146896783,3,steady,179401,155805,28,,,100,13076,1997,yes
USWB12500732,I Need A Truck,Maddox Baston,David Garcia,2025-05-02,146270420,2,steady,1563735,1242064,44,,,10,,2315,yes
USUYG1721867,Category 6,Dawson Anderson,Connor McCutcheon,2025-05-02,146922440,3,steady,692480,588564,37,,,1897,128207,1230,yes
QMRSZ2500588,Rainbow Rodeo,Brooke Eden,Brock Westover,2025-05-02,146920892,0,steady,49615,38944,24,,,,4928,,yes
GBARL2500545,Somebody Else,e.motion,Nick Gale,2025-05-02,146913368,0,steady,61065,53370,18,,,,7088,132,yes
QZTRX2565129,Do Whatever Feels Right,First Time Thieves,"Cale Dodds,Justin Halpin",2025-05-01,146980986,,,2028,1850,1,,,,,,yes
QMX232518320,Favorite Country Song,HARDY,Michael Hardy,2025-04-29,,,,,,,,,,,,no_match(ok)
QMX232518318,Buck On The Wall,HARDY,Michael Hardy,2025-04-29,,,,,,,,,,,,no_match(ok)
QMX232518319,Wait In The Truck,HARDY,Michael Hardy,2025-04-29,,,,,,,,,,,,no_match(ok)
GBAHS2500216,Muse,Essosa,Melodie Wagner,2025-04-25,146587514,0,steady,707740,439720,44,,,151,79977,2218,yes
QMRSZ2402136,Still Dancing,Billy Idol,Joe Janiak,2025-04-25,144057373,2,steady,2120371,1816468,43,4826,4656,395,1398734,33881,yes
QMRSZ2402135,I'm Your Hero,Billy Idol,Joe Janiak,2025-04-25,144159228,0,steady,328988,283613,31,28,23,,97082,,yes
QMRSZ2402134,Gimme The Weight,Billy Idol,Joe Janiak,2025-04-25,144159223,0,steady,248953,220936,27,33,33,,64519,,yes
QMRSZ2402127,Dream Into It,Billy Idol,Joe Janiak,2025-04-25,144159231,0,steady,418630,366380,31,87,87,27,105405,,yes
QM6N22513501,Switchblade,Gable Bradley,"Mike Fiorentino,Nathan Barlowe",2025-04-25,146912860,0,steady,7290,7063,2,,,,,,yes
QM6N22513477,Nothing At All,Gable Bradley,"Mike Fiorentino,Nathan Barlowe",2025-04-25,146587340,0,steady,31964,30985,6,,,,192,12,yes
QZQAY2552080,Rain In The Desert,Grace Asbury,Jessica Cayne,2025-04-25,145476184,0,steady,113632,105616,17,,,,20908,269,yes
QZWDD2458042,Settling In,Grace Asbury,"Jessica Cayne,Justin Richards",2025-04-25,127971193,0,steady,110383,104470,17,,,103,6961,297,yes
QZSYP2568753,Where The Wind Blows,Grace Asbury,Jessica Cayne,2025-04-25,146559255,0,steady,42694,41485,6,,,,89321,24,yes
QZEQU2500660,Love On The Radio,Clayton Mullen,Matthew Morrisey,2025-04-25,146587332,5,steady,1574445,950903,50,,,87,172213,1127,yes
QZ9H32500036,Conversation Overtime,Mustard Service,"Marco Ochoa,Leonardo Cattani,Adam Perez",2025-04-25,146586542,0,steady,1360408,1072040,45,,,,219179,603,yes
QZZVQ2500120,Country in the Clouds,Dylan Marlowe,Brent Anderson,2025-04-25,146562423,5,steady,4679515,4112070,49,26,26,1416,494367,8627,yes
QM6MZ2578141,Scares Me To Death,Juno James,Jordan Cosmo,2025-04-18,146286546,0,decline,59215,59207,5,,,,16561,104,yes
QZEQU2500663,Miss Wannabe,Jenna Davis,Shane Stevens,2025-04-18,146261889,5,steady,2013056,1472723,48,,,1355,774281,2836,yes
GBWUL2597716,ETITOY,Cale Dodds,Cale Dodds,2025-04-18,146296226,,growth,27334,26589,5,,,,,,yes
QZEQU2500496,Heaven Has A Grand Ole Opry,Smithfield,Adam Wood,2025-04-18,146292888,0,steady,196730,187003,21,,,,8115,,yes
QZTRX2528348,Nobody Wins,Riley Taylor,Justin Halpin,2025-04-18,146303373,0,steady,20975,17535,12,47,13,,4493,29,yes
GBARL2500497,Somebody Else,e.motion,Nick Gale,2025-04-18,146282308,0,steady,227826,168813,32,,,,6674,482,yes
QZEQU2500547,Fightin' Words,Hayden Coffman,Connor McCutcheon,2025-04-18,146292914,0,steady,601103,490433,41,,,25,222522,313,yes
USAT22402718,Praise The Lord,Breland,"David Garcia,Michael Hardy",2025-04-12,118985277,0,steady,202145,174691,29,,,10,,25902,yes
GBWUL2556915,Rosary on the Rearview,Joe Bryson,Joe Bryson,2025-04-11,146096478,0,steady,23804,19825,11,,,,3149,8,yes
QZK6N2524860,Built to Last,Bobby McClendon,Joe Bryson,2025-04-11,146669333,,,1359,1169,2,,,,526,1,yes
QZK6N2535799,Into Words,Kala'e Parish,Bobby Hamrick,2025-04-11,146088926,,steady,178715,171841,18,,,,706,,yes
GBWUL2540349,Higher,Toby Lightman,Shane Stevens,2025-04-11,145987047,,growth,92893,89438,13,,,67,38175,2391,yes
QZYG82300117,Placeholder,Julia Minichiello,"Brock Westover,Jessica Cayne",2025-04-11,145982406,,steady,97131,92931,15,,,,3858,287,yes
GBARL2500414,Somebody Else,e.motion,Nick Gale,2025-04-11,145966575,3,steady,312023,245494,32,,,1578,33862,1230,yes
QZWUY2500055,So Beautiful,Brooke Lee,Brooke Lee,2025-04-04,145673790,0,steady,1299592,952338,46,,,155,72024,2767,yes
GBWUL2575458,Time's A Thief,First Time Thieves,"Cale Dodds,Justin Halpin",2025-04-04,,,,,,,,,,,,no_match(ok)
GBARL2500404,Somebody Else,e.motion,Nick Gale,2025-04-04,145663690,0,steady,477592,399780,33,,,,78375,887,yes
BEHP42500003,Dance In The Sunlight,Lost Frequencies,Nick Gale,2025-03-28,145311834,1,gradual decline,35005174,27320183,69,3758,3426,1180,477495,52874,yes
USRC12500367,More,Tele,Ben Samama,2025-03-28,145344964,,growth,132502,127960,15,,,345,4930,521,yes
QZWUY2400051,Living Till My Dying Day,Adam Chaffins,Adam Chaffins,2025-03-28,145343477,,gradual decline,29880,28604,15,1,1,,21993,47,yes
US5ED2406836,Not As I've Done,Kasey Tyndall,"Adam Wood,Justin Richards",2025-03-28,136644859,0,steady,424215,349706,32,,,1189,115880,1077,yes
QZRD92506905,Hope It Kills Me,LECADE,LECADE,2025-03-28,,,,,,,,,,,,no_match(ok)
QZXF32500001,180,mxrgan,Sawyer Utah,2025-03-21,145008663,0,steady,89295,78391,18,,,,,,yes
QZEQU2500407,Can't Make That Up,McCoy Moore,Brinley Addington,2025-03-21,144988076,3,steady,357180,309213,30,,,6,18668,180,yes
USUM72501444,Yard Sale,Priscilla Block,David Garcia,2025-03-21,144988104,5,steady,2257750,1892146,40,1089,1002,11474,145453,3477,yes
QZRD92406394,California 1972,Ryan Hurd,Ryan Beaver,2025-03-21,145012346,0,steady,94773,80952,23,,,,35789,,yes
QZWUY2400045,Two Beers,Connor McCutcheon,"Brent Anderson,Connor McCutcheon",2025-03-21,145007594,0,steady,48819,47525,9,,,,791,14,yes
QZWUY2500050,Move On Together,Connor McCutcheon,Connor McCutcheon,2025-03-21,145024264,0,steady,79611,71874,19,,,,15792,275,yes
QM24S2500703,Diesel,Sam Stoane,Jessica Cayne,2025-03-21,145004872,0,growth,101588,77299,27,,,,1369,111,yes
QZ9H32500035,Big Time,Mustard Service,"Marco Ochoa,Adam Perez,Leonardo Cattani",2025-03-21,145007482,5,steady,2433398,1864086,50,7,7,47,1355137,3098,yes
USUMV2501140,Jim Bob,HARDY,"David Garcia,Michael Hardy",2025-03-17,,,,,,,,,,,,no_match(ok)
USUG12502344,Psycho,HARDY,Michael Hardy,2025-03-14,,,,,,,,,,,,no_match(ok)
USUG12502343,Psycho,HARDY,Michael Hardy,2025-03-14,,,,,,,,,,,,no_match(ok)
USUG12502234,Psycho,HARDY,Michael Hardy,2025-03-14,,,,,,,,,,,,no_match(ok)
QZWUY2400049,Candy Cigarettes,Luna Halo,"Derek George,Monty Criswell,Nathan Barlowe",2025-03-14,144771748,,steady,6758,6157,6,,,,526,,yes
QZEQU2500406,Ride It Out,Alli Walker,"Brinley Addington,Dave Cohen",2025-03-14,144755416,0,steady,891398,701060,42,31,25,68,1197221,2886,yes
QMRSZ2500240,Serious Face,Austin & Colin,Bobby Hamrick,2025-03-14,144771752,,steady,6994,5940,6,,,,9351,20,yes
USLD91773007,Villain,Fordo,Hunter Madrid,2025-03-12,144672281,0,steady,6880067,5491828,52,,,2658,1008454,15921,yes
QM4TW2568267,City of the Angels,Juno James,Jordan Cosmo,2025-03-07,144455025,0,steady,187085,167214,23,,,,59581,285,yes
QM4TX2533306,Silk and Sandpaper,"Brooke Lee,Gabe Bradley","Brooke Lee,Mike Fiorentino",2025-03-07,144487142,0,steady,101532,93671,17,,,,15897,66,yes
USLZJ2551838,What We Do Best,First Time Thieves,"Brock Westover,Cale Dodds,Justin Halpin",2025-03-06,,,,,,,,,,,,no_match(ok)
USUM72500753,That'd Be You,Timothy Wayne,Jamie Moore,2025-02-28,144160889,0,steady,109747,96907,23,,,48,,343,yes
USA2P2507757,Breath on Me,Capri Everitt,Timothy Prater,2025-02-28,144277598,5,gradual decline,105403,104890,4,,,,,,yes
USA2P2507756,Unbreak Me,Capri Everitt,Timothy Prater,2025-02-28,144214566,5,decline,72570,71819,1,,,3,,,yes
USA2P2507758,Starlight,Capri Everitt,Timothy Prater,2025-02-28,144277611,,steady,62808,61990,1,,,,144,,yes
USA2P2507755,Dancing With Your Shadow,Capri Everitt,Timothy Prater,2025-02-28,144202072,,growth,87298,86780,5,,,,1381,,yes
USA2P2474729,Spiders,Capri Everitt,Timothy Prater,2025-02-28,140591523,5,growth,119180,112767,3,,,13,184559,55,yes
USA2P2507616,Oops,Fraser Churchill,Brock Westover,2025-02-28,144162573,0,steady,7240,6495,4,,,,,70,yes
QM4TW2515713,Root Down,Noah Guthrie,"Bobby Hamrick,Joy Williams",2025-02-28,144240741,,steady,50736,45675,16,,,,22027,,yes
USA2P2468416,High Hopes,Kip Moore,David Garcia,2025-02-28,144171572,0,steady,1551342,1309446,42,,,41,173582,701,yes
USUMV2500807,Nonchalant,Sikarus,Michael Hardy,2025-02-27,,,,,,,,,,,,no_match(ok)
QM4TW2539855,I Can't Quit,"Shane Stevens,Sara Evans",Shane Stevens,2025-02-21,143828035,0,steady,188815,181804,17,,,,11728,110,yes
QZWUY2500048,Call Me Pretty,Brooke Lee,"Brooke Lee,Matthew Morrisey",2025-02-21,143828056,0,gradual decline,308879,237756,35,,,116,,170,yes
GBARL2500214,Somebody Else,e.motion,Nick Gale,2025-02-21,143816337,3,steady,6811800,6040626,52,1185,1172,4207,250076,34411,yes
USRC12500196,IYKTYK,Eem Triplin,Ely Rise,2025-02-17,143880248,0,steady,1833962,1535939,14,,,,,,yes
USRC12500193,If We Being Honest,Eem Triplin,Ely Rise,2025-02-17,143880249,0,growth,1228876,1073870,13,,,,,,yes
USRC12500197,Feyonce,Eem Triplin,Ely Rise,2025-02-17,143880243,0,steady,961443,830540,12,,,,,,yes
USRC12500192,Came In It,Eem Triplin,Ely Rise,2025-02-17,143880250,0,steady,4437770,3776946,18,,,,,,yes
USM1C2400017,I Apologize,Sidewalk Prophets,Justin Richards,2025-02-14,138393900,0,steady,410984,378659,26,19,18,6,185819,,yes
TCAJG2501132,Broken Condoms,Danae Hayes,Jessica Cayne,2025-02-14,143618941,,decline,170754,153964,23,,,,131753,997,yes
QZWUY2400044,I Don't Miss You At All,Connor McCutcheon,"Brent Anderson,Connor McCutcheon",2025-02-14,143491334,0,steady,59293,56095,11,,,,251,19,yes
USM1C2400006,Power Of A Tender Heart,Sidewalk Prophets,Justin Richards,2025-02-14,138393911,0,steady,944842,814734,40,126,125,,177654,,yes
USUMV2500558,Jim Bob,HARDY,"David Garcia,Michael Hardy",2025-02-11,,,,,,,,,,,,no_match(ok)
USUG12501098,Psycho,HARDY,Michael Hardy,2025-02-07,143185665,0,steady,296386,244712,31,4,3,22,,,yes
USUG12501093,Wait In The Truck,HARDY,Michael Hardy,2025-02-07,143185666,0,steady,248463,205980,31,,,61,389082,,yes
USUG12501087,One Beer,HARDY,Michael Hardy,2025-02-07,143185673,0,steady,322674,270507,32,37,29,3,44434,,yes
USQX92500205,Red Letter Blueprint,"Scotty McCreery ,Jason Crabb","Brent Anderson,Derek George,Jeremy Bussey,Monty Criswell",2025-02-07,143187070,2,steady,976352,846835,39,,,13,,953,yes
QZRD92406492,Liquor & Cigarettes,LECADE,LECADE,2025-02-07,143187108,0,steady,390994,359436,27,,,2,6104,,yes
USWB12405148,I Don't Like You Anymore,Maddox Baston,David Garcia,2025-02-06,143187114,2,steady,6267136,5164224,52,1750,1099,27896,8113232,7862,yes
QZ5FN2505998,Everything Changed,First Time Thieves,"Justin Halpin,Cale Dodds",2025-02-06,143243863,,,,,1,,,,,,yes
ES75E2500279,Mala Fama,Marc Tinez,"Chizzy,Marc Tinez",2025-01-30,142924135,0,steady,1950,1404,4,,,,761,6,yes
BEIW12500028,Tears On My Piano,Joel Corry,Melodie Wagner,2025-01-24,142533016,2,steady,3514117,3383720,38,2586,2453,324,170236,23716,yes
USWB12405417,Mine Tomorrow,Hudson Westbrook,Ryan Beaver,2025-01-24,142566005,1,gradual decline,34368569,30110878,62,,,24568,2088695,20981,yes
CA74P2400009,The Life For Me,Jess Moskaluke,"Jessica Cayne,Matthew Morrisey",2025-01-24,142553427,0,steady,590509,545973,31,3284,3154,,69454,1006,yes
USUG12409347,Those Kind Of Women,Lauren Alaina,"Derek George,Monty Criswell",2025-01-22,142532270,5,steady,1435878,1322426,38,311,292,2730,925933,5351,yes
USUG12500506,Slow Motion,Marshmello,Nick Gale,2025-01-17,142197544,1,gradual decline,63845886,55740609,69,91841,88439,4654,4834407,409036,yes
QZXF32400015,Sundress Cigarette,mxrgan,Sawyer Utah,2025-01-17,142476307,0,growth,490436,355203,20,,,,970,82,yes
QMFME2478639,Shyne 4 Me,Knock2,Hamish,2025-01-17,142211194,0,steady,1186954,1041875,39,12,5,14,67053,666,yes
QMFME2478555,Shake The City,Knock2,Hamish,2025-01-17,142197525,5,steady,5775009,4981139,52,1982,1809,149,223529,14793,yes
QMFME2478670,Fast N Slow,Knock2,Hamish,2025-01-17,142211185,0,steady,1009255,868107,40,33,25,6,86221,,yes
QZSY62100225,Damn Those City Lights,Desure,Joe Janiak,2025-01-17,142219877,,gradual decline,10939,10790,3,,,,,16,yes
USUG12500103,Jim Bob,HARDY,"David Garcia,Michael Hardy",2025-01-17,142353008,0,steady,640981,549191,11,2,2,,179661,,yes
USUG12500102,Jim Bob,HARDY,"David Garcia,Michael Hardy",2025-01-17,,,,,,,,,,,,no_match(ok)
USUG12500101,Jim Bob,HARDY,"David Garcia,Michael Hardy",2025-01-17,142234227,0,steady,641376,548636,34,,,417,72193,,yes
QT3F42463160,World Burns Down,Jasper Charles,Joe Bryson,2025-01-17,142266249,,growth,142864,126700,24,,,,24408,732,yes
USA5W2400055,Real Love,Ryan Ellis,Shane Stevens,2025-01-17,142233745,0,steady,1032110,1002786,27,24,24,2,92971,915,yes
CA74P2400010,That's More Like It,Savannah Jade,Cale Dodds,2025-01-17,142223182,,growth,316139,289921,26,,,,22477,2519,yes
QZWUY2400042,Motel Livin',Brooke Lee,Brooke Lee,2025-01-17,142233780,0,steady,166566,139875,29,,,16,,69,yes
QZWUY2400043,Devil On My Shoulder,Connor McCutcheon,"Brent Anderson,Connor McCutcheon",2025-01-17,142233755,0,growth,52121,50205,10,,,,1620,28,yes
QZYG82300097,Pray Your Name,Hudson Westbrook,Ryan Beaver,2025-01-13,139368168,3,gradual decline,21376339,18836068,60,,,51975,1881295,23778,yes
QZW9K2494728,Live To Die,Tommy Lyon,Jordan Cosmo,2025-01-10,141982238,,growth,541665,467912,32,,,,,955,yes
USM1C2400015,Father Let It Be,Sidewalk Prophets,Justin Richards,2025-01-10,138393907,5,steady,1843087,756304,56,914,561,172,586011,17546,yes
USWB12404149,Can A Heart Take,Warren Zeiders,Ryan Beaver,2025-01-10,141941221,4,gradual decline,11812285,10809259,50,86,86,11695,60068,13489,yes
QMRSZ2402158,Boom Boom Sauce,Austin & Colin,Bobby Hamrick,2025-01-10,142168984,,decline,76630,54637,25,,,21,13153,45,yes
QZZEB2462872,Change Is A Beautiful Thing,First Time Thieves,"Cale Dodds,Justin Halpin",2025-01-02,142894865,,,1328,1212,1,,,,,,yes
QZW9L2499382,She Went LA (Without Her Passport),Zach Loizou,Jordan Cosmo,2024-12-27,141407415,,steady,293741,276952,26,,,76,,101,yes
USAR12400565,Simple Life,Zach Hood,Sawyer Utah,2024-12-20,141048233,0,steady,2276423,2164076,38,,,277,188,3186,yes
QZZ7M2425596,24/7,Brooke Daye,Patrick Ridgen,2024-12-13,140744183,,steady,231699,191401,30,,,,1118,,yes
QMDA62472896,Cosmic Superhighways,Peacemode,Joe Janiak,2024-12-11,140661377,0,growth,49457,46097,13,,,,2040,24,yes
QMBZ92445448,Ladder of Love,Peacemode,Joe Janiak,2024-12-11,136644951,0,steady,52832,51140,9,,,,1200,88,yes
QMDA62470637,Wild Ones,Peacemode,Joe Janiak,2024-12-11,138988144,0,steady,47266,45649,9,,,,884,44,yes
QM7282430602,Sweet Anjali,Peacemode,Joe Janiak,2024-12-11,134832412,0,steady,106576,101538,16,,,,6130,218,yes
QZZ772463855,Hand in Hand,Koda Kids,Autumn Rowe,2024-12-06,144366696,,steady,1998,1908,1,,,,,,yes
QZWUY2300005,Look At Me Now,First Time Thieves,"Cale Dodds,Justin Halpin",2024-12-06,108035514,,,1095,1005,1,,,,,,yes
QMRSZ2401893,Big Bad Frog,Austin & Colin,"Bobby Hamrick,Shane Stevens",2024-12-06,140427376,,steady,568027,240419,45,,,,164865,1021,yes
QZS7J2471444,Dangerous Game,"""Stellar, Camylio""",Camylio,2024-12-06,139400849,0,steady,3362255,3064889,45,,,159,327089,,yes
QZEQU2402058,Dear Santa,Jenna Davis,Shane Stevens,2024-11-29,140155617,0,steady,231737,206942,27,,,1033,259618,,yes
QT2JK2400024,Flame/Downfall,Graham Bright,Sawyer Utah,2024-11-22,139776309,5,steady,30978,29113,5,,,17,15905,67,yes
QZZ8A2496216,WWJGTD,Joe Bryson,Joe Bryson,2024-11-22,139762660,0,growth,57063,40347,23,,,1,,13,yes
QZZ8A2496212,More Days Like Today,Joe Bryson,Joe Bryson,2024-11-22,139762656,0,steady,26455,18900,19,,,1,1061,8,yes
QZZ8A2496222,Lighter,Joe Bryson,Joe Bryson,2024-11-22,139762658,0,steady,3110,2604,5,,,1,,1,yes
USA2P2469410,Tops,VITA,Hamish,2024-11-15,139461040,3,steady,66280,59395,18,4,4,8,7913,,yes
USA2P2469406,Reload,VITA,Hamish,2024-11-15,139699727,3,steady,39451,36749,13,,,,1849,,yes
USA2P2469405,Island,VITA,Hamish,2024-11-15,139627039,4,gradual decline,15826,14525,9,,,,1195,,yes
USA2P2469404,Fade,VITA,Hamish,2024-11-15,139371749,3,steady,188081,176186,22,6,6,24,581414,,yes
USA2P2469407,Alive,VITA,Hamish,2024-11-15,139507240,3,decline,33421,31313,12,,,,245,,yes
QZVEM1827524,Sweet Pea,Mira Housey,Mira Housey,2024-11-15,139558629,,steady,4680,3722,5,,,,1408,159,yes
QZVEM1827523,If It's The End,Mira Housey,Mira Housey,2024-11-15,139488981,,steady,199197,177161,25,,,1,21383,7478,yes
QZVEM1827522,Mia,Mira Housey,Mira Housey,2024-11-15,139558627,,steady,29410,22916,13,,,,986,276,yes
QMBZ92444770,Inside Your Love,Silverlites,Rich Robinson,2024-11-15,139457296,,steady,3465,3389,1,,,,,6,yes
QMBZ92444761,Still Don't Know You,Silverlites,Rich Robinson,2024-11-15,139455224,,steady,11123,10822,2,,,,,34,yes
QMBZ92444760,No One To Follow,Silverlites,Rich Robinson,2024-11-15,139396082,,steady,8540,8354,1,,,,,23,yes
QMBZ92444759,Forever And A Day,Silverlites,Rich Robinson,2024-11-15,139404103,,steady,10441,10142,2,,,,,60,yes
QMBZ92444763,When You're Around,Silverlites,Rich Robinson,2024-11-15,139457284,,steady,9464,9281,2,,,,,10,yes
QMBZ92444764,Need to Fly,Silverlites,Rich Robinson,2024-11-15,139457290,,steady,8191,8024,1,,,,,24,yes
QMBZ92444768,Lifted,Silverlites,Rich Robinson,2024-11-15,139457301,,steady,3668,3563,1,,,,,4,yes
QMBZ92444767,Looking For A Friend,Silverlites,Rich Robinson,2024-11-15,139455249,,steady,4935,4842,1,,,,,5,yes
QMBZ92444765,No Time,Silverlites,Rich Robinson,2024-11-15,139457305,,steady,6319,6160,1,,,,,12,yes
QMBZ92444769,No More,Silverlites,Rich Robinson,2024-11-15,139437972,,steady,4171,4098,1,,,,,3,yes
USAR12400420,Hole In My Pocket,Zach Hood,"Camylio,Sawyer Utah",2024-11-15,139387198,0,steady,592770,517533,34,,,,33262,,yes
QZAKB2432395,Worry About You,Remy,Remy Gautreau,2024-11-15,139385042,0,steady,84181,78953,11,,,87,1135,51,yes
US38Y2426651,Mistake,Keni Titus,Jason Vance Harris,2024-11-14,139366051,0,steady,1257347,1143587,38,,,36,207891,409,yes
QZEQU2402090,Slow Motion,Michael Rotundo,Patrick Ridgen,2024-11-08,139058768,0,growth,62938,53056,19,,,,7406,31,yes
QZZ8A2461741,When The Sun Goes Down,First Time Thieves,"Cale Dodds,Justin Halpin",2024-11-07,139084065,,,,,0,,,,,,yes
QT2JK2400012,Grid,Sophia Sheth,Remy Gautreau,2024-11-06,136004114,,gradual decline,34969,34136,4,,,,20036,259,yes
USUYG1578144,Wings,Camo,Hunter Madrid,2024-11-04,137763343,3,steady,350626,297069,29,,,,80023,597,yes
USUYG1578143,Waterfalls,Camo,Hunter Madrid,2024-11-04,137732914,3,steady,507609,438676,30,,,7,648842,954,yes
QMBZ92444766,Dark and Magic Sky,Silverlites,Rich Robinson,2024-11-01,138701409,,steady,11975,11790,1,,,,,22,yes
QZAKB2432769,Cinematic,David Alexander,Sawyer Utah,2024-11-01,138760701,,growth,119055,107922,21,,,1,2993,,yes
QZWFQ2436849,Call It,Cat Flint,Joe Bryson,2024-11-01,139495139,,,4576,4269,1,,,,,2,yes
QMRSZ2500543,Move It,Austin & Colin,Bobby Hamrick,2024-11-01,146036218,,steady,150912,126934,26,,,54,,329,yes
QMRSZ2401767,Move It,Austin & Colin,Bobby Hamrick,2024-11-01,138736957,3,steady,1514062,1348144,40,2,2,4122,180656,4830,yes
QZEQU2401958,Really Bad Kisser,Jenna Davis,Shane Stevens,2024-11-01,138708853,0,steady,560006,442372,38,,,121,219757,548,yes
QZRD92406170,Liquor & Cigarettes,LECADE,LECADE,2024-11-01,138686011,2,steady,4124665,3522526,48,1,1,1856,3116897,2100,yes
AEA3A2314337,Boy Like You,Fiaa Hamilton,Jordan Cosmo,2024-10-31,142852249,,,5682,5371,3,,,,,2,yes
QZWFL2425896,Ready for the Worst,Bobby McClendon,Joe Bryson,2024-10-29,138688901,,,1683,1532,1,,,,1032,2,yes
QZWH32400551,I Hate Cowboys,Chase Rice,Michael Hardy,2024-10-25,138389773,0,steady,33928,31278,11,,,4,,,yes
QZRD92406128,This Party Sucks,Ryan Hurd,"Brinley Addington,David Garcia,Ryan Beaver",2024-10-25,138277414,3,steady,932762,887564,30,,,4,46880,2248,yes
GBUM72402504,Sweetness,Elmiene,Ely Rise,2024-10-25,119705145,5,steady,2598649,2345083,42,448,395,169,1419252,44691,yes
QZTVM2459712,Naughty Boys,Zach Loizou,Jordan Cosmo,2024-10-24,138369632,3,steady,358878,339921,27,,,48,4323,88,yes
USA2P2454522,Butterflies,VITA,Hamish,2024-10-18,135615104,3,steady,341466,323586,24,,,28,11162,1240,yes
USA2P2464437,Savior,VITA,Hamish,2024-10-18,138053279,2,steady,640948,602811,28,,,55,392757,,yes
QT2JK2400020,Wrestling With God,Graham Bright,Remy Gautreau,2024-10-18,138051048,0,steady,15716,14970,3,,,2,834,25,yes
QZAKB2418142,All That Matters,Remy,Remy Gautreau,2024-10-18,138135851,0,steady,31278,29648,8,,,1,1796,,yes
QZWFN2481386,Perfect,9rofit,"Patrick Ridgen,RYON",2024-10-18,,,,,,,,,,,,no_match(ok)
QZW9K2407152,Hate.Ur.Happy,Liam Coleman,Joe Bryson,2024-10-18,138236559,,,24567,22956,10,,,,,18,yes
QMBZ92444762,"Don't Go, Don't Stay",Silverlites,Rich Robinson,2024-10-11,137762271,,gradual decline,36713,35916,3,,,,26794,892,yes
QT2VB2430871,Nobody Knows My Name,Mira Housey,Mira Housey,2024-10-11,137755174,,steady,26961,22537,13,,,,962,23,yes
QZWV32473266,Wild Magnolia,Joe Bryson,Joe Bryson,2024-10-11,137731690,0,steady,435327,324037,36,,,460,49875,288,yes
GXD7V2301213,Something That You're Not,Bryce Vine,Erik Belz,2024-10-04,137352898,0,steady,1123770,1062194,33,,,30569,73609,2036,yes
QM24S2406224,Hands Up,Backpack Jones,RYON,2024-10-04,148722818,,,,,,,,,,,yes
USAR12400371,Happy Ever After,Zach Hood,Sawyer Utah,2024-10-04,137318383,0,steady,3190263,2776604,46,,,158,626898,4845,yes
QZQAY2454452,I Got It,Jules Halpern,Autumn Rowe,2024-10-03,138522494,,,5843,5483,3,,,,,8,yes
USHR12448596,Magic,Andy Grammer,Autumn Rowe,2024-10-02,137241638,1,steady,5238108,4186782,54,1055,1045,882,653240,26836,yes
QZWUY2400027,Justified,Connor McCutcheon,"Connor McCutcheon,Mike Fiorentino,Sawyer Utah",2024-09-27,136987418,0,steady,15750,14984,5,,,,7393,17,yes
QMBZ92460557,san fran (feat. mxrgan),Sawyer Utah,Sawyer Utah,2024-09-27,136987514,4,steady,245089,224111,24,,,115,19537,2012,yes
QZZVQ2400211,Hungover In A Deer Stand,Dylan Marlowe,"David Garcia,Ryan Beaver",2024-09-27,136997743,0,steady,1229344,1080262,39,,,128,123947,,yes
USAT22408756,Damn Good Life,Brittney Spencer,Autumn Rowe,2024-09-27,137156708,,growth,6650,5838,6,,,,4292,,yes
DGA0L2420157,Off My Mind,Delf,blckatom,2024-09-27,136978493,,,5436,5055,4,,,,,30,yes
DGA0L2420156,Delicious,Delf,blckatom,2024-09-27,136962474,,steady,32170,31580,5,,,,62609,65,yes
AEA3A2426038,Rivers In The Night,Fiaa Hamilton,Jordan Cosmo,2024-09-20,137562270,,,6041,5427,5,,,,,331,yes
QZAKB2418140,Pool With Our Clothes On,Remy,Remy Gautreau,2024-09-20,136672636,0,steady,79321,73853,13,,,9,3805,73,yes
QM7YK2300250,El Diablo,Neon Trees,Joe Janiak,2024-09-20,129594175,0,steady,683661,570871,38,146,75,1,119999,1984,yes
USUM72409508,Game Show,GIna Alice,Joe Janiak,2024-09-20,136820645,,steady,4019,3673,1,,,,,,yes
USUM72409506,Lonely In Paris,GIna Alice,Joe Janiak,2024-09-20,136690494,,steady,6212,5869,2,,,,6017,,yes
TCAIR2464793,Let's Get Rollin,Gowa Gibbs,Dave Cohen,2024-09-20,136779881,,,47261,41497,17,,,,,28,yes
USC4R2441697,Vienna (Everything's Fine),Vienna Vienna,Joe Janiak,2024-09-18,136632946,2,steady,2641122,2332551,44,,,26,803235,4512,yes
USUYG1569703,I Could See It,Jordana Bryant,Matthew Morrisey,2024-09-13,136315532,0,steady,211945,187729,28,,,,64930,,yes
QZEQU2401669,College Town Taught Me,Grant Gilbert,Matthew Morrisey,2024-09-06,135936590,0,steady,314929,280501,31,,,57,10025,132,yes
USQX92401584,Fall of Summer,Scotty McCreery,"Brent Anderson,Derek George,Frank Rogers,Monty Criswell",2024-09-06,135976093,0,steady,6862047,6010715,25,,,68,,,yes
QZWV32444786,Feel Some Kinda Way,First Time Thieves,"Cale Dodds,Justin Halpin",2024-09-05,136608072,,,,,0,,,,,,yes
QZXDB2300109,Universe,David Kushner,Nick Gale,2024-08-30,135660406,4,steady,5735406,5076706,52,,,1862,1874902,,yes
TLVEM2484877,Fall Apart,Mira Housey,Mira Housey,2024-08-30,136075541,,steady,9596,8568,4,,,,383,,yes
FRZ042400306,Joy,Angelique Kidjo,Autumn Rowe,2024-08-30,135613562,1,steady,4171660,3852222,39,1991,1771,37330,2983520,65636,yes
QZTAW2428962,Montana Mustang,Clay Cormier,Joe Bryson,2024-08-30,135807648,,,7462,6351,7,,,,,45,yes
QM24S2404551,Sadder Day,Craig Campbell,Brinley Addington,2024-08-30,135630509,,steady,662288,532048,39,,,1,23704,,yes
USUM72409932,Train Of Thought,Vincent Mason,Ryan Beaver,2024-08-30,135607568,4,steady,6888750,5195021,58,243,243,966,237533,3645,yes
USA2P2434266,Sayless,VITA,Hamish,2024-08-29,131419125,3,steady,217662,206517,19,,,1,16565,535,yes
QZQAY2439343,Man Down!,Marino.,Patrick Ridgen,2024-08-23,135331562,,,,,0,,,,,,yes
QZAKB2416372,Finding My People,Remy,Remy Gautreau,2024-08-23,135309186,0,growth,267792,246252,21,,,130,8215,865,yes
QZWUY2400024,Heart Starts Healing,Brooke Lee,Brooke Lee,2024-08-23,135457809,0,growth,12077,11352,5,,,8,,,yes
USUM72407249,I'm Pretty,KATSEYE,Nick Gale,2024-08-16,134739597,2,gradual decline,58877107,37637736,76,14,13,19925,1472902,28077,yes
QZS7J2382811,Dopamine,Mathes,Hamish,2024-08-16,112041531,,steady,54572,54089,3,,,,,10,yes
QZFZ42403365,Cut Me Open,JaeyBxrd,Remy Gautreau,2024-08-16,116399405,3,steady,1205115,1085872,38,,,16,12134,247,yes
QT2JK2400004,Good Bad & Ugly,JaeyBxrd,Remy Gautreau,2024-08-16,134735293,2,steady,2994529,1990693,54,,,94,44228,944,yes
QZNMU2422298,Spin The Town,Richie Allen,Chizzy,2024-08-16,134781553,,steady,642243,621469,24,,,,102865,,yes
QM7282455531,"Holding On, Holding Out",Adam Chaffins,Adam Chaffins,2024-08-12,134602183,0,steady,39427,37621,9,,,,1479,86,yes
CBE5Q2400004,You,Nathalie King,Joseph of Mercury,2024-08-09,134194672,,steady,7161,7105,1,,,,,7,yes
QZTAX2494466,Fragile,Ellee Duke,Mira Housey,2024-08-09,134113718,,steady,28560,26358,9,,,,20588,18,yes
QZQAY2400222,The Way I Lose,John Daly,"Jeremy Bussey,Tyler Reeve",2024-08-09,134426041,,,5599,4696,6,,,,10575,,yes
QZSYP2469089,Wasted Prayers,John Daly,Tyler Reeve,2024-08-09,134426025,,,16271,14182,10,,,,1858,8,yes
USAT22402899,Pilot,Ravyn Lenae,Ely Rise,2024-08-09,134165384,4,steady,5826131,4791010,53,14,14,566,307725,4997,yes
USAT22402900,Days,Ravyn Lenae,Ely Rise,2024-08-09,134165494,4,steady,9192756,7238267,56,27,26,710,435657,,yes
USAT22402896,Candy,Ravyn Lenae,Ely Rise,2024-08-09,134165531,4,steady,3408769,3087342,45,35,32,10353,99666,3107,yes
USRC12402532,FIJI,Eem Triplin,Ely Rise,2024-08-04,133924967,0,steady,9413799,8618567,18,,,1076,,,yes
USRC12402530,FIJI,Eem Triplin,Ely Rise,2024-08-04,133869221,1,gradual decline,9409549,8606718,48,90,79,3941,1229565,43269,yes
QZNJY2437801,This Skin,MILCK,Autumn Rowe,2024-08-02,133645979,,steady,99137,91898,14,,,4,4201,71,yes
USUM72408817,DMPB,Yung Gravy,"Patrick Ridgen,RYON",2024-08-02,133329014,1,steady,1961361,1725042,43,,,350,453359,,yes
USUM72408819,DMPB,Yung Gravy,"Patrick Ridgen,RYON",2024-08-02,133612474,0,steady,1961361,1734450,14,,,,,,yes
QZWDE2432007,Good Day,Cale Dodds,Cale Dodds,2024-08-02,133392821,,steady,40532,37412,12,,,64,,,yes
USA2P2444866,Where Are You Tonight?,Gryffin,Melodie Wagner,2024-08-01,133325094,5,steady,2171949,1862858,44,1830,1819,71,188342,23352,yes
QZWDE2429149,What It Looks Like,First Time Thieves,"Cale Dodds,Justin Halpin",2024-08-01,133639024,,,30964,29531,8,,,,6201,,yes
QM6P42480093,With You Now,Navos,Melodie Wagner,2024-07-26,131419818,0,growth,263157,253206,20,,,7,35238,788,yes
QZWUY2400023,Heart Starts Healing,Brooke Lee,Brooke Lee,2024-07-26,131804348,3,steady,112105,90955,26,,,47,25435,112,yes
USAT22402894,One Wish,Ravyn Lenae,Ely Rise,2024-07-26,131343261,1,gradual decline,32819907,29137422,61,4009,3553,2147,1692625,70748,yes
QZTAU2423118,222,blckatom,blckatom,2024-07-26,134400307,,,,,1,,,,,2,yes
USUMV2402419,Time To Be Dead,HARDY,"David Garcia,Michael Hardy",2024-07-24,,,,,,,,,,,,no_match(ok)
USUMV2500633,Psycho,HARDY,Michael Hardy,2024-07-24,,,,,,,,,,,,no_match(ok)
USUMV2402424,Jim Bob,HARDY,"David Garcia,Michael Hardy",2024-07-24,,,,,,,,,,,,no_match(ok)
USWB12402977,Fight Like Hell,Warren Zeiders,Ryan Beaver,2024-07-23,135291783,1,steady,17231237,15401905,56,,,2804,2046968,13177,yes
USA5W2300669,Still Waters,Leanna Crawford,Justin Richards,2024-07-19,121013217,1,steady,65372043,50324540,71,2963,2468,31483,23359647,280136,yes
USRC12402293,We Are God,Childish Gambino,Ely Rise,2024-07-19,129609272,5,steady,4193901,4015438,40,,,27,360840,,yes
GBUM72403865,Sweetness,Elmiene,Ely Rise,2024-07-19,129960663,0,steady,187065,160506,25,,,20,126573,,yes
USRC12402302,Survive Feat. Chloe,Childish Gambino,Ely Rise,2024-07-19,129609247,4,steady,13135570,12341149,51,277,273,285,1348306,6737,yes
USRC12402337,Steps Beach,Childish Gambino,Ely Rise,2024-07-19,,,,,,,,,,,,no_match(ok)
USRC12402298,Steps Beach,Childish Gambino,Ely Rise,2024-07-19,129610275,4,steady,18907474,17620161,55,339,308,1009,1133965,,yes
USRC12402303,No Excuses,Childish Gambino,Ely Rise,2024-07-19,129609268,5,steady,9049078,8457172,49,204,189,368,892074,17390,yes
USRC12402186,In The Night,Childish Gambino,Ely Rise,2024-07-19,128948052,4,steady,35640938,33586715,57,21802,21114,925,2232918,66031,yes
USRC12402339,Got To Be,Childish Gambino,Ely Rise,2024-07-19,,,,,,,,,,,,no_match(ok)
USRC12402297,Got To Be,Childish Gambino,Ely Rise,2024-07-19,129609245,5,steady,9657964,9159311,48,183,163,420,341319,7618,yes
USRC12402299,Cruisin',Childish Gambino,Ely Rise,2024-07-19,129609265,4,steady,11672915,10988053,50,76,64,429,1072609,,yes
USUMV2402172,Psycho,HARDY,Michael Hardy,2024-07-16,,,,,,,,,,,,no_match(ok)
QZTAT2440740,Impress Me,Angel Delrae,Angel Delrae,2024-07-16,,,,,,,,,,,,no_match(ok)
QZTAS2483518,Don't Act Like That,Angel Delrae,Angel Delrae,2024-07-14,,,,,,,,,,,,no_match(ok)
USQX92403339,Levels,Chenayder,Remy Gautreau,2024-07-12,128013877,,growth,295171,269825,26,25,24,23,80709,868,yes
QZQAY2415766,Guess Who,Black Caviar,Remy Gautreau,2024-07-12,128034297,,steady,14068,13266,6,,,,21707,,yes
QM6P42452809,Nights Like This,Sawyer Utah,Sawyer Utah,2024-07-12,133768045,0,steady,10367,9859,4,,,,,,yes
USUG12402783,Time To Be Dead,HARDY,"David Garcia,Michael Hardy",2024-07-12,,,,,,,,,,,,no_match(ok)
USUG12402764,Time To Be Dead,HARDY,"David Garcia,Michael Hardy",2024-07-12,128214251,5,steady,2052805,1851010,42,,,28,,,yes
USUG12402791,Psycho,HARDY,Michael Hardy,2024-07-12,,,,,,,,,,,,no_match(ok)
USUG12402790,Psycho,HARDY,Michael Hardy,2024-07-12,,,,,,,,,,,,no_match(ok)
USUG12402771,Psycho,HARDY,Michael Hardy,2024-07-12,120640975,1,gradual decline,48957187,42977526,65,36806,36282,8916,7848223,141350,yes
USUG12402760,Psycho,HARDY,Michael Hardy,2024-07-12,120667221,0,gradual decline,48957187,42977526,38,,,,,,yes
USUG12402786,Jim Bob,HARDY,"David Garcia,Michael Hardy",2024-07-12,,,,,,,,,,,,no_match(ok)
USUG12402762,Jim Bob,HARDY,"David Garcia,Michael Hardy",2024-07-12,121441167,1,gradual decline,35468004,29761185,66,23551,22752,8318,9534406,131264,yes
QZTAS2423469,The One Who Got Away,Angel Delrae,Angel Delrae,2024-07-12,,,,,,,,,,,,no_match(ok)
QMRSZ2400720,Ashes,Tim Montana,"Mike Fiorentino,Tim Montana",2024-07-12,119082766,0,steady,293642,244066,30,,,4,74359,179,yes
QMRSZ2400726,Ain't Coming Down,Tim Montana,"Mike Fiorentino,Tim Montana",2024-07-12,119082763,0,growth,97081,87887,19,,,4,6865,,yes
QMRSZ2400728,Day By Day,Tim Montana,"Mike Fiorentino,Tim Montana",2024-07-12,119082775,0,growth,85509,75815,20,,,3,14942,,yes
QMRSZ2400724,Get You Some,Tim Montana,"Mike Fiorentino,Tim Montana",2024-07-12,119082769,0,steady,397177,353586,30,,,19,261818,879,yes
QMRSZ2400727,Lovely,Tim Montana,"Mike Fiorentino,Tim Montana",2024-07-12,119082762,0,steady,71287,65379,17,,,2,,,yes
QMRSZ2400723,Right Again,Tim Montana,"Jessica Cayne,Tim Montana",2024-07-12,119082768,0,steady,125782,110324,22,,,1,,,yes
USUG12402759,I Don't Miss,HARDY,David Garcia,2024-07-12,128214237,1,steady,3090953,2956781,45,,,239,536714,1068,yes
USUG12402758,Good Girl Phase,HARDY,David Garcia,2024-07-12,128111514,1,steady,3800096,3395567,46,,,294,749214,1822,yes
USUG12402767,Orphan,HARDY,David Garcia,2024-07-12,128214218,5,steady,2197051,1876742,43,,,22,118318,,yes
QZRD92405476,Tennessee Dream,Avery Roberson,Matthew Morrisey,2024-07-12,128039849,0,gradual decline,196856,179819,25,,,,39767,291,yes
QZNWX2486094,Sensitive,Kyra Fields,Mira Housey,2024-07-11,128363029,0,steady,100818,85335,21,,,2,31476,87,yes
USUMV2402258,Time To Be Dead,HARDY,"David Garcia,Michael Hardy",2024-07-11,,,,,,,,,,,,no_match(ok)
USUMV2402416,Psycho,HARDY,Michael Hardy,2024-07-11,,,,,,,,,,,,no_match(ok)
USUG12403166,Dusk Till Dawn,Camylio,Camylio,2024-07-05,126260931,0,steady,6837442,6211883,49,,,151,929773,,yes
TCAIJ2481563,Last American Outlaw,Trey Gallman,Joe Bryson,2024-07-04,134092711,,,34689,33314,8,,,,,11,yes
QZWDD2422686,Confetti,First Time Thieves,"Cale Dodds,Justin Halpin",2024-07-04,130851852,,,,,1,,,,,,yes
NLRD52406262,Can't Complain,Chase Behar,Shane Stevens,2024-06-28,125990973,,steady,221700,208404,23,,,,,1175,yes
QZEQU2401006,Good Again,Ryan Kinder,Cale Dodds,2024-06-28,124281400,0,steady,101765,91707,1,,,10,552,,yes
US23A1580813,Let's Go Let's Go,Lenny Pey,"Cale Dodds,Joy Williams",2024-06-28,124373415,,growth,3158,2559,2,,,,,18,yes
US23A1580811,Big Feelings,High Valley,Cale Dodds,2024-06-28,124281413,0,steady,125944,116592,19,,,,20118,,yes
US23A1580808,Dream Up,Jaden Michaels,"Bobby Hamrick,Shane Stevens",2024-06-28,124212795,0,growth,42667,38576,14,,,7,,,yes
QM6N22468531,A Very Special Way,Peacemode,Joe Janiak,2024-06-26,122712096,0,steady,27796,27173,4,,,,,4,yes
QM6N22469305,Good Old Days,Peacemode,Joe Janiak,2024-06-26,123927446,0,steady,62374,60227,11,,,,107,22,yes
QM4TX2410227,My Love (Is Like A Waterfall),Peacemode,Joe Janiak,2024-06-26,117796236,5,steady,2180046,1965177,43,,,116,31064,13217,yes
QM6MZ2408446,"Oh, You Pretty People!",Peacemode,Joe Janiak,2024-06-26,120028615,0,steady,296874,282536,24,2,1,,68349,332,yes
USAT22402895,Dream Girl,Ravyn Lenae,Ely Rise,2024-06-26,123244028,4,steady,8943672,7763832,54,1301,1286,430,195793,17752,yes
QZQAY2487382,Red,Kiah Victoria,Autumn Rowe,2024-06-25,124006923,,steady,19140,17785,8,,,,157,109,yes
QZNWY2451558,Famous (Look Back At It),Angel Delrae,Angel Delrae,2024-06-24,137273421,,,,,0,,,,,,yes
QZNWX2489845,Sicka Love,Angel Delrae,Angel Delrae,2024-06-22,,,,,,,,,,,,no_match(ok)
QM6N22471458,Texas,Sawyer Utah,Sawyer Utah,2024-06-21,123257076,4,steady,260813,244590,21,,,369,25945,502,yes
QZWH32400202,He Carries Me,Halle Kearns,"Jessica Cayne,Justin Richards",2024-06-21,123281078,,steady,18291,17713,5,,,1,1500,,yes
USUM72405724,Bad Guy,Priscilla Block,David Garcia,2024-06-21,123208754,5,steady,3704943,3324949,47,122,121,1352,677477,5776,yes
USUM72405723,Hell Out Of A Hometown,Priscilla Block,David Garcia,2024-06-21,123215979,0,steady,703040,596825,37,80,78,93,150559,,yes
QZNB82404673,Dive Bar Baby,Ashlie Amber,"Jessica Cayne,Shane Stevens",2024-06-20,123240444,,steady,23756,23332,3,20,20,,,58,yes
QMRSZ2400722,Shut Me Out,Tim Montana,Tim Montana,2024-06-14,119082784,0,steady,582488,477547,39,,,11,214689,794,yes
QZNJV2403351,Love Letter,Connor McCutcheon,Connor McCutcheon,2024-06-14,122785781,0,steady,269896,259273,21,,,9,23522,133,yes
USUYG1548663,Liquor Talkin',Don Louis,Cale Dodds,2024-06-14,122781895,4,gradual decline,6566864,5496367,51,18,18,2050,12177498,60900,yes
QZNJV2403352,Top Of The Hill,Connor McCutcheon,"Brent Anderson,Connor McCutcheon",2024-06-14,122791911,0,steady,549577,544887,15,,,1,1939,127,yes
QZNJV2403350,Whiskey's Already Workin',Connor McCutcheon,"Brent Anderson,Connor McCutcheon",2024-06-14,122832190,0,growth,304794,299560,16,,,,,132,yes
GXD7G2390633,Barcelona,Alan Walker,Nick Gale,2024-06-13,122735585,1,gradual decline,59245497,58602794,60,21973,21321,90686,19824476,517149,yes
QZMEP2497725,Bitter Taste,Luca Lowe,Timothy Prater,2024-06-12,122766285,,,8441,8311,2,,,,,,yes
USUMV2402031,Psycho,HARDY,Michael Hardy,2024-06-12,,,,,,,,,,,,no_match(ok)
DES232400210,Sleep Talking,Beyond,Melodie Wagner,2024-06-07,122341550,2,steady,8246393,7860933,47,196,193,10,154659,,yes
CA5KR2463706,Don't Speak,Marshmello,Nick Gale,2024-06-07,122322345,4,steady,8235647,7898564,46,540,465,136,772420,13541,yes
QZTRX2458477,Look So Easy,First Time Thieves,"Cale Dodds,Justin Halpin",2024-06-06,122421782,,,1691,1470,4,,,,,,yes
USUYG1546294,Wildflowers,SOPHIA SCOTT,Shane Stevens,2024-06-06,122327393,4,steady,323214,302060,26,,,66,125202,1231,yes
DEE862400819,Ride Or Die,Declan J Donovan,Jordan Cosmo,2024-05-31,121462438,0,steady,1118874,920599,38,2186,2090,43,252121,9793,yes
QZRD92405212,You Get Me,LECADE,LECADE,2024-05-31,121494065,0,steady,5133216,4491957,49,,,98,1064719,2724,yes
QMRSZ2400903,Pour Decisions,Ryan and Rory,Remy Gautreau,2024-05-24,121013296,0,steady,524731,443113,36,19,19,,93206,10289,yes
USUM72405382,Take Too Much,Vincent Mason,Bobby Hamrick,2024-05-24,121046012,4,steady,1454450,1112313,46,,,12,347,,yes
QZEQU2400657,Overdoing Getting Over Me,Smithfield,Adam Wood,2024-05-24,121147131,0,steady,98209,87914,23,,,,3970,,yes
QZEQU2400656,Last Call Summer,Smithfield,Adam Wood,2024-05-24,121169715,0,growth,44718,42880,11,,,,8190,,yes
QZEQU2400655,Hell's A Heartbreak,Smithfield,Adam Wood,2024-05-24,120232266,0,gradual decline,62537,57784,17,,,,,,yes
USA2P2403322,On The Fence,Gowa Gibbs,"Jessica Cayne,Matthew Morrisey",2024-05-17,120661687,4,steady,2096101,1831946,45,,,47,300120,1825,yes
GBUM72402512,Sweetness,Elmiene,Ely Rise,2024-05-17,120640970,1,gradual decline,12988573,10258799,60,,,1033,1419252,24905,yes
QZTLA2448573,Turquoise,Joseph of Mercury,Joseph of Mercury,2024-05-16,121175703,,steady,,,6,,,,,27,yes
GBUM72401588,1:05,CHINCHILLA,Jordan Cosmo,2024-05-16,120638014,1,steady,6165829,5430316,51,,,2675,902242,19077,yes
USUMV2401752,Psycho,HARDY,Michael Hardy,2024-05-16,172376577,0,,48957187,48681273,28,,,,,,yes
SGW502497634,Love War,Fiaa Hamilton,Jordan Cosmo,2024-05-10,120775298,,,37626,30681,16,,,,19957,1110,yes
GBUM72402507,Mountains,Jonas Blue,Jordan Cosmo,2024-05-10,120370435,1,steady,21161082,19500157,56,16680,16109,383,1301636,111248,yes
QM24S2402476,Interlude / The Light,The Ready Set,RYON,2024-05-10,120411728,0,steady,44124,41581,11,,,,,,yes
USQX92304263,Cab In A Solo,Scotty McCreery,"Brent Anderson,Frank Rogers",2024-05-10,109144784,3,gradual decline,28320344,27674423,61,151850,150489,953,2299509,419279,yes
QZRD92303067,See You Next Summer,Brian Kelley,"David Garcia,Michael Hardy",2024-05-10,,,,,,,,,,,,no_match(ok)
QZRD92302981,See You Next Summer,Brian Kelley,"David Garcia,Michael Hardy",2024-05-10,103132434,2,steady,22199366,21489438,46,50069,50016,555,944353,,yes
QZTRX2453744,Hey Hey Mama,Joe Bryson,Joe Bryson,2024-05-10,120457383,0,steady,149743,107880,31,,,25,13806,39,yes
QZEQU2400825,Family Tree,Ryan Kinder,"Cale Dodds,Justin Halpin",2024-05-10,120401706,0,steady,112585,109634,1,,,5,1242,,yes
USUM72403823,Somebody's Child,Blessing Offor,Joy Williams,2024-05-10,120382039,1,steady,1866777,1556582,52,224,224,84,,9762,yes
QZMZ92414742,Slow It Down,Dan Smalley,"Frank Rogers,Tyler Reeve",2024-05-10,120444796,,growth,36112,31264,12,,,10,16329,51,yes
USQX92306500,Little More Gone,Scotty McCreery,"Bobby Hamrick,Brent Anderson,Derek George,Frank Rogers,Jeremy Bussey,Monty Criswell",2024-05-10,120425508,0,steady,313575,279057,29,,,3,170968,,yes
USQX92306497,Fall of Summer,Scotty McCreery,"Brent Anderson,Derek George,Frank Rogers,Monty Criswell",2024-05-10,120386352,1,steady,6862047,6010715,51,54986,54460,610,1728650,91345,yes
USQX92306507,Lonely Ain't Lonely,Scotty McCreery,"Bobby Hamrick,Brent Anderson,Derek George,Frank Rogers,Jeremy Bussey,Monty Criswell",2024-05-10,119705148,0,steady,520582,491453,28,,,3,116284,,yes
USQX92306503,Can't Pass The Bar,Scotty McCreery,"Brent Anderson,Cale Dodds,Frank Rogers",2024-05-10,115989974,5,steady,1853184,1713270,39,1020,1015,92,331625,,yes
USUG12401826,Runnin' Out Of Time,Sidewalk Prophets,David Garcia,2024-05-10,120425525,0,steady,1367726,1125512,43,51,41,878,221,1484,yes
QZPEW2428032,Thrill,Sydney Ross Mitchell,Hunter Madrid,2024-05-08,120356550,5,steady,924433,720490,43,,,3,177,254,yes
QZMEN2445011,Let Them Horses Run,The Kruse Brothers,"Jessica Cayne,Matthew Morrisey",2024-05-04,122445719,0,steady,92849,69466,27,,,,5429,30,yes
QZZVQ2400059,Miles On It,Marshmello,Nick Gale,2024-05-03,120075419,1,gradual decline,457489034,402510937,84,114973,108471,109277,38300377,1779202,yes
GBJAJ2400531,I Choose You,Chaney,Jordan Cosmo,2024-05-03,120089033,0,steady,3480471,3330769,39,,,44,129610,9518,yes
USUM72403433,Radio Silent,August Ponthier,Remy Gautreau,2024-05-03,120184428,4,steady,146012,136657,19,,,,,91,yes
DKUM72400183,Cheat Code,Lukas Graham,"Autumn Rowe,Shane Stevens",2024-05-03,120077038,5,steady,3049704,2863159,40,16933,16639,143,249847,66327,yes
USCRB2400022,Burn My Summer,Kelsey Hart,Ryan Beaver,2024-05-03,120087087,5,steady,2547290,2016838,51,100,93,392,1108,1938,yes
QZMZ92400970,Hangover,Connor McCutcheon,"Bobby Hamrick,Brent Anderson,Connor McCutcheon",2024-05-03,120119835,0,steady,87228,85947,6,,,1,3448,51,yes
GBWUL2447492,Sound Of The Spotlight,First Time Thieves,"Cale Dodds,Erik Belz,Justin Halpin,Patrick Ridgen",2024-05-02,136112510,,,,,,,,,,,error:ConnectionError
QZK6Q2412960,Cuidado,Sophia Treadway,Autumn Rowe,2024-05-01,,,,,,,,,,,,error:ConnectionError
ES75E2404085,If You Don't Mind - Acoustic Version - Slowed Down,Marc Tinez,Marc Tinez,2024-05-01,,,,,,,,,,,,error:ConnectionError
ES75E2404083,If You Don't Mind - Sped Up,Marc Tinez,Marc Tinez,2024-05-01,120161684,,,,,0,,,,,,yes
ES75E2404086,If You Don't Mind - Acoustic Version,Marc Tinez,Marc Tinez,2024-05-01,120161649,,,,,0,,,,,2,yes
ES75E2404084,If You Don't Mind,Marc Tinez,Marc Tinez,2024-05-01,120161727,,,,,0,,,,,,yes
UKW8X2400004,All The Time,Natalie Shay,Jordan Cosmo,2024-04-26,119722606,,steady,94005,93133,5,,,15,19857,,yes
QZK6L2407965,Minutes With You,Jake Clark,Mira Housey,2024-04-26,119756074,,steady,1053535,911434,39,,,20,1338,1571,yes
QZHNA2461016,Gutter,Sarah Cothran,Jessica Cayne,2024-04-26,119722520,0,steady,610330,582028,28,,,15,82799,488,yes
QZPEW2433690,Break Season,Mira Housey,Mira Housey,2024-04-23,120156836,,steady,269646,251754,19,,,,3068,189,yes
USA2B2400127,Breathe,Blunt Chunks,Joseph of Mercury,2024-04-19,119373637,,,3396,3251,1,,,,,2,yes
QZUCN2201638,Oh Lord,Chapter & Verse,Autumn Rowe,2024-04-19,119349573,,growth,40549,40013,4,,,1,,233,yes
QZEQU2400433,Nobody's Favorite,Brinley Addington,"Brinley Addington,Ryan Beaver",2024-04-19,119315267,,growth,42301,41656,5,,,,,18,yes
QMRSZ2302766,215634,Elvie Shane,Adam Wood,2024-04-19,119362237,0,steady,69668,63863,17,,,,7370,,yes
QMRSZ2302768,First Place,Elvie Shane,Adam Wood,2024-04-19,119295621,0,steady,786984,760516,28,,,30,74782,1045,yes
GBWUL2404622,Hands Are Tied,Steele Fountain,Jessica Cayne,2024-04-12,122064034,,,,,0,,,,,1,yes
QZGLM2423501,Two Truths And A Lie,Connor McCutcheon,"Brent Anderson,Connor McCutcheon,Jeremy Bussey",2024-04-12,118990889,0,steady,115912,113426,11,,,,1852,62,yes
USUYG1537761,Tequila on the Rocks,Chase Bryant,Ryan Beaver,2024-04-12,119045229,,growth,7760,7536,2,,,1,165,,yes
US38Y2406408,Waiting For You,See You Next Year,Hamish,2024-04-05,118513264,,growth,81854,76823,15,,,,,,yes
US38Y2406403,I Tried,See You Next Year,Hamish,2024-04-05,118524972,,growth,84773,80644,15,,,,8975,48,yes
US38Y2406400,Cesspool,See You Next Year,Hamish,2024-04-05,118537252,,steady,73951,69390,14,,,,4613,22,yes
US38Y2406404,Cannot Forget,See You Next Year,Hamish,2024-04-05,118537255,0,steady,232864,216356,24,213,181,7,1312,172,yes
US38Y2406388,Bob Dylan Bus,See You Next Year,Hamish,2024-04-05,118488186,0,steady,632892,601351,28,,,18,4141,721,yes
QZGLS2499850,Make You Look,DEE/MA,Remy Gautreau,2024-04-05,118541096,,,70681,67771,11,,,,13292,5814,yes
CA5KR2440516,Price Going Up,Black Caviar,Remy Gautreau,2024-04-05,118508006,4,steady,86734,69184,25,,,2,,584,yes
CA5KR2432467,Ramen Noodles,Black Caviar,Remy Gautreau,2024-04-05,118487484,0,steady,59581,58215,8,6,6,3,8739,227,yes
GBRKQ2451994,Better Everyday,First Time Thieves,"Cale Dodds,Justin Halpin",2024-04-04,118560811,,,,,1,,,,,,yes
USQX92306506,Red Letter Blueprint,Scotty McCreery,"Brent Anderson,Derek George,Jeremy Bussey,Monty Criswell",2024-03-29,118090713,3,steady,1402736,1316796,35,,,129,380654,,yes
USWB12306453,Take Her Home,Kenny Chesney,Michael Hardy,2024-03-22,113713955,4,steady,16924949,16785065,48,175929,175092,7722,881186,200635,yes
QZQAY2461361,Sugar,Joseph of Mercury,"JJ Scheff,Joseph of Mercury",2024-03-21,117855526,0,steady,8970,8605,3,,,,18569,21,yes
QZHN72480872,Last Laugh,Angel Delrae,Angel Delrae,2024-03-20,137273419,,,,,0,,,,,,yes
USME32300509,Kindred Friend,The Black Crowes,"Chris Robinson,Rich Robinson",2024-03-15,117363924,0,steady,517544,496451,25,38,38,6,134760,,yes
USME32300508,Follow The Moon,The Black Crowes,"Chris Robinson,Rich Robinson",2024-03-15,117363137,0,steady,692787,648744,30,80,80,6,204011,1625,yes
USME32300507,Flesh Wound,The Black Crowes,"Chris Robinson,Rich Robinson",2024-03-15,117363138,0,steady,575048,550451,26,53,53,2,149356,,yes
USME32300506,Bleed It Dry,The Black Crowes,"Chris Robinson,Rich Robinson",2024-03-15,117363923,0,steady,609811,582923,27,75,75,5,157247,,yes
USME32300505,Dirty Cold Sun,The Black Crowes,"Chris Robinson,Rich Robinson",2024-03-15,117363157,2,steady,963961,904629,32,284,277,10,271955,2629,yes
USME32300504,Wilted Rose (feat. Lainey Wilson),The Black Crowes,"Chris Robinson,Rich Robinson",2024-03-15,117273795,5,steady,2566996,2470083,36,2879,2873,12,212377,16039,yes
USME32300502,Cross Your Fingers,The Black Crowes,"Chris Robinson,Rich Robinson",2024-03-15,116633819,0,steady,1345690,1300869,28,702,691,7,232461,5560,yes
USME32300501,Rats and Clowns,The Black Crowes,"Chris Robinson,Rich Robinson",2024-03-15,117362020,5,steady,1382238,1288673,36,314,283,31,313160,4560,yes
USME32300500,Bedside Manners,The Black Crowes,"Chris Robinson,Rich Robinson",2024-03-15,117362683,0,steady,1214921,1143430,33,2608,2593,20,322152,,yes
GBRKQ2451913,It's Time,First Time Thieves,"Cale Dodds,Justin Halpin",2024-03-15,117420025,,,16854,16384,3,,,,,,yes
USUM72311168,Shame,Dahi,Ely Rise,2024-03-12,112009667,5,steady,3740725,3499840,43,,,50,229112,139645,yes
KRMIM2420154,I'm Ready,Chung Ha,Nick Gale,2024-03-11,117198599,4,steady,15622139,14451111,55,103,103,3775,17277948,85873,yes
USUM72400066,What Angels Do,Luke Grimes,Ryan Beaver,2024-03-08,117091120,0,steady,904286,773844,37,,,88,242270,,yes
QZ5AB2469336,Just Like That,Connor McCutcheon,"Cale Dodds,Chizzy,Connor McCutcheon",2024-03-08,117091280,0,steady,69405,68092,7,,,8,6246,160,yes
USUMV2400748,I Wrote The Book,Morgan Wallen,Michael Hardy,2024-03-03,,,,,,,,,,,,no_match(ok)
GBARL2400085,Nicotine Patch,Tim Gallagher,"Joy Williams,Matthew Morrisey",2024-03-01,116895502,4,steady,457975,430620,23,,,139,112023,821,yes
QZVX62400001,Slow Dance,Scotty McCreery,"Brent Anderson,Derek George,Monty Criswell",2024-03-01,117125006,0,growth,62061,55749,16,,,,1545,29,yes
QZFZ72401561,Waiting My Whole Life For This,Black Caviar,Remy Gautreau,2024-02-28,116907160,,steady,259548,113046,41,,,2,1830,4539,yes
QZPEW2405441,Talk Too Much,Mira Housey,Mira Housey,2024-02-27,116848609,,growth,47487,46248,8,,,,63,36,yes
QZPEW2405862,Superblue,Sydney Ross Mitchell,Hunter Madrid,2024-02-22,116833298,5,steady,2763745,2127740,50,,,116,15242,974,yes
NLZ542400071,Obsessed,Millean.,Melodie Wagner,2024-02-16,116644405,,growth,315097,302616,21,,,,27136,3107,yes
CA5KR2420427,Stick Up,Black Caviar,Remy Gautreau,2024-02-16,116649565,0,steady,78375,76926,9,14,14,2,5344,404,yes
USWB12400602,Happy Hurts Sometimes,Warren Zeiders,Ryan Beaver,2024-02-16,116632252,5,steady,6552907,6256894,45,,,870,1199768,,yes
USUM72401058,Good On You,Priscilla Block,David Garcia,2024-02-16,116633175,1,steady,26329520,25425686,49,12519,12320,10026,2638106,26118,yes
QZFZ72462095,Don't Break Itself,Clayton Mullen,"Cale Dodds,Justin Halpin",2024-02-16,116649628,0,steady,605425,570458,29,,,13,2071,206,yes
TCAHX2453085,Hold Your Horses,Michael Rotundo,Cale Dodds,2024-02-16,116713937,0,growth,308299,284523,28,,,,163724,898,yes
USCGH2488207,If It Ain't You,Joe Wodarek & 51 South,Josh Dunne,2024-02-15,122075978,,,,,0,,,,,,yes
USCGH2488206,Alright Right Now,Joe Wodarek & 51 South,Josh Dunne,2024-02-15,133900081,,,,,0,,,,,,yes
GBARL2400043,Life Story,Prinz,Nick Gale,2024-02-09,116508535,3,steady,6732874,6135205,49,,,17125,1193157,36530,yes
UKN8A2400001,Red Handed,Loud Liars,Jordan Cosmo,2024-02-09,116530371,,,46309,45241,1,,,,,90,yes
QZFZ42435590,One Last Time,Sawyer Utah,Sawyer Utah,2024-02-09,116530089,3,steady,570849,489791,36,,,236,257831,4036,yes
QZFZ42490093,You Left Me,Riley Taylor,Justin Halpin,2024-02-09,116520928,0,growth,208084,193028,23,,,,4824,662,yes
QZQAY2436257,True Love,Joseph of Mercury,Joseph of Mercury,2024-02-08,116773271,,steady,13017,12479,4,,,,2640,,yes
ES75E2400268,Nube,Marc Tinez,Marc Tinez,2024-02-07,116524943,,growth,1343,1271,0,,,,545,,yes
USRN12000044,Double Down,Chris Young,"Derek George,Monty Criswell,Tyler Reeve",2024-02-02,116414625,0,steady,1038143,999769,28,,,447,186392,,yes
USAT22400334,Praise The Lord,Breland,"David Garcia,Michael Hardy",2024-01-26,116322578,0,steady,340534,334167,18,,,1,,,yes
DGA0M2353745,Unplug the Jug,Josh Abbott Band,Ryan Beaver,2024-01-26,116336844,0,steady,65511,62890,12,,,,,,yes
QZRD92304373,Bed We Made,LECADE,LECADE,2024-01-26,116324838,0,steady,3908425,3492284,46,,,58,297704,,yes
QZTLA2475963,Reaper,Joseph of Mercury,Joseph of Mercury,2024-01-25,116299720,,steady,18523,17927,5,,,,891,,yes
QZS632234149,Halo,Remedy Club,Melodie Wagner,2024-01-19,116170029,0,steady,387399,368062,24,,,73,15782,7323,yes
USAR12300480,Dopamine,Zach Hood,Camylio,2024-01-19,116162972,0,steady,2617921,2217503,46,,,,428587,2179,yes
ES75E2308547,Nada Me Vale,Marc Tinez,Marc Tinez,2024-01-18,116185861,,steady,14023,13886,1,,,,,4,yes
USME32300503,Wanting and Waiting,The Black Crowes,"Chris Robinson,Rich Robinson",2024-01-12,115982873,5,steady,6014426,5711394,40,30919,29991,274,1941548,104478,yes
QZWFN2341353,Nice Things,SZNS,Chizzy,2024-01-12,116003628,,,59804,56942,10,,,,239,49,yes
TCAHQ2331088,Heaven Is A Small Town,Emily Faith,Justin Richards,2024-01-12,116000811,,decline,34725,28549,15,13,13,,32409,485,yes
QMMF72300002,Y'all All Nighters,Kyle Park,"Brinley Addington,Ryan Beaver",2024-01-12,116000659,4,steady,114134,111159,12,,,,7048,,yes
KRA252400050,Back In Love,Sam Ryder,Nick Gale,2024-01-10,115942064,0,steady,934359,880387,33,212,206,58,1901495,7955,yes
QZFYZ2423515,Nobody Else,Angel Delrae,Angel Delrae,2024-01-08,,,,,,,,,,,,no_match(ok)
UK54A2300242,Come Back As A Country Boy,The Cat and Owl,Michael Hardy,2023-12-29,,,,,,,,,,,,no_match(ok)
ES75E2307122,Under Your Control,Marc Tinez,Marc Tinez,2023-11-30,114635554,,,15294,15124,2,,,,,3,yes
QMX232348316,Praise The Lord,Breland,"David Garcia,Michael Hardy",2023-11-28,,,,,,,,,,,,no_match(ok)
USUM72312769,Desire,Timbaland,Hamish,2023-11-17,113953152,0,steady,1219187,1190663,28,903,902,38,344288,6783,yes
QZWUY2300016,Act Like You've Been Here Before,Brooke Lee,"Adam Wood,Bobby Hamrick,Brooke Lee,Derek George",2023-11-17,114012683,0,steady,84892,74361,22,,,48,886,61,yes
QZWUY2300015,Praying In Bars,Brooke Lee,"Brinley Addington,Brooke Lee",2023-11-17,113976164,0,steady,81400,72279,18,,,70,1538,41,yes
CA74P2300049,Good Nights,Jess Moskaluke,"Cale Dodds,Justin Halpin",2023-11-17,112013236,0,steady,154816,148957,16,113,96,,61833,194,yes
ITB002301343,Off My Face,Maneskin,Nick Gale,2023-11-10,113721813,3,gradual decline,73185288,70420494,70,1393,1310,7215,21760657,74535,yes
USRC12302939,Fancy Like Christmas,Walker Hayes,Shane Stevens,2023-11-10,113728940,0,steady,5890182,5792440,37,4247,4132,22200,2917619,67659,yes
BEIW12300474,Let You Go,Syn Cole,Jordan Cosmo,2023-11-08,108295337,4,steady,732546,718130,19,664,664,,74330,1976,yes
QMDA62390338,For My Good,Maverick City Music,Melodie Wagner,2023-10-27,113148000,1,steady,15122297,13608679,55,171,150,60600,13865661,192153,yes
USUG12208658,Stockholm,sunnytheduo,Melodie Wagner,2023-10-27,113156720,,steady,38057,37072,5,,,,28470,99,yes
QZWUY2300014,I've Been Thinking,Brooke Lee,"Brinley Addington,Brooke Lee",2023-10-27,113155827,0,gradual decline,332114,279524,34,,,8949,93268,714,yes
QM24S2307063,Rain,Jesse Boykins III,Hamish,2023-10-20,112908742,0,steady,105725,102884,12,,,,14302,,yes
USQX92305047,Feel Like The Holidays,Scotty McCreery,"Bobby Hamrick,Derek George,Frank Rogers,Jeremy Bussey,Monty Criswell",2023-10-20,112905825,0,steady,2458036,2449696,21,,,28,141904,,yes
QZTB42308753,Close To You,Marley Moon,Hamish,2023-10-13,112728867,,steady,,,,,,,,3,yes
QZTB42308752,Sister,Marley Moon,Hamish,2023-10-13,116766055,,steady,,,0,,,,,,yes
QZRD92304031,See You Next Summer,Brian Kelley,"David Garcia,Michael Hardy",2023-10-13,,,,,,,,,,,,no_match(ok)
QZWUY2300013,To Know You,Brooke Lee,Brooke Lee,2023-10-06,112308025,0,steady,92196,85094,16,,,128,868,54,yes
USUG12307030,Better Love,Camylio,Camylio,2023-10-06,112296575,0,steady,1484040,1396248,36,,,35,277411,5275,yes
GBAHS2301133,S.I.N.G.L.E,Say Now,Nick Gale,2023-10-04,112244578,5,steady,2544630,1710322,51,399,361,2159,147559,8654,yes
QZA7T1700199,18,Jordana Bryant,Matthew Morrisey,2023-09-29,112021196,0,steady,212175,199976,23,,,10,36576,,yes
QZYG82300029,Looking at Her,Old Hickory,Ryan Beaver,2023-09-29,112071914,,steady,71430,67084,2,,,9,1907,25,yes
QZRD92303982,See You Next Summer,Brian Kelley,"David Garcia,Michael Hardy",2023-09-29,,,,,,,,,,,,no_match(ok)
QZWDE2357271,Loved You Most,Joe Bryson,Joe Bryson,2023-09-29,123308744,0,gradual decline,3267,2863,3,,,,736,,yes
QZWDE2357119,Gettin' By on Gettin' By,Joe Bryson,Joe Bryson,2023-09-29,123308748,0,steady,1818,1517,3,,,,,,yes
USQX92401543,The Whiskey's Gone,Alli Walker,Jessica Cayne,2023-09-25,119508640,0,steady,3765498,3515861,44,,,381,1216068,11041,yes
QZD5H2000471,I Thought U Were Different,Amindi,Hamish,2023-09-22,111761906,,steady,127895,125081,16,,,1,,,yes
QZD5H2000464,Dopamine,Amindi,Hamish,2023-09-22,111761954,,steady,259111,249639,24,,,5,,,yes
QZRD92303879,See You Next Summer,Brian Kelley,"David Garcia,Michael Hardy",2023-09-20,,,,,,,,,,,,no_match(ok)
QMK2P2000002,At The Party,Rosey,David Ryan Harris,2023-09-15,43712938,,steady,3195,3101,0,,,,270,,yes
UKN8A2300001,Taking Control,Loud Liars,Jordan Cosmo,2023-09-15,111550308,,,195455,191641,1,,,15,,100,yes
USQX92305154,Other Boys,Marshmello,Nick Gale,2023-09-08,111161526,1,steady,41489978,40351220,55,,,1925,181311,205642,yes
USUG12307215,Back Then Right Now,Tyler Hubbard,David Garcia,2023-09-08,111163606,4,gradual decline,53595350,49746185,61,268609,252150,1382,8076721,368731,yes
USB762302543,You Made Your Bed,Erin Gibney,Mike Fiorentino,2023-09-08,111195534,0,steady,176243,173420,18,,,51,,33,yes
OZWUY2300011,Head In The Clouds,Brooke Lee,"Brooke Lee,Jessica Cayne",2023-09-08,111195551,0,steady,252854,229827,26,,,112,153570,203,yes
OZWUY2300010,Match Made In Hell,Brooke Lee,"Brooke Lee,Dave Cohen,Tyler Reeve",2023-09-08,111707591,0,steady,39250,34685,16,,,2,1667,16,yes
QZ22S2300154,Two Beer Plan,Larry Fleet,Ryan Beaver,2023-09-01,110824952,0,steady,1362020,1212835,41,,,17,85815,,yes
QMRSZ2301186,Devil You Know,Tim Montana,"Mike Fiorentino,Tim Montana",2023-08-30,110708074,0,steady,5090914,4670956,46,30132,29804,468,1568025,70480,yes
QZS7J2366590,'Til She's Gone,Tayler Holder,Connor McCutcheon,2023-08-19,109299540,0,growth,690862,652857,28,,,62,108085,1123,yes
DGA072316491,Let Go,Here At Last,Jordan Cosmo,2023-08-18,109178657,,steady,343516,328671,21,109,97,,32396,,yes
QZNJX2398691,Keep These Flowers,Connor McCutcheon,Connor McCutcheon,2023-08-17,109215609,0,steady,451706,447786,14,,,2,18814,219,yes
NLE712300462,Light On,Markus Schulz,Jordan Cosmo,2023-08-11,104535542,5,growth,53688,51933,10,,,,,,yes
USWB12301529,Cowboys Ride Away,Warren Zeiders,Ryan Beaver,2023-08-10,109224121,5,steady,1775908,1678446,36,,,236,505325,,yes
USWB12301523,Black and Blue,Warren Zeiders,Ryan Beaver,2023-08-10,109224125,5,steady,2520204,2386667,39,,,98,577894,,yes
CBA7F2300015,11 Beers,The Reklaws,Michael Hardy,2023-07-28,107043374,0,growth,20099,18611,9,,,1,,,yes
USUG12306306,Heartache Blues,Midwxst,Hunter Madrid,2023-07-27,,,,,,,,,,,,no_match(ok)
USUG12306315,Heartache Blues,Midwxst,Hunter Madrid,2023-07-27,,,,,,,,,,,,no_match(ok)
USUG12305046,Heartache Blues,Midwxst,Hunter Madrid,2023-07-27,110764740,3,steady,1183557,1137748,31,,,28,293591,,yes
USUG12305055,Heartache Blues,Midwxst,Hunter Madrid,2023-07-27,110793350,0,growth,1181646,1139167,6,,,,,,yes
USUMV2302232,Something Real,Dierks Bentley,Michael Hardy,2023-07-20,,,,,,,,,,,,no_match(ok)
QZTRX2324492,You Go FIrst,Alex Angelo,Sawyer Utah,2023-07-14,105185983,,steady,405573,396220,19,,,26,2003,413,yes
USQX92303738,Sunday,347aidan,Hamish,2023-07-07,104748286,0,steady,2062188,1975481,37,,,37,318660,6500,yes
CA5KR2354377,Violet Sky,Codeko,Jordan Cosmo,2023-06-30,104525013,,steady,577132,538667,30,,,,509122,1026,yes
USUM72309224,Heart They Didn't Break,Maddie & Tae,Ryan Beaver,2023-06-30,104503670,0,steady,21833490,20933358,50,5691,5687,12409,,38868,yes
QM6P42354207,Tell It To The Whiskey,Chris Colston,Josh Dunne,2023-06-23,104305998,,steady,83060,81290,9,,,6,5858,,yes
US23A1564477,This Is My Home,Mickey Guyton,Cale Dodds,2023-06-23,104303889,,steady,13725,12830,8,,,18,,,yes
US23A1564476,I'm So Happy,Cale Dodds,Cale Dodds,2023-06-23,104307952,,steady,8795,7811,7,,,,523,30,yes
QZPEW2452914,Strangers,Daniel Munozz,Hunter Madrid,2023-06-23,121017671,5,steady,2729506,2211277,50,,,36,22295,1853,yes
QZWUY2300008,Live For Days,Cale Dodds,"Cale Dodds,Mike Fiorentino",2023-06-16,104133435,,steady,17773,14329,12,,,18,1918,,yes
US23A1564475,Shake Ya Boots,RaeLynn,"Bobby Hamrick,Joy Williams",2023-06-09,103888600,0,growth,393206,354519,8,,,,,,yes
QMRSZ2300364,Church,Jelly Roll,"David Garcia,Michael Hardy",2023-06-02,103647083,0,,,,,,,,,,yes
QMRSZ2301045,Church,Jelly Roll,"David Garcia,Michael Hardy",2023-06-02,,,,,,,,,,,,no_match(ok)
QMRSZ2300352,Church,Jelly Roll,"David Garcia,Michael Hardy",2023-06-02,103646805,1,steady,23009720,20969580,58,,,2617,4860111,,yes
QZRD92303220,See You Next Summer,Brian Kelley,"David Garcia,Michael Hardy",2023-05-26,,,,,,,,,,,,no_match(ok)
QZEQU2300558,Gave It Up,LECADE,LECADE,2023-05-26,103173442,5,steady,11130899,10174616,54,,,1143,1215714,7007,yes
QM24S2302841,Same,Troy Cartwright,"Derek George,Monty Criswell",2023-05-24,102965198,0,steady,1152892,1130607,21,,,4,65023,,yes
QZMZ92328577,Hamms In A Glass,Winona Fighter,Justin Richards,2023-05-19,102472669,4,steady,5199254,4717100,31,,,217,92571,,yes
US6XF2200576,Mine For The Summer,Jameson Rodgers,Brent Anderson,2023-05-19,102448490,,steady,5986717,5808272,42,226,220,327,241282,,yes
QMRSZ2202737,I Hate Cowboys,Chase Rice,Michael Hardy,2023-05-18,98612573,2,steady,1588184,1536607,31,451,451,291,253850,,yes
QMX232319730,Hate My Heart,Carrie Underwood,"David Garcia,Michael Hardy",2023-05-13,,,,,,,,,,,,no_match(ok)
QZ9H32300016,Delusional World Champion,Jean Dawson,Hamish,2023-05-11,102027124,5,steady,3252231,3016623,43,61,61,60,432114,,yes
GX3Q92390765,B.O.O.T.Y,Digital Farm Animals,Nick Gale,2023-05-05,101820930,0,steady,41915,40713,7,63,63,102,17671,591,yes
USWB12200179,Stereotype,Cole Swindell,Michael Hardy,2023-04-28,78918845,4,steady,15894207,14853304,54,,,1235,1454384,44081,yes
USWB12001284,Single Saturday Night,Cole Swindell,Michael Hardy,2023-04-28,29506637,1,gradual decline,173055265,165936403,65,388635,371174,8994,13202970,745922,yes
USWB12200187,Girl Goes Crazy,Cole Swindell,Michael Hardy,2023-04-28,79447512,0,steady,1477745,1411265,33,,,126,705092,,yes
USWB12200180,Every Beer,Cole Swindell,Michael Hardy,2023-04-28,79457851,0,steady,1825073,1748957,34,,,53,513203,,yes
USWB12300061,Drinkaby,Cole Swindell,Michael Hardy,2023-04-28,99112546,1,gradual decline,51634306,48680106,59,111603,110889,2114,1970810,305162,yes
USWB12200184,Down To The Bar,Cole Swindell,Michael Hardy,2023-04-28,75291089,5,steady,7353548,7082356,42,,,83,581855,5789,yes
QZRD92303099,Heaven By Then,Brantley Gilbert,Michael Hardy,2023-04-27,,,,,,,,,,,,no_match(ok)
QZN882321504,The Rounds,Angelo Mota,Hamish,2023-04-21,101394893,0,steady,61693,59024,13,,,,28705,,yes
GBGLW2300286,Little Girl Gone,CHINCHILLA,Jordan Cosmo,2023-04-21,101350182,1,gradual decline,219820072,198552207,76,474,463,851511,29511586,746242,yes
QZRD92201249,Rolex On A Redneck,Brantley Gilbert,Michael Hardy,2023-04-21,78034781,3,steady,65333160,61111266,62,1023,1019,20360,20104535,79919,yes
QZRD92202226,Heaven By Then,Brantley Gilbert,Michael Hardy,2023-04-21,,,,,,,,,,,,no_match(ok)
QMX232316306,Praise The Lord,Breland,"David Garcia,Michael Hardy",2023-04-18,,,,,,,,,,,,no_match(ok)
QZRD92100492,Always Gonna Love You,Florida Georgia Line,Michael Hardy,2023-04-14,60428619,0,steady,61682283,60727665,29,,,28,62732,,yes
USUM72305098,Curious,Shenseea,Angel Delrae,2023-04-14,101101894,1,steady,7646417,7245747,46,2054,2001,2883,9988473,83785,yes
QM6MZ2289640,Magic,Carolina Story,Adam Chaffins,2023-04-07,99873138,,,8484,8292,1,,,,723,,yes
USUMV2301336,Hate My Heart,Carrie Underwood,"David Garcia,Michael Hardy",2023-04-05,,,,,,,,,,,,no_match(ok)
SGB502334289,One More Party,Lex Gibbon,Jordan Cosmo,2023-03-31,100698657,,,12129,11718,3,,,2194,,447,yes
USLZJ2328242,Down to the Filter,Joe Bryson,Joe Bryson,2023-03-31,100727543,0,steady,647083,618992,27,,,169,26536,1118,yes
USAT22304489,One & Only,Oliver Tree,Nick Gale,2023-03-29,105781680,1,steady,26397922,18149055,69,9058,8863,4190,40157582,142733,yes
DEUM72300559,Number 1,Nico Santos,"Nick Gale,Sara Boe",2023-03-17,100326611,1,steady,27375631,26276284,50,160382,152861,14823,6403566,453121,yes
USUG12209214,Tennessee Fan,Morgan Wallen,Michael Hardy,2023-03-03,96704746,3,steady,117831339,112576013,65,1811,1740,4795,8212506,69387,yes
USUG12209217,Tennessee Fan,Morgan Wallen,Michael Hardy,2023-03-03,,,,,,,,,,,,no_match(ok)
USUG12300838,Born With A Beer In My Hand,Morgan Wallen,Michael Hardy,2023-03-03,,,,,,,,,,,,no_match(ok)
USUG12300801,Born With A Beer In My Hand,Morgan Wallen,Michael Hardy,2023-03-03,100013087,3,gradual decline,79609125,75558581,62,356,258,1570,4095489,38071,yes
USUMV2300864,Born With A Beer In My Hand,Morgan Wallen,Michael Hardy,2023-03-02,,,,,,,,,,,,no_match(ok)
QZ22S2300014,Wait In The Truck,HARDY,Michael Hardy,2023-02-28,99934496,0,,,,,,,,,,yes
USUG12207654,Something Real,Dierks Bentley,Michael Hardy,2023-02-24,99850855,5,steady,9381146,8988646,46,8033,8020,235,541683,,yes
USUG12300461,Something Real,Dierks Bentley,Michael Hardy,2023-02-24,,,,,,,,,,,,no_match(ok)
USAT22302031,If I Had,Don Tolliver,Ely Rise,2023-02-24,,,,,,,,,,,,no_match(ok)
USAT22301694,If I Had,Don Tolliver,Ely Rise,2023-02-24,99873941,0,steady,21867878,19460943,25,,,,,40333,yes
USAT22301681,If I Had,Don Tolliver,Ely Rise,2023-02-24,99843005,1,gradual decline,21867878,19617258,56,427,387,1099,1906328,,yes
USAT22301685,Encouragement,Don Tolliver,Ely Rise,2023-02-24,99844839,1,steady,11398206,10351688,49,,,408,861549,9659,yes
USUMV2300748,Something Real,Dierks Bentley,Michael Hardy,2023-02-23,,,,,,,,,,,,no_match(ok)
US6XF2200575,Holding Me Back,Jameson Rodgers,Brent Anderson,2023-02-17,99640977,,growth,559813,545272,25,,,8,216284,,yes
USAN22200066,Better Boy,Nate Smith,Michael Hardy,2023-02-17,99638264,1,steady,14155946,13683575,43,,,2702,1277404,52805,yes
USRN12300021,Better Boy,Nate Smith,Michael Hardy,2023-02-17,101779205,0,,,,,,,,,,yes
USUV72300551,Hate My Heart,Carrie Underwood,"David Garcia,Michael Hardy",2023-02-14,,,,,,,,,,,,no_match(ok)
QZFZ32393353,You Ain't Gotta,Albert Posis,Hamish,2023-02-10,99495378,3,steady,2046535,1771773,44,,,69,903783,,yes
QZVMS2200006,If You Don't Wanna Love Me,Brit Taylor,Adam Chaffins,2023-02-03,99340722,0,steady,17634,17372,2,,,8,1900,263,yes
USUMV2300604,I Wrote The Book,Morgan Wallen,Michael Hardy,2023-01-31,,,,,,,,,,,,no_match(ok)
USUG12300808,I Wrote The Book,Morgan Wallen,Michael Hardy,2023-01-31,99231153,2,gradual decline,206668156,194576807,70,1847,1828,26922,29314600,219403,yes
USUMV2300605,I Wrote The Book,Morgan Wallen,Michael Hardy,2023-01-30,,,,,,,,,,,,no_match(ok)
FR10S2316778,Favour,LILO,Honi,2023-01-27,99132523,,steady,997806,934645,32,,,,562028,1644,yes
USRN12200195,All Dogs Go To Heaven,Chris Young,Cale Dodds,2023-01-13,98734688,0,steady,1558934,1459019,33,266,212,33073,546107,,yes
QZW9L2388502,Dear Taylor,Here At Last,Jordan Cosmo,2023-01-12,115984482,,growth,2207982,2123622,35,,,419,254514,6811,yes
QMRSZ2202749,I Hate Cowboys,Chase Rice,Michael Hardy,2023-01-06,98599430,0,,,,,,,,,,yes
QMRSZ2202786,I Hate Cowboys,Chase Rice,Michael Hardy,2023-01-06,,,,,,,,,,,,no_match(ok)
QZURR2300006,Boots On,Annie Bosko,Derek George,2023-01-05,112301844,0,growth,213440,206395,4,27,27,25,20361,195,yes
QM24S2206558,WW 1958. (Alt Version Of Without Words),Joseph of Mercury,Joseph of Mercury,2022-12-13,97316532,,decline,25793,25183,6,,,,,78,yes
QZW9L2248135,Everything I Love,Bela Pierce,"Patrick Ridgen,RYON",2022-12-02,96707389,0,steady,39161,38043,7,,,5,99811,45,yes
QZTV32229637,Hampton Dreaming,Jennie Harluk,Joseph of Mercury,2022-11-18,95810437,,,2718,2609,1,,,4,,2,yes
QM24S2205833,Nikki,Joseph of Mercury,Joseph of Mercury,2022-11-13,95739549,,steady,545446,519344,28,9,9,,31623,7148,yes
QZRD92304048,The Worst Country Song Of All Time,Brantley Gilbert,Michael Hardy,2022-11-10,114369127,0,steady,10110,9427,,,,,,,yes
QZRD92100060,The Worst Country Song Of All Time,Brantley Gilbert,Michael Hardy,2022-11-10,49627061,1,steady,23195173,22646108,46,5369,5361,466,4913768,62547,yes
QZRD92202229,The Worst Country Song Of All Time,Brantley Gilbert,Michael Hardy,2022-11-10,,,,,,,,,,,,no_match(ok)
QZRD92202334,So Help Me God,Brantley Gilbert,Michael Hardy,2022-11-10,,,,,,,,,,,,no_match(ok)
QZRD92202324,So Help Me God,Brantley Gilbert,Michael Hardy,2022-11-10,,,,,,,,,,,,no_match(ok)
QZRD92304053,So Help Me God,Brantley Gilbert,Michael Hardy,2022-11-10,114369135,0,steady,8091,7480,4,,,,,,yes
QZRD92202231,So Help Me God,Brantley Gilbert,Michael Hardy,2022-11-10,,,,,,,,,,,,no_match(ok)
QZRD92202198,So Help Me God,Brantley Gilbert,Michael Hardy,2022-11-10,95391686,2,steady,1869857,1778121,35,131,129,1073,551643,,yes
QZRD92304045,Rolex On A Redneck,Brantley Gilbert,Michael Hardy,2022-11-10,114369128,0,steady,15409,14366,5,,,,,,yes
QZRD92202331,Heaven By Then,Brantley Gilbert,Michael Hardy,2022-11-10,,,,,,,,,,,,no_match(ok)
QZRD92202332,Heaven By Then,Brantley Gilbert,Michael Hardy,2022-11-10,116267317,0,steady,19526740,19013999,0,,,,,,yes
QZRD92202194,Heaven By Then,Brantley Gilbert,Michael Hardy,2022-11-10,95391690,1,steady,19515493,19026132,47,35410,35380,577,2627575,91750,yes
QZRD92304044,Heaven By Then,Brantley Gilbert,Michael Hardy,2022-11-10,114369138,0,steady,12511,11746,4,,,,,,yes
USRC12203519,Slip N Slide,Wizkid,Angel Delrae,2022-11-10,95442809,1,steady,20600599,19106026,57,379,370,1322,2113979,102679,yes
USUV72204807,Hate My Heart,Carrie Underwood,"David Garcia,Michael Hardy",2022-11-04,,,,,,,,,,,,no_match(ok)
CBA7F2200005,11 Beers,The Reklaws,Michael Hardy,2022-11-04,75708184,1,steady,16047792,15476987,49,3649,3394,428,602656,56515,yes
TCAGN2290414,The Letter,Caleb Lee Hutchinson,Adam Chaffins,2022-10-28,94884917,0,steady,18852,18330,5,,,,4957,,yes
USUG12207837,Amnesia,Camylio,Camylio,2022-10-28,94821001,0,steady,12617728,12239991,46,,,12584,1470869,32848,yes
USUYG1448653,Brand New Day,Th3dstream,Autumn Rowe,2022-10-22,94301489,5,steady,339266,332866,16,,,,260573,105,yes
USUYG1446210,I C U,Th3dstream,Autumn Rowe,2022-10-22,93869121,,growth,32830,32400,3,,,,2578,57,yes
QZNWY2262437,Void Song,Marley Moon,Hamish,2022-10-21,94901164,,steady,3234,3087,1,,,,,4,yes
QZNWY2262434,Time Machine,Marley Moon,Hamish,2022-10-21,117900197,,decline,1586,1492,1,,,,,,yes
QZNWU2251863,Sister,Marley Moon,Hamish,2022-10-21,93966406,5,steady,4902,4774,1,,,,,3,yes
QZNWY2262429,I Wanna Feel Alive,Marley Moon,Hamish,2022-10-21,94901163,,steady,8185,7824,4,,,9,,6,yes
QZNWY2262430,Doors,Marley Moon,Hamish,2022-10-21,95001213,,steady,1818,1758,1,,,,,1,yes
QZNWY2262436,Close To You,Marley Moon,Hamish,2022-10-21,95001206,5,steady,4391,4234,1,,,,,,yes
QZNWY2262432,Can't Help Myself,Marley Moon,Hamish,2022-10-21,95001207,,steady,2889,2798,1,,,,,4,yes
USWB12205812,Holy Water,Michael Ray,Michael Hardy,2022-10-21,94300697,0,growth,184663,180773,15,,,,,,yes
US2762202528,'Til It's Gone,Joe Bryson,Joe Bryson,2022-10-21,94348819,0,steady,100531,94525,15,,,8,,22,yes
GBKPL2214131,Without Me,MIYA MIYA,Jordan Cosmo,2022-10-14,94105686,5,steady,31985,31538,3,,,14425,12746,148,yes
QM24S2204810,Snake 13,Joseph of Mercury,"JJ Scheff,Joseph of Mercury",2022-10-13,94168404,,steady,56494,55567,7,,,,10085,,yes
ES75E2205324,Alma De Chico,Marc Tinez,Marc Tinez,2022-09-30,91511322,,steady,226253,223199,11,,,29,167279,,yes
GBKPL2210637,Jealous,Lindita,Angel Delrae,2022-09-23,92712356,,,266166,265614,4,,,25,,1474,yes
ES71G2229823,Flexin',Marc Tinez,Marc Tinez,2022-09-16,92393017,,,,,0,,,,,,yes
USSM12206060,Imposter Syndrome,AG Club,Hunter Madrid,2022-09-16,92131924,0,steady,97286,95987,8,,,,,17,yes
USSM12206062,Candice,AG Club,Hunter Madrid,2022-09-16,92155652,0,growth,138112,135243,12,,,2,,36,yes
USSM12206053,Adam Sandler,AG Club,Hunter Madrid,2022-09-16,92155168,0,growth,553930,540199,22,,,2,22062,,yes
QZNWS2225499,I'm Right,Marley Moon,Hamish,2022-09-09,91848636,,gradual decline,10312,10011,1,,,,,57,yes
USAT22201618,Praise The Lord,Breland,"David Garcia,Michael Hardy",2022-09-09,75479995,1,steady,29268598,29268598,48,1701,1656,2262,3962525,68179,yes
QZ22S2200068,Wait In The Truck,HARDY,Michael Hardy,2022-08-26,89890082,1,gradual decline,219662697,202146042,74,205660,203849,31525,131423588,939032,yes
QMRSZ2201523,Storm's Coming,Kolby Cooper,Michael Hardy,2022-08-19,89149504,0,steady,,,,,,,,2665,yes
USA2P2234602,Girl From The Bar,The Boat Boys,Cale Dodds,2022-08-05,89144970,0,steady,111941,107689,16,,,1,,70,yes
USCRB2100091,Static,Dylan Scott,Michael Hardy,2022-08-05,62658860,0,steady,5539988,5347626,37,475,475,297,571725,,yes
USWB12203033,Picture,Michael Ray,"David Garcia,Michael Hardy",2022-08-05,87258308,0,growth,37102,36413,5,,,,,,yes
CA5KR2266745,Broken Roads,Arc North,Jordan Cosmo,2022-07-29,86104586,0,growth,1744813,1696371,32,,,,1282134,1817,yes
QMX232231306,Praise The Lord,Breland,"David Garcia,Michael Hardy",2022-07-26,,,,,,,,,,,,no_match(ok)
USRC12202292,Give You The World,Steve Lacy,Ely Rise,2022-07-15,84419426,1,gradual decline,115438880,104370599,70,,,51170,5212304,126326,yes
USRC12203022,Mercury,Steve Lacy,Ely Rise,2022-07-14,88277209,0,steady,115063798,111542985,38,3269,3102,,127176,,yes
USRC12203024,Give You The World,Steve Lacy,Ely Rise,2022-07-14,88277213,5,steady,115438880,111112744,40,273,267,,4055148,,yes
USRC12202287,Buttons,Steve Lacy,Ely Rise,2022-07-14,84419449,1,gradual decline,46845364,45194285,62,202,199,3638,1469105,41867,yes
GBKPL2202101,H8 Me 2,MIYA MIYA,Jordan Cosmo,2022-07-01,84131394,,steady,57066,56220,6,152,142,1225,17935,1179,yes
QZK6L2212843,Supaman,Jake Banfield,Cale Dodds,2022-07-01,84122105,3,steady,163059,147816,26,,,6,15024,,yes
TCAGG2266931,We Won't Go Back,MILCK,Autumn Rowe,2022-06-30,84130603,0,gradual decline,632768,601943,28,,,2738,51237,1138,yes
QMX232227304,Hot Beer,Dillon Carmichael,Michael Hardy,2022-06-28,,,,,,,,,,,,no_match(ok)
USRC12201878,Show It,Chris Brown,"Chizzy,blckatom",2022-06-24,83946470,4,steady,21122213,20068082,48,633,593,2819,4109536,67919,yes
USWB12202075,Holy Water,Michael Ray,Michael Hardy,2022-06-17,83778886,0,steady,272909,264960,17,,,,,,yes
USWB12102369,Holy Water,Michael Ray,Michael Hardy,2022-06-17,58181873,2,steady,16509789,16509789,50,24997,24957,1374,16681800,121181,yes
USRC12201526,Mercury,Steve Lacy,Ely Rise,2022-06-16,83762767,1,gradual decline,115063798,106942391,68,,,21733,4573455,185725,yes
USUG12204072,I'd Be You,Lily Rose,Michael Hardy,2022-06-10,,,,,,,,,,,,no_match(ok)
USUG12204071,I'd Be You,Lily Rose,Michael Hardy,2022-06-10,83610726,0,steady,6071055,5920520,40,,,16,114441,5761,yes
USUM72204766,Hate My Heart,Carrie Underwood,"David Garcia,Michael Hardy",2022-06-10,83612636,5,steady,24473632,23920838,49,62444,62234,1231,1825130,90880,yes
USUM72207366,Hate My Heart,Carrie Underwood,"David Garcia,Michael Hardy",2022-06-10,,,,,,,,,,,,no_match(ok)
QZHNB1911066,Sugar,blckatom,blckatom,2022-06-10,65536823,,,,,0,,,10,,,yes
USUMV2201580,I'd Be You,Lily Rose,Michael Hardy,2022-06-09,,,,,,,,,,,,no_match(ok)
USUMV2201524,I'd Be You,Lily Rose,Michael Hardy,2022-06-09,,,,,,,,,,,,no_match(ok)
USUV72202290,Hate My Heart,Carrie Underwood,"David Garcia,Michael Hardy",2022-06-09,,,,,,,,,,,,no_match(ok)
USUM72209377,Count Me Out,Kendrick Lamar,Ely Rise,2022-05-13,,,,,,,,,,,,no_match(ok)
USUM72209116,Count Me Out,Kendrick Lamar,Ely Rise,2022-05-13,,,,,,,,,,,,no_match(ok)
USUM72208983,Count Me Out,Kendrick Lamar,Ely Rise,2022-05-13,82453174,4,gradual decline,427213636,392943537,46,,,,,,yes
USUM72208980,Count Me Out,Kendrick Lamar,Ely Rise,2022-05-13,82294435,1,gradual decline,427060842,392943537,78,1131,1103,42630,56707122,1029011,yes
USUM72300930,This Is,Ella Mai,Angel Delrae,2022-05-06,99288216,3,gradual decline,86253919,86253919,69,68031,66904,532841,31342742,919523,yes
QZRD92201320,Rolex On A Redneck,Brantley Gilbert,Michael Hardy,2022-03-25,,,,,,,,,,,,no_match(ok)
QZRD92201453,Rolex On A Redneck,Brantley Gilbert,Michael Hardy,2022-03-25,,,,,,,,,,,,no_match(ok)
SE6HN2216933,Gunslinger,Joe Bryson,Joe Bryson,2022-03-25,78212483,0,steady,44257,37253,17,,,6,1704,10,yes
QM4TX2209958,Almost Missed You,Bobby McClendon,Joe Bryson,2022-03-25,78233933,,,76055,75485,5,,,5,,10,yes
QMX232212716,Praise The Lord,Breland,"David Garcia,Michael Hardy",2022-03-19,,,,,,,,,,,,no_match(ok)
NL5WB2200006,Psycho,Player 1,Jordan Cosmo,2022-02-25,74454374,0,steady,475388,473492,9,,,1,8968,220,yes
USUM72205218,Back Words,Jon Langston,Michael Hardy,2022-02-25,,,,,,,,,,,,no_match(ok)
USUV72200621,Back Words,Jon Langston,Michael Hardy,2022-02-25,,,,,,,,,,,,no_match(ok)
USUV72200275,Back Words,Jon Langston,Michael Hardy,2022-02-25,,,,,,,,,,,,no_match(ok)
USUM72201701,Back Words,Jon Langston,Michael Hardy,2022-02-25,,,,,,,,,,,,no_match(ok)
USUM72204772,Back Words,Jon Langston,Michael Hardy,2022-02-25,,,,,,,,,,,,no_match(ok)
USUM72200993,Back Words,Jon Langston,Michael Hardy,2022-02-25,74446973,0,steady,5914673,5796754,38,,,512,273380,,yes
SE5752205835,Good Actor,Joe Bryson,Joe Bryson,2022-02-25,74636352,0,steady,17151,16390,5,,,3,,3,yes
USQX92200577,Bad Kids,347aidan,Hamish,2022-02-20,73529472,0,steady,12229630,11942895,43,,,1586,549356,13080,yes
QZFYY2265782,Take Our Time,Tyrus Turner,Angel Delrae,2022-02-11,107254783,0,steady,1158,1061,1,,,,1459,18,yes
GBKPL2209722,#GMFU,Lindita,Angel Delrae,2022-02-10,91153057,,,432578,432181,3,,,,,437,yes
ES75E2102979,Queen Of The Party,Marc Tinez,Marc Tinez,2022-02-10,73458265,,,,,0,,,,,3,yes
SE5BU2200584,Fine By Me,Joe Bryson,Joe Bryson,2022-01-28,72858402,0,steady,6317,6317,0,,,,,3,yes
QZHCR2100239,Back To Life,Excision,Jordan Cosmo,2022-01-13,69378376,3,steady,1733188,1664855,34,,,46,,2142,yes
USWB12103405,Come Back As A Country Boy,Blake Shelton,Michael Hardy,2021-12-03,62678728,4,steady,36412297,36222577,50,66150,65961,21526,16477396,319259,yes
GBKPL2171143,Cool,MIYA MIYA,Jordan Cosmo,2021-11-24,67494469,,steady,135436,134209,8,,,46,4119,2257,yes
USAT22400337,Beers On Me,Dierks Bentley,Michael Hardy,2021-11-19,116327656,0,steady,209179,204582,15,,,,,,yes
QZRD92202327,The Worst Country Song Of All Time,Brantley Gilbert,Michael Hardy,2021-11-11,,,,,,,,,,,,no_match(ok)
USUMV2103216,Beers On Me,Dierks Bentley,Michael Hardy,2021-11-11,,,,,,,,,,,,no_match(ok)
QM3E22002355,Always Gonna Love You,Florida Georgia Line,Michael Hardy,2021-11-08,32825867,1,steady,61571441,60825807,51,,,680,2676071,60188,yes
USUG12105230,Bones,Camylio,Camylio,2021-11-05,65704606,0,steady,4375706,4329557,32,,,41,152192,7378,yes
USUG12105226,Black and White,Camylio,Camylio,2021-11-05,65789406,0,steady,1624215,1584788,30,,,19,151614,1428,yes
NLT2H2100851,Anyway,Cymo,Camylio,2021-11-05,65739883,,steady,983524,980816,12,17,17,1,571,496,yes
USUMV2102210,Beers On Me,Dierks Bentley,Michael Hardy,2021-10-27,168727728,0,steady,150482971,148366362,26,,,,,,yes
USL4Q2106476,Fool,Jennie Harluk,Joseph of Mercury,2021-10-22,65214890,,,49689,48763,7,,,2,2763,212,yes
QMX232143313,Hot Beer,Dillon Carmichael,Michael Hardy,2021-10-19,,,,,,,,,,,,no_match(ok)
QMRSZ2102452,Storm's Coming,Kolby Cooper,Michael Hardy,2021-10-15,,,,,,,,,,,,no_match(ok)
QMRSZ2102451,Storm's Coming,Kolby Cooper,Michael Hardy,2021-10-15,89145413,0,steady,1354169,1300220,33,,,157,622838,,yes
USAN22100016,Pass It On,Ryan Hurd,Michael Hardy,2021-10-15,63899959,0,steady,5493576,5420035,34,6012,6005,241,613135,12361,yes
USAN22100058,Pass It On,Ryan Hurd,Michael Hardy,2021-10-11,,,,,,,,,,,,no_match(ok)
QMX232141317,That Ain't Me No More,Matt Stell,Michael Hardy,2021-10-05,,,,,,,,,,,,no_match(ok)
QZRD92100729,Always Gonna Love You,Florida Georgia Line,Michael Hardy,2021-10-01,,,,,,,,,,,,no_match(ok)
QM3E22102404,Always Gonna Love You,Florida Georgia Line,Michael Hardy,2021-09-17,,,,,,,,,,,,no_match(ok)
US6XF1800326,To Us It Did,Mitchell Tenpenny,Michael Hardy,2021-09-10,36103511,0,steady,41812622,41116363,46,,,535,1803328,36515,yes
USUMV2102776,Beers On Me,Dierks Bentley,Michael Hardy,2021-09-10,,,,,,,,,,,,no_match(ok)
US6XF2000328,I Can't Love You Any More,Mitchell Tenpenny,Michael Hardy,2021-09-10,59682072,2,steady,6541475,6401314,40,66,66,103,1723822,,yes
QZRD92100551,The Worst Country Song Of All Time,Brantley Gilbert,Michael Hardy,2021-09-08,,,,,,,,,,,,no_match(ok)
USQX92103010,Someone Somewhere,Nelly,Michael Hardy,2021-08-27,58180229,5,steady,2952896,2772747,40,,,294,924064,5788,yes
USWB12101103,Picture,Michael Ray,"David Garcia,Michael Hardy",2021-08-27,38849424,3,steady,1544647,1503052,34,,,412,676054,4162,yes
USCJY2194001,Two Shots,Wanda Jackson,David Ryan Harris,2021-08-20,56102362,0,steady,965554,939959,27,345,340,3,797,2447,yes
QZRD92100469,The Worst Country Song Of All Time,Brantley Gilbert,Michael Hardy,2021-08-16,115191865,0,growth,23197998,22648962,16,,,,,,yes
GX2D42100010,Made Of Stone,Richard Durand,Jordan Cosmo,2021-08-06,56131221,3,steady,3054556,3004795,33,,,113,327567,,yes
GBKPL2157587,Rules,MIYA MIYA,Jordan Cosmo,2021-07-30,55414744,,decline,40741,40504,2,,,8,,139,yes
USUMV2102212,Beers On Me,Dierks Bentley,Michael Hardy,2021-07-29,,,,,,,,,,,,no_match(ok)
USUMV2102211,Beers On Me,Dierks Bentley,Michael Hardy,2021-07-29,,,,,,,,,,,,no_match(ok)
USUG12103427,Beers On Me,Dierks Bentley,Michael Hardy,2021-07-29,,,,,,,,,,,,no_match(ok)
USUG12103276,Beers On Me,Dierks Bentley,Michael Hardy,2021-07-29,55336506,1,gradual decline,151368097,148852688,65,150593,149463,1906,19790470,480963,yes
QMX232131305,That Ain't Me No More,Matt Stell,Michael Hardy,2021-07-27,,,,,,,,,,,,no_match(ok)
QMFME2128722,Hot Beer,Dillon Carmichael,Michael Hardy,2021-07-15,,,,,,,,,,,,no_match(ok)
QZHNB2120942,Head in the Clouds,Johnny Cochran,Joe Bryson,2021-06-30,51877294,0,,,,0,,,,,,yes
QZHNB2120941,Head in the Clouds,Johnny Cochran,Joe Bryson,2021-06-30,51720831,5,growth,4735,4735,1,,,1,,6,yes
CA5KR2170273,Dream,KAIVON,Jordan Cosmo,2021-06-18,49675215,0,steady,3376694,3314870,36,,,45,72838,3163,yes
QZRD92100159,The Worst Country Song Of All Time,Brantley Gilbert,Michael Hardy,2021-06-18,,,,,,,,,,,,no_match(ok)
ES47E2005004,Desde Que Me Fui,Marc Tinez,Marc Tinez,2021-06-18,49780005,,,11527,11462,1,,,,2007,4,yes
QZA7T1700107,Hot Beer,Dillon Carmichael,Michael Hardy,2021-06-15,53272141,0,steady,61996,61126,7,,,7,,,yes
NLUM72100278,Faking Love,Daniel Gloven,Jordan Cosmo,2021-06-11,48771588,,steady,69939,69920,1,,,,827,,yes
GBKPL2152694,Want You,MIYA MIYA,Jordan Cosmo,2021-06-11,48775744,,steady,310856,308948,10,,,16,,6475,yes
QZA7T1700085,Hot Beer,Dillon Carmichael,Michael Hardy,2021-06-03,32021474,3,steady,14524400,14127752,44,9791,9698,1778,2563004,40786,yes
QM6P42150694,Hot Beer,Dillon Carmichael,Michael Hardy,2021-06-03,,,,,,,,,,,,no_match(ok)
GBUM72102776,Hear Me Say,Jonas Blue,Jordan Cosmo,2021-05-28,45490780,1,steady,100401107,100401107,56,12283,12257,1982,3485054,212206,yes
SE6I32156973,Medication,Joe Bryson,Joe Bryson,2021-05-21,43536067,0,steady,38713,38061,5,,,1,6446,17,yes
QM24S2102576,Black Cat,Joseph of Mercury,Joseph of Mercury,2021-05-19,43230026,,steady,26561,26221,3,,,,,,yes
ES47E2004266,Wa$abi,Marc Tinez,Marc Tinez,2021-05-14,41774441,,,3388,3306,0,,,,,,yes
USG7D2023014,One Beer,Piano Dreamers,Michael Hardy,2021-04-30,31708434,,steady,5584,5485,0,,,,,,yes
QMX232118305,To Us It Did,Mitchell Tenpenny,Michael Hardy,2021-04-27,,,,,,,,,,,,no_match(ok)
QM24S2101705,Pretty Blonde Boy,Joseph of Mercury,Joseph of Mercury,2021-04-07,33973240,,steady,137118,134413,11,,,1,16311,1210,yes
ES47E2003136,Slow Motion,Marc Tinez,Marc Tinez,2021-03-25,33778538,,,2324,2290,0,,,,,,yes
QZRD92100859,Always Gonna Love You,Florida Georgia Line,Michael Hardy,2021-02-21,,,,,,,,,,,,no_match(ok)
QZRD92201219,Eyes Closed,Florida Georgia Line,Michael Hardy,2021-02-19,73639907,0,steady,30223,29585,4,,,,,,yes
QZRD92201212,Always Gonna Love You,Florida Georgia Line,Michael Hardy,2021-02-19,73639917,0,steady,50458,49757,5,,,,,,yes
QZRD92100866,Eyes Closed,Florida Georgia Line,Michael Hardy,2021-02-12,,,,,,,,,,,,no_match(ok)
QM3E22002360,Eyes Closed,Florida Georgia Line,Michael Hardy,2021-02-12,32832577,2,steady,3769620,3620852,36,,,146,796988,,yes
QM3E22102398,Eyes Closed,Florida Georgia Line,Michael Hardy,2021-02-12,,,,,,,,,,,,no_match(ok)
QM3E22102395,Always Gonna Love You,Florida Georgia Line,Michael Hardy,2021-02-12,,,,,,,,,,,,no_match(ok)
ES47E2003828,Mami Ven,Marc Tinez,Marc Tinez,2021-02-10,34747461,,,,,0,,,,,,yes
US6XF2100014,That Ain't Me No More,Matt Stell,Michael Hardy,2021-02-05,32740298,0,steady,30343252,29947360,47,17993,17921,1550,6431371,114343,yes
ES47E2001361,Dime Que No,Marc Tinez,Marc Tinez,2021-02-04,32757785,,steady,10908,10835,1,,,,,12,yes
QM24S2007098,I Wanna Live (I Want To Live),Joseph of Mercury,Joseph of Mercury,2021-01-27,32697473,,steady,28437,27984,4,,,,,,yes
ES47E2000847,Cuando El Diablo,Marc Tinez,Marc Tinez,2021-01-14,32573991,,,4251,4200,0,,,,,11,yes
USG7D2024029,One Beer,Guitar Tribute Players,Michael Hardy,2020-12-28,35629744,,steady,21427,20799,3,,,,,,yes
ES47E2000175,Focused,Marc Tinez,Marc Tinez,2020-12-04,32185317,,,3218,3147,1,,,,446,8,yes
QZNWT2001371,Act Right,Angel Delrae,Angel Delrae,2020-11-16,99422410,,,,,0,,,,,,yes
TCAFE2040753,Time Out,AJ Wander,Jordan Cosmo,2020-11-05,31938210,,,5016934,5004782,23,,,10,,647,yes
QZ22S1800075,One Beer,HARDY,Michael Hardy,2020-09-04,25184018,1,gradual decline,350280700,337134807,71,110704,109345,6507,35358701,867217,yes
NLF712007252,Satellites,Luke Bond,Jordan Cosmo,2020-07-24,30361377,,steady,484841,477066,15,,,8,28985,,yes
ESA012077983,De 0 A 100,Groove 2070,Marc Tinez,2020-07-09,30070267,,steady,26041,25845,1,,,,747,10,yes
QM6P42061981,Single Saturday Night,Workout Remix Factory,Michael Hardy,2020-07-08,30583250,,steady,1283,1272,0,,,,,,yes
GBKPL2097695,Cold Blood,MIYA MIYA,Jordan Cosmo,2020-06-26,29929182,,steady,48304,47968,2,,,4,12082,48,yes
GBKPL2097694,Wolves,MIYA MIYA,Jordan Cosmo,2020-06-26,51667851,,gradual decline,8435,8370,1,,,,,,yes
GBKPL2097693,On My Mind,MIYA MIYA,Jordan Cosmo,2020-06-26,30250067,,steady,14363,14249,1,,,,201,15,yes
DEUM72003808,Wildfire,EGZOD,Jordan Cosmo,2020-06-19,29844037,0,steady,2318592,2287180,29,,,,148298,6493,yes
SE6I32031831,If I Loved You Then,Joe Bryson,Joe Bryson,2020-06-19,29850589,0,steady,41486,40953,5,,,,,7,yes
QZHN52007526,Supernasty,Marc Tinez,Marc Tinez,2020-06-18,44860246,,,10620,10502,1,,,,,11,yes
TCAEX2058398,Isolation Love,Joseph of Mercury,Joseph of Mercury,2020-06-17,29832483,,steady,64360,63371,6,,,,,45,yes
USG7D2020204,Single Saturday Night,Piano Dreamers,Michael Hardy,2020-06-03,32340230,,steady,6474,6308,1,,,,,,yes
QM24S2005102,Kyr 1960 (Alt Version Of Keep You Around),Joseph of Mercury,Joseph of Mercury,2020-05-28,29603621,,decline,19778,19447,4,,,,,52,yes
USSM12001410,Hometown,Diplo,Michael Hardy,2020-05-27,29593035,5,steady,6506742,6323612,39,,,784,678006,21312,yes
QZES62035444,Sex Tour,Marc Tinez,Marc Tinez,2020-05-08,52766893,,,5871,5811,1,,,,,,yes
QZES62035445,Paso A Recogerte,Marc Tinez,Marc Tinez,2020-05-08,29638081,,,5582,5502,0,,,,,8,yes
QZES62035443,Obsesionao,Marc Tinez,Marc Tinez,2020-05-08,78448959,,,3416,3351,1,,,,,1,yes
GBKPL2097696,Hometown,MIYA MIYA,Jordan Cosmo,2020-05-07,29340651,,growth,168673,168413,3,,,,9085,,yes
NL1AP2021049,Shadows,CHINCHILLA,Jordan Cosmo,2020-04-17,29130850,0,steady,1466694,1277950,42,,,29,151116,,yes
GBKPL1980040,Thinking About It,LIIMO,Jordan Cosmo,2020-01-17,28209338,,steady,3382869,3350238,29,,,54,444248,12362,yes
QZK6Q1956155,All We Could Have Been,Alex Sampson,David Ryan Harris,2019-12-13,27704280,5,steady,13633572,13155970,47,4,3,864,18502763,32905,yes
GBKPL1976617,Old School,LIIMO,Jordan Cosmo,2019-11-29,27551666,,growth,2031261,2003889,27,,,34,271573,11250,yes
USUS12100721,Never Surrender,Adventure Club,Jordan Cosmo,2019-11-29,66385588,3,steady,1819485,1777047,30,,,1,63684,2898,yes
GBUM71905793,All Night Long,Jonas Blue,Jordan Cosmo,2019-11-15,27220086,5,steady,30956236,30766164,41,831,812,80,1824462,47420,yes
USUMV2500622,One Beer,HARDY,Michael Hardy,2019-09-12,,,,,,,,,,,,no_match(ok)
QM24S1923345,MVA,Joseph of Mercury,Joseph of Mercury,2019-08-13,24884899,,steady,81425,80725,5,,,,2440,,yes
QM24S1922317,Out My Mind,Joseph of Mercury,Joseph of Mercury,2019-07-13,24470654,,steady,58220,57665,4,,,,3376,,yes
ESA011939625,Te Entiendo,Marc Tinez,Marc Tinez,2019-07-12,59537895,,,3517,3462,0,,,,711,,yes
QM24S1921007,Pretenders,Joseph of Mercury,Joseph of Mercury,2019-06-13,24039586,,growth,917100,860725,35,185,180,,54578,16474,yes
QZES91937143,Cuando Lo Mueves,Marc Tinez,Marc Tinez,2019-05-17,92393408,,,,,,,,,,,yes
QM24S1913937,Dta (Don't Trust Anyone),Joseph of Mercury,Joseph of Mercury,2019-04-13,22860269,,steady,244573,243876,5,,,,,,yes
QM24S1910672,Keep You Around,Joseph of Mercury,Joseph of Mercury,2019-03-13,22598532,,steady,43151,42547,3,,,,12481,247,yes
QZDA81985057,Quizás,Marc Tinez,Marc Tinez,2019-03-08,23656833,,,1577,1559,0,,,,,,yes
QM24S1906027,Stop,Joseph of Mercury,Joseph of Mercury,2019-02-13,22438497,,steady,45881,45330,3,,,,11464,252,yes
QM6DC1909549,Disappear,Myris,Jordan Cosmo,2019-01-14,60302067,,steady,66536,66474,4,,,,,170,yes
QM24S1901399,Can't Take Your Love,Joseph of Mercury,Joseph of Mercury,2019-01-13,22291559,,steady,48353,48045,3,,,,,357,yes
NL1AP1969381,Cold Water,CHINCHILLA,Jordan Cosmo,2019-01-11,26867935,5,steady,3445860,3003616,47,,,114,297879,,yes
QM24S1844235,Over & Over,Joseph of Mercury,Joseph of Mercury,2018-12-13,22117381,,steady,195727,195098,3,,,,,,yes
QM24S1838898,Reluctant Love,Joseph of Mercury,Joseph of Mercury,2018-11-13,21964478,,steady,178866,177818,5,,,,,142,yes
SE5BU1886639,Til the Sand Ran Out,Joe Bryson,Joe Bryson,2018-07-04,20163379,0,decline,94032,93169,6,,,,,25,yes
SE5BU1783493,She Don't Really Miss Me,Joe Bryson,Joe Bryson,2018-01-22,18314696,0,steady,2105595,2089746,24,,,1,9016,384,yes
GBKPL1785425,Tarot,Joseph of Mercury,Joseph of Mercury,2017-09-01,12862317,,growth,135895,132420,13,,,2,15788,406,yes
GBKPL1785426,Do You Remember,Joseph of Mercury,Joseph of Mercury,2017-09-01,12862318,,growth,119898,118376,9,,,,17363,893,yes
GBKPL1785348,Angel,Joseph of Mercury,Joseph of Mercury,2017-08-17,12862302,,steady,761544,755683,18,,,5,16271,2245,yes
GBKPL1782350,Darling Come With Me,David Ryan Harris,David Ryan Harris,2017-06-23,18295594,,steady,1080663,1074778,17,,,,3337,403,yes
GBKPL1782298,Young Thing,Joseph of Mercury,Joseph of Mercury,2017-05-31,12861744,,steady,568305,561919,17,,,,2954508,1546,yes
GBKPL1779599,Find You Inside,Joseph of Mercury,Joseph of Mercury,2017-04-12,12861326,,growth,1142669,1130203,23,,,3,134875,10932,yes
GBKPL1777447,Without Words,Joseph of Mercury,Joseph of Mercury,2017-02-22,12860883,,growth,794929,784198,22,,,,98400,8502,yes
US92U1609001,All The Way,Jacksepticeye,David Ryan Harris,2016-07-22,14741447,,gradual decline,58529508,57596552,52,,,14911,114754340,39390,yes
USWB11515062,Something About You,Majid Jordan,Joseph of Mercury,2016-02-05,71090984,0,steady,,,,,,,,,yes
USA2P1568576,Force Of Nature,Fritz Helder,Joseph of Mercury,2016-01-08,14802210,4,steady,1238116,1229724,20,,,,49706,4231,yes
TCACJ1538850,Which Way Home,David Ryan Harris,David Ryan Harris,2015-10-23,14341270,5,steady,504524,499195,18,,,,13162,,yes
TCACJ1538858,Things That You Are,David Ryan Harris,David Ryan Harris,2015-10-23,16895099,,steady,210591,209178,11,,,,30889,,yes
TCACJ1538856,Sunshine,David Ryan Harris,David Ryan Harris,2015-10-23,21504789,,steady,100326,99799,5,,,,,,yes
TCACJ1538860,Still Be Loving You,David Ryan Harris,David Ryan Harris,2015-10-23,14341273,,growth,516508,515117,9,,,,19695,,yes
TCACJ1538857,So Is Mine,David Ryan Harris,David Ryan Harris,2015-10-23,18451657,,steady,110874,110212,6,,,,,,yes
TCACJ1538853,Shelter,David Ryan Harris,David Ryan Harris,2015-10-23,18799934,5,steady,1461426,1453677,21,,,,64959,,yes
TCACJ1538849,Our Day,David Ryan Harris,David Ryan Harris,2015-10-23,14341269,,growth,651322,646970,16,,,,58782,,yes
TCACJ1538859,The One You Love,David Ryan Harris,David Ryan Harris,2015-10-23,21401132,,steady,123031,122463,5,,,,14061,,yes
TCACJ1538851,Junkie,David Ryan Harris,David Ryan Harris,2015-10-23,14341271,3,steady,276985,255796,28,,,,,,yes
TCACJ1538855,I Can't Wait To Meet You,David Ryan Harris,David Ryan Harris,2015-10-23,16431833,,steady,349393,345448,15,,,,175272,685,yes
USUM71209200,Pool Mashup: Just The Way You Are/Just A Dream,Various (The Barden Bellas),David Ryan Harris,2015-02-10,15924119,0,gradual decline,84061676,80983267,58,32,30,151,2828852,299236,yes
USCGH1460819,Monster,Atlien Workshop,Chizzy,2014-02-11,19674191,,gradual decline,20837,20627,1,,,,,66,yes
AUBM01200186,Battlescars,Guy Sebastian,David Ryan Harris,2012-10-12,10990679,1,gradual decline,438285888,425094807,68,13819,12684,949374,58149303,3197066,yes
USKO11200098,3 Words,Elliott Yamin,David Ryan Harris,2012-02-07,15469088,5,steady,269614,267529,18,,,12,321772,,yes
USCGJ1104627,Worst Enemy,David Ryan Harris,David Ryan Harris,2011-04-01,16194411,0,,1489088,1448941,30,,,8,199290,1023,yes
USUM71113259,Yoy,Trombone Shorty,David Ryan Harris,2011-01-01,17503754,0,,,,,,,,,,yes
USUM71118070,Trapeze,Dia Frampton,David Ryan Harris,2011-01-01,15921974,,steady,1282598,1210997,37,,,,50471,,yes
AUBM00900190,I Like It Like That,Guy Sebastian,David Ryan Harris,2009-10-26,10990256,3,steady,18120264,17630506,49,5935,5716,959,2561273,101415,yes
USTC10735800,Hold My Fire,David Ryan Harris,David Ryan Harris,2006-01-01,21758180,,steady,149831,145268,15,,,,,,yes
USTC10735803,Strong Enough,David Ryan Harris,David Ryan Harris,2006-01-01,17454349,,steady,110792,109877,6,,,,,208,yes
USTC10735793,Forever More,David Ryan Harris,David Ryan Harris,2006-01-01,15861602,,growth,2599434,2570624,28,,,14,268430,11961,yes
USTC10735795,All I Need,David Ryan Harris,David Ryan Harris,2006-01-01,15861604,,steady,175512,174148,8,,,,,,yes
USTC10671624,Used To This,David Ryan Harris,David Ryan Harris,2004-01-01,27998179,4,steady,240156,225792,23,,,,120431,,yes
USTC10671626,Pretty Girl,David Ryan Harris,David Ryan Harris,2004-01-01,27998213,5,steady,255237,249105,15,,,,,,yes
USTC10671632,Good Thing,David Ryan Harris,David Ryan Harris,2004-01-01,25667658,5,steady,106644,105212,8,,,,,,yes
USTC10671631,Do What You Want,David Ryan Harris,David Ryan Harris,2004-01-01,21000078,5,steady,68718,67952,6,,,,,,yes
USEE10100169,Blacksun,Brand New Immortals,David Ryan Harris,2001-06-26,36982700,,,7158,6932,2,,,,,,yes
QZWFK2336283,You Ain't Gotta,Jesse Barrera,Hamish,,115642074,0,steady,256702,234134,28,,,,,,yes
