isrc,song_title,artist,spirit_songwriters,release_date,status,label,office
USRC12601645,SaWaDiKa,LISA,Volta,2026-09-02,Released,RCA Records,"SMN,SMG-US"
QT4K32616647,Is This My Life,Angelo Mota,"Angelo Mota,Hamish",2026-08-28,Released,LONG PLAYS ONLY,"SMN,SMG-US"
QT62W2609023,five minutes with god,Angelo Mota,Angelo Mota,2026-08-28,Released,LONG PLAYS ONLY,"SMN,SMG-US"
QT62W2609022,keep your head up,Angelo Mota,Angelo Mota,2026-08-28,Released,LONG PLAYS ONLY,"SMN,SMG-US"
QT62W2609017,Pray For Me,Angelo Mota,Angelo Mota,2026-08-28,Released,LONG PLAYS ONLY,"SMN,SMG-US"
QT62W2609016,Terrified,Angelo Mota,Angelo Mota,2026-08-28,Released,LONG PLAYS ONLY,"SMN,SMG-US"
QT4K42673607,or not,Angelo Mota,Angelo Mota,2026-08-28,Released,LONG PLAYS ONLY,"SMN,SMG-US"
QT62U2685069,Javelin,Angelo Mota,"Angelo Mota,Hamish",2026-08-28,Released,LONG PLAYS ONLY,"SMN,SMG-US"
QT62W2609015,Madman,Angelo Mota,Angelo Mota,2026-08-28,Released,LONG PLAYS ONLY,"SMN,SMG-US"
QT62W2609021,Good Enough,Angelo Mota,Angelo Mota,2026-08-28,Released,LONG PLAYS ONLY,"SMN,SMG-US"
QT62W2609020,Program,Angelo Mota,Angelo Mota,2026-08-28,Released,LONG PLAYS ONLY,"SMN,SMG-US"
QT62W2609019,Hills Have Eyes,Angelo Mota,Angelo Mota,2026-08-28,Released,LONG PLAYS ONLY,"SMN,SMG-US"
USQX92604649,Heaven,JENNIE,Volta,2026-08-28,Released,Columbia Records,"SMN,SMG-US"
QT6HJ2636439,Mine To Miss,Connor McCutcheon,Connor McCutcheon,2026-08-28,Released,Independent,"SMN,SMG-US"
AUNCC2500106,Cliches,Jem Cassar-Daley,Brock Westover,2026-08-28,Released,Sony Music Entertainment,"SMN,SMG-US"
CA74P2600010,Why Does The Moon,Jess Moskaluke,"Jessica Cayne,Matthew Morrisey",2026-08-28,Released,Independent,"SMN,SMG-US"
AUNCC2600016,Souvenir,Jem Cassar-Daley,Brock Westover,2026-08-28,Released,Sony Music Entertainment,"SMN,SMG-US"
QMDA62630329,Mess Of It,Brooke Lee,Brooke Lee,2026-08-28,Released,Spirit Nashville Recordings,"SMN,SMG-US"
GXJ2E2610400,Live Without You,"""AUGUSTKID, Laurentius, Mitchy & André & one more cig""",Justin Halpin,2026-08-28,Released,Allude Collective,"SMN,SMG-US"
QZUCN2202809,What It Means To Me,Ross Quinn,Jordan Cosmo,2026-08-28,Released,Payday Records,"SMN,SMG-US"
QZWH32600307,Square Up,Dahi,Ely Rise,2026-08-28,Released,Def Jam Recordings,"SMN,SMG-US"
QZWH32600344,Stand For Something,Dahi,Ely Rise,2026-08-28,Released,Def Jam Recordings,"SMN,SMG-US"
QZWH32600343,The Night,Dahi,Ely Rise,2026-08-28,Released,Def Jam Recordings,"SMN,SMG-US"
QZWH32600342,They Don't Know Me,Dahi,Ely Rise,2026-08-28,Released,Def Jam Recordings,"SMN,SMG-US"
QZWH32600341,Love Me,Dahi,Ely Rise,2026-08-28,Released,Def Jam Recordings,"SMN,SMG-US"
QZWH32600339,Who Are You,Dahi,Ely Rise,2026-08-28,Released,Def Jam Recordings,"SMN,SMG-US"
QMDA62673423,Dirt In My Teeth,Joe Bryson,"Bobby Hamrick,Justin Halpin,Joe Bryson",2026-08-28,Released,Spirit Nashville Recordings,"SMN,SMG-US"
QZRD92608950,Daisy,Carly Pearce,Michael Hardy,2026-08-28,Released,Big Machine Label Group,"SMN,SMG-US"
CA5KR2667363,No Air,NGHTMRE,Melodie Wagner,2026-08-21,Released,BMG Rights Management,"SMN,SMG-US"
QM6N22646772,Easy Love,Adam Chaffins,Adam Chaffins,2026-08-21,Released,Spirit Nashville Recordings,"SMN,SMG-US"
QZTV32601643,This Old Road Is Coming To An End,John Daly,"Nick Autry,Mike Fiorentino",2026-08-21,Released,Independent,"SMN,SMG-US"
QMBZ92623609,Ghost,Peacemode,Joe Janiak,2026-08-21,Released,Independent,"SMN,SMG-US"
QZ9H32600088,Werewolves of Hialeah,Mustard Service,"Marco Ochoa,Adam Perez,Leonardo Cattani",2026-08-21,Released,Independent,"SMN,SMG-US"
QZ9H32600087,Caballito,Mustard Service,Marco Ochoa,2026-08-21,Released,Independent,"SMN,SMG-US"
QZ9H32600065,Psalm 2,Mustard Service,Marco Ochoa,2026-08-21,Released,Independent,"SMN,SMG-US"
QZ9H32600086,The Clock,Mustard Service,Marco Ochoa,2026-08-21,Released,Independent,"SMN,SMG-US"
QZ9H32600085,Leap Year,Mustard Service,Marco Ochoa,2026-08-21,Released,Independent,"SMN,SMG-US"
QZ9H32600084,Today I Killed My Son,Mustard Service,Marco Ochoa,2026-08-21,Released,Independent,"SMN,SMG-US"
QZ9H32600082,I Want It All,Mustard Service,Marco Ochoa,2026-08-21,Released,Independent,"SMN,SMG-US"
QZ9H32600081,Paradise,Mustard Service,Marco Ochoa,2026-08-21,Released,Independent,"SMN,SMG-US"
USQX92602830,Blue Roan,Ian Munsick,Ryan Beaver,2026-08-21,Released,Warner Music Nashville,"SMN,SMG-US"
QMRSZ2602650,Once In A Mile,John Morgan,Brent Anderson,2026-08-21,Released,BMG BBR,"SMN,SMG-US"
QM6N22651257,"You Get Drunk, I'll Get High",Adam Chaffins,Adam Chaffins,2026-08-21,Released,Spirit Nashville Recordings,"SMN,SMG-US"
QM6N22646499,Hard To Reach,Adam Chaffins,Adam Chaffins,2026-08-21,Released,Spirit Nashville Recordings,"SMN,SMG-US"
QM6N22646591,Flea Market,Adam Chaffins,"Adam Chaffins,Bobby Hamrick",2026-08-21,Released,Spirit Nashville Recordings,"SMN,SMG-US"
QM6N22647546,Stepped Over The Pieces,Adam Chaffins,"Adam Chaffins,Frank Rogers",2026-08-21,Released,Spirit Nashville Recordings,"SMN,SMG-US"
QM6N22647529,Get Rich,Adam Chaffins,Adam Chaffins,2026-08-21,Released,Spirit Nashville Recordings,"SMN,SMG-US"
DKQ7G2600084,Last Mile,Lukas Graham,Remy Gautreau,2026-08-14,Released,Universal International Music B.V.,"SMN,SMG-US"
QZJ842610605,Criminal,Gigi Moss,Nick Gale,2026-08-14,Released,Independent,"SMN,SMG-US"
QMRSZ2602590,Let Him In Anyway,Blake Shelton,Michael Hardy,2026-08-14,Released,"BMG BBR,Warner Music Nashville","SMN,SMG-US"
QZEQU2601153,Talk Shit,Adam Mac,Jessica Cayne,2026-08-14,Released,Independent,"SMN,SMG-US"
QT6F82630691,Losing Horse,Gable Bradley,Mike Fiorentino,2026-08-14,Released,Independent,"SMN,SMG-US"
QT6FY2678770,Komplicated,Arkade,Patrick Ridgen,2026-08-14,Released,Independent,"SMN,SMG-US"
CBGAH2600010,Prairie Queen,Brandie Caroline,Jade Eagleson,2026-08-14,Released,Independent,"SMN,SMG-US"
DEWO71701010,Both Sides Of Me,Unroyal,Mike Fiorentino,2026-08-14,Released,CloudKid,"SMN,SMG-US"
USA2P2643642,Body,Jay Sean,Angel Delrae,2026-08-14,Released,Independent,"SMN,SMG-US"
QZWH32600668,Maggie's Song (Old Blue Jeans),Jenna Paulette,Brent Anderson,2026-08-14,Released,LEO33,"SMN,SMG-US"
QMBZ92676346,You Either Love Me Or You Don't,Josh Weathers,Jeremy Bussey,2026-08-14,Released,Independent,"SMN,SMG-US"
USSM12603931,Avoidance,AG Club,Hamish,2026-08-07,Released,"TheNamelessCollective,Epic Records","SMN,SMG-US"
USAT22603602,Babygirl,Ravyn Lenae,Ely Rise,2026-08-07,Released,Atlantic Recording Corporation,"SMN,SMG-US"
USAT22603606,Let Us In,Ravyn Lenae,Ely Rise,2026-08-07,Released,Atlantic Recording Corporation,"SMN,SMG-US"
USAT22603605,Find It One Day,Ravyn Lenae,Ely Rise,2026-08-07,Released,Atlantic Recording Corporation,"SMN,SMG-US"
USAT22603604,Wish You Well,Ravyn Lenae,Ely Rise,2026-08-07,Released,Atlantic Recording Corporation,"SMN,SMG-US"
USAT22603603,Barriers,Ravyn Lenae,Ely Rise,2026-08-07,Released,Atlantic Recording Corporation,"SMN,SMG-US"
USAT22603601,Saturday Night,Ravyn Lenae,Ely Rise,2026-08-07,Released,Atlantic Recording Corporation,"SMN,SMG-US"
USAT22601331,Reputation,Ravyn Lenae,Ely Rise,2026-08-07,Released,Atlantic Recording Corporation,"SMN,SMG-US"
USAT22603600,Sew Me Back Together,Ravyn Lenae,Ely Rise,2026-08-07,Released,Atlantic Recording Corporation,"SMN,SMG-US"
USAT22603598,In & Out,Ravyn Lenae,Ely Rise,2026-08-07,Released,Atlantic Recording Corporation,"SMN,SMG-US"
USAT22603597,Never Let Me Go,Ravyn Lenae,Ely Rise,2026-08-07,Released,Atlantic Recording Corporation,"SMN,SMG-US"
USAT22603251,Handle,Ravyn Lenae,Ely Rise,2026-08-07,Released,Atlantic Recording Corporation,"SMN,SMG-US"
QZRD92609202,I Kinda Want Your Man,Mackenzie Carpenter,Jamie Moore,2026-08-07,Released,Big Machine Records,"SMN,SMG-US"
QZTRX2646743,Watering the Lawn,Riley Taylor,Jade Eagleson,2026-08-07,Released,,"SMN,SMG-US"
QT6FF2690801,Sugar,Connor McCutcheon,Connor McCutcheon,2026-08-07,Released,Independent,"SMN,SMG-US"
QMBZ92672936,Thrill,Sawyer Utah,Sawyer Utah,2026-08-07,Released,VISCYRL X,"SMN,SMG-US"
QMDA62600113,You Only Call When It's Raining,Lucas Ball,Ryan Beaver,2026-08-07,Released,Twelve6 Entertainment,"SMN,SMG-US"
USUG12604883,Sunset Marquis,Miranda Lambert,David Garcia,2026-08-07,Released,Big Loud Records,"SMN,SMG-US"
USAT22605028,Whistle,Bri3,Chizzy,2026-08-05,Released,Atlantic Recording Corporation,"SMN,SMG-US"
QT3F92692503,Walk To Fame,Chizzy Stephens,Chizzy,2026-08-05,Released,Independent,"SMN,SMG-US"
QT3F92692501,Duffy,Chizzy Stephens,Chizzy,2026-08-05,Released,Independent,"SMN,SMG-US"
QT3F92692500,Top Of The Morning,Chizzy Stephens,Chizzy,2026-08-05,Released,Independent,"SMN,SMG-US"
QZEQU2601206,Drunk Love You,Smithfield,Adam Wood,2026-07-31,Released,Independent,"SMN,SMG-US"
QMRSZ2600931,Long Long Year,Tim Montana,Tim Montana,2026-07-31,Released,BMG BBR,"SMN,SMG-US"
QMRSZ2600936,Like A Satellite,Tim Montana,"Mike Fiorentino,Nathan Barlowe,Tim Montana",2026-07-31,Released,BMG BBR,"SMN,SMG-US"
QMRSZ2600932,Vampires,Tim Montana,Tim Montana,2026-07-31,Released,BMG BBR,"SMN,SMG-US"
QMRSZ2600940,Everything I'm Not,Tim Montana,Tim Montana,2026-07-31,Released,BMG BBR,"SMN,SMG-US"
QMRSZ2600939,When It's Over,Tim Montana,Tim Montana,2026-07-31,Released,BMG BBR,"SMN,SMG-US"
QMRSZ2600938,Like A Kennedy,Tim Montana,Tim Montana,2026-07-31,Released,BMG BBR,"SMN,SMG-US"
QMRSZ2600937,Off The Ground,Tim Montana,Tim Montana,2026-07-31,Released,BMG BBR,"SMN,SMG-US"
QMRSZ2600934,One Black Thumbnail,Tim Montana,"Mike Fiorentino,Nathan Barlowe,Tim Montana",2026-07-31,Released,BMG BBR,"SMN,SMG-US"
QMRSZ2600933,Crown of Ash,Tim Montana,"Nathan Barlowe,Tim Montana",2026-07-31,Released,BMG BBR,"SMN,SMG-US"
QMRSZ2600930,Kinda Like It,Tim Montana,Tim Montana,2026-07-31,Released,BMG BBR,"SMN,SMG-US"
QMRSZ2600929,Watch Me Drown,Tim Montana,Tim Montana,2026-07-31,Released,BMG BBR,"SMN,SMG-US"
QZ9H32600064,Sharks,Mustard Service,Marco Ochoa,2026-07-31,Released,Independent,"SMN,SMG-US"
CA5KR2662169,Focus,Loek,Melodie Wagner,2026-07-31,Released,Independent,"SMN,SMG-US"
QMRSZ2600928,Beautiful Hate,Tim Montana,"Nathan Barlowe,Tim Montana",2026-07-31,Released,BMG BBR,"SMN,SMG-US"
GBLFP2673099,Territorial,Michael Aldag,Ben Samama,2026-07-29,Released,Independent,"SMN,SMG-US"
USUG12606261,Pleaser,VITA,Hamish,2026-07-24,Released,Interscope Records,"SMN,SMG-US"
GBGLW2600583,Dog Eat Dog,CHINCHILLA,Sara Boe,2026-07-23,Released,Independent,"SMN,SMG-US"
QZTGW2604354,I Want You,NURKO,Remy Gautreau,2026-07-17,Released,Create Music Group,"SMN,SMG-US"
CA5KR2661623,Cruel World,Mathias Julin,Jordan Cosmo,2026-07-17,Released,Independent,"SMN,SMG-US"
QZEQU2600827,Another Love Song,Chris Housman,Jessica Cayne,2026-07-17,Released,Independent,"SMN,SMG-US"
US6XF2600173,Jack & Jill Daniel's,Emily Ann Roberts,Ryan Beaver,2026-07-17,Released,"Sony Music Nashville,RECORDS Nashville","SMN,SMG-US"
QMBZ92622437,More Life,Peacemode,Joe Janiak,2026-07-17,Released,Independent,"SMN,SMG-US"
QM6P42687629,Driver Drive,Brooke Lee,"Brock Westover,Brooke Lee",2026-07-17,Released,Spirit Nashville Recordings,"SMN,SMG-US"
USQX92602821,Been A Good Run,Scotty McCreery,"Derek George,Monty Criswell",2026-07-17,Released,"Sony Music Nashville,Triple Tigers","SMN,SMG-US"
QT6EC2671861,HOOCH,Fuller Debes,Joe Bryson,2026-07-17,Released,Independent,"SMN,SMG-US"
QZZVQ2600251,Find Me In A Bar,Nate Smith,Zack Hall,2026-07-17,Released,Sony Music Nashville,"SMN,SMG-US"
QZNMT2636570,Romanticize,Tkay Maidza,Tkay Maidza,2026-07-15,Released,Independent,"SMN,SMG-US"
QZWH32600305,Running,Dahi,Ely Rise,2026-07-10,Released,Def Jam Recordings,"SMN,SMG-US"
QT3RR2600002,Distant Lover,JIHYO,Angel Delrae,2026-07-10,Released,JYP Entertainment,"SMN,SMG-US"
QT3F32666649,Juvie 99,Chizzy Stephens,Chizzy,2026-07-10,Released,Independent,"SMN,SMG-US"
QMBZ92614738,Got That Right,Joe Bryson,"Joe Bryson,Justin Halpin,Cale Dodds",2026-07-10,Released,Spirit Nashville Recordings,"SMN,SMG-US"
USWB12600201,Hits Me,Hudson Westbrook,Ryan Beaver,2026-07-10,Released,River House Artists (Warner Music Nashville),"SMN,SMG-US"
USUYG1819784,Forever Ago,Restless Road,Zach Beeken,2026-07-10,Released,Empire,"SMN,SMG-US"
UKW3Z2601713,Forever Right Now,JERUB,Jordan Cosmo,2026-07-03,Released,Independent,"SMN,SMG-US"
USUS12600333,PLZ HOLD,Snakehips,Tkay Maidza,2026-06-26,Released,Ultra Records,"SMN,SMG-US"
USUS12600332,PLZ HOLD,Snakehips,Tkay Maidza,2026-06-26,Released,Ultra Records,"SMN,SMG-US"
USAT22602375,Celestial,Charlotte MacInnes,Joe Janiak,2026-06-26,Released,Atlantic Records,"SMN,SMG-US"
USAT22602534,Beast,Charlotte MacInnes,Joe Janiak,2026-06-26,Released,Atlantic Records,"SMN,SMG-US"
QZ9H32600062,Aerolineas Mostaza,Mustard Service,Marco Ochoa,2026-06-26,Released,Independent,"SMN,SMG-US"
QM6N22640719,Jesus In China (Overflow),Chanpan,Wes Singerman,2026-06-26,Released,EQT Recordings,"SMN,SMG-US"
QZJ842605822,Sad and Beautiful,Gigi Moss,Nick Gale,2026-06-26,Released,Independent,"SMN,SMG-US"
DEUM72603242,Voices,Alle Farben,Melodie Wagner,2026-06-26,Released,UMG (Universal Music Group),"SMN,SMG-US"
QM24S2603382,Life Of The Party,UNSECRET,Noelle Scaggs,2026-06-26,Released,Independent,"SMN,SMG-US"
GBAYE2600209,Hush,Muse,Nick Gale,2026-06-26,Released,Warner Records,"SMN,SMG-US"
USWB12601495,Thank Somebody Country,Cody Johnson,Michael Hardy,2026-06-26,Released,Warner Music Nashville,"SMN,SMG-US"
QMRSZ2601970,Hands Up,Jelly Roll,Michael Hardy,2026-06-24,Released,BMG BBR,"SMN,SMG-US"
QZTGW2602119,Washington,Jonny West,Brock Westover,2026-06-23,Released,Independent,"SMN,SMG-US"
QZTGW2602118,Bone Deep,Jonny West,Brock Westover,2026-06-23,Released,Independent,"SMN,SMG-US"
QZTGW2602115,Week,Jonny West,Brock Westover,2026-06-23,Released,Independent,"SMN,SMG-US"
QZTGW2602116,"Can I Call You, Baby?",Jonny West,Brock Westover,2026-06-23,Released,Independent,"SMN,SMG-US"
QZTGW2602117,WCYS?,Jonny West,Brock Westover,2026-06-23,Released,Independent,"SMN,SMG-US"
USAT22603941,On Your Mind,FKA Twigs,Volta,2026-06-19,Released,Atlantic Records,"SMN,SMG-US"
QMJMT2605961,Michigan,Infinity Song,Joe Janiak,2026-06-12,Released,Roc Nation Records,"SMN,SMG-US"
QT3EX2653716,Rhyme or Reason,Connor McCutcheon,Connor McCutcheon,2026-06-12,Released,Independent,"SMN,SMG-US"
USUM72604818,My Daughter,Vince Gill,Joy Williams,2026-06-12,Released,MCA Nashville,"SMN,SMG-US"
QZRD92608683,Drunk Enough,Midland,"Jamie Moore,Nathan Barlowe",2026-06-12,Released,Blue Highway Records,"SMN,SMG-US"
QZWH32600288,Find Me,Dahi,Ely Rise,2026-06-05,Released,Def Jam Recordings,"SMN,SMG-US"
DEUM72603114,Cola,CAKES,Melodie Wagner,2026-06-05,Released,UMG (Universal Music Group),"SMN,SMG-US"
USUG12604541,She Got It,Blake Proehl,Connor McCutcheon,2026-06-05,Released,MCA Nashville,"SMN,SMG-US"
QZAKB2562380,Burden,Dylan Rockoff,Justin Halpin,2026-06-05,Released,Independent,"SMN,SMG-US"
USUG12603062,Ashes,Camylio,"Camylio,Coleton Rubin",2026-05-29,Released,Mercury Records,"SMN,SMG-US"
USUG12603063,Before You Do,Camylio,"Camylio,Coleton Rubin",2026-05-29,Released,Mercury Records,"SMN,SMG-US"
USUG12603067,Steal Some Love,Camylio,"Camylio,Joe Janiak",2026-05-29,Released,Mercury Records,"SMN,SMG-US"
USUG12403164,Angel,Camylio,Camylio,2026-05-29,Released,Mercury Records,"SMN,SMG-US"
USUG12603065,How Far Down,Camylio,Camylio,2026-05-29,Released,Mercury Records,"SMN,SMG-US"
USUG12601283,Fall Into You,Camylio,"Camylio,Joe Janiak",2026-05-29,Released,Mercury Records,"SMN,SMG-US"
USUG12603064,Gravity,Camylio,Camylio,2026-05-29,Released,Mercury Records,"SMN,SMG-US"
USUG12603068,Strung Out On You,Camylio,Camylio,2026-05-29,Released,Mercury Records,"SMN,SMG-US"
USUG12603069,Take My Bones,Camylio,"Camylio,Coleton Rubin",2026-05-29,Released,Mercury Records,"SMN,SMG-US"
USUG12402922,Trouble,Camylio,Camylio,2026-05-29,Released,Mercury Records,"SMN,SMG-US"
USUG12603066,Nightmare,Camylio,Camylio,2026-05-29,Released,Mercury Records,"SMN,SMG-US"
USUG12603061,Waterfall,Camylio,Camylio,2026-05-29,Released,Mercury Records,"SMN,SMG-US"
USUG12505198,Psycho,Camylio,Camylio,2026-05-29,Released,Mercury Records,"SMN,SMG-US"
QM6P42635875,Vodka Soda,408,"Cale Dodds,Justin Halpin",2026-05-29,Released,Independent,"SMN,SMG-US"
QZEQU2600924,Maybe Baby,Brody Clementi,"Nick Autry,Jessica Cayne",2026-05-29,Released,Independent,"SMN,SMG-US"
CA5KR2652570,Strangers to Strangers,Zach Hood,Sawyer Utah,2026-05-29,Released,Coup D'Etat Recordings,"SMN,SMG-US"
GBRKQ2615687,Wild Kids,Toby Lightman,Shane Stevens,2026-05-29,Released,Independent,"SMN,SMG-US"
QMDPP2602745,Rather Be The Fire,Bryan Martin,Adam Wood,2026-05-29,Released,Average Joes Entertainment,"SMN,SMG-US"
QZ9H32600046,Who Knew Your Body,Mustard Service,Marco Ochoa,2026-05-22,Released,Independent,"SMN,SMG-US"
DEUM72602921,Heroes Of The Night,Alle Farben,Melodie Wagner,2026-05-22,Released,UMG (Universal Music Group),"SMN,SMG-US"
QZWFP2688981,X Games,Connor McCutcheon,Connor McCutcheon,2026-05-22,Released,Independent,"SMN,SMG-US"
QZZVQ2500323,Chesney On The Beach,McCoy Moore,Brinley Addington,2026-05-22,Released,Sony Music Nashville,"SMN,SMG-US"
KRA492600312,Intro,ZEROBASEONE,Ben Samama,2026-05-18,Released,WAKEONE,"SMN,SMG-US"
KRA492600313,Top 5,ZEROBASEONE,Ben Samama,2026-05-18,Released,WAKEONE,"SMN,SMG-US"
USRC12600932,Housekeeping,Ally Salort,Sara Boe,2026-05-15,Released,RCA Records,"SMN,SMG-US"
QM24S2506949,Compass,Matt Hansen,Sara Boe,2026-05-15,Released,Independent,"SMN,SMG-US"
QM24S2600021,Somewhere In Between,Matt Hansen,Ben Samama,2026-05-15,Released,Independent,"SMN,SMG-US"
QM24S2602507,Before We Know It,Matt Hansen,Sara Boe,2026-05-15,Released,Independent,"SMN,SMG-US"
USSM12600807,Jezebel,GIVEON,Peter Lee Johnson,2026-05-15,Released,Epic Records,"SMN,SMG-US"
USUM72603312,Bellafonte,Jenevieve,Tkay Maidza,2026-05-08,Released,Interscope Records,"SMN,SMG-US"
QZMEV2661248,Pressed,Tkay Maidza,Tkay Maidza,2026-05-08,Released,Independent,"SMN,SMG-US"
QZWH32600272,Rest Of Your Life,Dahi,Ely Rise,2026-05-08,Released,Def Jam Recordings,"SMN,SMG-US"
QMMEH2601092,Forget Me Not,Sicily Rose,"Bobby Hamrick,Shane Stevens",2026-05-08,Released,Big Machine Label Group,"SMN,SMG-US"
QM6MZ2648883,King Of Coal Dust County,Adam Chaffins,Adam Chaffins,2026-05-08,Released,Spirit Nashville Recordings,"SMN,SMG-US"
CBEFB2602145,Say That You'll Be There,Loods,Melodie Wagner,2026-05-07,Released,Independent,"SMN,SMG-US"
QZWFN2646389,World In You,Myya,Liz Lokre,2026-05-06,Released,Independent,"SMN,SMG-US"
QZRD92608680,Shooting Memories With Tequila,Midland,Ryan Beaver,2026-05-05,Released,Blue Highway Records,"SMN,SMG-US"
GBRKQ2600686,Crew,O.A.R.,Remy Gautreau,2026-05-01,Released,Independent,"SMN,SMG-US"
GBPVV2500140,Palestine,KNEECAP,JJ Scheff,2026-05-01,Released,HEAVENLY RECORDINGS,"SMN,SMG-US"
QZTB42618405,It Gets Better,Sara Jean Kelley,David Ryan Harris,2026-05-01,Released,Independent,"SMN,SMG-US"
QT5752500015,Man's World,Noelle Scaggs,Noelle Scaggs,2026-05-01,Released,Adventures With Scaggs LLC,"SMN,SMG-US"
QT5752500019,Feel Your Body,Noelle Scaggs,Noelle Scaggs,2026-05-01,Released,Adventures With Scaggs LLC,"SMN,SMG-US"
QT5752500025,Diamonds On The Floor,Noelle Scaggs,Noelle Scaggs,2026-05-01,Released,Adventures With Scaggs LLC,"SMN,SMG-US"
QT5752500012,World Stop,Noelle Scaggs,Noelle Scaggs,2026-05-01,Released,Adventures With Scaggs LLC,"SMN,SMG-US"
QT5752500009,Head To The Sky,Noelle Scaggs,Noelle Scaggs,2026-05-01,Released,Adventures With Scaggs LLC,"SMN,SMG-US"
QT5752500022,Money Fame Love,Noelle Scaggs,"Bobby Hamrick,Brock Westover,Noelle Scaggs",2026-05-01,Released,Adventures With Scaggs LLC,"SMN,SMG-US"
QT5752500004,The Ultimate,Noelle Scaggs,Noelle Scaggs,2026-05-01,Released,Adventures With Scaggs LLC,"SMN,SMG-US"
QT5752500001,Bless The DJ,Noelle Scaggs,Noelle Scaggs,2026-05-01,Released,Adventures With Scaggs LLC,"SMN,SMG-US"
QT5752500027,Get Loose,Noelle Scaggs,Noelle Scaggs,2026-05-01,Released,Adventures With Scaggs LLC,"SMN,SMG-US"
QT2JK2500195,Evergreen Avenue,Izzy Escobar,Mira Housey,2026-05-01,Released,"""Artist House, LLC""","SMN,SMG-US"
USUG12601597,Waste A Day,Ernest,David Garcia,2026-05-01,Released,Big Loud Records,"SMN,SMG-US"
USUG12601592,What's A Little Rain,Ernest,David Garcia,2026-05-01,Released,Big Loud Records,"SMN,SMG-US"
NLF712601983,Like A Child,Armin Van Buuren,Melodie Wagner,2026-04-24,Released,Armada,"SMN,SMG-US"
USUG12603162,Wrong With Me,Timmy McKeever,Cale Dodds,2026-04-24,Released,"Independent,Big Loud Records","SMN,SMG-US"
USA2P2622923,Scarlet Witch,Musza,Autumn Rowe,2026-04-23,Released,Independent,"SMN,SMG-US"
QZTB92614625,Sunkissed,Jake Clark,Mira Housey,2026-04-17,Released,,"SMN,SMG-US"
USLZJ2681758,Layup,Mira Housey,Mira Housey,2026-04-17,Released,Independent,"SMN,SMG-US"
US5TA2600053,Rise High Rise,Xdinary Heroes,Ben Samama,2026-04-17,Released,JYP Entertainment,"SMN,SMG-US"
QZ5FN2651573,Pockets Full Of Sand,The Elovaters,"Justin Halpin,Cale Dodds",2026-04-17,Released,Ineffable Records,"SMN,SMG-US"
QM4TW2672431,Kissing A Stranger,Brooke Lee,"Brooke Lee,Justin Richards",2026-04-17,Released,Spirit Nashville Recordings,"SMN,SMG-US"
QM4TW2672446,I Gotta Go,Brooke Lee,Brooke Lee,2026-04-17,Released,Spirit Nashville Recordings,"SMN,SMG-US"
USLZJ2656431,How's It Going For You?,Cale Dodds,Cale Dodds,2026-04-16,Released,Independent,"SMN,SMG-US"
QM6MZ2662966,On The Loose,Luke Alexander,Melodie Wagner,2026-04-10,Released,Independent,"SMN,SMG-US"
QZTB32616647,Only Devils,Connor McCutcheon,Connor McCutcheon,2026-04-10,Released,Independent,"SMN,SMG-US"
QT82U2697780,No Loyalty,Harry T,Nick Gale,2026-04-10,Released,Independent,"SMN,SMG-US"
USLZJ2652643,You Had Me At Howdy,Kylie Morgan,"Brock Westover,Jessica Cayne",2026-04-10,Released,Independent,"SMN,SMG-US"
QMRSZ2600438,Break Me Down,Tim Montana,"Nathan Barlowe,Tim Montana",2026-04-08,Released,BMG BBR,"SMN,SMG-US"
CA5KR2640799,Daredevil,Zach Hood,Sawyer Utah,2026-04-03,Released,Coup D'Etat Recordings,"SMN,SMG-US"
QZRP42645021,Spose To Be,Chizzy Stephens,Chizzy,2026-04-01,Released,Independent,"SMN,SMG-US"
KRA302600046,Million Miles Away,IRENE,Melodie Wagner,2026-03-30,Released,SM Entertainment,"SMN,SMG-US"
QZNN22502366,Must Be,Tkay Maidza,Tkay Maidza,2026-03-27,Released,Independent,"SMN,SMG-US"
QZEQU2600375,Giving Up On Us,Smithfield,Adam Wood,2026-03-27,Released,Independent,"SMN,SMG-US"
USUG12601542,Breathe,Marlon Hoffstadt,Ben Samama,2026-03-27,Released,UMG Recordings Inc,"SMN,SMG-US"
QZK6K2606288,If I Go Missin',Tim & The Glory Boys,Cale Dodds,2026-03-27,Released,Sony Music Nashville,"SMN,SMG-US"
USUG12509599,Bird's Eye View,Flatland Calvalry,Ryan Beaver,2026-03-27,Released,Interscope Records,"SMN,SMG-US"
ES75E2600483,7 Days A Week,Marc Tinez,Marc Tinez,2026-03-26,Released,M. Tinez Records,"SMN,SMG-US"
USLZJ2605283,Three Tinted Windows,O.A.R.,Remy Gautreau,2026-03-20,Released,Independent,"SMN,SMG-US"
USLD91786253,Ways Away,Tyler Nance,Connor McCutcheon,2026-03-20,Released,Santa Anna,"SMN,SMG-US"
QM4TW2672383,Just Because,Brooke Lee,"Brooke Lee,Justin Richards",2026-03-20,Released,Spirit Nashville Recordings,"SMN,SMG-US"
USUYG1796591,All For You,Josh Tatofi,Nick Autry,2026-03-20,Released,Empire,"SMN,SMG-US"
QMGVJ2600071,Stand Still,Max McNown,Ryan Beaver,2026-03-20,Released,Sony Music Nashville,"SMN,SMG-US"
QMRSZ2502424,Still Haven't Stopped,ATLUS,David Garcia,2026-03-20,Released,BMG BBR,"SMN,SMG-US"
QMRSZ2502427,Sounds Like Alcohol,ATLUS,"David Garcia,Justin Halpin",2026-03-20,Released,BMG BBR,"SMN,SMG-US"
AUWA02600032,Gentleman,Budjerah,Autumn Rowe,2026-03-19,Released,WMG (Warner Music Group),"SMN,SMG-US"
QT5M52611420,The Weekend,Digital Farm Animals,Nick Gale,2026-03-18,Released,Independent,"SMN,SMG-US"
QZNWY2699040,Sweet Cherry Pie,Chizzy Stephens,Chizzy,2026-03-18,Released,Independent,"SMN,SMG-US"
QZMER2673013,Gut Check,Remy,Remy Gautreau,2026-03-13,Released,,"SMN,SMG-US"
QZNWT2628895,Mine To Miss,Connor McCutcheon,Connor McCutcheon,2026-03-13,Released,Independent,"SMN,SMG-US"
CA5KR2635234,Walk Away,Tritonal,Jordan Cosmo,2026-03-13,Released,Independent,"SMN,SMG-US"
QZ5FN2656391,In My Bones,Valerie Broussard,"Cale Dodds,Justin Halpin",2026-03-13,Released,House of Artemis,"SMN,SMG-US"
USAT22600963,Struck,Charlotte MacInnes,"Joe Janiak,Sara Boe",2026-03-13,Released,Atlantic Records,"SMN,SMG-US"
USME32600011,Doomsday Doggerel,The Black Crowes,"Chris Robinson,Rich Robinson",2026-03-13,Released,Silver Arrow Records,"SMN,SMG-US"
USME32600010,Eros Blues,The Black Crowes,"Chris Robinson,Rich Robinson",2026-03-13,Released,Silver Arrow Records,"SMN,SMG-US"
USME32600009,You Call This A Good Time?,The Black Crowes,"Chris Robinson,Rich Robinson",2026-03-13,Released,Silver Arrow Records,"SMN,SMG-US"
USME32600008,Blood Red Regrets,The Black Crowes,"Chris Robinson,Rich Robinson",2026-03-13,Released,Silver Arrow Records,"SMN,SMG-US"
USME32600007,It's Like That,The Black Crowes,"Chris Robinson,Rich Robinson",2026-03-13,Released,Silver Arrow Records,"SMN,SMG-US"
USME32600006,Queen of the B-Sides,The Black Crowes,"Chris Robinson,Rich Robinson",2026-03-13,Released,Silver Arrow Records,"SMN,SMG-US"
USME32600005,High & Lonesome,The Black Crowes,"Chris Robinson,Rich Robinson",2026-03-13,Released,Silver Arrow Records,"SMN,SMG-US"
USME32600004,Do The Parasite!,The Black Crowes,"Chris Robinson,Rich Robinson",2026-03-13,Released,Silver Arrow Records,"SMN,SMG-US"
USME32600002,Cruel Streak,The Black Crowes,"Chris Robinson,Rich Robinson",2026-03-13,Released,Silver Arrow Records,"SMN,SMG-US"
QM4TW2641949,Sugarcoat It,Adam Chaffins,Adam Chaffins,2026-03-13,Released,Spirit Nashville Recordings,"SMN,SMG-US"
QZK6F2610321,Big Steppa,Laron Smith,Chizzy,2026-03-11,Released,Independent,"SMN,SMG-US"
QM4TX2654674,IDWKT,Sawyer Utah,Sawyer Utah,2026-03-06,Released,VISCYRL X,"SMN,SMG-US"
QM4TX2654671,Circles,Sawyer Utah,Sawyer Utah,2026-03-06,Released,VISCYRL X,"SMN,SMG-US"
QMBZ92501756,Where Do U Go?,Sawyer Utah,Sawyer Utah,2026-03-06,Released,VISCYRL X,"SMN,SMG-US"
QM4TW2694426,CARS,Sawyer Utah,Sawyer Utah,2026-03-06,Released,VISCYRL X,"SMN,SMG-US"
QMDA62582033,One More Fix,Sawyer Utah,Sawyer Utah,2026-03-06,Released,VISCYRL X,"SMN,SMG-US"
QMFMF2505480,Play With My Heart,Sawyer Utah,Sawyer Utah,2026-03-06,Released,VISCYRL X,"SMN,SMG-US"
QM6N22561874,tears & wishes,Sawyer Utah,Sawyer Utah,2026-03-06,Released,VISCYRL X,"SMN,SMG-US"
QM4TW2659458,Where Do You Go When It Rains,Joe Bryson,Joe Bryson,2026-03-06,Released,"""Joe Bryson Music, LLC""","SMN,SMG-US"
QM4TW2659276,Purgatory,Joe Bryson,Joe Bryson,2026-03-06,Released,"""Joe Bryson Music, LLC""","SMN,SMG-US"
QM4TW2659156,My Sunday,Joe Bryson,Joe Bryson,2026-03-06,Released,"""Joe Bryson Music, LLC""","SMN,SMG-US"
QM4TW2659471,Come Back Down,Joe Bryson,Joe Bryson,2026-03-06,Released,"""Joe Bryson Music, LLC""","SMN,SMG-US"
QZVMS2500035,Crazy Leaf,Brit Taylor,"Adam Chaffins,Jeremy Bussey",2026-03-06,Released,Independent,"SMN,SMG-US"
QZVMS2500032,Lately I've Been Thinking,Brit Taylor,Adam Chaffins,2026-03-06,Released,Independent,"SMN,SMG-US"
QZVMS2500031,The Land Of The Forgotten,Brit Taylor,Adam Chaffins,2026-03-06,Released,Independent,"SMN,SMG-US"
QZVMS2500036,Bar's Closing,Brit Taylor,Adam Chaffins,2026-03-06,Released,Independent,"SMN,SMG-US"
ES75E2600840,Scared of Loving,Marc Tinez,Marc Tinez,2026-03-05,Released,M. Tinez Records,"SMN,SMG-US"
QZRD92608512,Drunk Cigs,Mackenzie Carpenter,Jamie Moore,2026-02-27,Released,Big Machine Records,"SMN,SMG-US"
QZVEM2622901,Buried Together,Remy,Remy Gautreau,2026-02-27,Released,,"SMN,SMG-US"
QM4TW2610300,I was July,Juliet Ivy,Jason Vance Harris,2026-02-27,Released,AWAL Recordings Ltd,"SMN,SMG-US"
QM4TW2694398,LADY,Sawyer Utah,Sawyer Utah,2026-02-27,Released,VISCYRL X,"SMN,SMG-US"
US5ED2507868,Maybe You're The One,Pop Evil,Kasey Tyndall,2026-02-27,Released,MNRK,"SMN,SMG-US"
QM24S2600394,Darkness Wins,Erin Kirby,Brinley Addington,2026-02-27,Released,Independent,"SMN,SMG-US"
QMRSZ2600123,Uncross Your Heart,Haven Madison,"Brock Westover,Jessica Cayne",2026-02-27,Released,BMG BBR,"SMN,SMG-US"
USQX92500137,Get To Love You,220 Kid,Joe Janiak,2026-02-20,Released,Sony Music Entertainment,"SMN,SMG-US"
USQX92502807,Hold On For Heaven,220 Kid,Joe Janiak,2026-02-20,Released,Sony Music Entertainment,"SMN,SMG-US"
QZQAY2652037,New City,FEYI,Angel Delrae,2026-02-20,Released,Independent,"SMN,SMG-US"
USSM12600451,No Blame,Baby Keem,Volta,2026-02-20,Released,Columbia Records,"SMN,SMG-US"
USSM12600450,Dramatic Girl,Baby Keem,Volta,2026-02-20,Released,Columbia Records,"SMN,SMG-US"
USSM12600448,Highway 95 pt.2,Baby Keem,Volta,2026-02-20,Released,Columbia Records,"SMN,SMG-US"
USSM12600446,$ex Appeal,Baby Keem,Volta,2026-02-20,Released,Columbia Records,"SMN,SMG-US"
USSM12600444,House Money,Baby Keem,Volta,2026-02-20,Released,Columbia Records,"SMN,SMG-US"
USA2P2605782,Otherside,Bryce Vine,Patrick Ridgen,2026-02-20,Released,BAMBOO .45,"SMN,SMG-US"
QT5M22664584,Playground,Grace Bridie,Grace Bridie,2026-02-20,Released,Independent,"SMN,SMG-US"
QZ5FN2643174,prettyboy,Mira Housey,Mira Housey,2026-02-20,Released,Independent,"SMN,SMG-US"
QM4TW2668458,Desert Darling,Brooke Lee,Brooke Lee,2026-02-20,Released,Spirit Nashville Recordings,"SMN,SMG-US"
QM24S2600627,Heaven,Reaper,JJ Scheff,2026-02-13,Released,Independent,"SMN,SMG-US"
USSM12600141,Be Her,Ella Langley,Michael Hardy,2026-02-13,Released,"Sony Music Nashville,Triple Tigers","SMN,SMG-US"
QMRSZ2600179,Getaway Car,Dustin Lynch,Brent Anderson,2026-02-13,Released,BMG BBR,"SMN,SMG-US"
US6XF2600017,Whipped,Emily Ann Roberts,Ryan Beaver,2026-02-13,Released,"Independent,Sony Music Nashville","SMN,SMG-US"
QM5QG2553005,American Sky,Morgan Myles,Matthew Morrisey,2026-02-13,Released,Independent,"SMN,SMG-US"
ES75E2600789,In God's Hands,Marc Tinez,Marc Tinez,2026-02-12,Released,M. Tinez Records,"SMN,SMG-US"
CA5KR2614549,Two Steppin,Shankz,Melodie Wagner,2026-02-06,Released,Independent,"SMN,SMG-US"
QZEQU2600141,Bourbon And The Bible,Kameron Marlowe,Adam Wood,2026-02-06,Released,Sony Music Nashville,"SMN,SMG-US"
QZVMS2500034,Around And Around,Brit Taylor,Adam Chaffins,2026-02-06,Released,Independent,"SMN,SMG-US"
KRA382600737,Why U Mad,SKINZ,Ben Samama,2026-02-04,Released,Kakao Entertainment,"SMN,SMG-US"
USUG12600832,McArthur,HARDY,Michael Hardy,2026-01-30,Released,Big Loud Records,"SMN,SMG-US"
QZFZ62695533,Jesus Doesn't Care,Colleen McKenna,Joe Bryson,2026-01-30,Released,Independent,"SMN,SMG-US"
QZS7J2531421,Pills,Kate Sykes,"Mike Fiorentino,Nathan Barlowe",2026-01-30,Released,Independent,"SMN,SMG-US"
USA2P2514067,Raised By A Woman,Rachel Grae,Joe Janiak,2026-01-23,Released,Independent,"SMN,SMG-US"
USA2P2528291,Safe With Me,Rachel Grae,Joe Janiak,2026-01-23,Released,Independent,"SMN,SMG-US"
USA2P2537414,Need Your Love,Rachel Grae,Joe Janiak,2026-01-23,Released,Independent,"SMN,SMG-US"
USA2P2554911,Run With The River,Rachel Grae,Joe Janiak,2026-01-23,Released,Independent,"SMN,SMG-US"
USA2P2544749,Come A Day,Rachel Grae,Joe Janiak,2026-01-23,Released,Independent,"SMN,SMG-US"
QZZEB2550577,Like My Own,Kylie Morgan,Kasey Tyndall,2026-01-23,Released,Independent,"SMN,SMG-US"
USA2P2556929,Into Me,Tolou,Liz Lokre,2026-01-23,Released,Independent,"SMN,SMG-US"
USUM72511256,Cool Down,Ari Lennox,Liz Lokre,2026-01-23,Released,Interscope Records,"SMN,SMG-US"
QZZEB2553121,BUTTERF-LIES,Mira Housey,Mira Housey,2026-01-23,Released,Independent,"SMN,SMG-US"
USWB12504170,Exclusive,Hudson Westbrook,Ryan Beaver,2026-01-23,Released,River House Artists (Warner Music Nashville),"SMN,SMG-US"
US6R22526325,Burn To Black,Brooke Lee,Brooke Lee,2026-01-23,Released,Spirit Nashville Recordings,"SMN,SMG-US"
QMRSZ2500467,Ruin Me,Corbyn Besson,Peter Lee Johnson,2026-01-16,Released,BMG Rights Management,"SMN,SMG-US"
USAT22600020,Yo Yan,Skrillex,Peter Lee Johnson,2026-01-16,Released,Atlantic Recording Corporation,"SMN,SMG-US"
USC4R2559998,Buzz,Vienna Vienna,Joe Janiak,2026-01-16,Released,Independent,"SMN,SMG-US"
QMFMG2578094,Bloody Nails,Joe Bryson,Joe Bryson,2026-01-16,Released,Spirit Nashville Recordings,"SMN,SMG-US"
USUM72511641,100,Ella Mai,Peter Lee Johnson,2026-01-14,Released,10 Summers,"SMN,SMG-US"
QZQAY2604464,All My Love,Johnny Valentine,Patrick Ridgen,2026-01-13,Released,Independent,"SMN,SMG-US"
QZNMZ2537486,The One That Got Away,AJ McClean,Ben Samama,2026-01-09,Released,Independent,"SMN,SMG-US"
QZNN22571271,Relapse,AJ McClean,Ben Samama,2026-01-09,Released,Independent,"SMN,SMG-US"
QZNN22571268,Body Butter,AJ McClean,Ben Samama,2026-01-09,Released,Independent,"SMN,SMG-US"
QZNN22571266,Flowers,AJ McClean,Ben Samama,2026-01-09,Released,Independent,"SMN,SMG-US"
QZNN22571267,Why You Love Me Wrong,AJ McClean,Ben Samama,2026-01-09,Released,Independent,"SMN,SMG-US"
QZNN22571269,Lovin' On Me,AJ McClean,Ben Samama,2026-01-09,Released,Independent,"SMN,SMG-US"
USME32600003,Pharmacy Chronicles,The Black Crowes,"Chris Robinson,Rich Robinson",2026-01-09,Released,Silver Arrow Records,"SMN,SMG-US"
USME32600001,Profane Prophecy,The Black Crowes,"Chris Robinson,Rich Robinson",2026-01-09,Released,Silver Arrow Records,"SMN,SMG-US"
QT6HK2511836,Sounds Of A Small Town,Timothy Wayne,Cale Dodds,2026-01-09,Released,Capitol Records Nashville,"SMN,SMG-US"
QZVMS2500029,Warning You Whiskey,Brit Taylor,Adam Chaffins,2026-01-09,Released,Independent,"SMN,SMG-US"
QZFZ22682418,Give Up On Us,Lonnie,"Chizzy,blckatom",2026-01-07,Released,Independent,"SMN,SMG-US"
QT6EU2523564,Chasing After You,Kelsey Parks,Jessica Cayne,2025-12-19,Released,Independent,"SMN,SMG-US"
QZZEB2505657,Sleeping In My Makeup,Mira Housey,Mira Housey,2025-12-19,Released,Independent,"SMN,SMG-US"
US5ED2507576,Is It Alright?,Jaz Karis,Chizzy,2025-12-12,Released,Independent,"SMN,SMG-US"
QMFMG2516822,It Ain't Mine,Connor McCutcheon,Connor McCutcheon,2025-12-05,Released,Independent,"SMN,SMG-US"
CA5KR2602902,Southern Belle,Zach Hood,Sawyer Utah,2025-12-05,Released,Coup D'Etat Recordings,"SMN,SMG-US"
QM24S2506993,One More Christmas,Trace Adkins,"Derek George,Monty Criswell",2025-11-28,Released,Independent,"SMN,SMG-US"
QT3FF2544602,Anything Anymore,Stella Hennen,"Adam Wood,Brock Westover",2025-11-28,Released,Independent,"SMN,SMG-US"
ES75E2512321,Si Se Va La Luz,Marc Tinez,Marc Tinez,2025-11-24,Released,M. Tinez Records,"SMN,SMG-US"
QT6EE2586396,Let's Get Married (This Christmas),Joseph of Mercury,Joseph of Mercury,2025-11-21,Released,Independent,"SMN,SMG-US"
QT6EE2530851,Breaking In The Bible,Colleen McKenna,Joe Bryson,2025-11-21,Released,Independent,"SMN,SMG-US"
QZZ8B2553212,Yours,Mira Housey,Mira Housey,2025-11-21,Released,Independent,"SMN,SMG-US"
GBCFB2500541,Otherside,Poolside,Nick Gale,2025-11-21,Released,Ninja Tune,"SMN,SMG-US"
QM24S2506582,Watterson Hall (Me & You),William Clark Green,Ryan Beaver,2025-11-19,Released,Independent,"SMN,SMG-US"
US23A8583303,Holly Jolly Good Time,Tyler James Bellinger,Cale Dodds,2025-11-14,Released,Independent,"SMN,SMG-US"
US23A8583302,Small Town Santa,Sammy Arriaga,Cale Dodds,2025-11-14,Released,Sony Music Nashville,"SMN,SMG-US"
GBUM72502295,Happening Again,Celeste,Ely Rise,2025-11-14,Released,Polydor Records,"SMN,SMG-US"
QMFME2576762,Lonely Does,Connor McCutcheon,Connor McCutcheon,2025-11-14,Released,Independent,"SMN,SMG-US"
USWB12504169,If He Wanted To,Hudson Westbrook,Ryan Beaver,2025-11-14,Released,River House Artists (Warner Music Nashville),"SMN,SMG-US"
QZTPX2595163,Oxygen,SUMMY,Brock Westover,2025-11-14,Released,Independent,"SMN,SMG-US"
QMFME2583373,Come Home,Brooke Lee,"Brooke Lee,Justin Richards,Jessica Cayne",2025-11-14,Released,Spirit Nashville Recordings,"SMN,SMG-US"
QZRD92508038,Good Omen,Caroline Jones,Joy Williams,2025-11-14,Released,Big Machine Label Group,"SMN,SMG-US"
USLS52581901,The Gift,Tamar Braxton,Liz Lokre,2025-11-07,Released,,"SMN,SMG-US"
NLF712506801,The City,Alex Wann,Melodie Wagner,2025-11-07,Released,Armada,"SMN,SMG-US"
QZTGW2407482,I Want You,NURKO,Remy Gautreau,2025-11-07,Released,Create Music Group,"SMN,SMG-US"
QZZ8A2520130,This Side Of The Mississippi,Cale Dodds,"Cale Dodds,Justin Halpin",2025-11-07,Released,Independent,"SMN,SMG-US"
QZZ8A2520122,Knowing When To Quit,Cale Dodds,Cale Dodds,2025-11-07,Released,Independent,"SMN,SMG-US"
QZZ8A2520137,Other Side Of You,Cale Dodds,"Cale Dodds,Justin Halpin",2025-11-07,Released,Independent,"SMN,SMG-US"
QZZVQ2500308,Buckshot,Graham Barham,Brent Anderson,2025-11-07,Released,Sony Music Nashville,"SMN,SMG-US"
USUYG1756740,To Hear Him Tell It,Matt Koziol,Jeremy Bussey,2025-11-07,Released,Independent,"SMN,SMG-US"
USUYG1756743,Losing You,Matt Koziol,Jeremy Bussey,2025-11-07,Released,Independent,"SMN,SMG-US"
QT6E92571379,It Feels Like Christmas,Matt Bloyd,Shane Stevens,2025-11-06,Released,Independent,"SMN,SMG-US"
QMEU32514888,What If I Don't,Shoshana Bean,David Ryan Harris,2025-11-04,Released,Independent,"SMN,SMG-US"
QMEU32514893,Strangers Again,Shoshana Bean,David Ryan Harris,2025-11-04,Released,Independent,"SMN,SMG-US"
QMEU32514887,Quite Like Me,Shoshana Bean,David Ryan Harris,2025-11-04,Released,Independent,"SMN,SMG-US"
QMEU32514896,Only Thing Left,Shoshana Bean,David Ryan Harris,2025-11-04,Released,Independent,"SMN,SMG-US"
QMEU32514898,Montana,Shoshana Bean,David Ryan Harris,2025-11-04,Released,Independent,"SMN,SMG-US"
QMEU32514889,Man Of His Word,Shoshana Bean,David Ryan Harris,2025-11-04,Released,Independent,"SMN,SMG-US"
QMEU32514897,Make Me A Mistake,Shoshana Bean,David Ryan Harris,2025-11-04,Released,Independent,"SMN,SMG-US"
QMEU32514895,Lone Soldier,Shoshana Bean,David Ryan Harris,2025-11-04,Released,Independent,"SMN,SMG-US"
QMEU32514890,Let Me Believe,Shoshana Bean,David Ryan Harris,2025-11-04,Released,Independent,"SMN,SMG-US"
QMEU32514886,Left Over Love,Shoshana Bean,David Ryan Harris,2025-11-04,Released,Independent,"SMN,SMG-US"
QMEU32514891,Hard Woman To Love,Shoshana Bean,David Ryan Harris,2025-11-04,Released,Independent,"SMN,SMG-US"
QMEU32514894,Forward,Shoshana Bean,David Ryan Harris,2025-11-04,Released,Independent,"SMN,SMG-US"
KRA382506367,Everything Is Love,AHOF,Ben Samama,2025-11-04,Released,Kakao Entertainment,"SMN,SMG-US"
QT6EB2521767,BAG!,Drelli,Remy Gautreau,2025-11-03,Released,Swagbop LLC,"SMN,SMG-US"
QMEU32514892,Twilight Moon,Shoshana Bean,"Jessica Cayne,Justin Richards,David Ryan Harris",2025-11-03,Released,Independent,"SMN,SMG-US"
USRC12501996,Falsetto,Eli,Jason Vance Harris,2025-10-31,Released,RCA Records,"SMN,SMG-US"
USRC12501997,I Wish I Was A Girl,Eli,Jason Vance Harris,2025-10-31,Released,RCA Records,"SMN,SMG-US"
USRC12500828,Marianne,Eli,Jason Vance Harris,2025-10-31,Released,RCA Records,"SMN,SMG-US"
SE6I32577633,Last First Dance,Tommy Lyon,Jordan Cosmo,2025-10-31,Released,Independent,"SMN,SMG-US"
QT3FA2534773,Jack Of All Trades,Stella Hennen,Sawyer Utah,2025-10-31,Released,Independent,"SMN,SMG-US"
QT6EB2525058,Used To Love You,Brandon Ratcliff,Jessica Cayne,2025-10-31,Released,Ratpack Records,"SMN,SMG-US"
QZZ8B2504305,Where We Are Right Now,O.A.R.,Remy Gautreau,2025-10-30,Released,Independent,"SMN,SMG-US"
USA2P2545307,Mismatch,&TEAM,Ben Samama,2025-10-28,Released,YX Labels,"SMN,SMG-US"
QM6MZ2533029,Halo,monte booker,Hamish,2025-10-24,Released,EQT Recordings,"SMN,SMG-US"
QM6MZ2533037,Awake,monte booker,Hamish,2025-10-24,Released,EQT Recordings,"SMN,SMG-US"
QT2JK2500077,Three More Glasses,Izzy Escobar,Mira Housey,2025-10-24,Released,"""Artist House, LLC""","SMN,SMG-US"
USUM72510354,My Muse,Leon Thomas,Peter Lee Johnson,2025-10-24,Released,"EZMNY Records,Motown Records","SMN,SMG-US"
QT65Z2521159,Catching Fire,Alli Leighann,"Chizzy,Connor McCutcheon",2025-10-24,Released,Independent,"SMN,SMG-US"
QZWH32500662,Same Place Twice,Randy Rogers Band,Ryan Beaver,2025-10-24,Released,Tommy Jackson Records LLC,"SMN,SMG-US"
USUM72508780,Little Miss,Vincent Mason,Ryan Beaver,2025-10-24,Released,MCA Nashville,"SMN,SMG-US"
USUM72510908,My Muse,Leon Thomas,Peter Lee Johnson,2025-10-23,Released,"EZMNY Records,Motown Records","SMN,SMG-US"
DEUM72507322,Everywhere,Max Allais,Jordan Cosmo,2025-10-17,Released,Independent,"SMN,SMG-US"
QMDA62568904,Lady In Red,Pedro Santos,Jordan Cosmo,2025-10-17,Released,Independent,"SMN,SMG-US"
US5ED2507152,Alright,Jaz Karis,Chizzy,2025-10-17,Released,Independent,"SMN,SMG-US"
QZRD92507923,Sober,Avery Roberson,LECADE,2025-10-17,Released,Big Machine Label Group,"SMN,SMG-US"
CAN112501229,Only Want You,BEL,Jason Vance Harris,2025-10-17,Released,Nettwerk Music Group,"SMN,SMG-US"
CAN112501224,Break A Leg (intro),BEL,Jason Vance Harris,2025-10-17,Released,Nettwerk Music Group,"SMN,SMG-US"
USUG12507656,Gone,Flatland Calvalry,Ryan Beaver,2025-10-17,Released,Interscope Records,"SMN,SMG-US"
QMBZ92517617,Tin Roof,Chris Young,Adam Wood,2025-10-17,Released,Black River Entertainment,"SMN,SMG-US"
QM24S2505215,The Wheel,Reaper,JJ Scheff,2025-10-10,Released,Independent,"SMN,SMG-US"
QM24S2505216,Phantoms,Reaper,JJ Scheff,2025-10-10,Released,Independent,"SMN,SMG-US"
QM24S2505217,Angels Cry,Reaper,JJ Scheff,2025-10-10,Released,Independent,"SMN,SMG-US"
QM24S2504750,You Break It You Buy It,Faith Hopkins,Connor McCutcheon,2025-10-10,Released,Play It Again Music,"SMN,SMG-US"
USUM72410681,Bring Me Downtown,Priscilla Block,David Garcia,2025-10-10,Released,Mercury Nashville,"SMN,SMG-US"
USUM72410678,Try,Priscilla Block,David Garcia,2025-10-10,Released,Mercury Nashville,"SMN,SMG-US"
USUM72410669,Stranger Things,Priscilla Block,David Garcia,2025-10-10,Released,Mercury Nashville,"SMN,SMG-US"
AUIYA2500004,Born To Be Country,Amy Sheppard,Brock Westover,2025-10-10,Released,Independent,"SMN,SMG-US"
QMFME2597230,Defense,monte booker,Hamish,2025-10-08,Released,EQT Recordings,"SMN,SMG-US"
GBUM72501397,Starry Eyed,Good Neighbours,Joe Janiak,2025-10-03,Released,Universal Music Operations Limited,"SMN,SMG-US"
QM4TX2581753,Every Road,Peacemode,Joe Janiak,2025-10-03,Released,Independent,"SMN,SMG-US"
QMFME2547066,Money Train,Peacemode,Joe Janiak,2025-10-03,Released,Independent,"SMN,SMG-US"
QM4TX2581687,Nothing Else,Peacemode,Joe Janiak,2025-10-03,Released,Independent,"SMN,SMG-US"
QM7282560692,One More Drink Before I Go,Peacemode,Joe Janiak,2025-10-03,Released,Independent,"SMN,SMG-US"
QMFME2547069,Shine A Little Love,Peacemode,Joe Janiak,2025-10-03,Released,Independent,"SMN,SMG-US"
QMDA72590087,In The Valley,Peacemode,Joe Janiak,2025-10-03,Released,Independent,"SMN,SMG-US"
QM4TX2581742,The Heart & The Hope,Peacemode,Joe Janiak,2025-10-03,Released,Independent,"SMN,SMG-US"
QMBZ92536172,Come Back Baby,Peacemode,Joe Janiak,2025-10-03,Released,Independent,"SMN,SMG-US"
QZS7J2530238,Make It With You,Grace Asbury,"Jessica Cayne,Matthew Morrisey",2025-10-03,Released,Independent,"SMN,SMG-US"
QZZ8A2547075,When I'm In The 70s,Mira Housey,Mira Housey,2025-10-03,Released,Independent,"SMN,SMG-US"
USUG12508045,Take the Country and Run,HARDY,"Michael Hardy,David Garcia",2025-09-29,Released,Big Loud Records,"SMN,SMG-US"
USUG12505243,Everybody Does,HARDY,Michael Hardy,2025-09-29,Released,Big Loud Records,"SMN,SMG-US"
USUG12505235,Everybody Does,HARDY,Michael Hardy,2025-09-29,Released,Big Loud Records,"SMN,SMG-US"
USUG12505242,Y’all Need Jesus,HARDY,Michael Hardy,2025-09-29,Released,Big Loud Records,"SMN,SMG-US"
USUG12505232,Y’all Need Jesus,HARDY,Michael Hardy,2025-09-29,Released,Big Loud Records,"SMN,SMG-US"
USUG12505241,Keep It Country,HARDY,"David Garcia,Michael Hardy",2025-09-29,Released,Big Loud Records,"SMN,SMG-US"
USUG12505231,Keep It Country,HARDY,"David Garcia,Michael Hardy",2025-09-29,Released,Big Loud Records,"SMN,SMG-US"
USUG12505230,Gun To My Head,HARDY,Michael Hardy,2025-09-29,Released,Big Loud Records,"SMN,SMG-US"
USUG12505239,Who Don't,HARDY,Michael Hardy,2025-09-29,Released,Big Loud Records,"SMN,SMG-US"
USUG12505228,Who Don't,HARDY,Michael Hardy,2025-09-29,Released,Big Loud Records,"SMN,SMG-US"
USUG12505240,Country In Me,HARDY,Michael Hardy,2025-09-29,Released,Big Loud Records,"SMN,SMG-US"
USUG12505229,Country In Me,HARDY,Michael Hardy,2025-09-29,Released,Big Loud Records,"SMN,SMG-US"
USUG12505227,Bottomland,HARDY,Michael Hardy,2025-09-29,Released,Big Loud Records,"SMN,SMG-US"
USUG12505238,Bedrooms In The Sky,HARDY,Michael Hardy,2025-09-29,Released,Big Loud Records,"SMN,SMG-US"
USUG12505226,Bedrooms In The Sky,HARDY,Michael Hardy,2025-09-29,Released,Big Loud Records,"SMN,SMG-US"
USUG12505225,Goodbye,HARDY,Michael Hardy,2025-09-29,Released,Big Loud Records,"SMN,SMG-US"
USUG12505224,Take the Country and Run,HARDY,"Michael Hardy,David Garcia",2025-09-29,Released,Big Loud Records,"SMN,SMG-US"
USUG12508048,Country In Me,HARDY,Michael Hardy,2025-09-29,Released,Big Loud Records,"SMN,SMG-US"
USUG12505236,Country Country,HARDY,"David Garcia,Michael Hardy",2025-09-29,Released,Big Loud Records,"SMN,SMG-US"
USUG12505221,Country Country,HARDY,"David Garcia,Michael Hardy",2025-09-29,Released,Big Loud Records,"SMN,SMG-US"
USUG12502833,Favorite Country Song,HARDY,Michael Hardy,2025-09-29,Released,Big Loud Records,"SMN,SMG-US"
USUG12502832,Luckiest Man Alive,HARDY,Michael Hardy,2025-09-29,Released,Big Loud Records,"SMN,SMG-US"
USUG12502835,Girl With A Gun,HARDY,Michael Hardy,2025-09-29,Released,Big Loud Records,"SMN,SMG-US"
USUG12502831,Girl With A Gun,HARDY,Michael Hardy,2025-09-29,Released,Big Loud Records,"SMN,SMG-US"
USUG12502834,Buck On The Wall,HARDY,Michael Hardy,2025-09-29,Released,Big Loud Records,"SMN,SMG-US"
USUG12502829,Buck On The Wall,HARDY,Michael Hardy,2025-09-29,Released,Big Loud Records,"SMN,SMG-US"
USUG12508044,Country In Me,HARDY,Michael Hardy,2025-09-29,Released,Big Loud Records,"SMN,SMG-US"
USUG12508047,Good Ole Boy,HARDY,"David Garcia,Michael Hardy",2025-09-29,Released,Big Loud Records,"SMN,SMG-US"
USUG12508043,Good Ole Boy,HARDY,"David Garcia,Michael Hardy",2025-09-29,Released,Big Loud Records,"SMN,SMG-US"
QZTL92556787,Smooth,Black Caviar,Remy Gautreau,2025-09-26,Released,Independent,"SMN,SMG-US"
USC4R2449413,Livin' It Up Down In Texas,Billy F Gibbons,Billy F. Gibbons,2025-09-26,Released,Concord Records,"SMN,SMG-US"
UKRPL1900934,Silver Lining,KC Lights,Melodie Wagner,2025-09-26,Released,Independent,"SMN,SMG-US"
QM24S2504568,Figure 8,Lily Rose,Matthew Morrisey,2025-09-26,Released,Independent,"SMN,SMG-US"
DE1QW2504980,Bury Me Alive,CH4YN,Ben Samama,2025-09-26,Released,Tipsy Dreamer,"SMN,SMG-US"
QZTGW2404816,Give Up The Ghost,Modestep,Nick Gale,2025-09-26,Released,Modestep,"SMN,SMG-US"
QZTGW2404809,Different,Modestep,Nick Gale,2025-09-26,Released,Modestep,"SMN,SMG-US"
QZTL92553953,Miss This,Black Caviar,Remy Gautreau,2025-09-26,Released,Independent,"SMN,SMG-US"
QZTL92540249,Pop Off,Black Caviar,Remy Gautreau,2025-09-26,Released,Independent,"SMN,SMG-US"
QZTL92512676,Summa That,Black Caviar,Remy Gautreau,2025-09-26,Released,Independent,"SMN,SMG-US"
USLD91783509,Unreasonable,Paperwater,Liz Lokre,2025-09-26,Released,Wet Paper Records,"SMN,SMG-US"
QMDA72591091,Highway Lovers,Brooke Lee,Brooke Lee,2025-09-26,Released,Spirit Nashville Recordings,"SMN,SMG-US"
QMFME2511379,Mississippi Mia,Joe Bryson,Joe Bryson,2025-09-26,Released,"""Joe Bryson Music, LLC""","SMN,SMG-US"
USLD91783525,Unreasonable (Afrowater Remix),Paperwater,Liz Lokre,2025-09-25,Released,Wet Paper Records,"SMN,SMG-US"
QMFME2516776,KMF,JUILS,Sawyer Utah,2025-09-25,Released,Juliana Cervizzi,"SMN,SMG-US"
QZZ8A2520078,Still Single,Cale Dodds,"Cale Dodds,Justin Halpin",2025-09-25,Released,Independent,"SMN,SMG-US"
QZWUY2400028,Wild And Free,Brooke Lee,"Brooke Lee,Mike Fiorentino,Patrick Ridgen",2025-09-20,Released,Spirit Nashville Recordings,"SMN,SMG-US"
QZZ7M2597715,It's You,Kelsey Parks,Jessica Cayne,2025-09-19,Released,Independent,"SMN,SMG-US"
QZZ8A2517069,I Feel Good About It,First Time Thieves,"Cale Dodds,Justin Halpin",2025-09-19,Released,Independent,"SMN,SMG-US"
QM5QG2553010,Laced,Morgan Myles,Matthew Morrisey,2025-09-19,Released,Blue Elan Records,"SMN,SMG-US"
ES75E2510564,Call Me Up,Marc Tinez,"Chizzy,Marc Tinez",2025-09-18,Released,M. Tinez Records,"SMN,SMG-US"
QT3EX2500355,Good Man Going Home,Jeff Bates,Nick Autry,2025-09-17,Released,Tall Grass Records,"SMN,SMG-US"
QMDA72587233,Holy Sugar,The Wombats,Joe Janiak,2025-09-16,Released,AWAL Recordings Ltd,"SMN,SMG-US"
USRC12501645,El Pleito,Miguel,Ely Rise,2025-09-15,Released,RCA Records,"SMN,SMG-US"
QZS7J2525269,I Ruin Everything I Love,Ali Wolv,Sara Boe,2025-09-15,Released,,"SMN,SMG-US"
USQX92503769,Cannibalism,Slayyyter,Hamish,2025-09-12,Released,Columbia Records,"SMN,SMG-US"
QM24S2505346,Forever Again,Matt Hansen,Sara Boe,2025-09-12,Released,Independent,"SMN,SMG-US"
QM24S2504898,Shark,Reaper,JJ Scheff,2025-09-12,Released,Independent,"SMN,SMG-US"
QMDA72587731,Ain't Nobody,Connor McCutcheon,Connor McCutcheon,2025-09-12,Released,Independent,"SMN,SMG-US"
GBUM72503679,Falling In Love,Matteo Bocelli,Camylio,2025-09-12,Released,Universal Music Operations Limited,"SMN,SMG-US"
USUM72412200,Phones And Radios,Priscilla Block,David Garcia,2025-09-12,Released,Mercury Nashville,"SMN,SMG-US"
QZTLA2545217,Million Bucks,Black Caviar,Remy Gautreau,2025-09-12,Released,Independent,"SMN,SMG-US"
US38Y2539268,Indigo,Venna,Hamish,2025-09-05,Released,Cashmere Thoughts,"SMN,SMG-US"
US38Y2539269,Eternal Reflections,Venna,Hamish,2025-09-05,Released,Cashmere Thoughts,"SMN,SMG-US"
USUG12505379,All Night Days,Rob Thomas,Remy Gautreau,2025-09-05,Released,UMG (Universal Music Group),"SMN,SMG-US"
CA5KR2588479,Middle Of Nowhere,Zach Hood,Sawyer Utah,2025-09-05,Released,Coup D'Etat Recordings,"SMN,SMG-US"
TCAJY2569864,If This Town Could Talk,Daniel Jeffers,"Bobby Hamrick,Justin Halpin",2025-09-05,Released,Independent,"SMN,SMG-US"
TCAJY2569808,Do Me A Favor,Daniel Jeffers,"Bobby Hamrick,Justin Halpin",2025-09-05,Released,Independent,"SMN,SMG-US"
QZVMS2500028,It's All For Sale,Brit Taylor,Adam Chaffins,2025-09-05,Released,Independent,"SMN,SMG-US"
US6XF2500255,Jack & Jill Daniel's,Emily Ann Roberts,Ryan Beaver,2025-09-05,Released,Independent,"SMN,SMG-US"
UKW3Z2501477,My Greatest Joy,RuthAnne,Autumn Rowe,2025-09-03,Released,,"SMN,SMG-US"
TCAJZ2564914,Afterglow,Grace Bridie,Grace Bridie,2025-08-29,Released,Independent,"SMN,SMG-US"
QM24S2504757,Hydra,Reaper,JJ Scheff,2025-08-29,Released,Independent,"SMN,SMG-US"
QZRD92507715,One to Willie,Riley Green,"Monty Criswell,Derek George",2025-08-29,Released,Big Machine Label Group,"SMN,SMG-US"
USUG12501956,Nonchalant,Sikarus,Michael Hardy,2025-08-22,Released,,"SMN,SMG-US"
QZNMV2534156,24/7,BigXThaPlug,Nick Gale,2025-08-22,Released,,"SMN,SMG-US"
QZEQU2501553,All Dollars No Sense,Adam Mac,Jessica Cayne,2025-08-22,Released,Independent,"SMN,SMG-US"
USWB12502899,Like It Like That,Dasha,David Garcia,2025-08-22,Released,WMG (Warner Music Group),"SMN,SMG-US"
USUG12504613,Do It All Again,Jon Batiste,Autumn Rowe,2025-08-22,Released,Interscope Records,"SMN,SMG-US"
QMRSZ2202691,Storm's Coming,Kolby Cooper,Michael Hardy,2025-08-19,Released,BMG BBR,"SMN,SMG-US"
GXBAV2077568,Bami Soro,ERIICE,Melodie Wagner,2025-08-15,Released,,"SMN,SMG-US"
QZNJY2563904,Insane,Liam Coleman,Joe Bryson,2025-08-15,Released,Independent,"SMN,SMG-US"
GBAHS2500696,Afters,BL3SS,Melodie Wagner,2025-08-15,Released,WMG (Warner Music Group),"SMN,SMG-US"
QZWFP2529272,Afterglow,Kelsey Parks,Jessica Cayne,2025-08-15,Released,Independent,"SMN,SMG-US"
QZRD92507695,Blind,LECADE,LECADE,2025-08-15,Released,Big Machine Label Group,"SMN,SMG-US"
QZWUY2500060,Thinkin' Straight,Connor McCutcheon,Connor McCutcheon,2025-08-15,Released,Independent,"SMN,SMG-US"
QMRSZ2501269,Devil Ain't Done,ATLUS,David Garcia,2025-08-15,Released,BMG BBR,"SMN,SMG-US"
QZ5FA2550089,Still,Clever,LECADE,2025-08-08,Released,Empire,"SMN,SMG-US"
US38Y2552592,Praise Dance,Big Freedia,Autumn Rowe,2025-08-08,Released,Independent,"SMN,SMG-US"
USA2P2535586,Got Away,Ripley Alexander,Connor McCutcheon,2025-08-08,Released,Supernormal Music Group,"SMN,SMG-US"
QZWV32560492,Money Talks,First Time Thieves,"Brock Westover,Cale Dodds,Justin Halpin",2025-08-07,Released,Independent,"SMN,SMG-US"
QM24S2504212,Liberation,Reaper,JJ Scheff,2025-08-01,Released,Independent,"SMN,SMG-US"
QZEQU2501561,Office With A View,Schmitty,"Derek George,Monty Criswell",2025-08-01,Released,Independent,"SMN,SMG-US"
CA5KR2541462,Another Summer Night,Zach Hood,Sawyer Utah,2025-08-01,Released,Coup D'Etat Recordings,"SMN,SMG-US"
QZEQU2501446,Worth The Wait,Brinley Addington,Brinley Addington,2025-08-01,Released,Independent,"SMN,SMG-US"
TCAJT2578489,Choke,Kalie Shorr,Jessica Cayne,2025-08-01,Released,Independent,"SMN,SMG-US"
QZWFE2597249,Making Moves,Be.zerk,"Bobby Hamrick,Brock Westover",2025-07-31,Released,Independent,"SMN,SMG-US"
ES75E2509268,Encima De Mi,Marc Tinez,Marc Tinez,2025-07-31,Released,Tinez Records,"SMN,SMG-US"
QZAKB2513611,Wish I Could Tell You,Remy,Remy Gautreau,2025-07-28,Released,Independent,"SMN,SMG-US"
USUG12506452,Miami (Feat. Lil Wayne & Rick Ross),Morgan Wallen,Michael Hardy,2025-07-25,Released,Big Loud Records,"SMN,SMG-US"
USUG12506451,Miami (Feat. Lil Wayne & Rick Ross),Morgan Wallen,Michael Hardy,2025-07-25,Released,Big Loud Records,"SMN,SMG-US"
USUG12506450,Miami (Feat. Lil Wayne & Rick Ross),Morgan Wallen,Michael Hardy,2025-07-25,Released,Big Loud Records,"SMN,SMG-US"
USUG12506449,Miami (Feat. Lil Wayne & Rick Ross),Morgan Wallen,Michael Hardy,2025-07-25,Released,Big Loud Records,"SMN,SMG-US"
TCAJT2559631,Not Yet,Daniel Jeffers,"Justin Halpin,Bobby Hamrick",2025-07-25,Released,Independent,"SMN,SMG-US"
CA74P2500010,Oops (I Think I Love You),Savannah Jade,"Jessica Cayne,Matthew Morrisey",2025-07-25,Released,Independent,"SMN,SMG-US"
QZWFG2575512,Hey Y'all,Shane Stevens,Shane Stevens,2025-07-25,Released,Independent,"SMN,SMG-US"
USWB12501546,Fool,Hudson Westbrook,Ryan Beaver,2025-07-25,Released,River House Artists (Warner Music Nashville),"SMN,SMG-US"
USUMV2502659,Miami (Feat. Lil Wayne & Rick Ross),Morgan Wallen,Michael Hardy,2025-07-24,Released,Big Loud Records,"SMN,SMG-US"
USUMV2502658,Miami (Feat. Lil Wayne & Rick Ross),Morgan Wallen,Michael Hardy,2025-07-24,Released,Big Loud Records,"SMN,SMG-US"
QZNJX2533967,All That I've Known,Tommy Lyon,Jordan Cosmo,2025-07-18,Released,Independent,"SMN,SMG-US"
QZTBC2555244,Either Way,Jasper Charles,Joe Bryson,2025-07-18,Released,Independent,"SMN,SMG-US"
USQX92502111,Holding Down The Honky Tonk,Scotty McCreery,"Brent Anderson,Derek George,Frank Rogers,Jeremy Bussey",2025-07-18,Released,"Sony Music Nashville,Triple Tigers","SMN,SMG-US"
USQX92503135,Whiskey Said,Scotty McCreery,"Brent Anderson,Derek George,Frank Rogers,Jeremy Bussey",2025-07-18,Released,"Sony Music Nashville,Triple Tigers","SMN,SMG-US"
USQX92502112,Swim Up Bar,Scotty McCreery,"Brent Anderson,Derek George,Monty Criswell,Bobby Hamrick,Frank Rogers",2025-07-18,Released,"Sony Music Nashville,Triple Tigers","SMN,SMG-US"
QZ9H32500041,High Roller,Mustard Service,"Marco Ochoa,Adam Perez,Leonardo Cattani",2025-07-18,Released,Independent,"SMN,SMG-US"
QZ9H32500045,There You Go Again,Mustard Service,"Marco Ochoa,Leonardo Cattani,Adam Perez",2025-07-18,Released,Independent,"SMN,SMG-US"
QZ9H32500043,Billy Bob,Mustard Service,"Marco Ochoa,Leonardo Cattani",2025-07-18,Released,Independent,"SMN,SMG-US"
QZ9H32500042,Telephone,Mustard Service,"Marco Ochoa,Leonardo Cattani,Adam Perez",2025-07-18,Released,Independent,"SMN,SMG-US"
QZ9H32500044,Let Me Call You Baby,Mustard Service,"Leonardo Cattani,Marco Ochoa,Adam Perez",2025-07-18,Released,Independent,"SMN,SMG-US"
QZ9H32500039,I'm An Idiot,Mustard Service,"Marco Ochoa,Leonardo Cattani,Adam Perez",2025-07-18,Released,Independent,"SMN,SMG-US"
USUG12402787,Jim Bob,HARDY,"David Garcia,Michael Hardy",2025-07-12,Released,Big Loud Records,"SMN,SMG-US"
USUG12402773,Jim Bob,HARDY,"David Garcia,Michael Hardy",2025-07-12,Released,Big Loud Records,"SMN,SMG-US"
USUG12501957,Nonchalant,Sikarus,Michael Hardy,2025-07-11,Released,,"SMN,SMG-US"
QZMEN2562033,Talking Bout Tonight,The Kruse Brothers,"Jessica Cayne,Matthew Morrisey",2025-07-11,Released,Independent,"SMN,SMG-US"
CAV392500032,Shooting Star,Sacha,Zach Beeken,2025-07-11,Released,"Sacha Music,Sony Music Canada","SMN,SMG-US"
USUM72501693,Hero In The Room,Jeremy Rosado,Justin Richards,2025-07-11,Released,Capitol Records Nashville,"SMN,SMG-US"
QZXF32500008,Might Just Love You,Dalton Dover,Brent Anderson,2025-07-11,Released,Droptine Recordings,"SMN,SMG-US"
USUYG1737937,Take It As A Blessing,Jordana Bryant,"Jessica Cayne,Matthew Morrisey",2025-07-11,Released,Independent,"SMN,SMG-US"
USUM72505496,When I Meet Jesus,Jeremy Rosado,Justin Richards,2025-07-11,Released,Capitol Records Nashville,"SMN,SMG-US"
QZWUY2500059,Dandelion,Brooke Lee,"Bobby Hamrick,Brinley Addington,Brooke Lee",2025-07-11,Released,Spirit Nashville Recordings,"SMN,SMG-US"
USQX92503185,Superstar,"Xandra,Bryce Vine",Erik Belz,2025-07-11,Released,BAMBOO .45,"SMN,SMG-US"
QZ9H32500038,Yucky's Song,Mustard Service,"Marco Ochoa,Leonardo Cattani",2025-07-11,Released,Independent,"SMN,SMG-US"
FRX452529406,Elevator Song,MiiRACLES,Nick Gale,2025-07-07,Released,Independent,"SMN,SMG-US"
QZAKB2505349,Rumors,"Imanbek,BIA",Melodie Wagner,2025-07-04,Released,Independent,"SMN,SMG-US"
QZWDE2590818,Version Of Me,First Time Thieves,"Cale Dodds,Justin Halpin",2025-07-03,Released,Independent,"SMN,SMG-US"
USSM12502547,Never Met Anyone Like You,Ella Langley,Michael Hardy,2025-06-27,Released,"Sony Music Nashville,Triple Tigers","SMN,SMG-US"
USSM12502698,Never Met Anyone Like You,Ella Langley,Michael Hardy,2025-06-27,Released,"Sony Music Nashville,Triple Tigers","SMN,SMG-US"
USUM72506239,In The End,Leven Kali,JJ Scheff,2025-06-27,Released,Def Jam Recordings,"SMN,SMG-US"
USUM72506238,Blackrock,Leven Kali,JJ Scheff,2025-06-27,Released,Def Jam Recordings,"SMN,SMG-US"
USQX92503056,June,24KGoldn,Nick Gale,2025-06-27,Released,Columbia Records,"SMN,SMG-US"
CA5KR2536151,Beautiful As You,Zach Hood,Sawyer Utah,2025-06-27,Released,Independent,"SMN,SMG-US"
QZEQU2501027,Staycation,Levi Hummon,Cale Dodds,2025-06-27,Released,Red Van Records,"SMN,SMG-US"
TCAJS2568865,Wish You Gone,Halle Kearns,Jessica Cayne,2025-06-27,Released,Independent,"SMN,SMG-US"
USWB12500918,Take Me Down,Cole Swindell,David Garcia,2025-06-27,Released,Warner Music Nashville,"SMN,SMG-US"
USQX92503134,Once Upon A Bottle of Wine,Scotty McCreery,"Brent Anderson,Derek George,Frank Rogers,Jeremy Bussey",2025-06-27,Released,Triple Tigers,"SMN,SMG-US"
QM24S2503516,Up,Reaper,JJ Scheff,2025-06-27,Released,Independent,"SMN,SMG-US"
QZ9H32500034,2am,Mustard Service,"Leonardo Cattani,Adam Perez,Marco Ochoa",2025-06-27,Released,Independent,"SMN,SMG-US"
FRX282542679,Cry For Your Supper,MiiRACLES,Nick Gale,2025-06-23,Released,Independent,"SMN,SMG-US"
TCAJQ2538986,Ain't About You,Daniel Jeffers,"Justin Halpin,Bobby Hamrick",2025-06-20,Released,Independent,"SMN,SMG-US"
USAT22503154,Wipe Your Tears,Sam Austins,JJ Scheff,2025-06-20,Released,Independent,"SMN,SMG-US"
QZTLA2519226,I Just Remembered!,Mira Housey,Mira Housey,2025-06-20,Released,Independent,"SMN,SMG-US"
QZWH32500469,Is This Thing Workin',Randy Rogers Band,Monty Criswell,2025-06-20,Released,Tommy Jackson Records LLC,"SMN,SMG-US"
QZEQU2500976,Take Me To Texas,Smithfield,Adam Wood,2025-06-20,Released,Independent,"SMN,SMG-US"
USWB12501545,Funny Seeing You Here,Hudson Westbrook,Ryan Beaver,2025-06-20,Released,River House Artists (Warner Music Nashville),"SMN,SMG-US"
USWB12501841,The Bride,Chris Janson,Adam Wood,2025-06-20,Released,Warner Music Nashville,"SMN,SMG-US"
USWB12405622,Be Your Man,William Beckmann,Brinley Addington,2025-06-20,Released,Warner Music Nashville,"SMN,SMG-US"
USWB12405625,California Quake,William Beckmann,Ryan Beaver,2025-06-20,Released,Warner Music Nashville,"SMN,SMG-US"
QZTAT2583369,GRITS,Shane Stevens,Shane Stevens,2025-06-20,Released,Independent,"SMN,SMG-US"
USUMV2203509,Tennessee Fan,Morgan Wallen,Michael Hardy,2025-06-16,Released,Big Loud Records,"SMN,SMG-US"
USUG12503694,Heaven Sent,Lauren Alaina,Michael Hardy,2025-06-13,Released,Big Loud Records,"SMN,SMG-US"
AEA3A2505962,Nothing Is Perfect,Fiaa Hamilton,Jordan Cosmo,2025-06-13,Released,Independent,"SMN,SMG-US"
GBK3W2503392,Bad 4 Me,King Isis,Hamish,2025-06-13,Released,No Matter / Dirty Hit,"SMN,SMG-US"
QZRP42505820,Changed Me,Zach Loizou,Jordan Cosmo,2025-06-13,Released,Independent,"SMN,SMG-US"
QZWDD2599790,Started in a Truck,Joe Bryson,Joe Bryson,2025-06-13,Released,"""Joe Bryson Music, LLC""","SMN,SMG-US"
QM6P42574981,You Can Dance With Me,Joshua Ray Walker,Adam Chaffins,2025-06-13,Released,Independent,"SMN,SMG-US"
QZPLR2532440,Ghost In My Mind,Oliver Westover,Brock Westover,2025-06-13,Released,Independent,"SMN,SMG-US"
AEA3A2146382,In My Head,Mae Muller,Nick Gale,2025-06-13,Released,Independent,"SMN,SMG-US"
QZYG82500123,To The Moon,The Kentucky Gentlemen,"Jessica Cayne,Matthew Morrisey",2025-06-13,Released,River House Artists,"SMN,SMG-US"
QZNWW2593897,Ask A Daisy,Gray Robinson,"Jessica Cayne,Matthew Morrisey",2025-06-13,Released,Independent,"SMN,SMG-US"
QM6N22580945,Hell Freezes Over,Dillon Carmichael,"Jonathan Singleton,Josh Dunne",2025-06-13,Released,Riser House Records,"SMN,SMG-US"
QM6N22580911,Tiny Little Fiddle,Dillon Carmichael,Brent Anderson,2025-06-13,Released,Riser House Records,"SMN,SMG-US"
QZRD92507253,Girlfriend's Got A Boyfriend,Cole Goodwin,Connor McCutcheon,2025-06-13,Released,Big Machine Label Group,"SMN,SMG-US"
DEWO71700821,Viva La Vegas,Pretty Sister,Brock Westover,2025-06-13,Released,CloudKid,"SMN,SMG-US"
USUG12502287,Off The Map,Dierks Bentley,"Adam Wood,Jeremy Bussey",2025-06-13,Released,Capitol Records Nashville,"SMN,SMG-US"
USUMV2502100,Favorite Country Song,HARDY,Michael Hardy,2025-06-12,Released,Big Loud Records,"SMN,SMG-US"
USUM72500586,Killin' Me,Parker McCollum,Monty Criswell,2025-06-10,Released,MCA Nashville,"SMN,SMG-US"
GBARL2500676,Somebody Else,e.motion,Nick Gale,2025-06-06,Released,Independent,"SMN,SMG-US"
QZTV32594605,All Starts Now,First Time Thieves,"Cale Dodds,Justin Halpin",2025-06-05,Released,Independent,"SMN,SMG-US"
AEA3A2561946,Run,DEEPS,Jordan Cosmo,2025-06-02,Released,Independent,"SMN,SMG-US"
QM6P42518943,Dusk Til Dawn,Kilder,Melodie Wagner,2025-05-30,Released,Independent,"SMN,SMG-US"
QZYG82500127,Where Do Dreams Go,Grant Gilbert,Brent Anderson,2025-05-30,Released,River House Artists,"SMN,SMG-US"
QZW5K2500002,Heaven And Back,Matt Stell,"Brent Anderson,Jeremy Bussey,Frank Rogers",2025-05-30,Released,RECORDS Nashville,"SMN,SMG-US"
QZXF32500005,Credit Card,mxrgan,Sawyer Utah,2025-05-23,Released,,"SMN,SMG-US"
QZNJV2533440,Ruins,Tommy Lyon,Jordan Cosmo,2025-05-23,Released,Independent,"SMN,SMG-US"
TCAJP2591630,Cowboys and Hippies,Trey Gallman,Joe Bryson,2025-05-23,Released,Independent,"SMN,SMG-US"
QZTV32553137,Sound Of You Leaving,12/OC,"Justin Richards,Sam Carter",2025-05-23,Released,Independent,"SMN,SMG-US"
QZ9H32500037,Going Nowhere,Mustard Service,"Marco Ochoa,Leonardo Cattani,Adam Perez",2025-05-23,Released,Independent,"SMN,SMG-US"
USUMV2501840,Favorite Country Song,HARDY,Michael Hardy,2025-05-20,Released,Big Loud Records,"SMN,SMG-US"
QMRSZ2400721,Die Today,Tim Montana,Tim Montana,2025-05-17,Released,BMG BBR,"SMN,SMG-US"
USA2P2514497,Nothing Without Your Love,JIN,Nick Gale,2025-05-16,Released,BIGHIT MUSIC,"SMN,SMG-US"
QZTV32545928,One Dark Night,Chris Murphy,Ben Samama,2025-05-16,Released,Independent,"SMN,SMG-US"
QZJ842501397,Feels So Good,Aminé,Ely Rise,2025-05-16,Released,10K Projects,"SMN,SMG-US"
QZJ842501402,Vacay,Aminé,Ely Rise,2025-05-16,Released,10K Projects,"SMN,SMG-US"
QZJ842501396,New Flower,Aminé,Ely Rise,2025-05-16,Released,10K Projects,"SMN,SMG-US"
USUG12501618,Come Back as a Redneck,Morgan Wallen,Michael Hardy,2025-05-16,Released,Big Loud Records,"SMN,SMG-US"
QZWUY2400054,Little Bit At A Time,Adam Chaffins,Adam Chaffins,2025-05-16,Released,Spirit Nashville Recordings,"SMN,SMG-US"
QZWUY2400053,Kentucky Girl,Adam Chaffins,Adam Chaffins,2025-05-16,Released,Spirit Nashville Recordings,"SMN,SMG-US"
QZWUY2400047,Trailer Trash,Adam Chaffins,Adam Chaffins,2025-05-16,Released,Spirit Nashville Recordings,"SMN,SMG-US"
USUG12501660,Whiskey In Reverse,Morgan Wallen,Michael Hardy,2025-05-16,Released,Big Loud Records,"SMN,SMG-US"
USUG12501627,Whiskey In Reverse,Morgan Wallen,Michael Hardy,2025-05-16,Released,Big Loud Records,"SMN,SMG-US"
USUG12502313,Miami,HARDY,Michael Hardy,2025-05-16,Released,Big Loud Records,"SMN,SMG-US"
USUG12501669,Miami,Morgan Wallen,Michael Hardy,2025-05-16,Released,Big Loud Records,"SMN,SMG-US"
USUG12501663,Miami,Morgan Wallen,Michael Hardy,2025-05-16,Released,Big Loud Records,"SMN,SMG-US"
USUG12501630,Miami,Morgan Wallen,Michael Hardy,2025-05-16,Released,Big Loud Records,"SMN,SMG-US"
USUG12501655,Leaving’s The Least I Can Do,Morgan Wallen,Michael Hardy,2025-05-16,Released,Big Loud Records,"SMN,SMG-US"
USUG12501621,Leaving’s The Least I Can Do,Morgan Wallen,Michael Hardy,2025-05-16,Released,Big Loud Records,"SMN,SMG-US"
USUG12501635,I Got Better,Morgan Wallen,Michael Hardy,2025-05-16,Released,Big Loud Records,"SMN,SMG-US"
USUG12501599,I Got Better,Morgan Wallen,Michael Hardy,2025-05-16,Released,Big Loud Records,"SMN,SMG-US"
USUG12501616,If You Were Mine,Morgan Wallen,David Garcia,2025-05-16,Released,Big Loud Records,"SMN,SMG-US"
QZWUY2400052,Dive Bar Moses,Adam Chaffins,"Adam Chaffins,Bobby Hamrick",2025-05-16,Released,Spirit Nashville Recordings,"SMN,SMG-US"
USWB12500371,Think About Me,Tyler Braden,Adam Wood,2025-05-16,Released,Warner Music Nashville,"SMN,SMG-US"
DES232500180,Watching Over You,Nu Aspect,Melodie Wagner,2025-05-16,Released,selected.,"SMN,SMG-US"
USUMV2501742,Whiskey In Reverse,Morgan Wallen,Michael Hardy,2025-05-15,Released,Big Loud Records,"SMN,SMG-US"
USUMV2501830,Miami,Morgan Wallen,Michael Hardy,2025-05-15,Released,Big Loud Records,"SMN,SMG-US"
USUMV2501745,Miami,Morgan Wallen,Michael Hardy,2025-05-15,Released,Big Loud Records,"SMN,SMG-US"
USUMV2501737,Leaving’s The Least I Can Do,Morgan Wallen,Michael Hardy,2025-05-15,Released,Big Loud Records,"SMN,SMG-US"
USUMV2501818,I Got Better,Morgan Wallen,Michael Hardy,2025-05-15,Released,Big Loud Records,"SMN,SMG-US"
USUMV2501717,I Got Better,Morgan Wallen,Michael Hardy,2025-05-15,Released,Big Loud Records,"SMN,SMG-US"
USQX92502247,Bottle Rockets (Hold My Hand),Scotty McCreery,"Bobby Hamrick,Brent Anderson,Derek George,Frank Rogers,Jeremy Bussey,Monty Criswell",2025-05-15,Released,"Sony Music Nashville,Triple Tigers","SMN,SMG-US"
USQX92306509,No Country For Old Men,Scotty McCreery,"Brent Anderson,Derek George,Frank Rogers,Monty Criswell",2025-05-10,Released,"Sony Music Nashville,Triple Tigers","SMN,SMG-US"
QM6N22566115,Choose Love,KC Lights,Melodie Wagner,2025-05-09,Released,Independent,"SMN,SMG-US"
QZS7J2518810,Suzette,Nami,Hamish,2025-05-09,Released,ONDAS,"SMN,SMG-US"
QZQAY2549630,Northstar,Nami,Hamish,2025-05-09,Released,ONDAS,"SMN,SMG-US"
QZQAY2558944,Need You Around,Nami,Hamish,2025-05-09,Released,ONDAS,"SMN,SMG-US"
QZQAY2535160,Hues,Nami,Hamish,2025-05-09,Released,ONDAS,"SMN,SMG-US"
QZQAY2504267,Forever,Nami,Hamish,2025-05-09,Released,ONDAS,"SMN,SMG-US"
DEXC82500052,Connoisseur,Nami,Hamish,2025-05-09,Released,COLORSxSTUDIOS,"SMN,SMG-US"
QZQAY2545710,Connoisseur,Nami,Hamish,2025-05-09,Released,ONDAS,"SMN,SMG-US"
QZDA42565723,Save A Dance For Me,Tristan Roberson,Jessica Cayne,2025-05-09,Released,Independent,"SMN,SMG-US"
QZDA42565727,She Still Calls Me,Tristan Roberson,"Jessica Cayne,Matthew Morrisey",2025-05-09,Released,Independent,"SMN,SMG-US"
USSM12501020,More To Lose,Miley Cyrus,Autumn Rowe,2025-05-09,Released,Columbia Records,"SMN,SMG-US"
QZSY62100216,Like A River,Desure,Joe Janiak,2025-05-09,Released,Independent,"SMN,SMG-US"
QMRSZ2500171,Let Him In Anyway,Blake Shelton,Michael Hardy,2025-05-09,Released,"BMG BBR,Warner Music Nashville","SMN,SMG-US"
QZWUY2500058,She Would've Loved This,Brooke Lee,"Brooke Lee,Justin Richards",2025-05-09,Released,Spirit Nashville Recordings,"SMN,SMG-US"
GBARL2500634,Somebody Else,e.motion,Nick Gale,2025-05-09,Released,Independent,"SMN,SMG-US"
QZRD92507116,Love Me Anyway,LECADE,LECADE,2025-05-09,Released,Big Machine Label Group,"SMN,SMG-US"
USUM72500504,Drunk Girls in Bathrooms,Maddie & Tae,"Jamie Moore,Ryan Beaver",2025-05-02,Released,Mercury Nashville,"SMN,SMG-US"
GBAHS2501560,tears & wishes,Sawyer Utah,Sawyer Utah,2025-05-02,Released,VISCYRL X,"SMN,SMG-US"
USUG12502839,Luckiest Man Alive,HARDY,Michael Hardy,2025-05-02,Released,Big Loud Records,"SMN,SMG-US"
USUG12502842,Girl With A Gun,HARDY,Michael Hardy,2025-05-02,Released,Big Loud Records,"SMN,SMG-US"
USUG12502838,Girl With A Gun,HARDY,Michael Hardy,2025-05-02,Released,Big Loud Records,"SMN,SMG-US"
USUG12502840,Favorite Country Song,HARDY,Michael Hardy,2025-05-02,Released,Big Loud Records,"SMN,SMG-US"
USUG12502841,Buck On The Wall,HARDY,Michael Hardy,2025-05-02,Released,Big Loud Records,"SMN,SMG-US"
USUG12502836,Buck On The Wall,HARDY,Michael Hardy,2025-05-02,Released,Big Loud Records,"SMN,SMG-US"
SGB502505428,Rocky Mountain,Bryce Vine,Jessica Cayne,2025-05-02,Released,BAMBOO .45,"SMN,SMG-US"
QMRSZ2500344,Giddy Up,Brooke Eden,Brock Westover,2025-05-02,Released,BMG BBR,"SMN,SMG-US"
USWB12500732,I Need A Truck,Maddox Baston,David Garcia,2025-05-02,Released,Warner Music Nashville,"SMN,SMG-US"
USUYG1721867,Category 6,Dawson Anderson,Connor McCutcheon,2025-05-02,Released,Independent,"SMN,SMG-US"
QMRSZ2500588,Rainbow Rodeo,Brooke Eden,Brock Westover,2025-05-02,Released,BMG BBR,"SMN,SMG-US"
GBARL2500545,Somebody Else,e.motion,Nick Gale,2025-05-02,Released,Independent,"SMN,SMG-US"
QZTRX2565129,Do Whatever Feels Right,First Time Thieves,"Cale Dodds,Justin Halpin",2025-05-01,Released,Independent,"SMN,SMG-US"
QMX232518320,Favorite Country Song,HARDY,Michael Hardy,2025-04-29,Released,Big Loud Records,"SMN,SMG-US"
QMX232518318,Buck On The Wall,HARDY,Michael Hardy,2025-04-29,Released,Big Loud Records,"SMN,SMG-US"
QMX232518319,Wait In The Truck,HARDY,Michael Hardy,2025-04-29,Released,Big Loud Records,"SMN,SMG-US"
GBAHS2500216,Muse,Essosa,Melodie Wagner,2025-04-25,Released,Atlantic Records,"SMN,SMG-US"
QMRSZ2402136,Still Dancing,Billy Idol,Joe Janiak,2025-04-25,Released,,"SMN,SMG-US"
QMRSZ2402135,I'm Your Hero,Billy Idol,Joe Janiak,2025-04-25,Released,,"SMN,SMG-US"
QMRSZ2402134,Gimme The Weight,Billy Idol,Joe Janiak,2025-04-25,Released,,"SMN,SMG-US"
QMRSZ2402127,Dream Into It,Billy Idol,Joe Janiak,2025-04-25,Released,,"SMN,SMG-US"
QM6N22513501,Switchblade,Gable Bradley,"Mike Fiorentino,Nathan Barlowe",2025-04-25,Released,Independent,"SMN,SMG-US"
QM6N22513477,Nothing At All,Gable Bradley,"Mike Fiorentino,Nathan Barlowe",2025-04-25,Released,Independent,"SMN,SMG-US"
QZQAY2552080,Rain In The Desert,Grace Asbury,Jessica Cayne,2025-04-25,Released,Independent,"SMN,SMG-US"
QZWDD2458042,Settling In,Grace Asbury,"Jessica Cayne,Justin Richards",2025-04-25,Released,Independent,"SMN,SMG-US"
QZSYP2568753,Where The Wind Blows,Grace Asbury,Jessica Cayne,2025-04-25,Released,Independent,"SMN,SMG-US"
QZEQU2500660,Love On The Radio,Clayton Mullen,Matthew Morrisey,2025-04-25,Released,Independent,"SMN,SMG-US"
QZ9H32500036,Conversation Overtime,Mustard Service,"Marco Ochoa,Leonardo Cattani,Adam Perez",2025-04-25,Released,Independent,"SMN,SMG-US"
QZZVQ2500120,Country in the Clouds,Dylan Marlowe,Brent Anderson,2025-04-25,Released,Sony Music Nashville,"SMN,SMG-US"
QM6MZ2578141,Scares Me To Death,Juno James,Jordan Cosmo,2025-04-18,Released,Independent,"SMN,SMG-US"
QZEQU2500663,Miss Wannabe,Jenna Davis,Shane Stevens,2025-04-18,Released,Smack Records LLC,"SMN,SMG-US"
GBWUL2597716,ETITOY,Cale Dodds,Cale Dodds,2025-04-18,Released,Independent,"SMN,SMG-US"
QZEQU2500496,Heaven Has A Grand Ole Opry,Smithfield,Adam Wood,2025-04-18,Released,Independent,"SMN,SMG-US"
QZTRX2528348,Nobody Wins,Riley Taylor,Justin Halpin,2025-04-18,Released,,"SMN,SMG-US"
GBARL2500497,Somebody Else,e.motion,Nick Gale,2025-04-18,Released,Independent,"SMN,SMG-US"
QZEQU2500547,Fightin' Words,Hayden Coffman,Connor McCutcheon,2025-04-18,Released,Independent,"SMN,SMG-US"
USAT22402718,Praise The Lord,Breland,"David Garcia,Michael Hardy",2025-04-12,Released,Warner Music Nashville,"SMN,SMG-US"
GBWUL2556915,Rosary on the Rearview,Joe Bryson,Joe Bryson,2025-04-11,Released,"""Joe Bryson Music, LLC""","SMN,SMG-US"
QZK6N2524860,Built to Last,Bobby McClendon,Joe Bryson,2025-04-11,Released,,"SMN,SMG-US"
QZK6N2535799,Into Words,Kala'e Parish,Bobby Hamrick,2025-04-11,Released,Independent,"SMN,SMG-US"
GBWUL2540349,Higher,Toby Lightman,Shane Stevens,2025-04-11,Released,Independent,"SMN,SMG-US"
QZYG82300117,Placeholder,Julia Minichiello,"Brock Westover,Jessica Cayne",2025-04-11,Released,Independent,"SMN,SMG-US"
GBARL2500414,Somebody Else,e.motion,Nick Gale,2025-04-11,Released,Independent,"SMN,SMG-US"
QZWUY2500055,So Beautiful,Brooke Lee,Brooke Lee,2025-04-04,Released,Spirit Nashville Recordings,"SMN,SMG-US"
GBWUL2575458,Time's A Thief,First Time Thieves,"Cale Dodds,Justin Halpin",2025-04-04,Released,Independent,"SMN,SMG-US"
GBARL2500404,Somebody Else,e.motion,Nick Gale,2025-04-04,Released,Independent,"SMN,SMG-US"
BEHP42500003,Dance In The Sunlight,Lost Frequencies,Nick Gale,2025-03-28,Released,Sony Music Entertainment,"SMN,SMG-US"
USRC12500367,More,Tele,Ben Samama,2025-03-28,Released,Independent,"SMN,SMG-US"
QZWUY2400051,Living Till My Dying Day,Adam Chaffins,Adam Chaffins,2025-03-28,Released,Spirit Nashville Recordings,"SMN,SMG-US"
US5ED2406836,Not As I've Done,Kasey Tyndall,"Adam Wood,Justin Richards",2025-03-28,Released,Independent,"SMN,SMG-US"
QZRD92506905,Hope It Kills Me,LECADE,LECADE,2025-03-28,Released,Big Machine Label Group,"SMN,SMG-US"
QZXF32500001,180,mxrgan,Sawyer Utah,2025-03-21,Released,,"SMN,SMG-US"
QZEQU2500407,Can't Make That Up,McCoy Moore,Brinley Addington,2025-03-21,Released,Sony Music Nashville,"SMN,SMG-US"
USUM72501444,Yard Sale,Priscilla Block,David Garcia,2025-03-21,Released,Mercury Nashville,"SMN,SMG-US"
QZRD92406394,California 1972,Ryan Hurd,Ryan Beaver,2025-03-21,Released,Big Machine Label Group,"SMN,SMG-US"
QZWUY2400045,Two Beers,Connor McCutcheon,"Brent Anderson,Connor McCutcheon",2025-03-21,Released,Independent,"SMN,SMG-US"
QZWUY2500050,Move On Together,Connor McCutcheon,Connor McCutcheon,2025-03-21,Released,Independent,"SMN,SMG-US"
QM24S2500703,Diesel,Sam Stoane,Jessica Cayne,2025-03-21,Released,Independent,"SMN,SMG-US"
QZ9H32500035,Big Time,Mustard Service,"Marco Ochoa,Adam Perez,Leonardo Cattani",2025-03-21,Released,Independent,"SMN,SMG-US"
USUMV2501140,Jim Bob,HARDY,"David Garcia,Michael Hardy",2025-03-17,Released,Big Loud Records,"SMN,SMG-US"
USUG12502344,Psycho,HARDY,Michael Hardy,2025-03-14,Released,Big Loud Records,"SMN,SMG-US"
USUG12502343,Psycho,HARDY,Michael Hardy,2025-03-14,Released,Big Loud Records,"SMN,SMG-US"
USUG12502234,Psycho,HARDY,Michael Hardy,2025-03-14,Released,Big Loud Records,"SMN,SMG-US"
QZWUY2400049,Candy Cigarettes,Luna Halo,"Derek George,Monty Criswell,Nathan Barlowe",2025-03-14,Released,"Independent,Spirit Nashville Recordings","SMN,SMG-US"
QZEQU2500406,Ride It Out,Alli Walker,"Brinley Addington,Dave Cohen",2025-03-14,Released,Independent,"SMN,SMG-US"
QMRSZ2500240,Serious Face,Austin & Colin,Bobby Hamrick,2025-03-14,Released,BMG BBR,"SMN,SMG-US"
USLD91773007,Villain,Fordo,Hunter Madrid,2025-03-12,Released,Sana + Listen to the Kids,"SMN,SMG-US"
QM4TW2568267,City of the Angels,Juno James,Jordan Cosmo,2025-03-07,Released,Independent,"SMN,SMG-US"
QM4TX2533306,Silk and Sandpaper,"Brooke Lee,Gabe Bradley","Brooke Lee,Mike Fiorentino",2025-03-07,Released,"Spirit Nashville Recordings,Independent","SMN,SMG-US"
USLZJ2551838,What We Do Best,First Time Thieves,"Brock Westover,Cale Dodds,Justin Halpin",2025-03-06,Released,Independent,"SMN,SMG-US"
USUM72500753,That'd Be You,Timothy Wayne,Jamie Moore,2025-02-28,Released,Capitol Records Nashville,"SMN,SMG-US"
USA2P2507757,Breath on Me,Capri Everitt,Timothy Prater,2025-02-28,Released,,"SMN,SMG-US"
USA2P2507756,Unbreak Me,Capri Everitt,Timothy Prater,2025-02-28,Released,,"SMN,SMG-US"
USA2P2507758,Starlight,Capri Everitt,Timothy Prater,2025-02-28,Released,,"SMN,SMG-US"
USA2P2507755,Dancing With Your Shadow,Capri Everitt,Timothy Prater,2025-02-28,Released,,"SMN,SMG-US"
USA2P2474729,Spiders,Capri Everitt,Timothy Prater,2025-02-28,Released,,"SMN,SMG-US"
USA2P2507616,Oops,Fraser Churchill,Brock Westover,2025-02-28,Released,Independent,"SMN,SMG-US"
QM4TW2515713,Root Down,Noah Guthrie,"Bobby Hamrick,Joy Williams",2025-02-28,Released,Independent,"SMN,SMG-US"
USA2P2468416,High Hopes,Kip Moore,David Garcia,2025-02-28,Released,Slowhearts Production LLC,"SMN,SMG-US"
USUMV2500807,Nonchalant,Sikarus,Michael Hardy,2025-02-27,Released,,"SMN,SMG-US"
QM4TW2539855,I Can't Quit,"Shane Stevens,Sara Evans",Shane Stevens,2025-02-21,Released,Independent,"SMN,SMG-US"
QZWUY2500048,Call Me Pretty,Brooke Lee,"Brooke Lee,Matthew Morrisey",2025-02-21,Released,Spirit Nashville Recordings,"SMN,SMG-US"
GBARL2500214,Somebody Else,e.motion,Nick Gale,2025-02-21,Released,Independent,"SMN,SMG-US"
USRC12500196,IYKTYK,Eem Triplin,Ely Rise,2025-02-17,Released,RCA Records,"SMN,SMG-US"
USRC12500193,If We Being Honest,Eem Triplin,Ely Rise,2025-02-17,Released,RCA Records,"SMN,SMG-US"
USRC12500197,Feyonce,Eem Triplin,Ely Rise,2025-02-17,Released,RCA Records,"SMN,SMG-US"
USRC12500192,Came In It,Eem Triplin,Ely Rise,2025-02-17,Released,RCA Records,"SMN,SMG-US"
USM1C2400017,I Apologize,Sidewalk Prophets,Justin Richards,2025-02-14,Released,Curb Records,"SMN,SMG-US"
TCAJG2501132,Broken Condoms,Danae Hayes,Jessica Cayne,2025-02-14,Released,Independent,"SMN,SMG-US"
QZWUY2400044,I Don't Miss You At All,Connor McCutcheon,"Brent Anderson,Connor McCutcheon",2025-02-14,Released,Independent,"SMN,SMG-US"
USM1C2400006,Power Of A Tender Heart,Sidewalk Prophets,Justin Richards,2025-02-14,Released,Curb Records,"SMN,SMG-US"
USUMV2500558,Jim Bob,HARDY,"David Garcia,Michael Hardy",2025-02-11,Released,Big Loud Records,"SMN,SMG-US"
USUG12501098,Psycho,HARDY,Michael Hardy,2025-02-07,Released,Big Loud Records,"SMN,SMG-US"
USUG12501093,Wait In The Truck,HARDY,Michael Hardy,2025-02-07,Released,Big Loud Records,"SMN,SMG-US"
USUG12501087,One Beer,HARDY,Michael Hardy,2025-02-07,Released,Big Loud Records,"SMN,SMG-US"
USQX92500205,Red Letter Blueprint,"Scotty McCreery ,Jason Crabb","Brent Anderson,Derek George,Jeremy Bussey,Monty Criswell",2025-02-07,Released,"Sony Music Nashville,Triple Tigers,Red Street Records","SMN,SMG-US"
QZRD92406492,Liquor & Cigarettes,LECADE,LECADE,2025-02-07,Released,Big Machine Label Group,"SMN,SMG-US"
USWB12405148,I Don't Like You Anymore,Maddox Baston,David Garcia,2025-02-06,Released,Warner Music Nashville,"SMN,SMG-US"
QZ5FN2505998,Everything Changed,First Time Thieves,"Justin Halpin,Cale Dodds",2025-02-06,Released,Independent,"SMN,SMG-US"
ES75E2500279,Mala Fama,Marc Tinez,"Chizzy,Marc Tinez",2025-01-30,Released,Tinez Records,"SMN,SMG-US"
BEIW12500028,Tears On My Piano,Joel Corry,Melodie Wagner,2025-01-24,Released,Independent,"SMN,SMG-US"
USWB12405417,Mine Tomorrow,Hudson Westbrook,Ryan Beaver,2025-01-24,Released,River House Artists (Warner Music Nashville),"SMN,SMG-US"
CA74P2400009,The Life For Me,Jess Moskaluke,"Jessica Cayne,Matthew Morrisey",2025-01-24,Released,Independent,"SMN,SMG-US"
USUG12409347,Those Kind Of Women,Lauren Alaina,"Derek George,Monty Criswell",2025-01-22,Released,Big Loud Records,"SMN,SMG-US"
USUG12500506,Slow Motion,Marshmello,Nick Gale,2025-01-17,Released,Joytime Collective,"SMN,SMG-US"
QZXF32400015,Sundress Cigarette,mxrgan,Sawyer Utah,2025-01-17,Released,,"SMN,SMG-US"
QMFME2478639,Shyne 4 Me,Knock2,Hamish,2025-01-17,Released,88rising Records LLC,"SMN,SMG-US"
QMFME2478555,Shake The City,Knock2,Hamish,2025-01-17,Released,88rising Records LLC,"SMN,SMG-US"
QMFME2478670,Fast N Slow,Knock2,Hamish,2025-01-17,Released,88rising Records LLC,"SMN,SMG-US"
QZSY62100225,Damn Those City Lights,Desure,Joe Janiak,2025-01-17,Released,Independent,"SMN,SMG-US"
USUG12500103,Jim Bob,HARDY,"David Garcia,Michael Hardy",2025-01-17,Released,Big Loud Records,"SMN,SMG-US"
USUG12500102,Jim Bob,HARDY,"David Garcia,Michael Hardy",2025-01-17,Released,Big Loud Records,"SMN,SMG-US"
USUG12500101,Jim Bob,HARDY,"David Garcia,Michael Hardy",2025-01-17,Released,Big Loud Records,"SMN,SMG-US"
QT3F42463160,World Burns Down,Jasper Charles,Joe Bryson,2025-01-17,Released,Independent,"SMN,SMG-US"
USA5W2400055,Real Love,Ryan Ellis,Shane Stevens,2025-01-17,Released,Sony Music Nashville,"SMN,SMG-US"
CA74P2400010,That's More Like It,Savannah Jade,Cale Dodds,2025-01-17,Released,Independent,"SMN,SMG-US"
QZWUY2400042,Motel Livin',Brooke Lee,Brooke Lee,2025-01-17,Released,Spirit Nashville Recordings,"SMN,SMG-US"
QZWUY2400043,Devil On My Shoulder,Connor McCutcheon,"Brent Anderson,Connor McCutcheon",2025-01-17,Released,Independent,"SMN,SMG-US"
QZYG82300097,Pray Your Name,Hudson Westbrook,Ryan Beaver,2025-01-13,Released,River House Artists (Warner Music Nashville),"SMN,SMG-US"
QZW9K2494728,Live To Die,Tommy Lyon,Jordan Cosmo,2025-01-10,Released,Independent,"SMN,SMG-US"
USM1C2400015,Father Let It Be,Sidewalk Prophets,Justin Richards,2025-01-10,Released,Curb Records,"SMN,SMG-US"
USWB12404149,Can A Heart Take,Warren Zeiders,Ryan Beaver,2025-01-10,Released,Warner Music Nashville,"SMN,SMG-US"
QMRSZ2402158,Boom Boom Sauce,Austin & Colin,Bobby Hamrick,2025-01-10,Released,BMG BBR,"SMN,SMG-US"
QZZEB2462872,Change Is A Beautiful Thing,First Time Thieves,"Cale Dodds,Justin Halpin",2025-01-02,Released,Independent,"SMN,SMG-US"
QZW9L2499382,She Went LA (Without Her Passport),Zach Loizou,Jordan Cosmo,2024-12-27,Released,Independent,"SMN,SMG-US"
USAR12400565,Simple Life,Zach Hood,Sawyer Utah,2024-12-20,Released,Coup D'Etat Recordings,"SMN,SMG-US"
QZZ7M2425596,24/7,Brooke Daye,Patrick Ridgen,2024-12-13,Released,Independent,"SMN,SMG-US"
QMDA62472896,Cosmic Superhighways,Peacemode,Joe Janiak,2024-12-11,Released,Independent,"SMN,SMG-US"
QMBZ92445448,Ladder of Love,Peacemode,Joe Janiak,2024-12-11,Released,Independent,"SMN,SMG-US"
QMDA62470637,Wild Ones,Peacemode,Joe Janiak,2024-12-11,Released,Independent,"SMN,SMG-US"
QM7282430602,Sweet Anjali,Peacemode,Joe Janiak,2024-12-11,Released,Independent,"SMN,SMG-US"
QZZ772463855,Hand in Hand,Koda Kids,Autumn Rowe,2024-12-06,Released,,"SMN,SMG-US"
QZWUY2300005,Look At Me Now,First Time Thieves,"Cale Dodds,Justin Halpin",2024-12-06,Released,Independent,"SMN,SMG-US"
QMRSZ2401893,Big Bad Frog,Austin & Colin,"Bobby Hamrick,Shane Stevens",2024-12-06,Released,BMG BBR,"SMN,SMG-US"
QZS7J2471444,Dangerous Game,"""Stellar, Camylio""",Camylio,2024-12-06,Released,Vydia,"SMN,SMG-US"
QZEQU2402058,Dear Santa,Jenna Davis,Shane Stevens,2024-11-29,Released,Independent,"SMN,SMG-US"
QT2JK2400024,Flame/Downfall,Graham Bright,Sawyer Utah,2024-11-22,Released,,"SMN,SMG-US"
QZZ8A2496216,WWJGTD,Joe Bryson,Joe Bryson,2024-11-22,Released,"""Joe Bryson Music, LLC""","SMN,SMG-US"
QZZ8A2496212,More Days Like Today,Joe Bryson,Joe Bryson,2024-11-22,Released,"""Joe Bryson Music, LLC""","SMN,SMG-US"
QZZ8A2496222,Lighter,Joe Bryson,Joe Bryson,2024-11-22,Released,"""Joe Bryson Music, LLC""","SMN,SMG-US"
USA2P2469410,Tops,VITA,Hamish,2024-11-15,Released,Interscope Records,"SMN,SMG-US"
USA2P2469406,Reload,VITA,Hamish,2024-11-15,Released,Interscope Records,"SMN,SMG-US"
USA2P2469405,Island,VITA,Hamish,2024-11-15,Released,Interscope Records,"SMN,SMG-US"
USA2P2469404,Fade,VITA,Hamish,2024-11-15,Released,Interscope Records,"SMN,SMG-US"
USA2P2469407,Alive,VITA,Hamish,2024-11-15,Released,Interscope Records,"SMN,SMG-US"
QZVEM1827524,Sweet Pea,Mira Housey,Mira Housey,2024-11-15,Released,Independent,"SMN,SMG-US"
QZVEM1827523,If It's The End,Mira Housey,Mira Housey,2024-11-15,Released,Independent,"SMN,SMG-US"
QZVEM1827522,Mia,Mira Housey,Mira Housey,2024-11-15,Released,Independent,"SMN,SMG-US"
QMBZ92444770,Inside Your Love,Silverlites,Rich Robinson,2024-11-15,Released,,"SMN,SMG-US"
QMBZ92444761,Still Don't Know You,Silverlites,Rich Robinson,2024-11-15,Released,,"SMN,SMG-US"
QMBZ92444760,No One To Follow,Silverlites,Rich Robinson,2024-11-15,Released,,"SMN,SMG-US"
QMBZ92444759,Forever And A Day,Silverlites,Rich Robinson,2024-11-15,Released,,"SMN,SMG-US"
QMBZ92444763,When You're Around,Silverlites,Rich Robinson,2024-11-15,Released,,"SMN,SMG-US"
QMBZ92444764,Need to Fly,Silverlites,Rich Robinson,2024-11-15,Released,,"SMN,SMG-US"
QMBZ92444768,Lifted,Silverlites,Rich Robinson,2024-11-15,Released,,"SMN,SMG-US"
QMBZ92444767,Looking For A Friend,Silverlites,Rich Robinson,2024-11-15,Released,,"SMN,SMG-US"
QMBZ92444765,No Time,Silverlites,Rich Robinson,2024-11-15,Released,,"SMN,SMG-US"
QMBZ92444769,No More,Silverlites,Rich Robinson,2024-11-15,Released,,"SMN,SMG-US"
USAR12400420,Hole In My Pocket,Zach Hood,"Camylio,Sawyer Utah",2024-11-15,Released,Coup D'Etat Recordings,"SMN,SMG-US"
QZAKB2432395,Worry About You,Remy,Remy Gautreau,2024-11-15,Released,,"SMN,SMG-US"
US38Y2426651,Mistake,Keni Titus,Jason Vance Harris,2024-11-14,Released,,"SMN,SMG-US"
QZEQU2402090,Slow Motion,Michael Rotundo,Patrick Ridgen,2024-11-08,Released,Independent,"SMN,SMG-US"
QZZ8A2461741,When The Sun Goes Down,First Time Thieves,"Cale Dodds,Justin Halpin",2024-11-07,Released,Independent,"SMN,SMG-US"
QT2JK2400012,Grid,Sophia Sheth,Remy Gautreau,2024-11-06,Released,,"SMN,SMG-US"
USUYG1578144,Wings,Camo,Hunter Madrid,2024-11-04,Released,502,"SMN,SMG-US"
USUYG1578143,Waterfalls,Camo,Hunter Madrid,2024-11-04,Released,502,"SMN,SMG-US"
QMBZ92444766,Dark and Magic Sky,Silverlites,Rich Robinson,2024-11-01,Released,,"SMN,SMG-US"
QZAKB2432769,Cinematic,David Alexander,Sawyer Utah,2024-11-01,Released,Independent,"SMN,SMG-US"
QZWFQ2436849,Call It,Cat Flint,Joe Bryson,2024-11-01,Released,Independent,"SMN,SMG-US"
QMRSZ2500543,Move It,Austin & Colin,Bobby Hamrick,2024-11-01,Released,BMG BBR,"SMN,SMG-US"
QMRSZ2401767,Move It,Austin & Colin,Bobby Hamrick,2024-11-01,Released,BMG BBR,"SMN,SMG-US"
QZEQU2401958,Really Bad Kisser,Jenna Davis,Shane Stevens,2024-11-01,Released,Independent,"SMN,SMG-US"
QZRD92406170,Liquor & Cigarettes,LECADE,LECADE,2024-11-01,Released,Big Machine Label Group,"SMN,SMG-US"
AEA3A2314337,Boy Like You,Fiaa Hamilton,Jordan Cosmo,2024-10-31,Released,Independent,"SMN,SMG-US"
QZWFL2425896,Ready for the Worst,Bobby McClendon,Joe Bryson,2024-10-29,Released,,"SMN,SMG-US"
QZWH32400551,I Hate Cowboys,Chase Rice,Michael Hardy,2024-10-25,Released,Independent,"SMN,SMG-US"
QZRD92406128,This Party Sucks,Ryan Hurd,"Brinley Addington,David Garcia,Ryan Beaver",2024-10-25,Released,Big Machine Label Group,"SMN,SMG-US"
GBUM72402504,Sweetness,Elmiene,Ely Rise,2024-10-25,Released,Polydor Records,"SMN,SMG-US"
QZTVM2459712,Naughty Boys,Zach Loizou,Jordan Cosmo,2024-10-24,Released,Independent,"SMN,SMG-US"
USA2P2454522,Butterflies,VITA,Hamish,2024-10-18,Released,Interscope Records,"SMN,SMG-US"
USA2P2464437,Savior,VITA,Hamish,2024-10-18,Released,Interscope Records,"SMN,SMG-US"
QT2JK2400020,Wrestling With God,Graham Bright,Remy Gautreau,2024-10-18,Released,,"SMN,SMG-US"
QZAKB2418142,All That Matters,Remy,Remy Gautreau,2024-10-18,Released,,"SMN,SMG-US"
QZWFN2481386,Perfect,9rofit,"Patrick Ridgen,RYON",2024-10-18,Released,9rofit ENT,"SMN,SMG-US"
QZW9K2407152,Hate.Ur.Happy,Liam Coleman,Joe Bryson,2024-10-18,Released,Independent,"SMN,SMG-US"
QMBZ92444762,"Don't Go, Don't Stay",Silverlites,Rich Robinson,2024-10-11,Released,,"SMN,SMG-US"
QT2VB2430871,Nobody Knows My Name,Mira Housey,Mira Housey,2024-10-11,Released,Independent,"SMN,SMG-US"
QZWV32473266,Wild Magnolia,Joe Bryson,Joe Bryson,2024-10-11,Released,"""Joe Bryson Music, LLC""","SMN,SMG-US"
GXD7V2301213,Something That You're Not,Bryce Vine,Erik Belz,2024-10-04,Released,BAMBOO .45,"SMN,SMG-US"
QM24S2406224,Hands Up,Backpack Jones,RYON,2024-10-04,Released,Backpack Jones / Stem,"SMN,SMG-US"
USAR12400371,Happy Ever After,Zach Hood,Sawyer Utah,2024-10-04,Released,Coup D'Etat Recordings,"SMN,SMG-US"
QZQAY2454452,I Got It,Jules Halpern,Autumn Rowe,2024-10-03,Released,,"SMN,SMG-US"
USHR12448596,Magic,Andy Grammer,Autumn Rowe,2024-10-02,Released,,"SMN,SMG-US"
QZWUY2400027,Justified,Connor McCutcheon,"Connor McCutcheon,Mike Fiorentino,Sawyer Utah",2024-09-27,Released,Independent,"SMN,SMG-US"
QMBZ92460557,san fran (feat. mxrgan),Sawyer Utah,Sawyer Utah,2024-09-27,Released,VISCYRL X,"SMN,SMG-US"
QZZVQ2400211,Hungover In A Deer Stand,Dylan Marlowe,"David Garcia,Ryan Beaver",2024-09-27,Released,Sony Music Nashville,"SMN,SMG-US"
USAT22408756,Damn Good Life,Brittney Spencer,Autumn Rowe,2024-09-27,Released,Warner Music Nashville,"SMN,SMG-US"
DGA0L2420157,Off My Mind,Delf,blckatom,2024-09-27,Released,Iris Chengdu - Iris Creative,"SMN,SMG-US"
DGA0L2420156,Delicious,Delf,blckatom,2024-09-27,Released,Iris Chengdu - Iris Creative,"SMN,SMG-US"
AEA3A2426038,Rivers In The Night,Fiaa Hamilton,Jordan Cosmo,2024-09-20,Released,Independent,"SMN,SMG-US"
QZAKB2418140,Pool With Our Clothes On,Remy,Remy Gautreau,2024-09-20,Released,,"SMN,SMG-US"
QM7YK2300250,El Diablo,Neon Trees,Joe Janiak,2024-09-20,Released,,"SMN,SMG-US"
USUM72409508,Game Show,GIna Alice,Joe Janiak,2024-09-20,Released,UMG Recordings Inc,"SMN,SMG-US"
USUM72409506,Lonely In Paris,GIna Alice,Joe Janiak,2024-09-20,Released,UMG Recordings Inc,"SMN,SMG-US"
TCAIR2464793,Let's Get Rollin,Gowa Gibbs,Dave Cohen,2024-09-20,Released,Independent,"SMN,SMG-US"
USC4R2441697,Vienna (Everything's Fine),Vienna Vienna,Joe Janiak,2024-09-18,Released,,"SMN,SMG-US"
USUYG1569703,I Could See It,Jordana Bryant,Matthew Morrisey,2024-09-13,Released,Independent,"SMN,SMG-US"
QZEQU2401669,College Town Taught Me,Grant Gilbert,Matthew Morrisey,2024-09-06,Released,Sony Music Nashville,"SMN,SMG-US"
USQX92401584,Fall of Summer,Scotty McCreery,"Brent Anderson,Derek George,Frank Rogers,Monty Criswell",2024-09-06,Released,"Sony Music Nashville,Triple Tigers","SMN,SMG-US"
QZWV32444786,Feel Some Kinda Way,First Time Thieves,"Cale Dodds,Justin Halpin",2024-09-05,Released,Independent,"SMN,SMG-US"
QZXDB2300109,Universe,David Kushner,Nick Gale,2024-08-30,Released,Independent,"SMN,SMG-US"
TLVEM2484877,Fall Apart,Mira Housey,Mira Housey,2024-08-30,Released,Independent,"SMN,SMG-US"
FRZ042400306,Joy,Angelique Kidjo,Autumn Rowe,2024-08-30,Released,,"SMN,SMG-US"
QZTAW2428962,Montana Mustang,Clay Cormier,Joe Bryson,2024-08-30,Released,Independent,"SMN,SMG-US"
QM24S2404551,Sadder Day,Craig Campbell,Brinley Addington,2024-08-30,Released,Independent,"SMN,SMG-US"
USUM72409932,Train Of Thought,Vincent Mason,Ryan Beaver,2024-08-30,Released,MCA Nashville,"SMN,SMG-US"
USA2P2434266,Sayless,VITA,Hamish,2024-08-29,Released,Interscope Records,"SMN,SMG-US"
QZQAY2439343,Man Down!,Marino.,Patrick Ridgen,2024-08-23,Released,,"SMN,SMG-US"
QZAKB2416372,Finding My People,Remy,Remy Gautreau,2024-08-23,Released,,"SMN,SMG-US"
QZWUY2400024,Heart Starts Healing,Brooke Lee,Brooke Lee,2024-08-23,Released,Spirit Nashville Recordings,"SMN,SMG-US"
USUM72407249,I'm Pretty,KATSEYE,Nick Gale,2024-08-16,Released,HYBE,"SMN,SMG-US"
QZS7J2382811,Dopamine,Mathes,Hamish,2024-08-16,Released,Independent,"SMN,SMG-US"
QZFZ42403365,Cut Me Open,JaeyBxrd,Remy Gautreau,2024-08-16,Released,,"SMN,SMG-US"
QT2JK2400004,Good Bad & Ugly,JaeyBxrd,Remy Gautreau,2024-08-16,Released,,"SMN,SMG-US"
QZNMU2422298,Spin The Town,Richie Allen,Chizzy,2024-08-16,Released,,"SMN,SMG-US"
QM7282455531,"Holding On, Holding Out",Adam Chaffins,Adam Chaffins,2024-08-12,Released,Spirit Nashville Recordings,"SMN,SMG-US"
CBE5Q2400004,You,Nathalie King,Joseph of Mercury,2024-08-09,Released,Independent,"SMN,SMG-US"
QZTAX2494466,Fragile,Ellee Duke,Mira Housey,2024-08-09,Released,,"SMN,SMG-US"
QZQAY2400222,The Way I Lose,John Daly,"Jeremy Bussey,Tyler Reeve",2024-08-09,Released,Independent,"SMN,SMG-US"
QZSYP2469089,Wasted Prayers,John Daly,Tyler Reeve,2024-08-09,Released,Independent,"SMN,SMG-US"
USAT22402899,Pilot,Ravyn Lenae,Ely Rise,2024-08-09,Released,Atlantic Recording Corporation,"SMN,SMG-US"
USAT22402900,Days,Ravyn Lenae,Ely Rise,2024-08-09,Released,Atlantic Recording Corporation,"SMN,SMG-US"
USAT22402896,Candy,Ravyn Lenae,Ely Rise,2024-08-09,Released,Atlantic Recording Corporation,"SMN,SMG-US"
USRC12402532,FIJI,Eem Triplin,Ely Rise,2024-08-04,Released,RCA Records,"SMN,SMG-US"
USRC12402530,FIJI,Eem Triplin,Ely Rise,2024-08-04,Released,RCA Records,"SMN,SMG-US"
QZNJY2437801,This Skin,MILCK,Autumn Rowe,2024-08-02,Released,,"SMN,SMG-US"
USUM72408817,DMPB,Yung Gravy,"Patrick Ridgen,RYON",2024-08-02,Released,Republic Records,"SMN,SMG-US"
USUM72408819,DMPB,Yung Gravy,"Patrick Ridgen,RYON",2024-08-02,Released,Republic Records,"SMN,SMG-US"
QZWDE2432007,Good Day,Cale Dodds,Cale Dodds,2024-08-02,Released,Independent,"SMN,SMG-US"
USA2P2444866,Where Are You Tonight?,Gryffin,Melodie Wagner,2024-08-01,Released,Independent,"SMN,SMG-US"
QZWDE2429149,What It Looks Like,First Time Thieves,"Cale Dodds,Justin Halpin",2024-08-01,Released,Independent,"SMN,SMG-US"
QM6P42480093,With You Now,Navos,Melodie Wagner,2024-07-26,Released,Independent,"SMN,SMG-US"
QZWUY2400023,Heart Starts Healing,Brooke Lee,Brooke Lee,2024-07-26,Released,Spirit Nashville Recordings,"SMN,SMG-US"
USAT22402894,One Wish,Ravyn Lenae,Ely Rise,2024-07-26,Released,Atlantic Recording Corporation,"SMN,SMG-US"
QZTAU2423118,222,blckatom,blckatom,2024-07-26,Released,Architects Music Group LLC,"SMN,SMG-US"
USUMV2402419,Time To Be Dead,HARDY,"David Garcia,Michael Hardy",2024-07-24,Released,Big Loud Records,"SMN,SMG-US"
USUMV2500633,Psycho,HARDY,Michael Hardy,2024-07-24,Released,Big Loud Records,"SMN,SMG-US"
USUMV2402424,Jim Bob,HARDY,"David Garcia,Michael Hardy",2024-07-24,Released,Big Loud Records,"SMN,SMG-US"
USWB12402977,Fight Like Hell,Warren Zeiders,Ryan Beaver,2024-07-23,Released,Warner Music Nashville,"SMN,SMG-US"
USA5W2300669,Still Waters,Leanna Crawford,Justin Richards,2024-07-19,Released,Independent,"SMN,SMG-US"
USRC12402293,We Are God,Childish Gambino,Ely Rise,2024-07-19,Released,Wolf+Rothstein,"SMN,SMG-US"
GBUM72403865,Sweetness,Elmiene,Ely Rise,2024-07-19,Released,Polydor Records,"SMN,SMG-US"
USRC12402302,Survive Feat. Chloe,Childish Gambino,Ely Rise,2024-07-19,Released,Wolf+Rothstein,"SMN,SMG-US"
USRC12402337,Steps Beach,Childish Gambino,Ely Rise,2024-07-19,Released,Wolf+Rothstein,"SMN,SMG-US"
USRC12402298,Steps Beach,Childish Gambino,Ely Rise,2024-07-19,Released,Wolf+Rothstein,"SMN,SMG-US"
USRC12402303,No Excuses,Childish Gambino,Ely Rise,2024-07-19,Released,Wolf+Rothstein,"SMN,SMG-US"
USRC12402186,In The Night,Childish Gambino,Ely Rise,2024-07-19,Released,Wolf+Rothstein,"SMN,SMG-US"
USRC12402339,Got To Be,Childish Gambino,Ely Rise,2024-07-19,Released,Wolf+Rothstein,"SMN,SMG-US"
USRC12402297,Got To Be,Childish Gambino,Ely Rise,2024-07-19,Released,Wolf+Rothstein,"SMN,SMG-US"
USRC12402299,Cruisin',Childish Gambino,Ely Rise,2024-07-19,Released,Wolf+Rothstein,"SMN,SMG-US"
USUMV2402172,Psycho,HARDY,Michael Hardy,2024-07-16,Released,Big Loud Records,"SMN,SMG-US"
QZTAT2440740,Impress Me,Angel Delrae,Angel Delrae,2024-07-16,Released,2478417 Records DK,"SMN,SMG-US"
QZTAS2483518,Don't Act Like That,Angel Delrae,Angel Delrae,2024-07-14,Released,2478417 Records DK,"SMN,SMG-US"
USQX92403339,Levels,Chenayder,Remy Gautreau,2024-07-12,Released,,"SMN,SMG-US"
QZQAY2415766,Guess Who,Black Caviar,Remy Gautreau,2024-07-12,Released,Independent,"SMN,SMG-US"
QM6P42452809,Nights Like This,Sawyer Utah,Sawyer Utah,2024-07-12,Released,VISCYRL X,"SMN,SMG-US"
USUG12402783,Time To Be Dead,HARDY,"David Garcia,Michael Hardy",2024-07-12,Released,Big Loud Records,"SMN,SMG-US"
USUG12402764,Time To Be Dead,HARDY,"David Garcia,Michael Hardy",2024-07-12,Released,Big Loud Records,"SMN,SMG-US"
USUG12402791,Psycho,HARDY,Michael Hardy,2024-07-12,Released,Big Loud Records,"SMN,SMG-US"
USUG12402790,Psycho,HARDY,Michael Hardy,2024-07-12,Released,Big Loud Records,"SMN,SMG-US"
USUG12402771,Psycho,HARDY,Michael Hardy,2024-07-12,Released,Big Loud Records,"SMN,SMG-US"
USUG12402760,Psycho,HARDY,Michael Hardy,2024-07-12,Released,Big Loud Records,"SMN,SMG-US"
USUG12402786,Jim Bob,HARDY,"David Garcia,Michael Hardy",2024-07-12,Released,Big Loud Records,"SMN,SMG-US"
USUG12402762,Jim Bob,HARDY,"David Garcia,Michael Hardy",2024-07-12,Released,Big Loud Records,"SMN,SMG-US"
QZTAS2423469,The One Who Got Away,Angel Delrae,Angel Delrae,2024-07-12,Released,2478417 Records DK,"SMN,SMG-US"
QMRSZ2400720,Ashes,Tim Montana,"Mike Fiorentino,Tim Montana",2024-07-12,Released,BMG BBR,"SMN,SMG-US"
QMRSZ2400726,Ain't Coming Down,Tim Montana,"Mike Fiorentino,Tim Montana",2024-07-12,Released,BMG BBR,"SMN,SMG-US"
QMRSZ2400728,Day By Day,Tim Montana,"Mike Fiorentino,Tim Montana",2024-07-12,Released,BMG BBR,"SMN,SMG-US"
QMRSZ2400724,Get You Some,Tim Montana,"Mike Fiorentino,Tim Montana",2024-07-12,Released,BMG BBR,"SMN,SMG-US"
QMRSZ2400727,Lovely,Tim Montana,"Mike Fiorentino,Tim Montana",2024-07-12,Released,BMG BBR,"SMN,SMG-US"
QMRSZ2400723,Right Again,Tim Montana,"Jessica Cayne,Tim Montana",2024-07-12,Released,BMG BBR,"SMN,SMG-US"
USUG12402759,I Don't Miss,HARDY,David Garcia,2024-07-12,Released,Big Loud Records,"SMN,SMG-US"
USUG12402758,Good Girl Phase,HARDY,David Garcia,2024-07-12,Released,Big Loud Records,"SMN,SMG-US"
USUG12402767,Orphan,HARDY,David Garcia,2024-07-12,Released,Big Loud Records,"SMN,SMG-US"
QZRD92405476,Tennessee Dream,Avery Roberson,Matthew Morrisey,2024-07-12,Released,Independent,"SMN,SMG-US"
QZNWX2486094,Sensitive,Kyra Fields,Mira Housey,2024-07-11,Released,,"SMN,SMG-US"
USUMV2402258,Time To Be Dead,HARDY,"David Garcia,Michael Hardy",2024-07-11,Released,Big Loud Records,"SMN,SMG-US"
USUMV2402416,Psycho,HARDY,Michael Hardy,2024-07-11,Released,Big Loud Records,"SMN,SMG-US"
USUG12403166,Dusk Till Dawn,Camylio,Camylio,2024-07-05,Released,Mercury Records,"SMN,SMG-US"
TCAIJ2481563,Last American Outlaw,Trey Gallman,Joe Bryson,2024-07-04,Released,Independent,"SMN,SMG-US"
QZWDD2422686,Confetti,First Time Thieves,"Cale Dodds,Justin Halpin",2024-07-04,Released,Independent,"SMN,SMG-US"
NLRD52406262,Can't Complain,Chase Behar,Shane Stevens,2024-06-28,Released,Independent,"SMN,SMG-US"
QZEQU2401006,Good Again,Ryan Kinder,Cale Dodds,2024-06-28,Released,Independent,"SMN,SMG-US"
US23A1580813,Let's Go Let's Go,Lenny Pey,"Cale Dodds,Joy Williams",2024-06-28,Released,Independent,"SMN,SMG-US"
US23A1580811,Big Feelings,High Valley,Cale Dodds,2024-06-28,Released,Independent,"SMN,SMG-US"
US23A1580808,Dream Up,Jaden Michaels,"Bobby Hamrick,Shane Stevens",2024-06-28,Released,Independent,"SMN,SMG-US"
QM6N22468531,A Very Special Way,Peacemode,Joe Janiak,2024-06-26,Released,Independent,"SMN,SMG-US"
QM6N22469305,Good Old Days,Peacemode,Joe Janiak,2024-06-26,Released,Independent,"SMN,SMG-US"
QM4TX2410227,My Love (Is Like A Waterfall),Peacemode,Joe Janiak,2024-06-26,Released,Independent,"SMN,SMG-US"
QM6MZ2408446,"Oh, You Pretty People!",Peacemode,Joe Janiak,2024-06-26,Released,Independent,"SMN,SMG-US"
USAT22402895,Dream Girl,Ravyn Lenae,Ely Rise,2024-06-26,Released,Atlantic Recording Corporation,"SMN,SMG-US"
QZQAY2487382,Red,Kiah Victoria,Autumn Rowe,2024-06-25,Released,,"SMN,SMG-US"
QZNWY2451558,Famous (Look Back At It),Angel Delrae,Angel Delrae,2024-06-24,Released,2478417 Records DK,"SMN,SMG-US"
QZNWX2489845,Sicka Love,Angel Delrae,Angel Delrae,2024-06-22,Released,2478417 Records DK,"SMN,SMG-US"
QM6N22471458,Texas,Sawyer Utah,Sawyer Utah,2024-06-21,Released,VISCYRL X,"SMN,SMG-US"
QZWH32400202,He Carries Me,Halle Kearns,"Jessica Cayne,Justin Richards",2024-06-21,Released,Independent,"SMN,SMG-US"
USUM72405724,Bad Guy,Priscilla Block,David Garcia,2024-06-21,Released,Mercury Nashville,"SMN,SMG-US"
USUM72405723,Hell Out Of A Hometown,Priscilla Block,David Garcia,2024-06-21,Released,Mercury Nashville,"SMN,SMG-US"
QZNB82404673,Dive Bar Baby,Ashlie Amber,"Jessica Cayne,Shane Stevens",2024-06-20,Released,Independent,"SMN,SMG-US"
QMRSZ2400722,Shut Me Out,Tim Montana,Tim Montana,2024-06-14,Released,BMG BBR,"SMN,SMG-US"
QZNJV2403351,Love Letter,Connor McCutcheon,Connor McCutcheon,2024-06-14,Released,Independent,"SMN,SMG-US"
USUYG1548663,Liquor Talkin',Don Louis,Cale Dodds,2024-06-14,Released,,"SMN,SMG-US"
QZNJV2403352,Top Of The Hill,Connor McCutcheon,"Brent Anderson,Connor McCutcheon",2024-06-14,Released,Independent,"SMN,SMG-US"
QZNJV2403350,Whiskey's Already Workin',Connor McCutcheon,"Brent Anderson,Connor McCutcheon",2024-06-14,Released,Independent,"SMN,SMG-US"
GXD7G2390633,Barcelona,Alan Walker,Nick Gale,2024-06-13,Released,Independent,"SMN,SMG-US"
QZMEP2497725,Bitter Taste,Luca Lowe,Timothy Prater,2024-06-12,Released,,"SMN,SMG-US"
USUMV2402031,Psycho,HARDY,Michael Hardy,2024-06-12,Released,Big Loud Records,"SMN,SMG-US"
DES232400210,Sleep Talking,Beyond,Melodie Wagner,2024-06-07,Released,Independent,"SMN,SMG-US"
CA5KR2463706,Don't Speak,Marshmello,Nick Gale,2024-06-07,Released,Joytime Collective,"SMN,SMG-US"
QZTRX2458477,Look So Easy,First Time Thieves,"Cale Dodds,Justin Halpin",2024-06-06,Released,Independent,"SMN,SMG-US"
USUYG1546294,Wildflowers,SOPHIA SCOTT,Shane Stevens,2024-06-06,Released,Independent,"SMN,SMG-US"
DEE862400819,Ride Or Die,Declan J Donovan,Jordan Cosmo,2024-05-31,Released,Independent,"SMN,SMG-US"
QZRD92405212,You Get Me,LECADE,LECADE,2024-05-31,Released,Big Machine Label Group,"SMN,SMG-US"
QMRSZ2400903,Pour Decisions,Ryan and Rory,Remy Gautreau,2024-05-24,Released,BMG BBR,"SMN,SMG-US"
USUM72405382,Take Too Much,Vincent Mason,Bobby Hamrick,2024-05-24,Released,MCA Nashville,"SMN,SMG-US"
QZEQU2400657,Overdoing Getting Over Me,Smithfield,Adam Wood,2024-05-24,Released,Independent,"SMN,SMG-US"
QZEQU2400656,Last Call Summer,Smithfield,Adam Wood,2024-05-24,Released,Independent,"SMN,SMG-US"
QZEQU2400655,Hell's A Heartbreak,Smithfield,Adam Wood,2024-05-24,Released,Independent,"SMN,SMG-US"
USA2P2403322,On The Fence,Gowa Gibbs,"Jessica Cayne,Matthew Morrisey",2024-05-17,Released,Independent,"SMN,SMG-US"
GBUM72402512,Sweetness,Elmiene,Ely Rise,2024-05-17,Released,Polydor Records,"SMN,SMG-US"
QZTLA2448573,Turquoise,Joseph of Mercury,Joseph of Mercury,2024-05-16,Released,Independent,"SMN,SMG-US"
GBUM72401588,1:05,CHINCHILLA,Jordan Cosmo,2024-05-16,Released,Independent,"SMN,SMG-US"
USUMV2401752,Psycho,HARDY,Michael Hardy,2024-05-16,Released,Big Loud Records,"SMN,SMG-US"
SGW502497634,Love War,Fiaa Hamilton,Jordan Cosmo,2024-05-10,Released,Independent,"SMN,SMG-US"
GBUM72402507,Mountains,Jonas Blue,Jordan Cosmo,2024-05-10,Released,Independent,"SMN,SMG-US"
QM24S2402476,Interlude / The Light,The Ready Set,RYON,2024-05-10,Released,The Ready Set,"SMN,SMG-US"
USQX92304263,Cab In A Solo,Scotty McCreery,"Brent Anderson,Frank Rogers",2024-05-10,Released,"Sony Music Nashville,Triple Tigers","SMN,SMG-US"
QZRD92303067,See You Next Summer,Brian Kelley,"David Garcia,Michael Hardy",2024-05-10,Released,Big Machine Label Group,"SMN,SMG-US"
QZRD92302981,See You Next Summer,Brian Kelley,"David Garcia,Michael Hardy",2024-05-10,Released,Big Machine Label Group,"SMN,SMG-US"
QZTRX2453744,Hey Hey Mama,Joe Bryson,Joe Bryson,2024-05-10,Released,"""Joe Bryson Music, LLC""","SMN,SMG-US"
QZEQU2400825,Family Tree,Ryan Kinder,"Cale Dodds,Justin Halpin",2024-05-10,Released,Independent,"SMN,SMG-US"
USUM72403823,Somebody's Child,Blessing Offor,Joy Williams,2024-05-10,Released,Capitol CMG,"SMN,SMG-US"
QZMZ92414742,Slow It Down,Dan Smalley,"Frank Rogers,Tyler Reeve",2024-05-10,Released,Independent,"SMN,SMG-US"
USQX92306500,Little More Gone,Scotty McCreery,"Bobby Hamrick,Brent Anderson,Derek George,Frank Rogers,Jeremy Bussey,Monty Criswell",2024-05-10,Released,"Sony Music Nashville,Triple Tigers","SMN,SMG-US"
USQX92306497,Fall of Summer,Scotty McCreery,"Brent Anderson,Derek George,Frank Rogers,Monty Criswell",2024-05-10,Released,"Sony Music Nashville,Triple Tigers","SMN,SMG-US"
USQX92306507,Lonely Ain't Lonely,Scotty McCreery,"Bobby Hamrick,Brent Anderson,Derek George,Frank Rogers,Jeremy Bussey,Monty Criswell",2024-05-10,Released,"Sony Music Nashville,Triple Tigers","SMN,SMG-US"
USQX92306503,Can't Pass The Bar,Scotty McCreery,"Brent Anderson,Cale Dodds,Frank Rogers",2024-05-10,Released,"Sony Music Nashville,Triple Tigers","SMN,SMG-US"
USUG12401826,Runnin' Out Of Time,Sidewalk Prophets,David Garcia,2024-05-10,Released,Curb Records,"SMN,SMG-US"
QZPEW2428032,Thrill,Sydney Ross Mitchell,Hunter Madrid,2024-05-08,Released,Independent,"SMN,SMG-US"
QZMEN2445011,Let Them Horses Run,The Kruse Brothers,"Jessica Cayne,Matthew Morrisey",2024-05-04,Released,Independent,"SMN,SMG-US"
QZZVQ2400059,Miles On It,Marshmello,Nick Gale,2024-05-03,Released,Joytime Collective,"SMN,SMG-US"
GBJAJ2400531,I Choose You,Chaney,Jordan Cosmo,2024-05-03,Released,Independent,"SMN,SMG-US"
USUM72403433,Radio Silent,August Ponthier,Remy Gautreau,2024-05-03,Released,,"SMN,SMG-US"
DKUM72400183,Cheat Code,Lukas Graham,"Autumn Rowe,Shane Stevens",2024-05-03,Released,Universal International Music B.V.,"SMN,SMG-US"
USCRB2400022,Burn My Summer,Kelsey Hart,Ryan Beaver,2024-05-03,Released,Curb Records,"SMN,SMG-US"
QZMZ92400970,Hangover,Connor McCutcheon,"Bobby Hamrick,Brent Anderson,Connor McCutcheon",2024-05-03,Released,Independent,"SMN,SMG-US"
GBWUL2447492,Sound Of The Spotlight,First Time Thieves,"Cale Dodds,Erik Belz,Justin Halpin,Patrick Ridgen",2024-05-02,Released,Independent,"SMN,SMG-US"
QZK6Q2412960,Cuidado,Sophia Treadway,Autumn Rowe,2024-05-01,Released,,"SMN,SMG-US"
ES75E2404085,If You Don't Mind - Acoustic Version - Slowed Down,Marc Tinez,Marc Tinez,2024-05-01,Released,Tinez Records,"SMN,SMG-US"
ES75E2404083,If You Don't Mind - Sped Up,Marc Tinez,Marc Tinez,2024-05-01,Released,Tinez Records,"SMN,SMG-US"
ES75E2404086,If You Don't Mind - Acoustic Version,Marc Tinez,Marc Tinez,2024-05-01,Released,Tinez Records,"SMN,SMG-US"
ES75E2404084,If You Don't Mind,Marc Tinez,Marc Tinez,2024-05-01,Released,Tinez Records,"SMN,SMG-US"
UKW8X2400004,All The Time,Natalie Shay,Jordan Cosmo,2024-04-26,Released,Independent,"SMN,SMG-US"
QZK6L2407965,Minutes With You,Jake Clark,Mira Housey,2024-04-26,Released,,"SMN,SMG-US"
QZHNA2461016,Gutter,Sarah Cothran,Jessica Cayne,2024-04-26,Released,Independent,"SMN,SMG-US"
QZPEW2433690,Break Season,Mira Housey,Mira Housey,2024-04-23,Released,Independent,"SMN,SMG-US"
USA2B2400127,Breathe,Blunt Chunks,Joseph of Mercury,2024-04-19,Released,Independent,"SMN,SMG-US"
QZUCN2201638,Oh Lord,Chapter & Verse,Autumn Rowe,2024-04-19,Released,,"SMN,SMG-US"
QZEQU2400433,Nobody's Favorite,Brinley Addington,"Brinley Addington,Ryan Beaver",2024-04-19,Released,Independent,"SMN,SMG-US"
QMRSZ2302766,215634,Elvie Shane,Adam Wood,2024-04-19,Released,Independent,"SMN,SMG-US"
QMRSZ2302768,First Place,Elvie Shane,Adam Wood,2024-04-19,Released,Independent,"SMN,SMG-US"
GBWUL2404622,Hands Are Tied,Steele Fountain,Jessica Cayne,2024-04-12,Released,Independent,"SMN,SMG-US"
QZGLM2423501,Two Truths And A Lie,Connor McCutcheon,"Brent Anderson,Connor McCutcheon,Jeremy Bussey",2024-04-12,Released,Independent,"SMN,SMG-US"
USUYG1537761,Tequila on the Rocks,Chase Bryant,Ryan Beaver,2024-04-12,Released,Independent,"SMN,SMG-US"
US38Y2406408,Waiting For You,See You Next Year,Hamish,2024-04-05,Released,Big.Ass.Kids,"SMN,SMG-US"
US38Y2406403,I Tried,See You Next Year,Hamish,2024-04-05,Released,Big.Ass.Kids,"SMN,SMG-US"
US38Y2406400,Cesspool,See You Next Year,Hamish,2024-04-05,Released,Big.Ass.Kids,"SMN,SMG-US"
US38Y2406404,Cannot Forget,See You Next Year,Hamish,2024-04-05,Released,Big.Ass.Kids,"SMN,SMG-US"
US38Y2406388,Bob Dylan Bus,See You Next Year,Hamish,2024-04-05,Released,Big.Ass.Kids,"SMN,SMG-US"
QZGLS2499850,Make You Look,DEE/MA,Remy Gautreau,2024-04-05,Released,,"SMN,SMG-US"
CA5KR2440516,Price Going Up,Black Caviar,Remy Gautreau,2024-04-05,Released,Independent,"SMN,SMG-US"
CA5KR2432467,Ramen Noodles,Black Caviar,Remy Gautreau,2024-04-05,Released,Independent,"SMN,SMG-US"
GBRKQ2451994,Better Everyday,First Time Thieves,"Cale Dodds,Justin Halpin",2024-04-04,Released,Independent,"SMN,SMG-US"
USQX92306506,Red Letter Blueprint,Scotty McCreery,"Brent Anderson,Derek George,Jeremy Bussey,Monty Criswell",2024-03-29,Released,"Sony Music Nashville,Triple Tigers","SMN,SMG-US"
USWB12306453,Take Her Home,Kenny Chesney,Michael Hardy,2024-03-22,Released,HEY NOW Records,"SMN,SMG-US"
QZQAY2461361,Sugar,Joseph of Mercury,"JJ Scheff,Joseph of Mercury",2024-03-21,Released,Independent,"SMN,SMG-US"
QZHN72480872,Last Laugh,Angel Delrae,Angel Delrae,2024-03-20,Released,2478417 Records DK,"SMN,SMG-US"
USME32300509,Kindred Friend,The Black Crowes,"Chris Robinson,Rich Robinson",2024-03-15,Released,Silver Arrow Records,"SMN,SMG-US"
USME32300508,Follow The Moon,The Black Crowes,"Chris Robinson,Rich Robinson",2024-03-15,Released,Silver Arrow Records,"SMN,SMG-US"
USME32300507,Flesh Wound,The Black Crowes,"Chris Robinson,Rich Robinson",2024-03-15,Released,Silver Arrow Records,"SMN,SMG-US"
USME32300506,Bleed It Dry,The Black Crowes,"Chris Robinson,Rich Robinson",2024-03-15,Released,Silver Arrow Records,"SMN,SMG-US"
USME32300505,Dirty Cold Sun,The Black Crowes,"Chris Robinson,Rich Robinson",2024-03-15,Released,Silver Arrow Records,"SMN,SMG-US"
USME32300504,Wilted Rose (feat. Lainey Wilson),The Black Crowes,"Chris Robinson,Rich Robinson",2024-03-15,Released,Silver Arrow Records,"SMN,SMG-US"
USME32300502,Cross Your Fingers,The Black Crowes,"Chris Robinson,Rich Robinson",2024-03-15,Released,Silver Arrow Records,"SMN,SMG-US"
USME32300501,Rats and Clowns,The Black Crowes,"Chris Robinson,Rich Robinson",2024-03-15,Released,Silver Arrow Records,"SMN,SMG-US"
USME32300500,Bedside Manners,The Black Crowes,"Chris Robinson,Rich Robinson",2024-03-15,Released,Silver Arrow Records,"SMN,SMG-US"
GBRKQ2451913,It's Time,First Time Thieves,"Cale Dodds,Justin Halpin",2024-03-15,Released,Independent,"SMN,SMG-US"
USUM72311168,Shame,Dahi,Ely Rise,2024-03-12,Released,Def Jam Recordings,"SMN,SMG-US"
KRMIM2420154,I'm Ready,Chung Ha,Nick Gale,2024-03-11,Released,Kakao Entertainment,"SMN,SMG-US"
USUM72400066,What Angels Do,Luke Grimes,Ryan Beaver,2024-03-08,Released,Mercury Nashville,"SMN,SMG-US"
QZ5AB2469336,Just Like That,Connor McCutcheon,"Cale Dodds,Chizzy,Connor McCutcheon",2024-03-08,Released,Independent,"SMN,SMG-US"
USUMV2400748,I Wrote The Book,Morgan Wallen,Michael Hardy,2024-03-03,Released,Big Loud Records,"SMN,SMG-US"
GBARL2400085,Nicotine Patch,Tim Gallagher,"Joy Williams,Matthew Morrisey",2024-03-01,Released,Sony Music Nashville,"SMN,SMG-US"
QZVX62400001,Slow Dance,Scotty McCreery,"Brent Anderson,Derek George,Monty Criswell",2024-03-01,Released,"Sony Music Nashville,Triple Tigers","SMN,SMG-US"
QZFZ72401561,Waiting My Whole Life For This,Black Caviar,Remy Gautreau,2024-02-28,Released,Independent,"SMN,SMG-US"
QZPEW2405441,Talk Too Much,Mira Housey,Mira Housey,2024-02-27,Released,Independent,"SMN,SMG-US"
QZPEW2405862,Superblue,Sydney Ross Mitchell,Hunter Madrid,2024-02-22,Released,Independent,"SMN,SMG-US"
NLZ542400071,Obsessed,Millean.,Melodie Wagner,2024-02-16,Released,Independent,"SMN,SMG-US"
CA5KR2420427,Stick Up,Black Caviar,Remy Gautreau,2024-02-16,Released,Independent,"SMN,SMG-US"
USWB12400602,Happy Hurts Sometimes,Warren Zeiders,Ryan Beaver,2024-02-16,Released,Warner Music Nashville,"SMN,SMG-US"
USUM72401058,Good On You,Priscilla Block,David Garcia,2024-02-16,Released,Mercury Nashville,"SMN,SMG-US"
QZFZ72462095,Don't Break Itself,Clayton Mullen,"Cale Dodds,Justin Halpin",2024-02-16,Released,Independent,"SMN,SMG-US"
TCAHX2453085,Hold Your Horses,Michael Rotundo,Cale Dodds,2024-02-16,Released,Independent,"SMN,SMG-US"
USCGH2488207,If It Ain't You,Joe Wodarek & 51 South,Josh Dunne,2024-02-15,Released,Independent,"SMN,SMG-US"
USCGH2488206,Alright Right Now,Joe Wodarek & 51 South,Josh Dunne,2024-02-15,Released,Independent,"SMN,SMG-US"
GBARL2400043,Life Story,Prinz,Nick Gale,2024-02-09,Released,Sony Music Entertainment,"SMN,SMG-US"
UKN8A2400001,Red Handed,Loud Liars,Jordan Cosmo,2024-02-09,Released,Independent,"SMN,SMG-US"
QZFZ42435590,One Last Time,Sawyer Utah,Sawyer Utah,2024-02-09,Released,VISCYRL X,"SMN,SMG-US"
QZFZ42490093,You Left Me,Riley Taylor,Justin Halpin,2024-02-09,Released,,"SMN,SMG-US"
QZQAY2436257,True Love,Joseph of Mercury,Joseph of Mercury,2024-02-08,Released,Independent,"SMN,SMG-US"
ES75E2400268,Nube,Marc Tinez,Marc Tinez,2024-02-07,Released,M. Tinez Records,"SMN,SMG-US"
USRN12000044,Double Down,Chris Young,"Derek George,Monty Criswell,Tyler Reeve",2024-02-02,Released,Black River Entertainment,"SMN,SMG-US"
USAT22400334,Praise The Lord,Breland,"David Garcia,Michael Hardy",2024-01-26,Released,Warner Music Nashville,"SMN,SMG-US"
DGA0M2353745,Unplug the Jug,Josh Abbott Band,Ryan Beaver,2024-01-26,Released,Independent,"SMN,SMG-US"
QZRD92304373,Bed We Made,LECADE,LECADE,2024-01-26,Released,Big Machine Label Group,"SMN,SMG-US"
QZTLA2475963,Reaper,Joseph of Mercury,Joseph of Mercury,2024-01-25,Released,Independent,"SMN,SMG-US"
QZS632234149,Halo,Remedy Club,Melodie Wagner,2024-01-19,Released,Independent,"SMN,SMG-US"
USAR12300480,Dopamine,Zach Hood,Camylio,2024-01-19,Released,Arista Records,"SMN,SMG-US"
ES75E2308547,Nada Me Vale,Marc Tinez,Marc Tinez,2024-01-18,Released,M. Tinez Records,"SMN,SMG-US"
USME32300503,Wanting and Waiting,The Black Crowes,"Chris Robinson,Rich Robinson",2024-01-12,Released,Silver Arrow Records,"SMN,SMG-US"
QZWFN2341353,Nice Things,SZNS,Chizzy,2024-01-12,Released,,"SMN,SMG-US"
TCAHQ2331088,Heaven Is A Small Town,Emily Faith,Justin Richards,2024-01-12,Released,Independent,"SMN,SMG-US"
QMMF72300002,Y'all All Nighters,Kyle Park,"Brinley Addington,Ryan Beaver",2024-01-12,Released,Independent,"SMN,SMG-US"
KRA252400050,Back In Love,Sam Ryder,Nick Gale,2024-01-10,Released,WMG (Warner Music Group),"SMN,SMG-US"
QZFYZ2423515,Nobody Else,Angel Delrae,Angel Delrae,2024-01-08,Released,2478417 Records DK,"SMN,SMG-US"
UK54A2300242,Come Back As A Country Boy,The Cat and Owl,Michael Hardy,2023-12-29,Released,,"SMN,SMG-US"
ES75E2307122,Under Your Control,Marc Tinez,Marc Tinez,2023-11-30,Released,M. Tinez Records,"SMN,SMG-US"
QMX232348316,Praise The Lord,Breland,"David Garcia,Michael Hardy",2023-11-28,Released,Warner Music Nashville,"SMN,SMG-US"
USUM72312769,Desire,Timbaland,Hamish,2023-11-17,Released,Def Jam Recordings,"SMN,SMG-US"
QZWUY2300016,Act Like You've Been Here Before,Brooke Lee,"Adam Wood,Bobby Hamrick,Brooke Lee,Derek George",2023-11-17,Released,Spirit Nashville Recordings,"SMN,SMG-US"
QZWUY2300015,Praying In Bars,Brooke Lee,"Brinley Addington,Brooke Lee",2023-11-17,Released,Spirit Nashville Recordings,"SMN,SMG-US"
CA74P2300049,Good Nights,Jess Moskaluke,"Cale Dodds,Justin Halpin",2023-11-17,Released,Independent,"SMN,SMG-US"
ITB002301343,Off My Face,Maneskin,Nick Gale,2023-11-10,Released,"Sony Music Entertainment,Epic Records","SMN,SMG-US"
USRC12302939,Fancy Like Christmas,Walker Hayes,Shane Stevens,2023-11-10,Released,Independent,"SMN,SMG-US"
BEIW12300474,Let You Go,Syn Cole,Jordan Cosmo,2023-11-08,Released,Independent,"SMN,SMG-US"
QMDA62390338,For My Good,Maverick City Music,Melodie Wagner,2023-10-27,Released,Independent,"SMN,SMG-US"
USUG12208658,Stockholm,sunnytheduo,Melodie Wagner,2023-10-27,Released,Capitol CMG,"SMN,SMG-US"
QZWUY2300014,I've Been Thinking,Brooke Lee,"Brinley Addington,Brooke Lee",2023-10-27,Released,Spirit Nashville Recordings,"SMN,SMG-US"
QM24S2307063,Rain,Jesse Boykins III,Hamish,2023-10-20,Released,New Growth Creative Activites,"SMN,SMG-US"
USQX92305047,Feel Like The Holidays,Scotty McCreery,"Bobby Hamrick,Derek George,Frank Rogers,Jeremy Bussey,Monty Criswell",2023-10-20,Released,"Sony Music Nashville,Triple Tigers","SMN,SMG-US"
QZTB42308753,Close To You,Marley Moon,Hamish,2023-10-13,Released,Independent,"SMN,SMG-US"
QZTB42308752,Sister,Marley Moon,Hamish,2023-10-13,Released,Independent,"SMN,SMG-US"
QZRD92304031,See You Next Summer,Brian Kelley,"David Garcia,Michael Hardy",2023-10-13,Released,Big Machine Label Group,"SMN,SMG-US"
QZWUY2300013,To Know You,Brooke Lee,Brooke Lee,2023-10-06,Released,Spirit Nashville Recordings,"SMN,SMG-US"
USUG12307030,Better Love,Camylio,Camylio,2023-10-06,Released,Mercury Records,"SMN,SMG-US"
GBAHS2301133,S.I.N.G.L.E,Say Now,Nick Gale,2023-10-04,Released,Atlantic Records,"SMN,SMG-US"
QZA7T1700199,18,Jordana Bryant,Matthew Morrisey,2023-09-29,Released,Independent,"SMN,SMG-US"
QZYG82300029,Looking at Her,Old Hickory,Ryan Beaver,2023-09-29,Released,Independent,"SMN,SMG-US"
QZRD92303982,See You Next Summer,Brian Kelley,"David Garcia,Michael Hardy",2023-09-29,Released,Big Machine Label Group,"SMN,SMG-US"
QZWDE2357271,Loved You Most,Joe Bryson,Joe Bryson,2023-09-29,Released,"""Joe Bryson Music, LLC""","SMN,SMG-US"
QZWDE2357119,Gettin' By on Gettin' By,Joe Bryson,Joe Bryson,2023-09-29,Released,"""Joe Bryson Music, LLC""","SMN,SMG-US"
USQX92401543,The Whiskey's Gone,Alli Walker,Jessica Cayne,2023-09-25,Released,Independent,"SMN,SMG-US"
QZD5H2000471,I Thought U Were Different,Amindi,Hamish,2023-09-22,Released,EQT Recordings,"SMN,SMG-US"
QZD5H2000464,Dopamine,Amindi,Hamish,2023-09-22,Released,EQT Recordings,"SMN,SMG-US"
QZRD92303879,See You Next Summer,Brian Kelley,"David Garcia,Michael Hardy",2023-09-20,Released,Big Machine Label Group,"SMN,SMG-US"
QMK2P2000002,At The Party,Rosey,David Ryan Harris,2023-09-15,Released,Independent,"SMN,SMG-US"
UKN8A2300001,Taking Control,Loud Liars,Jordan Cosmo,2023-09-15,Released,Independent,"SMN,SMG-US"
USQX92305154,Other Boys,Marshmello,Nick Gale,2023-09-08,Released,Joytime Collective,"SMN,SMG-US"
USUG12307215,Back Then Right Now,Tyler Hubbard,David Garcia,2023-09-08,Released,EMI Records Nashville,"SMN,SMG-US"
USB762302543,You Made Your Bed,Erin Gibney,Mike Fiorentino,2023-09-08,Released,Independent,"SMN,SMG-US"
OZWUY2300011,Head In The Clouds,Brooke Lee,"Brooke Lee,Jessica Cayne",2023-09-08,Released,Spirit Nashville Recordings,"SMN,SMG-US"
OZWUY2300010,Match Made In Hell,Brooke Lee,"Brooke Lee,Dave Cohen,Tyler Reeve",2023-09-08,Released,Spirit Nashville Recordings,"SMN,SMG-US"
QZ22S2300154,Two Beer Plan,Larry Fleet,Ryan Beaver,2023-09-01,Released,Independent,"SMN,SMG-US"
QMRSZ2301186,Devil You Know,Tim Montana,"Mike Fiorentino,Tim Montana",2023-08-30,Released,BMG BBR,"SMN,SMG-US"
QZS7J2366590,'Til She's Gone,Tayler Holder,Connor McCutcheon,2023-08-19,Released,Independent,"SMN,SMG-US"
DGA072316491,Let Go,Here At Last,Jordan Cosmo,2023-08-18,Released,Independent,"SMN,SMG-US"
QZNJX2398691,Keep These Flowers,Connor McCutcheon,Connor McCutcheon,2023-08-17,Released,Independent,"SMN,SMG-US"
NLE712300462,Light On,Markus Schulz,Jordan Cosmo,2023-08-11,Released,Independent,"SMN,SMG-US"
USWB12301529,Cowboys Ride Away,Warren Zeiders,Ryan Beaver,2023-08-10,Released,Warner Music Nashville,"SMN,SMG-US"
USWB12301523,Black and Blue,Warren Zeiders,Ryan Beaver,2023-08-10,Released,Warner Music Nashville,"SMN,SMG-US"
CBA7F2300015,11 Beers,The Reklaws,Michael Hardy,2023-07-28,Released,Starseed Records,"SMN,SMG-US"
USUG12306306,Heartache Blues,Midwxst,Hunter Madrid,2023-07-27,Released,midwxst LLC,"SMN,SMG-US"
USUG12306315,Heartache Blues,Midwxst,Hunter Madrid,2023-07-27,Released,midwxst LLC,"SMN,SMG-US"
USUG12305046,Heartache Blues,Midwxst,Hunter Madrid,2023-07-27,Released,midwxst LLC,"SMN,SMG-US"
USUG12305055,Heartache Blues,Midwxst,Hunter Madrid,2023-07-27,Released,midwxst LLC,"SMN,SMG-US"
USUMV2302232,Something Real,Dierks Bentley,Michael Hardy,2023-07-20,Released,"Capitol Records Nashville,MCA Nashville","SMN,SMG-US"
QZTRX2324492,You Go FIrst,Alex Angelo,Sawyer Utah,2023-07-14,Released,Independent,"SMN,SMG-US"
USQX92303738,Sunday,347aidan,Hamish,2023-07-07,Released,Columbia Records,"SMN,SMG-US"
CA5KR2354377,Violet Sky,Codeko,Jordan Cosmo,2023-06-30,Released,Independent,"SMN,SMG-US"
USUM72309224,Heart They Didn't Break,Maddie & Tae,Ryan Beaver,2023-06-30,Released,Mercury Nashville,"SMN,SMG-US"
QM6P42354207,Tell It To The Whiskey,Chris Colston,Josh Dunne,2023-06-23,Released,Independent,"SMN,SMG-US"
US23A1564477,This Is My Home,Mickey Guyton,Cale Dodds,2023-06-23,Released,Capitol Records Nashville,"SMN,SMG-US"
US23A1564476,I'm So Happy,Cale Dodds,Cale Dodds,2023-06-23,Released,Independent,"SMN,SMG-US"
QZPEW2452914,Strangers,Daniel Munozz,Hunter Madrid,2023-06-23,Released,Independent,"SMN,SMG-US"
QZWUY2300008,Live For Days,Cale Dodds,"Cale Dodds,Mike Fiorentino",2023-06-16,Released,Independent,"SMN,SMG-US"
US23A1564475,Shake Ya Boots,RaeLynn,"Bobby Hamrick,Joy Williams",2023-06-09,Released,Big Machine Label Group,"SMN,SMG-US"
QMRSZ2300364,Church,Jelly Roll,"David Garcia,Michael Hardy",2023-06-02,Released,BMG BBR,"SMN,SMG-US"
QMRSZ2301045,Church,Jelly Roll,"David Garcia,Michael Hardy",2023-06-02,Released,BMG BBR,"SMN,SMG-US"
QMRSZ2300352,Church,Jelly Roll,"David Garcia,Michael Hardy",2023-06-02,Released,BMG BBR,"SMN,SMG-US"
QZRD92303220,See You Next Summer,Brian Kelley,"David Garcia,Michael Hardy",2023-05-26,Released,Big Machine Label Group,"SMN,SMG-US"
QZEQU2300558,Gave It Up,LECADE,LECADE,2023-05-26,Released,Big Machine Label Group,"SMN,SMG-US"
QM24S2302841,Same,Troy Cartwright,"Derek George,Monty Criswell",2023-05-24,Released,Independent,"SMN,SMG-US"
QZMZ92328577,Hamms In A Glass,Winona Fighter,Justin Richards,2023-05-19,Released,Independent,"SMN,SMG-US"
US6XF2200576,Mine For The Summer,Jameson Rodgers,Brent Anderson,2023-05-19,Released,Independent,"SMN,SMG-US"
QMRSZ2202737,I Hate Cowboys,Chase Rice,Michael Hardy,2023-05-18,Released,Independent,"SMN,SMG-US"
QMX232319730,Hate My Heart,Carrie Underwood,"David Garcia,Michael Hardy",2023-05-13,Released,Capitol Records Nashville,"SMN,SMG-US"
QZ9H32300016,Delusional World Champion,Jean Dawson,Hamish,2023-05-11,Released,Handwritten Records,"SMN,SMG-US"
GX3Q92390765,B.O.O.T.Y,Digital Farm Animals,Nick Gale,2023-05-05,Released,Independent,"SMN,SMG-US"
USWB12200179,Stereotype,Cole Swindell,Michael Hardy,2023-04-28,Released,Warner Music Nashville,"SMN,SMG-US"
USWB12001284,Single Saturday Night,Cole Swindell,Michael Hardy,2023-04-28,Released,Warner Music Nashville,"SMN,SMG-US"
USWB12200187,Girl Goes Crazy,Cole Swindell,Michael Hardy,2023-04-28,Released,Warner Music Nashville,"SMN,SMG-US"
USWB12200180,Every Beer,Cole Swindell,Michael Hardy,2023-04-28,Released,Warner Music Nashville,"SMN,SMG-US"
USWB12300061,Drinkaby,Cole Swindell,Michael Hardy,2023-04-28,Released,Warner Music Nashville,"SMN,SMG-US"
USWB12200184,Down To The Bar,Cole Swindell,Michael Hardy,2023-04-28,Released,Warner Music Nashville,"SMN,SMG-US"
QZRD92303099,Heaven By Then,Brantley Gilbert,Michael Hardy,2023-04-27,Released,Big Machine Label Group,"SMN,SMG-US"
QZN882321504,The Rounds,Angelo Mota,Hamish,2023-04-21,Released,LONG PLAYS ONLY,"SMN,SMG-US"
GBGLW2300286,Little Girl Gone,CHINCHILLA,Jordan Cosmo,2023-04-21,Released,Independent,"SMN,SMG-US"
QZRD92201249,Rolex On A Redneck,Brantley Gilbert,Michael Hardy,2023-04-21,Released,Big Machine Label Group,"SMN,SMG-US"
QZRD92202226,Heaven By Then,Brantley Gilbert,Michael Hardy,2023-04-21,Released,Big Machine Label Group,"SMN,SMG-US"
QMX232316306,Praise The Lord,Breland,"David Garcia,Michael Hardy",2023-04-18,Released,Warner Music Nashville,"SMN,SMG-US"
QZRD92100492,Always Gonna Love You,Florida Georgia Line,Michael Hardy,2023-04-14,Released,,"SMN,SMG-US"
USUM72305098,Curious,Shenseea,Angel Delrae,2023-04-14,Released,Rich Immigrants,"SMN,SMG-US"
QM6MZ2289640,Magic,Carolina Story,Adam Chaffins,2023-04-07,Released,Independent,"SMN,SMG-US"
USUMV2301336,Hate My Heart,Carrie Underwood,"David Garcia,Michael Hardy",2023-04-05,Released,Capitol Records Nashville,"SMN,SMG-US"
SGB502334289,One More Party,Lex Gibbon,Jordan Cosmo,2023-03-31,Released,Independent,"SMN,SMG-US"
USLZJ2328242,Down to the Filter,Joe Bryson,Joe Bryson,2023-03-31,Released,"""Joe Bryson Music, LLC""","SMN,SMG-US"
USAT22304489,One & Only,Oliver Tree,Nick Gale,2023-03-29,Released,Atlantic Recording Corporation,"SMN,SMG-US"
DEUM72300559,Number 1,Nico Santos,"Nick Gale,Sara Boe",2023-03-17,Released,UMG (Universal Music Group),"SMN,SMG-US"
USUG12209214,Tennessee Fan,Morgan Wallen,Michael Hardy,2023-03-03,Released,Big Loud Records,"SMN,SMG-US"
USUG12209217,Tennessee Fan,Morgan Wallen,Michael Hardy,2023-03-03,Released,Big Loud Records,"SMN,SMG-US"
USUG12300838,Born With A Beer In My Hand,Morgan Wallen,Michael Hardy,2023-03-03,Released,Big Loud Records,"SMN,SMG-US"
USUG12300801,Born With A Beer In My Hand,Morgan Wallen,Michael Hardy,2023-03-03,Released,Big Loud Records,"SMN,SMG-US"
USUMV2300864,Born With A Beer In My Hand,Morgan Wallen,Michael Hardy,2023-03-02,Released,Big Loud Records,"SMN,SMG-US"
QZ22S2300014,Wait In The Truck,HARDY,Michael Hardy,2023-02-28,Released,Big Loud Records,"SMN,SMG-US"
USUG12207654,Something Real,Dierks Bentley,Michael Hardy,2023-02-24,Released,"Capitol Records Nashville,MCA Nashville","SMN,SMG-US"
USUG12300461,Something Real,Dierks Bentley,Michael Hardy,2023-02-24,Released,"Capitol Records Nashville,MCA Nashville","SMN,SMG-US"
USAT22302031,If I Had,Don Tolliver,Ely Rise,2023-02-24,Released,Cactus Jack Records,"SMN,SMG-US"
USAT22301694,If I Had,Don Tolliver,Ely Rise,2023-02-24,Released,Cactus Jack Records,"SMN,SMG-US"
USAT22301681,If I Had,Don Tolliver,Ely Rise,2023-02-24,Released,Cactus Jack Records,"SMN,SMG-US"
USAT22301685,Encouragement,Don Tolliver,Ely Rise,2023-02-24,Released,Cactus Jack Records,"SMN,SMG-US"
USUMV2300748,Something Real,Dierks Bentley,Michael Hardy,2023-02-23,Released,"Capitol Records Nashville,MCA Nashville","SMN,SMG-US"
US6XF2200575,Holding Me Back,Jameson Rodgers,Brent Anderson,2023-02-17,Released,Independent,"SMN,SMG-US"
USAN22200066,Better Boy,Nate Smith,Michael Hardy,2023-02-17,Released,Sony Music Nashville,"SMN,SMG-US"
USRN12300021,Better Boy,Nate Smith,Michael Hardy,2023-02-17,Released,Sony Music Nashville,"SMN,SMG-US"
USUV72300551,Hate My Heart,Carrie Underwood,"David Garcia,Michael Hardy",2023-02-14,Released,Capitol Records Nashville,"SMN,SMG-US"
QZFZ32393353,You Ain't Gotta,Albert Posis,Hamish,2023-02-10,Released,Independent,"SMN,SMG-US"
QZVMS2200006,If You Don't Wanna Love Me,Brit Taylor,Adam Chaffins,2023-02-03,Released,Independent,"SMN,SMG-US"
USUMV2300604,I Wrote The Book,Morgan Wallen,Michael Hardy,2023-01-31,Released,Big Loud Records,"SMN,SMG-US"
USUG12300808,I Wrote The Book,Morgan Wallen,Michael Hardy,2023-01-31,Released,Big Loud Records,"SMN,SMG-US"
USUMV2300605,I Wrote The Book,Morgan Wallen,Michael Hardy,2023-01-30,Released,Big Loud Records,"SMN,SMG-US"
FR10S2316778,Favour,LILO,Honi,2023-01-27,Released,Independent,"SMN,SMG-US"
USRN12200195,All Dogs Go To Heaven,Chris Young,Cale Dodds,2023-01-13,Released,Black River Entertainment,"SMN,SMG-US"
QZW9L2388502,Dear Taylor,Here At Last,Jordan Cosmo,2023-01-12,Released,Independent,"SMN,SMG-US"
QMRSZ2202749,I Hate Cowboys,Chase Rice,Michael Hardy,2023-01-06,Released,Independent,"SMN,SMG-US"
QMRSZ2202786,I Hate Cowboys,Chase Rice,Michael Hardy,2023-01-06,Released,Independent,"SMN,SMG-US"
QZURR2300006,Boots On,Annie Bosko,Derek George,2023-01-05,Released,Independent,"SMN,SMG-US"
QM24S2206558,WW 1958. (Alt Version Of Without Words),Joseph of Mercury,Joseph of Mercury,2022-12-13,Released,Independent,"SMN,SMG-US"
QZW9L2248135,Everything I Love,Bela Pierce,"Patrick Ridgen,RYON",2022-12-02,Released,Independent,"SMN,SMG-US"
QZTV32229637,Hampton Dreaming,Jennie Harluk,Joseph of Mercury,2022-11-18,Released,Independent,"SMN,SMG-US"
QM24S2205833,Nikki,Joseph of Mercury,Joseph of Mercury,2022-11-13,Released,Independent,"SMN,SMG-US"
QZRD92304048,The Worst Country Song Of All Time,Brantley Gilbert,Michael Hardy,2022-11-10,Released,Big Machine Label Group,"SMN,SMG-US"
QZRD92100060,The Worst Country Song Of All Time,Brantley Gilbert,Michael Hardy,2022-11-10,Released,Big Machine Label Group,"SMN,SMG-US"
QZRD92202229,The Worst Country Song Of All Time,Brantley Gilbert,Michael Hardy,2022-11-10,Released,Big Machine Label Group,"SMN,SMG-US"
QZRD92202334,So Help Me God,Brantley Gilbert,Michael Hardy,2022-11-10,Released,Big Machine Label Group,"SMN,SMG-US"
QZRD92202324,So Help Me God,Brantley Gilbert,Michael Hardy,2022-11-10,Released,Big Machine Label Group,"SMN,SMG-US"
QZRD92304053,So Help Me God,Brantley Gilbert,Michael Hardy,2022-11-10,Released,Big Machine Label Group,"SMN,SMG-US"
QZRD92202231,So Help Me God,Brantley Gilbert,Michael Hardy,2022-11-10,Released,Big Machine Label Group,"SMN,SMG-US"
QZRD92202198,So Help Me God,Brantley Gilbert,Michael Hardy,2022-11-10,Released,Big Machine Label Group,"SMN,SMG-US"
QZRD92304045,Rolex On A Redneck,Brantley Gilbert,Michael Hardy,2022-11-10,Released,Big Machine Label Group,"SMN,SMG-US"
QZRD92202331,Heaven By Then,Brantley Gilbert,Michael Hardy,2022-11-10,Released,Big Machine Label Group,"SMN,SMG-US"
QZRD92202332,Heaven By Then,Brantley Gilbert,Michael Hardy,2022-11-10,Released,Big Machine Label Group,"SMN,SMG-US"
QZRD92202194,Heaven By Then,Brantley Gilbert,Michael Hardy,2022-11-10,Released,Big Machine Label Group,"SMN,SMG-US"
QZRD92304044,Heaven By Then,Brantley Gilbert,Michael Hardy,2022-11-10,Released,Big Machine Label Group,"SMN,SMG-US"
USRC12203519,Slip N Slide,Wizkid,Angel Delrae,2022-11-10,Released,Starboy Entertainment Ltd,"SMN,SMG-US"
USUV72204807,Hate My Heart,Carrie Underwood,"David Garcia,Michael Hardy",2022-11-04,Released,Capitol Records Nashville,"SMN,SMG-US"
CBA7F2200005,11 Beers,The Reklaws,Michael Hardy,2022-11-04,Released,Starseed Records,"SMN,SMG-US"
TCAGN2290414,The Letter,Caleb Lee Hutchinson,Adam Chaffins,2022-10-28,Released,Independent,"SMN,SMG-US"
USUG12207837,Amnesia,Camylio,Camylio,2022-10-28,Released,Mercury Records,"SMN,SMG-US"
USUYG1448653,Brand New Day,Th3dstream,Autumn Rowe,2022-10-22,Released,Independent,"SMN,SMG-US"
USUYG1446210,I C U,Th3dstream,Autumn Rowe,2022-10-22,Released,Independent,"SMN,SMG-US"
QZNWY2262437,Void Song,Marley Moon,Hamish,2022-10-21,Released,Independent,"SMN,SMG-US"
QZNWY2262434,Time Machine,Marley Moon,Hamish,2022-10-21,Released,Independent,"SMN,SMG-US"
QZNWU2251863,Sister,Marley Moon,Hamish,2022-10-21,Released,Independent,"SMN,SMG-US"
QZNWY2262429,I Wanna Feel Alive,Marley Moon,Hamish,2022-10-21,Released,Independent,"SMN,SMG-US"
QZNWY2262430,Doors,Marley Moon,Hamish,2022-10-21,Released,Independent,"SMN,SMG-US"
QZNWY2262436,Close To You,Marley Moon,Hamish,2022-10-21,Released,Independent,"SMN,SMG-US"
QZNWY2262432,Can't Help Myself,Marley Moon,Hamish,2022-10-21,Released,Independent,"SMN,SMG-US"
USWB12205812,Holy Water,Michael Ray,Michael Hardy,2022-10-21,Released,Warner Music Nashville,"SMN,SMG-US"
US2762202528,'Til It's Gone,Joe Bryson,Joe Bryson,2022-10-21,Released,"""Joe Bryson Music, LLC""","SMN,SMG-US"
GBKPL2214131,Without Me,MIYA MIYA,Jordan Cosmo,2022-10-14,Released,Independent,"SMN,SMG-US"
QM24S2204810,Snake 13,Joseph of Mercury,"JJ Scheff,Joseph of Mercury",2022-10-13,Released,Independent,"SMN,SMG-US"
ES75E2205324,Alma De Chico,Marc Tinez,Marc Tinez,2022-09-30,Released,M. Tinez Records,"SMN,SMG-US"
GBKPL2210637,Jealous,Lindita,Angel Delrae,2022-09-23,Released,Peitho LLC,"SMN,SMG-US"
ES71G2229823,Flexin',Marc Tinez,Marc Tinez,2022-09-16,Released,M. Tinez Records,"SMN,SMG-US"
USSM12206060,Imposter Syndrome,AG Club,Hunter Madrid,2022-09-16,Released,TheNamelessCollective,"SMN,SMG-US"
USSM12206062,Candice,AG Club,Hunter Madrid,2022-09-16,Released,TheNamelessCollective,"SMN,SMG-US"
USSM12206053,Adam Sandler,AG Club,Hunter Madrid,2022-09-16,Released,TheNamelessCollective,"SMN,SMG-US"
QZNWS2225499,I'm Right,Marley Moon,Hamish,2022-09-09,Released,Independent,"SMN,SMG-US"
USAT22201618,Praise The Lord,Breland,"David Garcia,Michael Hardy",2022-09-09,Released,Warner Music Nashville,"SMN,SMG-US"
QZ22S2200068,Wait In The Truck,HARDY,Michael Hardy,2022-08-26,Released,Big Loud Records,"SMN,SMG-US"
QMRSZ2201523,Storm's Coming,Kolby Cooper,Michael Hardy,2022-08-19,Released,BMG BBR,"SMN,SMG-US"
USA2P2234602,Girl From The Bar,The Boat Boys,Cale Dodds,2022-08-05,Released,Independent,"SMN,SMG-US"
USCRB2100091,Static,Dylan Scott,Michael Hardy,2022-08-05,Released,Curb Records,"SMN,SMG-US"
USWB12203033,Picture,Michael Ray,"David Garcia,Michael Hardy",2022-08-05,Released,Warner Music Nashville,"SMN,SMG-US"
CA5KR2266745,Broken Roads,Arc North,Jordan Cosmo,2022-07-29,Released,Independent,"SMN,SMG-US"
QMX232231306,Praise The Lord,Breland,"David Garcia,Michael Hardy",2022-07-26,Released,Warner Music Nashville,"SMN,SMG-US"
USRC12202292,Give You The World,Steve Lacy,Ely Rise,2022-07-15,Released,L-M Records,"SMN,SMG-US"
USRC12203022,Mercury,Steve Lacy,Ely Rise,2022-07-14,Released,L-M Records,"SMN,SMG-US"
USRC12203024,Give You The World,Steve Lacy,Ely Rise,2022-07-14,Released,L-M Records,"SMN,SMG-US"
USRC12202287,Buttons,Steve Lacy,Ely Rise,2022-07-14,Released,L-M Records,"SMN,SMG-US"
GBKPL2202101,H8 Me 2,MIYA MIYA,Jordan Cosmo,2022-07-01,Released,Independent,"SMN,SMG-US"
QZK6L2212843,Supaman,Jake Banfield,Cale Dodds,2022-07-01,Released,Independent,"SMN,SMG-US"
TCAGG2266931,We Won't Go Back,MILCK,Autumn Rowe,2022-06-30,Released,,"SMN,SMG-US"
QMX232227304,Hot Beer,Dillon Carmichael,Michael Hardy,2022-06-28,Released,Riser House Records,"SMN,SMG-US"
USRC12201878,Show It,Chris Brown,"Chizzy,blckatom",2022-06-24,Released,RCA Records,"SMN,SMG-US"
USWB12202075,Holy Water,Michael Ray,Michael Hardy,2022-06-17,Released,Warner Music Nashville,"SMN,SMG-US"
USWB12102369,Holy Water,Michael Ray,Michael Hardy,2022-06-17,Released,Warner Music Nashville,"SMN,SMG-US"
USRC12201526,Mercury,Steve Lacy,Ely Rise,2022-06-16,Released,L-M Records,"SMN,SMG-US"
USUG12204072,I'd Be You,Lily Rose,Michael Hardy,2022-06-10,Released,Independent,"SMN,SMG-US"
USUG12204071,I'd Be You,Lily Rose,Michael Hardy,2022-06-10,Released,Independent,"SMN,SMG-US"
USUM72204766,Hate My Heart,Carrie Underwood,"David Garcia,Michael Hardy",2022-06-10,Released,Capitol Records Nashville,"SMN,SMG-US"
USUM72207366,Hate My Heart,Carrie Underwood,"David Garcia,Michael Hardy",2022-06-10,Released,Capitol Records Nashville,"SMN,SMG-US"
QZHNB1911066,Sugar,blckatom,blckatom,2022-06-10,Released,Architects Music Group LLC,"SMN,SMG-US"
USUMV2201580,I'd Be You,Lily Rose,Michael Hardy,2022-06-09,Released,Independent,"SMN,SMG-US"
USUMV2201524,I'd Be You,Lily Rose,Michael Hardy,2022-06-09,Released,Independent,"SMN,SMG-US"
USUV72202290,Hate My Heart,Carrie Underwood,"David Garcia,Michael Hardy",2022-06-09,Released,Capitol Records Nashville,"SMN,SMG-US"
USUM72209377,Count Me Out,Kendrick Lamar,Ely Rise,2022-05-13,Released,Aftermath Entertainment,"SMN,SMG-US"
USUM72209116,Count Me Out,Kendrick Lamar,Ely Rise,2022-05-13,Released,Aftermath Entertainment,"SMN,SMG-US"
USUM72208983,Count Me Out,Kendrick Lamar,Ely Rise,2022-05-13,Released,Aftermath Entertainment,"SMN,SMG-US"
USUM72208980,Count Me Out,Kendrick Lamar,Ely Rise,2022-05-13,Released,Aftermath Entertainment,"SMN,SMG-US"
USUM72300930,This Is,Ella Mai,Angel Delrae,2022-05-06,Released,10 Summers,"SMN,SMG-US"
QZRD92201320,Rolex On A Redneck,Brantley Gilbert,Michael Hardy,2022-03-25,Released,Big Machine Label Group,"SMN,SMG-US"
QZRD92201453,Rolex On A Redneck,Brantley Gilbert,Michael Hardy,2022-03-25,Released,Big Machine Label Group,"SMN,SMG-US"
SE6HN2216933,Gunslinger,Joe Bryson,Joe Bryson,2022-03-25,Released,"""Joe Bryson Music, LLC""","SMN,SMG-US"
QM4TX2209958,Almost Missed You,Bobby McClendon,Joe Bryson,2022-03-25,Released,,"SMN,SMG-US"
QMX232212716,Praise The Lord,Breland,"David Garcia,Michael Hardy",2022-03-19,Released,Warner Music Nashville,"SMN,SMG-US"
NL5WB2200006,Psycho,Player 1,Jordan Cosmo,2022-02-25,Released,Independent,"SMN,SMG-US"
USUM72205218,Back Words,Jon Langston,Michael Hardy,2022-02-25,Released,Independent,"SMN,SMG-US"
USUV72200621,Back Words,Jon Langston,Michael Hardy,2022-02-25,Released,Independent,"SMN,SMG-US"
USUV72200275,Back Words,Jon Langston,Michael Hardy,2022-02-25,Released,Independent,"SMN,SMG-US"
USUM72201701,Back Words,Jon Langston,Michael Hardy,2022-02-25,Released,Independent,"SMN,SMG-US"
USUM72204772,Back Words,Jon Langston,Michael Hardy,2022-02-25,Released,Independent,"SMN,SMG-US"
USUM72200993,Back Words,Jon Langston,Michael Hardy,2022-02-25,Released,Independent,"SMN,SMG-US"
SE5752205835,Good Actor,Joe Bryson,Joe Bryson,2022-02-25,Released,"""Joe Bryson Music, LLC""","SMN,SMG-US"
USQX92200577,Bad Kids,347aidan,Hamish,2022-02-20,Released,Columbia Records,"SMN,SMG-US"
QZFYY2265782,Take Our Time,Tyrus Turner,Angel Delrae,2022-02-11,Released,King Sh!t Only Records,"SMN,SMG-US"
GBKPL2209722,#GMFU,Lindita,Angel Delrae,2022-02-10,Released,Peitho LLC,"SMN,SMG-US"
ES75E2102979,Queen Of The Party,Marc Tinez,Marc Tinez,2022-02-10,Released,M. Tinez Records,"SMN,SMG-US"
SE5BU2200584,Fine By Me,Joe Bryson,Joe Bryson,2022-01-28,Released,"""Joe Bryson Music, LLC""","SMN,SMG-US"
QZHCR2100239,Back To Life,Excision,Jordan Cosmo,2022-01-13,Released,Independent,"SMN,SMG-US"
USWB12103405,Come Back As A Country Boy,Blake Shelton,Michael Hardy,2021-12-03,Released,"BMG BBR,Warner Music Nashville","SMN,SMG-US"
GBKPL2171143,Cool,MIYA MIYA,Jordan Cosmo,2021-11-24,Released,Independent,"SMN,SMG-US"
USAT22400337,Beers On Me,Dierks Bentley,Michael Hardy,2021-11-19,Released,"Capitol Records Nashville,MCA Nashville","SMN,SMG-US"
QZRD92202327,The Worst Country Song Of All Time,Brantley Gilbert,Michael Hardy,2021-11-11,Released,Big Machine Label Group,"SMN,SMG-US"
USUMV2103216,Beers On Me,Dierks Bentley,Michael Hardy,2021-11-11,Released,"Capitol Records Nashville,MCA Nashville","SMN,SMG-US"
QM3E22002355,Always Gonna Love You,Florida Georgia Line,Michael Hardy,2021-11-08,Released,,"SMN,SMG-US"
USUG12105230,Bones,Camylio,Camylio,2021-11-05,Released,Mercury Records,"SMN,SMG-US"
USUG12105226,Black and White,Camylio,Camylio,2021-11-05,Released,Mercury Records,"SMN,SMG-US"
NLT2H2100851,Anyway,Cymo,Camylio,2021-11-05,Released,Soave Records,"SMN,SMG-US"
USUMV2102210,Beers On Me,Dierks Bentley,Michael Hardy,2021-10-27,Released,"Capitol Records Nashville,MCA Nashville","SMN,SMG-US"
USL4Q2106476,Fool,Jennie Harluk,Joseph of Mercury,2021-10-22,Released,Independent,"SMN,SMG-US"
QMX232143313,Hot Beer,Dillon Carmichael,Michael Hardy,2021-10-19,Released,Riser House Records,"SMN,SMG-US"
QMRSZ2102452,Storm's Coming,Kolby Cooper,Michael Hardy,2021-10-15,Released,BMG BBR,"SMN,SMG-US"
QMRSZ2102451,Storm's Coming,Kolby Cooper,Michael Hardy,2021-10-15,Released,BMG BBR,"SMN,SMG-US"
USAN22100016,Pass It On,Ryan Hurd,Michael Hardy,2021-10-15,Released,Big Machine Label Group,"SMN,SMG-US"
USAN22100058,Pass It On,Ryan Hurd,Michael Hardy,2021-10-11,Released,Big Machine Label Group,"SMN,SMG-US"
QMX232141317,That Ain't Me No More,Matt Stell,Michael Hardy,2021-10-05,Released,RECORDS Nashville,"SMN,SMG-US"
QZRD92100729,Always Gonna Love You,Florida Georgia Line,Michael Hardy,2021-10-01,Released,,"SMN,SMG-US"
QM3E22102404,Always Gonna Love You,Florida Georgia Line,Michael Hardy,2021-09-17,Released,,"SMN,SMG-US"
US6XF1800326,To Us It Did,Mitchell Tenpenny,Michael Hardy,2021-09-10,Released,"Sony Music Nashville,Riser House Records","SMN,SMG-US"
USUMV2102776,Beers On Me,Dierks Bentley,Michael Hardy,2021-09-10,Released,"Capitol Records Nashville,MCA Nashville","SMN,SMG-US"
US6XF2000328,I Can't Love You Any More,Mitchell Tenpenny,Michael Hardy,2021-09-10,Released,"Sony Music Nashville,Riser House Records","SMN,SMG-US"
QZRD92100551,The Worst Country Song Of All Time,Brantley Gilbert,Michael Hardy,2021-09-08,Released,Big Machine Label Group,"SMN,SMG-US"
USQX92103010,Someone Somewhere,Nelly,Michael Hardy,2021-08-27,Released,RECORDS Nashville,"SMN,SMG-US"
USWB12101103,Picture,Michael Ray,"David Garcia,Michael Hardy",2021-08-27,Released,Warner Music Nashville,"SMN,SMG-US"
USCJY2194001,Two Shots,Wanda Jackson,David Ryan Harris,2021-08-20,Released,Independent,"SMN,SMG-US"
QZRD92100469,The Worst Country Song Of All Time,Brantley Gilbert,Michael Hardy,2021-08-16,Released,Big Machine Label Group,"SMN,SMG-US"
GX2D42100010,Made Of Stone,Richard Durand,Jordan Cosmo,2021-08-06,Released,Independent,"SMN,SMG-US"
GBKPL2157587,Rules,MIYA MIYA,Jordan Cosmo,2021-07-30,Released,Independent,"SMN,SMG-US"
USUMV2102212,Beers On Me,Dierks Bentley,Michael Hardy,2021-07-29,Released,"Capitol Records Nashville,MCA Nashville","SMN,SMG-US"
USUMV2102211,Beers On Me,Dierks Bentley,Michael Hardy,2021-07-29,Released,"Capitol Records Nashville,MCA Nashville","SMN,SMG-US"
USUG12103427,Beers On Me,Dierks Bentley,Michael Hardy,2021-07-29,Released,"Capitol Records Nashville,MCA Nashville","SMN,SMG-US"
USUG12103276,Beers On Me,Dierks Bentley,Michael Hardy,2021-07-29,Released,"Capitol Records Nashville,MCA Nashville","SMN,SMG-US"
QMX232131305,That Ain't Me No More,Matt Stell,Michael Hardy,2021-07-27,Released,RECORDS Nashville,"SMN,SMG-US"
QMFME2128722,Hot Beer,Dillon Carmichael,Michael Hardy,2021-07-15,Released,Riser House Records,"SMN,SMG-US"
QZHNB2120942,Head in the Clouds,Johnny Cochran,Joe Bryson,2021-06-30,Released,BAW Media,"SMN,SMG-US"
QZHNB2120941,Head in the Clouds,Johnny Cochran,Joe Bryson,2021-06-30,Released,BAW Media,"SMN,SMG-US"
CA5KR2170273,Dream,KAIVON,Jordan Cosmo,2021-06-18,Released,Independent,"SMN,SMG-US"
QZRD92100159,The Worst Country Song Of All Time,Brantley Gilbert,Michael Hardy,2021-06-18,Released,Big Machine Label Group,"SMN,SMG-US"
ES47E2005004,Desde Que Me Fui,Marc Tinez,Marc Tinez,2021-06-18,Released,M. Tinez Records,"SMN,SMG-US"
QZA7T1700107,Hot Beer,Dillon Carmichael,Michael Hardy,2021-06-15,Released,Riser House Records,"SMN,SMG-US"
NLUM72100278,Faking Love,Daniel Gloven,Jordan Cosmo,2021-06-11,Released,Independent,"SMN,SMG-US"
GBKPL2152694,Want You,MIYA MIYA,Jordan Cosmo,2021-06-11,Released,Independent,"SMN,SMG-US"
QZA7T1700085,Hot Beer,Dillon Carmichael,Michael Hardy,2021-06-03,Released,Riser House Records,"SMN,SMG-US"
QM6P42150694,Hot Beer,Dillon Carmichael,Michael Hardy,2021-06-03,Released,Riser House Records,"SMN,SMG-US"
GBUM72102776,Hear Me Say,Jonas Blue,Jordan Cosmo,2021-05-28,Released,Independent,"SMN,SMG-US"
SE6I32156973,Medication,Joe Bryson,Joe Bryson,2021-05-21,Released,"""Joe Bryson Music, LLC""","SMN,SMG-US"
QM24S2102576,Black Cat,Joseph of Mercury,Joseph of Mercury,2021-05-19,Released,Independent,"SMN,SMG-US"
ES47E2004266,Wa$abi,Marc Tinez,Marc Tinez,2021-05-14,Released,Tinez Records,"SMN,SMG-US"
USG7D2023014,One Beer,Piano Dreamers,Michael Hardy,2021-04-30,Released,,"SMN,SMG-US"
QMX232118305,To Us It Did,Mitchell Tenpenny,Michael Hardy,2021-04-27,Released,"Sony Music Nashville,Riser House Records","SMN,SMG-US"
QM24S2101705,Pretty Blonde Boy,Joseph of Mercury,Joseph of Mercury,2021-04-07,Released,Independent,"SMN,SMG-US"
ES47E2003136,Slow Motion,Marc Tinez,Marc Tinez,2021-03-25,Released,M. Tinez Records,"SMN,SMG-US"
QZRD92100859,Always Gonna Love You,Florida Georgia Line,Michael Hardy,2021-02-21,Released,,"SMN,SMG-US"
QZRD92201219,Eyes Closed,Florida Georgia Line,Michael Hardy,2021-02-19,Released,,"SMN,SMG-US"
QZRD92201212,Always Gonna Love You,Florida Georgia Line,Michael Hardy,2021-02-19,Released,,"SMN,SMG-US"
QZRD92100866,Eyes Closed,Florida Georgia Line,Michael Hardy,2021-02-12,Released,,"SMN,SMG-US"
QM3E22002360,Eyes Closed,Florida Georgia Line,Michael Hardy,2021-02-12,Released,,"SMN,SMG-US"
QM3E22102398,Eyes Closed,Florida Georgia Line,Michael Hardy,2021-02-12,Released,,"SMN,SMG-US"
QM3E22102395,Always Gonna Love You,Florida Georgia Line,Michael Hardy,2021-02-12,Released,,"SMN,SMG-US"
ES47E2003828,Mami Ven,Marc Tinez,Marc Tinez,2021-02-10,Released,M. Tinez Records,"SMN,SMG-US"
US6XF2100014,That Ain't Me No More,Matt Stell,Michael Hardy,2021-02-05,Released,RECORDS Nashville,"SMN,SMG-US"
ES47E2001361,Dime Que No,Marc Tinez,Marc Tinez,2021-02-04,Released,M. Tinez Records,"SMN,SMG-US"
QM24S2007098,I Wanna Live (I Want To Live),Joseph of Mercury,Joseph of Mercury,2021-01-27,Released,Independent,"SMN,SMG-US"
ES47E2000847,Cuando El Diablo,Marc Tinez,Marc Tinez,2021-01-14,Released,M. Tinez Records,"SMN,SMG-US"
USG7D2024029,One Beer,Guitar Tribute Players,Michael Hardy,2020-12-28,Released,,"SMN,SMG-US"
ES47E2000175,Focused,Marc Tinez,Marc Tinez,2020-12-04,Released,M. Tinez Records,"SMN,SMG-US"
QZNWT2001371,Act Right,Angel Delrae,Angel Delrae,2020-11-16,Released,2478417 Records DK,"SMN,SMG-US"
TCAFE2040753,Time Out,AJ Wander,Jordan Cosmo,2020-11-05,Released,Independent,"SMN,SMG-US"
QZ22S1800075,One Beer,HARDY,Michael Hardy,2020-09-04,Released,Big Loud Records,"SMN,SMG-US"
NLF712007252,Satellites,Luke Bond,Jordan Cosmo,2020-07-24,Released,Armada,"SMN,SMG-US"
ESA012077983,De 0 A 100,Groove 2070,Marc Tinez,2020-07-09,Released,JBC Music,"SMN,SMG-US"
QM6P42061981,Single Saturday Night,Workout Remix Factory,Michael Hardy,2020-07-08,Released,,"SMN,SMG-US"
GBKPL2097695,Cold Blood,MIYA MIYA,Jordan Cosmo,2020-06-26,Released,Independent,"SMN,SMG-US"
GBKPL2097694,Wolves,MIYA MIYA,Jordan Cosmo,2020-06-26,Released,Independent,"SMN,SMG-US"
GBKPL2097693,On My Mind,MIYA MIYA,Jordan Cosmo,2020-06-26,Released,Independent,"SMN,SMG-US"
DEUM72003808,Wildfire,EGZOD,Jordan Cosmo,2020-06-19,Released,Independent,"SMN,SMG-US"
SE6I32031831,If I Loved You Then,Joe Bryson,Joe Bryson,2020-06-19,Released,"""Joe Bryson Music, LLC""","SMN,SMG-US"
QZHN52007526,Supernasty,Marc Tinez,Marc Tinez,2020-06-18,Released,M. Tinez Records,"SMN,SMG-US"
TCAEX2058398,Isolation Love,Joseph of Mercury,Joseph of Mercury,2020-06-17,Released,Independent,"SMN,SMG-US"
USG7D2020204,Single Saturday Night,Piano Dreamers,Michael Hardy,2020-06-03,Released,,"SMN,SMG-US"
QM24S2005102,Kyr 1960 (Alt Version Of Keep You Around),Joseph of Mercury,Joseph of Mercury,2020-05-28,Released,Independent,"SMN,SMG-US"
USSM12001410,Hometown,Diplo,Michael Hardy,2020-05-27,Released,,"SMN,SMG-US"
QZES62035444,Sex Tour,Marc Tinez,Marc Tinez,2020-05-08,Released,M. Tinez Records,"SMN,SMG-US"
QZES62035445,Paso A Recogerte,Marc Tinez,Marc Tinez,2020-05-08,Released,M. Tinez Records,"SMN,SMG-US"
QZES62035443,Obsesionao,Marc Tinez,Marc Tinez,2020-05-08,Released,M. Tinez Records,"SMN,SMG-US"
GBKPL2097696,Hometown,MIYA MIYA,Jordan Cosmo,2020-05-07,Released,Independent,"SMN,SMG-US"
NL1AP2021049,Shadows,CHINCHILLA,Jordan Cosmo,2020-04-17,Released,Independent,"SMN,SMG-US"
GBKPL1980040,Thinking About It,LIIMO,Jordan Cosmo,2020-01-17,Released,Independent,"SMN,SMG-US"
QZK6Q1956155,All We Could Have Been,Alex Sampson,David Ryan Harris,2019-12-13,Released,Independent,"SMN,SMG-US"
GBKPL1976617,Old School,LIIMO,Jordan Cosmo,2019-11-29,Released,Independent,"SMN,SMG-US"
USUS12100721,Never Surrender,Adventure Club,Jordan Cosmo,2019-11-29,Released,Independent,"SMN,SMG-US"
GBUM71905793,All Night Long,Jonas Blue,Jordan Cosmo,2019-11-15,Released,Independent,"SMN,SMG-US"
USUMV2500622,One Beer,HARDY,Michael Hardy,2019-09-12,Released,Big Loud Records,"SMN,SMG-US"
QM24S1923345,MVA,Joseph of Mercury,Joseph of Mercury,2019-08-13,Released,Independent,"SMN,SMG-US"
QM24S1922317,Out My Mind,Joseph of Mercury,Joseph of Mercury,2019-07-13,Released,Independent,"SMN,SMG-US"
ESA011939625,Te Entiendo,Marc Tinez,Marc Tinez,2019-07-12,Released,M. Tinez Records,"SMN,SMG-US"
QM24S1921007,Pretenders,Joseph of Mercury,Joseph of Mercury,2019-06-13,Released,Independent,"SMN,SMG-US"
QZES91937143,Cuando Lo Mueves,Marc Tinez,Marc Tinez,2019-05-17,Released,M. Tinez Records,"SMN,SMG-US"
QM24S1913937,Dta (Don't Trust Anyone),Joseph of Mercury,Joseph of Mercury,2019-04-13,Released,Independent,"SMN,SMG-US"
QM24S1910672,Keep You Around,Joseph of Mercury,Joseph of Mercury,2019-03-13,Released,Independent,"SMN,SMG-US"
QZDA81985057,Quizás,Marc Tinez,Marc Tinez,2019-03-08,Released,M. Tinez Records,"SMN,SMG-US"
QM24S1906027,Stop,Joseph of Mercury,Joseph of Mercury,2019-02-13,Released,Independent,"SMN,SMG-US"
QM6DC1909549,Disappear,Myris,Jordan Cosmo,2019-01-14,Released,Independent,"SMN,SMG-US"
QM24S1901399,Can't Take Your Love,Joseph of Mercury,Joseph of Mercury,2019-01-13,Released,Independent,"SMN,SMG-US"
NL1AP1969381,Cold Water,CHINCHILLA,Jordan Cosmo,2019-01-11,Released,Independent,"SMN,SMG-US"
QM24S1844235,Over & Over,Joseph of Mercury,Joseph of Mercury,2018-12-13,Released,Independent,"SMN,SMG-US"
QM24S1838898,Reluctant Love,Joseph of Mercury,Joseph of Mercury,2018-11-13,Released,Independent,"SMN,SMG-US"
SE5BU1886639,Til the Sand Ran Out,Joe Bryson,Joe Bryson,2018-07-04,Released,"""Joe Bryson Music, LLC""","SMN,SMG-US"
SE5BU1783493,She Don't Really Miss Me,Joe Bryson,Joe Bryson,2018-01-22,Released,"""Joe Bryson Music, LLC""","SMN,SMG-US"
GBKPL1785425,Tarot,Joseph of Mercury,Joseph of Mercury,2017-09-01,Released,Independent,"SMN,SMG-US"
GBKPL1785426,Do You Remember,Joseph of Mercury,Joseph of Mercury,2017-09-01,Released,Independent,"SMN,SMG-US"
GBKPL1785348,Angel,Joseph of Mercury,Joseph of Mercury,2017-08-17,Released,Independent,"SMN,SMG-US"
GBKPL1782350,Darling Come With Me,David Ryan Harris,David Ryan Harris,2017-06-23,Released,Independent,"SMN,SMG-US"
GBKPL1782298,Young Thing,Joseph of Mercury,Joseph of Mercury,2017-05-31,Released,Independent,"SMN,SMG-US"
GBKPL1779599,Find You Inside,Joseph of Mercury,Joseph of Mercury,2017-04-12,Released,Independent,"SMN,SMG-US"
GBKPL1777447,Without Words,Joseph of Mercury,Joseph of Mercury,2017-02-22,Released,Independent,"SMN,SMG-US"
US92U1609001,All The Way,Jacksepticeye,David Ryan Harris,2016-07-22,Released,Independent,"SMN,SMG-US"
USWB11515062,Something About You,Majid Jordan,Joseph of Mercury,2016-02-05,Released,WMG (Warner Music Group),"SMN,SMG-US"
USA2P1568576,Force Of Nature,Fritz Helder,Joseph of Mercury,2016-01-08,Released,Independent,"SMN,SMG-US"
TCACJ1538850,Which Way Home,David Ryan Harris,David Ryan Harris,2015-10-23,Released,Independent,"SMN,SMG-US"
TCACJ1538858,Things That You Are,David Ryan Harris,David Ryan Harris,2015-10-23,Released,Independent,"SMN,SMG-US"
TCACJ1538856,Sunshine,David Ryan Harris,David Ryan Harris,2015-10-23,Released,Independent,"SMN,SMG-US"
TCACJ1538860,Still Be Loving You,David Ryan Harris,David Ryan Harris,2015-10-23,Released,Independent,"SMN,SMG-US"
TCACJ1538857,So Is Mine,David Ryan Harris,David Ryan Harris,2015-10-23,Released,Independent,"SMN,SMG-US"
TCACJ1538853,Shelter,David Ryan Harris,David Ryan Harris,2015-10-23,Released,Independent,"SMN,SMG-US"
TCACJ1538849,Our Day,David Ryan Harris,David Ryan Harris,2015-10-23,Released,Independent,"SMN,SMG-US"
TCACJ1538859,The One You Love,David Ryan Harris,David Ryan Harris,2015-10-23,Released,Independent,"SMN,SMG-US"
TCACJ1538851,Junkie,David Ryan Harris,David Ryan Harris,2015-10-23,Released,Independent,"SMN,SMG-US"
TCACJ1538855,I Can't Wait To Meet You,David Ryan Harris,David Ryan Harris,2015-10-23,Released,Independent,"SMN,SMG-US"
USUM71209200,Pool Mashup: Just The Way You Are/Just A Dream,Various (The Barden Bellas),David Ryan Harris,2015-02-10,Released,UMG (Universal Music Group),"SMN,SMG-US"
USCGH1460819,Monster,Atlien Workshop,Chizzy,2014-02-11,Released,Independent,"SMN,SMG-US"
AUBM01200186,Battlescars,Guy Sebastian,David Ryan Harris,2012-10-12,Released,Sony Music Entertainment,"SMN,SMG-US"
USKO11200098,3 Words,Elliott Yamin,David Ryan Harris,2012-02-07,Released,Independent,"SMN,SMG-US"
USCGJ1104627,Worst Enemy,David Ryan Harris,David Ryan Harris,2011-04-01,Released,Independent,"SMN,SMG-US"
USUM71113259,Yoy,Trombone Shorty,David Ryan Harris,2011-01-01,Released,UMG (Universal Music Group),"SMN,SMG-US"
USUM71118070,Trapeze,Dia Frampton,David Ryan Harris,2011-01-01,Released,Independent,"SMN,SMG-US"
AUBM00900190,I Like It Like That,Guy Sebastian,David Ryan Harris,2009-10-26,Released,Sony Music Entertainment,"SMN,SMG-US"
USTC10735800,Hold My Fire,David Ryan Harris,David Ryan Harris,2006-01-01,Released,Independent,"SMN,SMG-US"
USTC10735803,Strong Enough,David Ryan Harris,David Ryan Harris,2006-01-01,Released,Independent,"SMN,SMG-US"
USTC10735793,Forever More,David Ryan Harris,David Ryan Harris,2006-01-01,Released,Independent,"SMN,SMG-US"
USTC10735795,All I Need,David Ryan Harris,David Ryan Harris,2006-01-01,Released,Independent,"SMN,SMG-US"
USTC10671624,Used To This,David Ryan Harris,David Ryan Harris,2004-01-01,Released,Independent,"SMN,SMG-US"
USTC10671626,Pretty Girl,David Ryan Harris,David Ryan Harris,2004-01-01,Released,Independent,"SMN,SMG-US"
USTC10671632,Good Thing,David Ryan Harris,David Ryan Harris,2004-01-01,Released,Independent,"SMN,SMG-US"
USTC10671631,Do What You Want,David Ryan Harris,David Ryan Harris,2004-01-01,Released,Independent,"SMN,SMG-US"
USEE10100169,Blacksun,Brand New Immortals,David Ryan Harris,2001-06-26,Released,WMG (Warner Music Group),"SMN,SMG-US"
QZWFK2336283,You Ain't Gotta,Jesse Barrera,Hamish,,Released,THE JB CAVE Records,"SMN,SMG-US"
