isrc,song_title,artist,spirit_songwriters,lum_us_streams_12mo,lum_us_ondemand_12mo,lum_radio_spins_12mo,lum_radio_audience_12mo,source_ok
USRC12601645,SaWaDiKa,LISA,Volta,11367262,11150031,432,980600,yes
QT4K32616647,Is This My Life,Angelo Mota,"Angelo Mota,Hamish",572125,571914,0,0,yes
QT62W2609023,five minutes with god,Angelo Mota,Angelo Mota,11276,11274,0,0,yes
QT62W2609022,keep your head up,Angelo Mota,Angelo Mota,9887,9886,0,0,yes
QT62W2609017,Pray For Me,Angelo Mota,Angelo Mota,18372,18370,0,0,yes
QT62W2609016,Terrified,Angelo Mota,Angelo Mota,17273,17262,0,0,yes
QT4K42673607,or not,Angelo Mota,Angelo Mota,98612,98598,0,0,yes
QT62U2685069,Javelin,Angelo Mota,"Angelo Mota,Hamish",110922,110912,0,0,yes
QT62W2609015,Madman,Angelo Mota,Angelo Mota,18919,18914,0,0,yes
QT62W2609021,Good Enough,Angelo Mota,Angelo Mota,12346,12342,0,0,yes
QT62W2609020,Program,Angelo Mota,Angelo Mota,10440,10437,0,0,yes
QT62W2609019,Hills Have Eyes,Angelo Mota,Angelo Mota,13586,13584,0,0,yes
USQX92604649,Heaven,JENNIE,Volta,3275690,3200050,0,0,yes
QT6HJ2636439,Mine To Miss,Connor McCutcheon,Connor McCutcheon,8429,8429,0,0,yes
AUNCC2500106,Cliches,Jem Cassar-Daley,Brock Westover,9052,8705,0,0,yes
CA74P2600010,Why Does The Moon,Jess Moskaluke,"Jessica Cayne,Matthew Morrisey",24522,24363,0,0,yes
AUNCC2600016,Souvenir,Jem Cassar-Daley,Brock Westover,438,438,0,0,yes
QMDA62630329,Mess Of It,Brooke Lee,Brooke Lee,80070,79469,0,0,yes
GXJ2E2610400,Live Without You,"""AUGUSTKID, Laurentius, Mitchy & André & one more cig""",Justin Halpin,5631,5631,0,0,yes
QZUCN2202809,What It Means To Me,Ross Quinn,Jordan Cosmo,24850,24714,0,0,yes
QZWH32600307,Square Up,Dahi,Ely Rise,224258,219229,1,5800,yes
QZWH32600344,Stand For Something,Dahi,Ely Rise,73822,73667,3,7800,yes
QZWH32600343,The Night,Dahi,Ely Rise,84257,84066,0,0,yes
QZWH32600342,They Don't Know Me,Dahi,Ely Rise,94047,93981,0,0,yes
QZWH32600341,Love Me,Dahi,Ely Rise,110780,110728,3,28100,yes
QZWH32600339,Who Are You,Dahi,Ely Rise,168085,166801,1,7500,yes
QMDA62673423,Dirt In My Teeth,Joe Bryson,"Bobby Hamrick,Justin Halpin,Joe Bryson",28224,28197,0,0,yes
QZRD92608950,Daisy,Carly Pearce,Michael Hardy,94060,87583,14,36000,yes
CA5KR2667363,No Air,NGHTMRE,Melodie Wagner,655642,646491,294,167400,yes
QM6N22646772,Easy Love,Adam Chaffins,Adam Chaffins,4479,4239,0,0,yes
QZTV32601643,This Old Road Is Coming To An End,John Daly,"Nick Autry,Mike Fiorentino",3711,3711,0,0,yes
QMBZ92623609,Ghost,Peacemode,Joe Janiak,41869,41867,0,0,yes
QZ9H32600088,Werewolves of Hialeah,Mustard Service,"Marco Ochoa,Adam Perez,Leonardo Cattani",42203,42156,0,0,yes
QZ9H32600087,Caballito,Mustard Service,Marco Ochoa,20521,20500,0,0,yes
QZ9H32600065,Psalm 2,Mustard Service,Marco Ochoa,83556,83448,0,0,yes
QZ9H32600086,The Clock,Mustard Service,Marco Ochoa,29154,29116,0,0,yes
QZ9H32600085,Leap Year,Mustard Service,Marco Ochoa,45600,45543,0,0,yes
QZ9H32600084,Today I Killed My Son,Mustard Service,Marco Ochoa,34315,34298,0,0,yes
QZ9H32600082,I Want It All,Mustard Service,Marco Ochoa,66091,66031,0,0,yes
QZ9H32600081,Paradise,Mustard Service,Marco Ochoa,100803,100700,0,0,yes
USQX92602830,Blue Roan,Ian Munsick,Ryan Beaver,327478,318755,0,0,yes
QMRSZ2602650,Once In A Mile,John Morgan,Brent Anderson,850081,842509,0,0,yes
QM6N22651257,"You Get Drunk, I'll Get High",Adam Chaffins,Adam Chaffins,4350,4342,0,0,yes
QM6N22646499,Hard To Reach,Adam Chaffins,Adam Chaffins,7125,7117,0,0,yes
QM6N22646591,Flea Market,Adam Chaffins,"Adam Chaffins,Bobby Hamrick",4393,4386,0,0,yes
QM6N22647546,Stepped Over The Pieces,Adam Chaffins,"Adam Chaffins,Frank Rogers",6362,6358,0,0,yes
QM6N22647529,Get Rich,Adam Chaffins,Adam Chaffins,2869,2857,0,0,yes
DKQ7G2600084,Last Mile,Lukas Graham,Remy Gautreau,47851,44831,0,0,yes
QZJ842610605,Criminal,Gigi Moss,Nick Gale,171822,168317,0,0,yes
QMRSZ2602590,Let Him In Anyway,Blake Shelton,Michael Hardy,892614,884676,97988,194487200,yes
QZEQU2601153,Talk Shit,Adam Mac,Jessica Cayne,16870,16672,0,0,yes
QT6F82630691,Losing Horse,Gable Bradley,Mike Fiorentino,307,307,0,0,yes
QT6FY2678770,Komplicated,Arkade,Patrick Ridgen,1363,1363,0,0,yes
CBGAH2600010,Prairie Queen,Brandie Caroline,Jade Eagleson,4669,4623,0,0,yes
DEWO71701010,Both Sides Of Me,Unroyal,Mike Fiorentino,120714,120591,0,0,yes
USA2P2643642,Body,Jay Sean,Angel Delrae,115771,114392,0,0,yes
QZWH32600668,Maggie's Song (Old Blue Jeans),Jenna Paulette,Brent Anderson,312424,91512,12,0,yes
QMBZ92676346,You Either Love Me Or You Don't,Josh Weathers,Jeremy Bussey,22239,21737,0,0,yes
USSM12603931,Avoidance,AG Club,Hamish,37535,37523,0,0,yes
USAT22603602,Babygirl,Ravyn Lenae,Ely Rise,832470,827971,166,61800,yes
USAT22603606,Let Us In,Ravyn Lenae,Ely Rise,167707,167418,3,600,yes
USAT22603605,Find It One Day,Ravyn Lenae,Ely Rise,226995,226471,0,0,yes
USAT22603604,Wish You Well,Ravyn Lenae,Ely Rise,279172,278637,1,100,yes
USAT22603603,Barriers,Ravyn Lenae,Ely Rise,235924,235100,1,1200,yes
USAT22603601,Saturday Night,Ravyn Lenae,Ely Rise,1646369,1594910,19,33900,yes
USAT22601331,Reputation,Ravyn Lenae,Ely Rise,5554401,5065226,245,59100,yes
USAT22603600,Sew Me Back Together,Ravyn Lenae,Ely Rise,405921,403308,2,2300,yes
USAT22603598,In & Out,Ravyn Lenae,Ely Rise,1093034,1054179,27,19900,yes
USAT22603597,Never Let Me Go,Ravyn Lenae,Ely Rise,475733,474575,1,300,yes
USAT22603251,Handle,Ravyn Lenae,Ely Rise,2596458,2521448,37,2800,yes
QZRD92609202,I Kinda Want Your Man,Mackenzie Carpenter,Jamie Moore,682829,656107,0,0,yes
QZTRX2646743,Watering the Lawn,Riley Taylor,Jade Eagleson,8201,8144,0,0,yes
QT6FF2690801,Sugar,Connor McCutcheon,Connor McCutcheon,35990,35990,0,0,yes
QMBZ92672936,Thrill,Sawyer Utah,Sawyer Utah,80276,80077,0,0,yes
QMDA62600113,You Only Call When It's Raining,Lucas Ball,Ryan Beaver,419179,413528,0,0,yes
USUG12604883,Sunset Marquis,Miranda Lambert,David Garcia,950131,883208,3,2200,yes
USAT22605028,Whistle,Bri3,Chizzy,250617,231766,0,0,yes
QT3F92692503,Walk To Fame,Chizzy Stephens,Chizzy,375,375,0,0,yes
QT3F92692501,Duffy,Chizzy Stephens,Chizzy,200,200,0,0,yes
QT3F92692500,Top Of The Morning,Chizzy Stephens,Chizzy,344,344,0,0,yes
QZEQU2601206,Drunk Love You,Smithfield,Adam Wood,107528,101602,0,0,yes
QMRSZ2600931,Long Long Year,Tim Montana,Tim Montana,49624,48999,0,0,yes
QMRSZ2600936,Like A Satellite,Tim Montana,"Mike Fiorentino,Nathan Barlowe,Tim Montana",7586,7165,0,0,yes
QMRSZ2600932,Vampires,Tim Montana,Tim Montana,10374,9345,0,0,yes
QMRSZ2600940,Everything I'm Not,Tim Montana,Tim Montana,8808,8425,0,0,yes
QMRSZ2600939,When It's Over,Tim Montana,Tim Montana,7920,7486,0,0,yes
QMRSZ2600938,Like A Kennedy,Tim Montana,Tim Montana,11084,9328,0,0,yes
QMRSZ2600937,Off The Ground,Tim Montana,Tim Montana,7677,7170,0,0,yes
QMRSZ2600934,One Black Thumbnail,Tim Montana,"Mike Fiorentino,Nathan Barlowe,Tim Montana",9912,8658,0,0,yes
QMRSZ2600933,Crown of Ash,Tim Montana,"Nathan Barlowe,Tim Montana",43532,41836,0,0,yes
QMRSZ2600930,Kinda Like It,Tim Montana,Tim Montana,31581,30595,0,0,yes
QMRSZ2600929,Watch Me Drown,Tim Montana,Tim Montana,88207,86426,19,4700,yes
QZ9H32600064,Sharks,Mustard Service,Marco Ochoa,187222,187075,0,0,yes
CA5KR2662169,Focus,Loek,Melodie Wagner,8456,8422,106,0,yes
QMRSZ2600928,Beautiful Hate,Tim Montana,"Nathan Barlowe,Tim Montana",26915,25092,0,0,yes
GBLFP2673099,Territorial,Michael Aldag,Ben Samama,12537,12533,0,0,yes
USUG12606261,Pleaser,VITA,Hamish,63151,58528,0,0,yes
GBGLW2600583,Dog Eat Dog,CHINCHILLA,Sara Boe,264389,249767,0,0,yes
QZTGW2604354,I Want You,NURKO,Remy Gautreau,71706,71697,0,0,yes
CA5KR2661623,Cruel World,Mathias Julin,Jordan Cosmo,127732,127558,0,0,yes
QZEQU2600827,Another Love Song,Chris Housman,Jessica Cayne,48187,47368,0,0,yes
US6XF2600173,Jack & Jill Daniel's,Emily Ann Roberts,Ryan Beaver,1287123,1285534,228,275500,yes
QMBZ92622437,More Life,Peacemode,Joe Janiak,22570,22570,29,44200,yes
QM6P42687629,Driver Drive,Brooke Lee,"Brock Westover,Brooke Lee",240965,238894,0,0,yes
USQX92602821,Been A Good Run,Scotty McCreery,"Derek George,Monty Criswell",1631362,993651,64,111000,yes
QT6EC2671861,HOOCH,Fuller Debes,Joe Bryson,6482,6481,0,0,yes
QZZVQ2600251,Find Me In A Bar,Nate Smith,Zack Hall,5589226,2851492,29,6500,yes
QZNMT2636570,Romanticize,Tkay Maidza,Tkay Maidza,337958,335431,0,0,yes
QZWH32600305,Running,Dahi,Ely Rise,1789064,1777989,6,14400,yes
QT3RR2600002,Distant Lover,JIHYO,Angel Delrae,543562,543134,0,0,yes
QT3F32666649,Juvie 99,Chizzy Stephens,Chizzy,873,873,0,0,yes
QMBZ92614738,Got That Right,Joe Bryson,"Joe Bryson,Justin Halpin,Cale Dodds",35728,35690,0,0,yes
USWB12600201,Hits Me,Hudson Westbrook,Ryan Beaver,13201428,9785109,172,91400,yes
USUYG1819784,Forever Ago,Restless Road,Zach Beeken,659607,583996,0,0,yes
UKW3Z2601713,Forever Right Now,JERUB,Jordan Cosmo,242701,241525,3,400,yes
USUS12600333,PLZ HOLD,Snakehips,Tkay Maidza,1060,1060,16,47100,yes
USUS12600332,PLZ HOLD,Snakehips,Tkay Maidza,444372,443410,16,47100,yes
USAT22602375,Celestial,Charlotte MacInnes,Joe Janiak,31785,31310,0,0,yes
USAT22602534,Beast,Charlotte MacInnes,Joe Janiak,57608,48299,0,0,yes
QZ9H32600062,Aerolineas Mostaza,Mustard Service,Marco Ochoa,110906,110786,0,0,yes
QM6N22640719,Jesus In China (Overflow),Chanpan,Wes Singerman,123157,123133,0,0,yes
QZJ842605822,Sad and Beautiful,Gigi Moss,Nick Gale,309475,308939,0,0,yes
DEUM72603242,Voices,Alle Farben,Melodie Wagner,29992,23093,8,2100,yes
QM24S2603382,Life Of The Party,UNSECRET,Noelle Scaggs,3368,2923,0,0,yes
GBAYE2600209,Hush,Muse,Nick Gale,4649210,4107096,388,282100,yes
USWB12601495,Thank Somebody Country,Cody Johnson,Michael Hardy,873929,873929,8,7200,yes
QMRSZ2601970,Hands Up,Jelly Roll,Michael Hardy,34910845,21694604,76578,186658200,yes
QZTGW2602119,Washington,Jonny West,Brock Westover,9199,9155,0,0,yes
QZTGW2602118,Bone Deep,Jonny West,Brock Westover,11140,11122,0,0,yes
QZTGW2602115,Week,Jonny West,Brock Westover,4306,4296,0,0,yes
QZTGW2602116,"Can I Call You, Baby?",Jonny West,Brock Westover,8643,8422,0,0,yes
QZTGW2602117,WCYS?,Jonny West,Brock Westover,4468,4437,0,0,yes
USAT22603941,On Your Mind,FKA Twigs,Volta,2818096,2815552,0,0,yes
QMJMT2605961,Michigan,Infinity Song,Joe Janiak,115637,115337,0,0,yes
QT3EX2653716,Rhyme or Reason,Connor McCutcheon,Connor McCutcheon,7563,7563,0,0,yes
USUM72604818,My Daughter,Vince Gill,Joy Williams,92196,69469,0,0,yes
QZRD92608683,Drunk Enough,Midland,"Jamie Moore,Nathan Barlowe",788646,637833,0,0,yes
QZWH32600288,Find Me,Dahi,Ely Rise,412240,411674,31,284500,yes
DEUM72603114,Cola,CAKES,Melodie Wagner,33863,33863,0,0,yes
USUG12604541,She Got It,Blake Proehl,Connor McCutcheon,846254,844104,0,0,yes
QZAKB2562380,Burden,Dylan Rockoff,Justin Halpin,6556,6556,0,0,yes
USUG12603062,Ashes,Camylio,"Camylio,Coleton Rubin",21919,16963,0,0,yes
USUG12603063,Before You Do,Camylio,"Camylio,Coleton Rubin",33683,30271,0,0,yes
USUG12603067,Steal Some Love,Camylio,"Camylio,Joe Janiak",44409,37816,0,0,yes
USUG12403164,Angel,Camylio,Camylio,1155684,1110245,0,0,yes
USUG12603065,How Far Down,Camylio,Camylio,92775,89445,0,0,yes
USUG12601283,Fall Into You,Camylio,"Camylio,Joe Janiak",242647,200705,0,0,yes
USUG12603064,Gravity,Camylio,Camylio,87716,80075,0,0,yes
USUG12603068,Strung Out On You,Camylio,Camylio,30447,27545,0,0,yes
USUG12603069,Take My Bones,Camylio,"Camylio,Coleton Rubin",75551,51627,0,0,yes
USUG12402922,Trouble,Camylio,Camylio,3095301,2940304,0,0,yes
USUG12603066,Nightmare,Camylio,Camylio,40736,38977,0,0,yes
USUG12603061,Waterfall,Camylio,Camylio,96413,75997,0,0,yes
USUG12505198,Psycho,Camylio,Camylio,289888,278160,0,0,yes
QM6P42635875,Vodka Soda,408,"Cale Dodds,Justin Halpin",281881,275606,0,0,yes
QZEQU2600924,Maybe Baby,Brody Clementi,"Nick Autry,Jessica Cayne",214962,214557,0,0,yes
CA5KR2652570,Strangers to Strangers,Zach Hood,Sawyer Utah,291653,289773,0,0,yes
GBRKQ2615687,Wild Kids,Toby Lightman,Shane Stevens,6066,5163,0,0,yes
QMDPP2602745,Rather Be The Fire,Bryan Martin,Adam Wood,764342,668368,0,0,yes
QZ9H32600046,Who Knew Your Body,Mustard Service,Marco Ochoa,137999,137829,15,9000,yes
DEUM72602921,Heroes Of The Night,Alle Farben,Melodie Wagner,45701,34995,1,1100,yes
QZWFP2688981,X Games,Connor McCutcheon,Connor McCutcheon,14050,13983,0,0,yes
QZZVQ2500323,Chesney On The Beach,McCoy Moore,Brinley Addington,280372,268073,0,0,yes
KRA492600312,Intro,ZEROBASEONE,Ben Samama,149500,148978,0,0,yes
KRA492600313,Top 5,ZEROBASEONE,Ben Samama,2349037,2333861,0,0,yes
USRC12600932,Housekeeping,Ally Salort,Sara Boe,397806,386142,0,0,yes
QM24S2506949,Compass,Matt Hansen,Sara Boe,2984228,2809047,1,0,yes
QM24S2600021,Somewhere In Between,Matt Hansen,Ben Samama,3885579,3762215,0,0,yes
QM24S2602507,Before We Know It,Matt Hansen,Sara Boe,395353,352181,0,0,yes
USSM12600807,Jezebel,GIVEON,Peter Lee Johnson,9218615,8905109,40439,51434400,yes
USUM72603312,Bellafonte,Jenevieve,Tkay Maidza,539749,521565,0,0,yes
QZMEV2661248,Pressed,Tkay Maidza,Tkay Maidza,87352,87337,0,0,yes
QZWH32600272,Rest Of Your Life,Dahi,Ely Rise,227256,226561,0,0,yes
QMMEH2601092,Forget Me Not,Sicily Rose,"Bobby Hamrick,Shane Stevens",430741,428935,0,0,yes
QM6MZ2648883,King Of Coal Dust County,Adam Chaffins,Adam Chaffins,70772,59586,1242,443900,yes
CBEFB2602145,Say That You'll Be There,Loods,Melodie Wagner,129073,128078,0,0,yes
QZWFN2646389,World In You,Myya,Liz Lokre,1527,1527,0,0,yes
QZRD92608680,Shooting Memories With Tequila,Midland,Ryan Beaver,5560114,4678695,156,220200,yes
GBRKQ2600686,Crew,O.A.R.,Remy Gautreau,486368,442186,0,0,yes
GBPVV2500140,Palestine,KNEECAP,JJ Scheff,483682,481607,0,0,yes
QZTB42618405,It Gets Better,Sara Jean Kelley,David Ryan Harris,10415,10403,0,0,yes
QT5752500015,Man's World,Noelle Scaggs,Noelle Scaggs,266,266,0,0,yes
QT5752500019,Feel Your Body,Noelle Scaggs,Noelle Scaggs,274,274,0,0,yes
QT5752500025,Diamonds On The Floor,Noelle Scaggs,Noelle Scaggs,576,575,0,0,yes
QT5752500012,World Stop,Noelle Scaggs,Noelle Scaggs,239,239,0,0,yes
QT5752500009,Head To The Sky,Noelle Scaggs,Noelle Scaggs,748,748,0,0,yes
QT5752500022,Money Fame Love,Noelle Scaggs,"Bobby Hamrick,Brock Westover,Noelle Scaggs",838,838,0,0,yes
QT5752500004,The Ultimate,Noelle Scaggs,Noelle Scaggs,273,273,0,0,yes
QT5752500001,Bless The DJ,Noelle Scaggs,Noelle Scaggs,790,788,0,0,yes
QT5752500027,Get Loose,Noelle Scaggs,Noelle Scaggs,513,513,0,0,yes
QT2JK2500195,Evergreen Avenue,Izzy Escobar,Mira Housey,639792,630014,0,0,yes
USUG12601597,Waste A Day,Ernest,David Garcia,4176738,4072136,21,5800,yes
USUG12601592,What's A Little Rain,Ernest,David Garcia,9711597,9415316,124,259600,yes
NLF712601983,Like A Child,Armin Van Buuren,Melodie Wagner,1726057,935863,7175,1708600,yes
USUG12603162,Wrong With Me,Timmy McKeever,Cale Dodds,41746,39057,1,0,yes
USA2P2622923,Scarlet Witch,Musza,Autumn Rowe,1875,1839,0,0,yes
QZTB92614625,Sunkissed,Jake Clark,Mira Housey,38379,38364,0,0,yes
USLZJ2681758,Layup,Mira Housey,Mira Housey,23176,23053,0,0,yes
US5TA2600053,Rise High Rise,Xdinary Heroes,Ben Samama,384408,379778,0,0,yes
QZ5FN2651573,Pockets Full Of Sand,The Elovaters,"Justin Halpin,Cale Dodds",2534876,2106019,0,0,yes
QM4TW2672431,Kissing A Stranger,Brooke Lee,"Brooke Lee,Justin Richards",82681,80488,0,0,yes
QM4TW2672446,I Gotta Go,Brooke Lee,Brooke Lee,56994,46344,0,0,yes
USLZJ2656431,How's It Going For You?,Cale Dodds,Cale Dodds,51343,51118,0,0,yes
QM6MZ2662966,On The Loose,Luke Alexander,Melodie Wagner,175108,174527,0,0,yes
QZTB32616647,Only Devils,Connor McCutcheon,Connor McCutcheon,35349,35122,0,0,yes
QT82U2697780,No Loyalty,Harry T,Nick Gale,156145,156130,0,0,yes
USLZJ2652643,You Had Me At Howdy,Kylie Morgan,"Brock Westover,Jessica Cayne",77693,70527,0,0,yes
QMRSZ2600438,Break Me Down,Tim Montana,"Nathan Barlowe,Tim Montana",1121780,526396,20910,16552400,yes
CA5KR2640799,Daredevil,Zach Hood,Sawyer Utah,513936,503233,1,0,yes
QZRP42645021,Spose To Be,Chizzy Stephens,Chizzy,1608,1580,0,0,yes
KRA302600046,Million Miles Away,IRENE,Melodie Wagner,242610,239962,0,0,yes
QZNN22502366,Must Be,Tkay Maidza,Tkay Maidza,529362,529296,0,0,yes
QZEQU2600375,Giving Up On Us,Smithfield,Adam Wood,158241,158057,78,122000,yes
USUG12601542,Breathe,Marlon Hoffstadt,Ben Samama,908419,900312,183,7600,yes
QZK6K2606288,If I Go Missin',Tim & The Glory Boys,Cale Dodds,31521,29698,640,423600,yes
USUG12509599,Bird's Eye View,Flatland Calvalry,Ryan Beaver,1342617,1285592,2,1600,yes
ES75E2600483,7 Days A Week,Marc Tinez,Marc Tinez,65,65,0,0,yes
USLZJ2605283,Three Tinted Windows,O.A.R.,Remy Gautreau,593006,547868,0,0,yes
USLD91786253,Ways Away,Tyler Nance,Connor McCutcheon,2030604,1887163,7,29300,yes
QM4TW2672383,Just Because,Brooke Lee,"Brooke Lee,Justin Richards",158253,157830,1,200,yes
USUYG1796591,All For You,Josh Tatofi,Nick Autry,125138,111952,0,0,yes
QMGVJ2600071,Stand Still,Max McNown,Ryan Beaver,5172472,4958507,6,600,yes
QMRSZ2502424,Still Haven't Stopped,ATLUS,David Garcia,1216428,905800,2,3300,yes
QMRSZ2502427,Sounds Like Alcohol,ATLUS,"David Garcia,Justin Halpin",264617,216088,0,0,yes
AUWA02600032,Gentleman,Budjerah,Autumn Rowe,8062,8042,0,0,yes
QT5M52611420,The Weekend,Digital Farm Animals,Nick Gale,1445944,1445765,0,0,yes
QZNWY2699040,Sweet Cherry Pie,Chizzy Stephens,Chizzy,2014,1984,0,0,yes
QZMER2673013,Gut Check,Remy,Remy Gautreau,13547,13547,0,0,yes
QZNWT2628895,Mine To Miss,Connor McCutcheon,Connor McCutcheon,192158,192006,0,0,yes
CA5KR2635234,Walk Away,Tritonal,Jordan Cosmo,1791095,688780,3995,451500,yes
QZ5FN2656391,In My Bones,Valerie Broussard,"Cale Dodds,Justin Halpin",10711,10178,0,0,yes
USAT22600963,Struck,Charlotte MacInnes,"Joe Janiak,Sara Boe",273565,254247,0,0,yes
USME32600011,Doomsday Doggerel,The Black Crowes,"Chris Robinson,Rich Robinson",174964,168942,2,11400,yes
USME32600010,Eros Blues,The Black Crowes,"Chris Robinson,Rich Robinson",224051,192834,6,31700,yes
USME32600009,You Call This A Good Time?,The Black Crowes,"Chris Robinson,Rich Robinson",259279,209037,1,0,yes
USME32600008,Blood Red Regrets,The Black Crowes,"Chris Robinson,Rich Robinson",247911,216000,5,1200,yes
USME32600007,It's Like That,The Black Crowes,"Chris Robinson,Rich Robinson",630758,491457,3947,6128900,yes
USME32600006,Queen of the B-Sides,The Black Crowes,"Chris Robinson,Rich Robinson",240708,226888,24,21600,yes
USME32600005,High & Lonesome,The Black Crowes,"Chris Robinson,Rich Robinson",271309,261831,11,12100,yes
USME32600004,Do The Parasite!,The Black Crowes,"Chris Robinson,Rich Robinson",350064,278398,54,2900,yes
USME32600002,Cruel Streak,The Black Crowes,"Chris Robinson,Rich Robinson",1824711,1655352,38,16900,yes
QM4TW2641949,Sugarcoat It,Adam Chaffins,Adam Chaffins,48425,13811,0,0,yes
QZK6F2610321,Big Steppa,Laron Smith,Chizzy,27107,27090,0,0,yes
QM4TX2654674,IDWKT,Sawyer Utah,Sawyer Utah,8469,8445,0,0,yes
QM4TX2654671,Circles,Sawyer Utah,Sawyer Utah,15663,15618,0,0,yes
QMBZ92501756,Where Do U Go?,Sawyer Utah,Sawyer Utah,141015,140699,0,0,yes
QM4TW2694426,CARS,Sawyer Utah,Sawyer Utah,43453,43427,0,0,yes
QMDA62582033,One More Fix,Sawyer Utah,Sawyer Utah,94635,94580,0,0,yes
QMFMF2505480,Play With My Heart,Sawyer Utah,Sawyer Utah,425535,424979,0,0,yes
QM6N22561874,tears & wishes,Sawyer Utah,Sawyer Utah,41271,41135,0,0,yes
QM4TW2659458,Where Do You Go When It Rains,Joe Bryson,Joe Bryson,4230,4218,0,0,yes
QM4TW2659276,Purgatory,Joe Bryson,Joe Bryson,30494,27299,0,0,yes
QM4TW2659156,My Sunday,Joe Bryson,Joe Bryson,21379,21375,0,0,yes
QM4TW2659471,Come Back Down,Joe Bryson,Joe Bryson,7740,7734,0,0,yes
QZVMS2500035,Crazy Leaf,Brit Taylor,"Adam Chaffins,Jeremy Bussey",6093,5889,2,500,yes
QZVMS2500032,Lately I've Been Thinking,Brit Taylor,Adam Chaffins,7419,7026,8,2200,yes
QZVMS2500031,The Land Of The Forgotten,Brit Taylor,Adam Chaffins,10725,9269,6,6400,yes
QZVMS2500036,Bar's Closing,Brit Taylor,Adam Chaffins,7252,6992,1,800,yes
ES75E2600840,Scared of Loving,Marc Tinez,Marc Tinez,7,7,0,0,yes
QZRD92608512,Drunk Cigs,Mackenzie Carpenter,Jamie Moore,4309835,3859487,14,0,yes
QZVEM2622901,Buried Together,Remy,Remy Gautreau,22087,22087,0,0,yes
QM4TW2610300,I was July,Juliet Ivy,Jason Vance Harris,23922,22991,0,0,yes
QM4TW2694398,LADY,Sawyer Utah,Sawyer Utah,54042,54026,0,0,yes
US5ED2507868,Maybe You're The One,Pop Evil,Kasey Tyndall,475597,369178,0,0,yes
QM24S2600394,Darkness Wins,Erin Kirby,Brinley Addington,248058,234418,0,0,yes
QMRSZ2600123,Uncross Your Heart,Haven Madison,"Brock Westover,Jessica Cayne",263619,216193,0,0,yes
USQX92500137,Get To Love You,220 Kid,Joe Janiak,459037,457383,0,0,yes
USQX92502807,Hold On For Heaven,220 Kid,Joe Janiak,326043,324118,0,0,yes
QZQAY2652037,New City,FEYI,Angel Delrae,600552,580840,0,0,yes
USSM12600451,No Blame,Baby Keem,Volta,7507285,7495515,4,0,yes
USSM12600450,Dramatic Girl,Baby Keem,Volta,24489169,24397114,6,29800,yes
USSM12600448,Highway 95 pt.2,Baby Keem,Volta,16955348,16910465,1038,29100,yes
USSM12600446,$ex Appeal,Baby Keem,Volta,21764434,21713093,52,141300,yes
USSM12600444,House Money,Baby Keem,Volta,30937720,30717822,299,85200,yes
USA2P2605782,Otherside,Bryce Vine,Patrick Ridgen,172301,154007,0,0,yes
QT5M22664584,Playground,Grace Bridie,Grace Bridie,81089,80889,0,0,yes
QZ5FN2643174,prettyboy,Mira Housey,Mira Housey,67854,67270,1,0,yes
QM4TW2668458,Desert Darling,Brooke Lee,Brooke Lee,121870,120391,0,0,yes
QM24S2600627,Heaven,Reaper,JJ Scheff,34463,34274,0,0,yes
USSM12600141,Be Her,Ella Langley,Michael Hardy,510270156,447794485,335929,880643300,yes
QMRSZ2600179,Getaway Car,Dustin Lynch,Brent Anderson,3613969,2971217,136,72200,yes
US6XF2600017,Whipped,Emily Ann Roberts,Ryan Beaver,6768955,6202543,332,520900,yes
QM5QG2553005,American Sky,Morgan Myles,Matthew Morrisey,26298,25827,0,0,yes
ES75E2600789,In God's Hands,Marc Tinez,Marc Tinez,17,16,0,0,yes
CA5KR2614549,Two Steppin,Shankz,Melodie Wagner,236019,233319,0,0,yes
QZEQU2600141,Bourbon And The Bible,Kameron Marlowe,Adam Wood,1158527,1128494,0,0,yes
QZVMS2500034,Around And Around,Brit Taylor,Adam Chaffins,22122,21754,346,272100,yes
KRA382600737,Why U Mad,SKINZ,Ben Samama,22723,22709,0,0,yes
USUG12600832,McArthur,HARDY,Michael Hardy,159699254,127456434,238727,477710500,yes
QZFZ62695533,Jesus Doesn't Care,Colleen McKenna,Joe Bryson,20407,20091,0,0,yes
QZS7J2531421,Pills,Kate Sykes,"Mike Fiorentino,Nathan Barlowe",72,72,0,0,yes
USA2P2514067,Raised By A Woman,Rachel Grae,Joe Janiak,85589,84145,0,0,yes
USA2P2528291,Safe With Me,Rachel Grae,Joe Janiak,150370,147215,0,0,yes
USA2P2537414,Need Your Love,Rachel Grae,Joe Janiak,109162,107454,0,0,yes
USA2P2554911,Run With The River,Rachel Grae,Joe Janiak,114479,112986,2,1400,yes
USA2P2544749,Come A Day,Rachel Grae,Joe Janiak,484091,482460,0,0,yes
QZZEB2550577,Like My Own,Kylie Morgan,Kasey Tyndall,711853,594654,122,123300,yes
USA2P2556929,Into Me,Tolou,Liz Lokre,12176,11897,0,0,yes
USUM72511256,Cool Down,Ari Lennox,Liz Lokre,1833708,1732901,1,0,yes
QZZEB2553121,BUTTERF-LIES,Mira Housey,Mira Housey,156053,155458,1,0,yes
USWB12504170,Exclusive,Hudson Westbrook,Ryan Beaver,12898595,7559581,1,100,yes
US6R22526325,Burn To Black,Brooke Lee,Brooke Lee,394151,389708,0,0,yes
QMRSZ2500467,Ruin Me,Corbyn Besson,Peter Lee Johnson,833309,735097,0,0,yes
USAT22600020,Yo Yan,Skrillex,Peter Lee Johnson,977079,968608,5,14800,yes
USC4R2559998,Buzz,Vienna Vienna,Joe Janiak,300735,283312,21,0,yes
QMFMG2578094,Bloody Nails,Joe Bryson,Joe Bryson,1013219,1012319,0,0,yes
USUM72511641,100,Ella Mai,Peter Lee Johnson,46527076,34711261,63417,122493900,yes
QZQAY2604464,All My Love,Johnny Valentine,Patrick Ridgen,54383,54045,0,0,yes
QZNMZ2537486,The One That Got Away,AJ McClean,Ben Samama,223443,219604,0,0,yes
QZNN22571271,Relapse,AJ McClean,Ben Samama,100273,95316,0,0,yes
QZNN22571268,Body Butter,AJ McClean,Ben Samama,130192,124219,0,0,yes
QZNN22571266,Flowers,AJ McClean,Ben Samama,408579,397593,0,0,yes
QZNN22571267,Why You Love Me Wrong,AJ McClean,Ben Samama,106300,99694,0,0,yes
QZNN22571269,Lovin' On Me,AJ McClean,Ben Samama,98966,93497,0,0,yes
USME32600003,Pharmacy Chronicles,The Black Crowes,"Chris Robinson,Rich Robinson",2125863,1117534,9658,8770300,yes
USME32600001,Profane Prophecy,The Black Crowes,"Chris Robinson,Rich Robinson",1439381,1269554,22257,23874300,yes
QT6HK2511836,Sounds Of A Small Town,Timothy Wayne,Cale Dodds,39279,31260,0,0,yes
QZVMS2500029,Warning You Whiskey,Brit Taylor,Adam Chaffins,299689,244461,4074,1455100,yes
QZFZ22682418,Give Up On Us,Lonnie,"Chizzy,blckatom",53673,53655,0,0,yes
QT6EU2523564,Chasing After You,Kelsey Parks,Jessica Cayne,1223357,1223194,0,0,yes
QZZEB2505657,Sleeping In My Makeup,Mira Housey,Mira Housey,39119,37349,0,0,yes
US5ED2507576,Is It Alright?,Jaz Karis,Chizzy,447168,446784,6,2400,yes
QMFMG2516822,It Ain't Mine,Connor McCutcheon,Connor McCutcheon,40227,38008,0,0,yes
CA5KR2602902,Southern Belle,Zach Hood,Sawyer Utah,938678,931082,0,0,yes
QM24S2506993,One More Christmas,Trace Adkins,"Derek George,Monty Criswell",2012270,1071856,0,0,yes
QT3FF2544602,Anything Anymore,Stella Hennen,"Adam Wood,Brock Westover",236326,215307,1,0,yes
ES75E2512321,Si Se Va La Luz,Marc Tinez,Marc Tinez,31,31,0,0,yes
QT6EE2586396,Let's Get Married (This Christmas),Joseph of Mercury,Joseph of Mercury,6121,6121,0,0,yes
QT6EE2530851,Breaking In The Bible,Colleen McKenna,Joe Bryson,14779,13845,0,0,yes
QZZ8B2553212,Yours,Mira Housey,Mira Housey,17519,17519,0,0,yes
GBCFB2500541,Otherside,Poolside,Nick Gale,1003177,916871,0,0,yes
QM24S2506582,Watterson Hall (Me & You),William Clark Green,Ryan Beaver,334190,324515,0,0,yes
US23A8583303,Holly Jolly Good Time,Tyler James Bellinger,Cale Dodds,1919292,1918390,0,0,yes
US23A8583302,Small Town Santa,Sammy Arriaga,Cale Dodds,34486,33878,0,0,yes
GBUM72502295,Happening Again,Celeste,Ely Rise,188587,186286,0,0,yes
QMFME2576762,Lonely Does,Connor McCutcheon,Connor McCutcheon,26042,25970,0,0,yes
USWB12504169,If He Wanted To,Hudson Westbrook,Ryan Beaver,46467782,34821762,36,2900,yes
QZTPX2595163,Oxygen,SUMMY,Brock Westover,1742,1742,0,0,yes
QMFME2583373,Come Home,Brooke Lee,"Brooke Lee,Justin Richards,Jessica Cayne",31169,31117,0,0,yes
QZRD92508038,Good Omen,Caroline Jones,Joy Williams,129045,82485,77,134200,yes
USLS52581901,The Gift,Tamar Braxton,Liz Lokre,120131,112200,0,0,yes
NLF712506801,The City,Alex Wann,Melodie Wagner,1225096,1221815,529,8800,yes
QZTGW2407482,I Want You,NURKO,Remy Gautreau,869095,867373,0,0,yes
QZZ8A2520130,This Side Of The Mississippi,Cale Dodds,"Cale Dodds,Justin Halpin",9522,9337,0,0,yes
QZZ8A2520122,Knowing When To Quit,Cale Dodds,Cale Dodds,13997,12127,0,0,yes
QZZ8A2520137,Other Side Of You,Cale Dodds,"Cale Dodds,Justin Halpin",34603,32674,0,0,yes
QZZVQ2500308,Buckshot,Graham Barham,Brent Anderson,5294191,4379008,2,100,yes
USUYG1756740,To Hear Him Tell It,Matt Koziol,Jeremy Bussey,6878,6569,0,0,yes
USUYG1756743,Losing You,Matt Koziol,Jeremy Bussey,3668,3618,0,0,yes
QT6E92571379,It Feels Like Christmas,Matt Bloyd,Shane Stevens,2448,2448,0,0,yes
QMEU32514888,What If I Don't,Shoshana Bean,David Ryan Harris,46765,45713,0,0,yes
QMEU32514893,Strangers Again,Shoshana Bean,David Ryan Harris,38481,38265,0,0,yes
QMEU32514887,Quite Like Me,Shoshana Bean,David Ryan Harris,42042,41656,0,0,yes
QMEU32514896,Only Thing Left,Shoshana Bean,David Ryan Harris,23195,23115,0,0,yes
QMEU32514898,Montana,Shoshana Bean,David Ryan Harris,24532,24382,0,0,yes
QMEU32514889,Man Of His Word,Shoshana Bean,David Ryan Harris,37857,37743,0,0,yes
QMEU32514897,Make Me A Mistake,Shoshana Bean,David Ryan Harris,25653,25380,0,0,yes
QMEU32514895,Lone Soldier,Shoshana Bean,David Ryan Harris,25257,24998,0,0,yes
QMEU32514890,Let Me Believe,Shoshana Bean,David Ryan Harris,380323,378552,0,0,yes
QMEU32514886,Left Over Love,Shoshana Bean,David Ryan Harris,53875,53520,0,0,yes
QMEU32514891,Hard Woman To Love,Shoshana Bean,David Ryan Harris,40810,40689,0,0,yes
QMEU32514894,Forward,Shoshana Bean,David Ryan Harris,27729,27628,0,0,yes
KRA382506367,Everything Is Love,AHOF,Ben Samama,160244,160114,0,0,yes
QT6EB2521767,BAG!,Drelli,Remy Gautreau,1571,1557,0,0,yes
QMEU32514892,Twilight Moon,Shoshana Bean,"Jessica Cayne,Justin Richards,David Ryan Harris",36429,35897,0,0,yes
USRC12501996,Falsetto,Eli,Jason Vance Harris,296143,295951,0,0,yes
USRC12501997,I Wish I Was A Girl,Eli,Jason Vance Harris,286343,286082,0,0,yes
USRC12500828,Marianne,Eli,Jason Vance Harris,876255,873827,0,0,yes
SE6I32577633,Last First Dance,Tommy Lyon,Jordan Cosmo,94276,93974,0,0,yes
QT3FA2534773,Jack Of All Trades,Stella Hennen,Sawyer Utah,60349,59935,0,0,yes
QT6EB2525058,Used To Love You,Brandon Ratcliff,Jessica Cayne,9062,9060,0,0,yes
QZZ8B2504305,Where We Are Right Now,O.A.R.,Remy Gautreau,732401,677023,0,0,yes
USA2P2545307,Mismatch,&TEAM,Ben Samama,2517324,2502325,0,0,yes
QM6MZ2533029,Halo,monte booker,Hamish,95776,95741,0,0,yes
QM6MZ2533037,Awake,monte booker,Hamish,182562,179985,0,0,yes
QT2JK2500077,Three More Glasses,Izzy Escobar,Mira Housey,229816,216719,0,0,yes
USUM72510354,My Muse,Leon Thomas,Peter Lee Johnson,20423989,19733046,2286,3606200,yes
QT65Z2521159,Catching Fire,Alli Leighann,"Chizzy,Connor McCutcheon",83830,83298,0,0,yes
QZWH32500662,Same Place Twice,Randy Rogers Band,Ryan Beaver,322591,212944,0,0,yes
USUM72508780,Little Miss,Vincent Mason,Ryan Beaver,5421258,4806620,16,2800,yes
USUM72510908,My Muse,Leon Thomas,Peter Lee Johnson,1965245,1822807,2286,3606200,yes
DEUM72507322,Everywhere,Max Allais,Jordan Cosmo,206405,205633,59,6600,yes
QMDA62568904,Lady In Red,Pedro Santos,Jordan Cosmo,741482,739583,0,0,yes
US5ED2507152,Alright,Jaz Karis,Chizzy,236012,229661,11,3500,yes
QZRD92507923,Sober,Avery Roberson,LECADE,90988,77175,0,0,yes
CAN112501229,Only Want You,BEL,Jason Vance Harris,64307,64184,0,0,yes
CAN112501224,Break A Leg (intro),BEL,Jason Vance Harris,20647,20582,0,0,yes
USUG12507656,Gone,Flatland Calvalry,Ryan Beaver,3793919,3486840,440,708800,yes
QMBZ92517617,Tin Roof,Chris Young,Adam Wood,530328,383417,0,0,yes
QM24S2505215,The Wheel,Reaper,JJ Scheff,16500,16497,0,0,yes
QM24S2505216,Phantoms,Reaper,JJ Scheff,15039,15026,0,0,yes
QM24S2505217,Angels Cry,Reaper,JJ Scheff,28335,28321,0,0,yes
QM24S2504750,You Break It You Buy It,Faith Hopkins,Connor McCutcheon,10653,10645,0,0,yes
USUM72410681,Bring Me Downtown,Priscilla Block,David Garcia,730967,622663,34,4100,yes
USUM72410678,Try,Priscilla Block,David Garcia,832911,718081,63,0,yes
USUM72410669,Stranger Things,Priscilla Block,David Garcia,1999178,1812224,0,0,yes
AUIYA2500004,Born To Be Country,Amy Sheppard,Brock Westover,26263,26238,0,0,yes
QMFME2597230,Defense,monte booker,Hamish,416622,409523,0,0,yes
GBUM72501397,Starry Eyed,Good Neighbours,Joe Janiak,5841624,5386839,1,4600,yes
QM4TX2581753,Every Road,Peacemode,Joe Janiak,6342,6325,0,0,yes
QMFME2547066,Money Train,Peacemode,Joe Janiak,191214,190350,0,0,yes
QM4TX2581687,Nothing Else,Peacemode,Joe Janiak,11657,11594,0,0,yes
QM7282560692,One More Drink Before I Go,Peacemode,Joe Janiak,3270,3253,0,0,yes
QMFME2547069,Shine A Little Love,Peacemode,Joe Janiak,2566,2545,0,0,yes
QMDA72590087,In The Valley,Peacemode,Joe Janiak,3440,3412,0,0,yes
QM4TX2581742,The Heart & The Hope,Peacemode,Joe Janiak,50221,50193,0,0,yes
QMBZ92536172,Come Back Baby,Peacemode,Joe Janiak,75669,75561,0,0,yes
QZS7J2530238,Make It With You,Grace Asbury,"Jessica Cayne,Matthew Morrisey",47501,47459,0,0,yes
QZZ8A2547075,When I'm In The 70s,Mira Housey,Mira Housey,9446,9446,0,0,yes
USUG12508045,Take the Country and Run,HARDY,"Michael Hardy,David Garcia",1056934,1022203,20,47100,yes
USUG12505243,Everybody Does,HARDY,Michael Hardy,203577,193456,18,43700,yes
USUG12505235,Everybody Does,HARDY,Michael Hardy,3777540,2828506,18,43700,yes
USUG12505242,Y’all Need Jesus,HARDY,Michael Hardy,238461,220872,18,43700,yes
USUG12505232,Y’all Need Jesus,HARDY,Michael Hardy,4512820,3571726,18,43700,yes
USUG12505241,Keep It Country,HARDY,"David Garcia,Michael Hardy",157213,146458,1,1700,yes
USUG12505231,Keep It Country,HARDY,"David Garcia,Michael Hardy",4118597,3066283,1,1700,yes
USUG12505230,Gun To My Head,HARDY,Michael Hardy,5786475,4512513,21,48800,yes
USUG12505239,Who Don't,HARDY,Michael Hardy,129112,125200,303,64800,yes
USUG12505228,Who Don't,HARDY,Michael Hardy,4031774,3331055,303,64800,yes
USUG12505240,Country In Me,HARDY,Michael Hardy,350298,319776,12,24500,yes
USUG12505229,Country In Me,HARDY,Michael Hardy,10622836,6915204,12,24500,yes
USUG12505227,Bottomland,HARDY,Michael Hardy,75602806,68952410,102,171900,yes
USUG12505238,Bedrooms In The Sky,HARDY,Michael Hardy,204618,197364,0,0,yes
USUG12505226,Bedrooms In The Sky,HARDY,Michael Hardy,6654957,5864870,0,0,yes
USUG12505225,Goodbye,HARDY,Michael Hardy,3157276,2847847,0,0,yes
USUG12505224,Take the Country and Run,HARDY,"Michael Hardy,David Garcia",6972791,6046082,20,47100,yes
USUG12508048,Country In Me,HARDY,Michael Hardy,36183,36079,12,24500,yes
USUG12505236,Country Country,HARDY,"David Garcia,Michael Hardy",979245,733146,63,160000,yes
USUG12505221,Country Country,HARDY,"David Garcia,Michael Hardy",20106581,10868457,63,160000,yes
USUG12502833,Favorite Country Song,HARDY,Michael Hardy,75753343,57532978,416606,1031388900,yes
USUG12502832,Luckiest Man Alive,HARDY,Michael Hardy,9365460,8154200,497,1073300,yes
USUG12502835,Girl With A Gun,HARDY,Michael Hardy,459250,451265,80,163900,yes
USUG12502831,Girl With A Gun,HARDY,Michael Hardy,7846836,6973455,80,163900,yes
USUG12502834,Buck On The Wall,HARDY,Michael Hardy,334392,323213,1,3300,yes
USUG12502829,Buck On The Wall,HARDY,Michael Hardy,8780166,7555564,1,3300,yes
USUG12508044,Country In Me,HARDY,Michael Hardy,981927,975834,12,24500,yes
USUG12508047,Good Ole Boy,HARDY,"David Garcia,Michael Hardy",324291,316267,1,100,yes
USUG12508043,Good Ole Boy,HARDY,"David Garcia,Michael Hardy",17305393,16407187,1,100,yes
QZTL92556787,Smooth,Black Caviar,Remy Gautreau,1266,1256,0,0,yes
USC4R2449413,Livin' It Up Down In Texas,Billy F Gibbons,Billy F. Gibbons,630285,332600,28,12000,yes
UKRPL1900934,Silver Lining,KC Lights,Melodie Wagner,134301,131319,0,0,yes
QM24S2504568,Figure 8,Lily Rose,Matthew Morrisey,654170,595104,0,0,yes
DE1QW2504980,Bury Me Alive,CH4YN,Ben Samama,21812,21192,0,0,yes
QZTGW2404816,Give Up The Ghost,Modestep,Nick Gale,85494,82989,0,0,yes
QZTGW2404809,Different,Modestep,Nick Gale,60216,55545,0,0,yes
QZTL92553953,Miss This,Black Caviar,Remy Gautreau,9143,9138,0,0,yes
QZTL92540249,Pop Off,Black Caviar,Remy Gautreau,3761,3745,0,0,yes
QZTL92512676,Summa That,Black Caviar,Remy Gautreau,2096,2085,0,0,yes
USLD91783509,Unreasonable,Paperwater,Liz Lokre,13946,12092,0,0,yes
QMDA72591091,Highway Lovers,Brooke Lee,Brooke Lee,90549,90541,0,0,yes
QMFME2511379,Mississippi Mia,Joe Bryson,Joe Bryson,239271,239180,0,0,yes
USLD91783525,Unreasonable (Afrowater Remix),Paperwater,Liz Lokre,485,485,0,0,yes
QMFME2516776,KMF,JUILS,Sawyer Utah,3374,3374,0,0,yes
QZZ8A2520078,Still Single,Cale Dodds,"Cale Dodds,Justin Halpin",32679,32043,0,0,yes
QZWUY2400028,Wild And Free,Brooke Lee,"Brooke Lee,Mike Fiorentino,Patrick Ridgen",81780,79719,0,0,yes
QZZ7M2597715,It's You,Kelsey Parks,Jessica Cayne,300870,300859,0,0,yes
QZZ8A2517069,I Feel Good About It,First Time Thieves,"Cale Dodds,Justin Halpin",592,515,0,0,yes
QM5QG2553010,Laced,Morgan Myles,Matthew Morrisey,10619,10505,0,0,yes
ES75E2510564,Call Me Up,Marc Tinez,"Chizzy,Marc Tinez",16,16,0,0,yes
QT3EX2500355,Good Man Going Home,Jeff Bates,Nick Autry,13367,13288,0,0,yes
QMDA72587233,Holy Sugar,The Wombats,Joe Janiak,930257,369964,1560,91900,yes
USRC12501645,El Pleito,Miguel,Ely Rise,2108865,2086305,1,4000,yes
QZS7J2525269,I Ruin Everything I Love,Ali Wolv,Sara Boe,79558,79528,0,0,yes
USQX92503769,Cannibalism,Slayyyter,Hamish,13714087,13645819,16,5200,yes
QM24S2505346,Forever Again,Matt Hansen,Sara Boe,4221405,4049744,0,0,yes
QM24S2504898,Shark,Reaper,JJ Scheff,173592,172492,0,0,yes
QMDA72587731,Ain't Nobody,Connor McCutcheon,Connor McCutcheon,27199,26693,0,0,yes
GBUM72503679,Falling In Love,Matteo Bocelli,Camylio,232786,201901,0,0,yes
USUM72412200,Phones And Radios,Priscilla Block,David Garcia,1544334,1308247,418,489200,yes
QZTLA2545217,Million Bucks,Black Caviar,Remy Gautreau,12263,12252,0,0,yes
US38Y2539268,Indigo,Venna,Hamish,300955,274722,6,8100,yes
US38Y2539269,Eternal Reflections,Venna,Hamish,430714,401848,33,32700,yes
USUG12505379,All Night Days,Rob Thomas,Remy Gautreau,663015,488132,0,0,yes
CA5KR2588479,Middle Of Nowhere,Zach Hood,Sawyer Utah,1350154,1315837,0,0,yes
TCAJY2569864,If This Town Could Talk,Daniel Jeffers,"Bobby Hamrick,Justin Halpin",18296,18289,0,0,yes
TCAJY2569808,Do Me A Favor,Daniel Jeffers,"Bobby Hamrick,Justin Halpin",110892,110622,0,0,yes
QZVMS2500028,It's All For Sale,Brit Taylor,Adam Chaffins,35351,17666,14,39700,yes
US6XF2500255,Jack & Jill Daniel's,Emily Ann Roberts,Ryan Beaver,11614197,10759265,228,275500,yes
UKW3Z2501477,My Greatest Joy,RuthAnne,Autumn Rowe,7563,7523,0,0,yes
TCAJZ2564914,Afterglow,Grace Bridie,Grace Bridie,6803,6783,0,0,yes
QM24S2504757,Hydra,Reaper,JJ Scheff,76976,76972,0,0,yes
QZRD92507715,One to Willie,Riley Green,"Monty Criswell,Derek George",2815145,2193772,0,0,yes
USUG12501956,Nonchalant,Sikarus,Michael Hardy,33545,33450,0,0,yes
QZNMV2534156,24/7,BigXThaPlug,Nick Gale,8303976,7505286,0,0,yes
QZEQU2501553,All Dollars No Sense,Adam Mac,Jessica Cayne,304954,292041,0,0,yes
USWB12502899,Like It Like That,Dasha,David Garcia,29363726,23568138,160,1000,yes
USUG12504613,Do It All Again,Jon Batiste,Autumn Rowe,366135,352910,21,23600,yes
QMRSZ2202691,Storm's Coming,Kolby Cooper,Michael Hardy,5,5,0,0,yes
GXBAV2077568,Bami Soro,ERIICE,Melodie Wagner,44469,44384,0,0,yes
QZNJY2563904,Insane,Liam Coleman,Joe Bryson,9976,9968,0,0,yes
GBAHS2500696,Afters,BL3SS,Melodie Wagner,3632540,3613939,0,0,yes
QZWFP2529272,Afterglow,Kelsey Parks,Jessica Cayne,507778,507756,0,0,yes
QZRD92507695,Blind,LECADE,LECADE,254210,233989,0,0,yes
QZWUY2500060,Thinkin' Straight,Connor McCutcheon,Connor McCutcheon,91917,91226,0,0,yes
QMRSZ2501269,Devil Ain't Done,ATLUS,David Garcia,1589316,1484901,30136,37951500,yes
QZ5FA2550089,Still,Clever,LECADE,381800,375149,0,0,yes
US38Y2552592,Praise Dance,Big Freedia,Autumn Rowe,9417,8977,0,0,yes
USA2P2535586,Got Away,Ripley Alexander,Connor McCutcheon,12542,12470,0,0,yes
QZWV32560492,Money Talks,First Time Thieves,"Brock Westover,Cale Dodds,Justin Halpin",316,307,0,0,yes
QM24S2504212,Liberation,Reaper,JJ Scheff,44766,44765,0,0,yes
QZEQU2501561,Office With A View,Schmitty,"Derek George,Monty Criswell",20670,20495,0,0,yes
CA5KR2541462,Another Summer Night,Zach Hood,Sawyer Utah,507726,499149,0,0,yes
QZEQU2501446,Worth The Wait,Brinley Addington,Brinley Addington,28258,10568,0,0,yes
TCAJT2578489,Choke,Kalie Shorr,Jessica Cayne,2617,2603,0,0,yes
QZWFE2597249,Making Moves,Be.zerk,"Bobby Hamrick,Brock Westover",3,3,0,0,yes
ES75E2509268,Encima De Mi,Marc Tinez,Marc Tinez,181,181,0,0,yes
QZAKB2513611,Wish I Could Tell You,Remy,Remy Gautreau,1699,1699,0,0,yes
USUG12506452,Miami (Feat. Lil Wayne & Rick Ross),Morgan Wallen,Michael Hardy,1561,1561,4142,3479200,yes
USUG12506451,Miami (Feat. Lil Wayne & Rick Ross),Morgan Wallen,Michael Hardy,6090105,5818434,4142,3479200,yes
USUG12506450,Miami (Feat. Lil Wayne & Rick Ross),Morgan Wallen,Michael Hardy,300,300,4142,3479200,yes
USUG12506449,Miami (Feat. Lil Wayne & Rick Ross),Morgan Wallen,Michael Hardy,48519272,36826334,4142,3479200,yes
TCAJT2559631,Not Yet,Daniel Jeffers,"Justin Halpin,Bobby Hamrick",34521,34321,0,0,yes
CA74P2500010,Oops (I Think I Love You),Savannah Jade,"Jessica Cayne,Matthew Morrisey",85346,85331,0,0,yes
QZWFG2575512,Hey Y'all,Shane Stevens,Shane Stevens,1271,1269,0,0,yes
USWB12501546,Fool,Hudson Westbrook,Ryan Beaver,3053264,2901857,0,0,yes
USUMV2502659,Miami (Feat. Lil Wayne & Rick Ross),Morgan Wallen,Michael Hardy,,,,,yes
USUMV2502658,Miami (Feat. Lil Wayne & Rick Ross),Morgan Wallen,Michael Hardy,,,,,yes
QZNJX2533967,All That I've Known,Tommy Lyon,Jordan Cosmo,767858,767116,0,0,yes
QZTBC2555244,Either Way,Jasper Charles,Joe Bryson,60626,60584,0,0,yes
USQX92502111,Holding Down The Honky Tonk,Scotty McCreery,"Brent Anderson,Derek George,Frank Rogers,Jeremy Bussey",430284,393392,1,600,yes
USQX92503135,Whiskey Said,Scotty McCreery,"Brent Anderson,Derek George,Frank Rogers,Jeremy Bussey",416497,358021,0,0,yes
USQX92502112,Swim Up Bar,Scotty McCreery,"Brent Anderson,Derek George,Monty Criswell,Bobby Hamrick,Frank Rogers",1437471,949035,1,2600,yes
QZ9H32500041,High Roller,Mustard Service,"Marco Ochoa,Adam Perez,Leonardo Cattani",163370,163158,0,0,yes
QZ9H32500045,There You Go Again,Mustard Service,"Marco Ochoa,Leonardo Cattani,Adam Perez",112711,112528,0,0,yes
QZ9H32500043,Billy Bob,Mustard Service,"Marco Ochoa,Leonardo Cattani",106966,106892,0,0,yes
QZ9H32500042,Telephone,Mustard Service,"Marco Ochoa,Leonardo Cattani,Adam Perez",109068,108998,0,0,yes
QZ9H32500044,Let Me Call You Baby,Mustard Service,"Leonardo Cattani,Marco Ochoa,Adam Perez",278783,278502,0,0,yes
QZ9H32500039,I'm An Idiot,Mustard Service,"Marco Ochoa,Leonardo Cattani,Adam Perez",330030,329521,0,0,yes
USUG12402787,Jim Bob,HARDY,"David Garcia,Michael Hardy",149,149,4335,2317400,yes
USUG12402773,Jim Bob,HARDY,"David Garcia,Michael Hardy",465401,454259,4335,2317400,yes
USUG12501957,Nonchalant,Sikarus,Michael Hardy,5,5,0,0,yes
QZMEN2562033,Talking Bout Tonight,The Kruse Brothers,"Jessica Cayne,Matthew Morrisey",902423,898910,0,0,yes
CAV392500032,Shooting Star,Sacha,Zach Beeken,122214,121311,0,0,yes
USUM72501693,Hero In The Room,Jeremy Rosado,Justin Richards,3097255,2675955,22,149000,yes
QZXF32500008,Might Just Love You,Dalton Dover,Brent Anderson,466447,445840,0,0,yes
USUYG1737937,Take It As A Blessing,Jordana Bryant,"Jessica Cayne,Matthew Morrisey",149228,138714,0,0,yes
USUM72505496,When I Meet Jesus,Jeremy Rosado,Justin Richards,3647272,3245240,16,111600,yes
QZWUY2500059,Dandelion,Brooke Lee,"Bobby Hamrick,Brinley Addington,Brooke Lee",36021,35997,0,0,yes
USQX92503185,Superstar,"Xandra,Bryce Vine",Erik Belz,293030,290886,0,0,yes
QZ9H32500038,Yucky's Song,Mustard Service,"Marco Ochoa,Leonardo Cattani",254285,244877,0,0,yes
FRX452529406,Elevator Song,MiiRACLES,Nick Gale,33,33,0,0,yes
QZAKB2505349,Rumors,"Imanbek,BIA",Melodie Wagner,26102,26040,0,0,yes
QZWDE2590818,Version Of Me,First Time Thieves,"Cale Dodds,Justin Halpin",1152,1152,0,0,yes
USSM12502547,Never Met Anyone Like You,Ella Langley,Michael Hardy,64250130,51555138,1119,320500,yes
USSM12502698,Never Met Anyone Like You,Ella Langley,Michael Hardy,103589,103589,1119,320500,yes
USUM72506239,In The End,Leven Kali,JJ Scheff,339669,321552,0,0,yes
USUM72506238,Blackrock,Leven Kali,JJ Scheff,102867,99986,0,0,yes
USQX92503056,June,24KGoldn,Nick Gale,348491,345434,0,0,yes
CA5KR2536151,Beautiful As You,Zach Hood,Sawyer Utah,1911145,1879838,0,0,yes
QZEQU2501027,Staycation,Levi Hummon,Cale Dodds,33725,32785,0,0,yes
TCAJS2568865,Wish You Gone,Halle Kearns,Jessica Cayne,10729,10722,0,0,yes
USWB12500918,Take Me Down,Cole Swindell,David Garcia,181576,139180,0,0,yes
USQX92503134,Once Upon A Bottle of Wine,Scotty McCreery,"Brent Anderson,Derek George,Frank Rogers,Jeremy Bussey",549612,471577,0,0,yes
QM24S2503516,Up,Reaper,JJ Scheff,236370,235539,0,0,yes
QZ9H32500034,2am,Mustard Service,"Leonardo Cattani,Adam Perez,Marco Ochoa",685429,685200,0,0,yes
FRX282542679,Cry For Your Supper,MiiRACLES,Nick Gale,7664,7622,0,0,yes
TCAJQ2538986,Ain't About You,Daniel Jeffers,"Justin Halpin,Bobby Hamrick",22970,22928,0,0,yes
USAT22503154,Wipe Your Tears,Sam Austins,JJ Scheff,166427,149718,0,0,yes
QZTLA2519226,I Just Remembered!,Mira Housey,Mira Housey,985,985,0,0,yes
QZWH32500469,Is This Thing Workin',Randy Rogers Band,Monty Criswell,488775,401227,2703,1624100,yes
QZEQU2500976,Take Me To Texas,Smithfield,Adam Wood,39556,39459,0,0,yes
USWB12501545,Funny Seeing You Here,Hudson Westbrook,Ryan Beaver,27232723,19539991,183,347900,yes
USWB12501841,The Bride,Chris Janson,Adam Wood,354323,216149,0,0,yes
USWB12405622,Be Your Man,William Beckmann,Brinley Addington,129847,118145,0,0,yes
USWB12405625,California Quake,William Beckmann,Ryan Beaver,120516,111070,0,0,yes
QZTAT2583369,GRITS,Shane Stevens,Shane Stevens,18839,18795,0,0,yes
USUMV2203509,Tennessee Fan,Morgan Wallen,Michael Hardy,32406,32406,261,505800,yes
USUG12503694,Heaven Sent,Lauren Alaina,Michael Hardy,846147,747154,22,52800,yes
AEA3A2505962,Nothing Is Perfect,Fiaa Hamilton,Jordan Cosmo,1483,1483,0,0,yes
GBK3W2503392,Bad 4 Me,King Isis,Hamish,18909,18874,0,0,yes
QZRP42505820,Changed Me,Zach Loizou,Jordan Cosmo,2765,2765,0,0,yes
QZWDD2599790,Started in a Truck,Joe Bryson,Joe Bryson,14812,14785,0,0,yes
QM6P42574981,You Can Dance With Me,Joshua Ray Walker,Adam Chaffins,12433,12371,0,0,yes
QZPLR2532440,Ghost In My Mind,Oliver Westover,Brock Westover,4192,4186,0,0,yes
AEA3A2146382,In My Head,Mae Muller,Nick Gale,28487,28374,0,0,yes
QZYG82500123,To The Moon,The Kentucky Gentlemen,"Jessica Cayne,Matthew Morrisey",11111,10998,0,0,yes
QZNWW2593897,Ask A Daisy,Gray Robinson,"Jessica Cayne,Matthew Morrisey",92151,91826,0,0,yes
QM6N22580945,Hell Freezes Over,Dillon Carmichael,"Jonathan Singleton,Josh Dunne",31830,27923,0,0,yes
QM6N22580911,Tiny Little Fiddle,Dillon Carmichael,Brent Anderson,50163,36149,0,0,yes
QZRD92507253,Girlfriend's Got A Boyfriend,Cole Goodwin,Connor McCutcheon,887835,872079,0,0,yes
DEWO71700821,Viva La Vegas,Pretty Sister,Brock Westover,14933,14930,0,0,yes
USUG12502287,Off The Map,Dierks Bentley,"Adam Wood,Jeremy Bussey",1120116,1043324,319,591000,yes
USUMV2502100,Favorite Country Song,HARDY,Michael Hardy,0,0,416606,1031388900,yes
USUM72500586,Killin' Me,Parker McCollum,Monty Criswell,50453102,40049766,65230,114792700,yes
GBARL2500676,Somebody Else,e.motion,Nick Gale,44139,44112,0,0,yes
QZTV32594605,All Starts Now,First Time Thieves,"Cale Dodds,Justin Halpin",329,327,0,0,yes
AEA3A2561946,Run,DEEPS,Jordan Cosmo,15331,15251,0,0,yes
QM6P42518943,Dusk Til Dawn,Kilder,Melodie Wagner,60766,60758,0,0,yes
QZYG82500127,Where Do Dreams Go,Grant Gilbert,Brent Anderson,28112,27888,0,0,yes
QZW5K2500002,Heaven And Back,Matt Stell,"Brent Anderson,Jeremy Bussey,Frank Rogers",516147,514772,9,0,yes
QZXF32500005,Credit Card,mxrgan,Sawyer Utah,7687,7686,0,0,yes
QZNJV2533440,Ruins,Tommy Lyon,Jordan Cosmo,131553,131481,0,0,yes
TCAJP2591630,Cowboys and Hippies,Trey Gallman,Joe Bryson,1131,1128,0,0,yes
QZTV32553137,Sound Of You Leaving,12/OC,"Justin Richards,Sam Carter",56691,56618,0,0,yes
QZ9H32500037,Going Nowhere,Mustard Service,"Marco Ochoa,Leonardo Cattani,Adam Perez",574873,574436,24,9000,yes
USUMV2501840,Favorite Country Song,HARDY,Michael Hardy,,,,,yes
QMRSZ2400721,Die Today,Tim Montana,Tim Montana,199464,98689,51,19400,yes
USA2P2514497,Nothing Without Your Love,JIN,Nick Gale,4757771,4591033,0,0,yes
QZTV32545928,One Dark Night,Chris Murphy,Ben Samama,21542,21530,0,0,yes
QZJ842501397,Feels So Good,Aminé,Ely Rise,1060482,1056931,0,0,yes
QZJ842501402,Vacay,Aminé,Ely Rise,3855571,3847593,0,0,yes
QZJ842501396,New Flower,Aminé,Ely Rise,2461273,2445076,58,41800,yes
USUG12501618,Come Back as a Redneck,Morgan Wallen,Michael Hardy,42639110,36078359,88,98300,yes
QZWUY2400054,Little Bit At A Time,Adam Chaffins,Adam Chaffins,2426,2414,0,0,yes
QZWUY2400053,Kentucky Girl,Adam Chaffins,Adam Chaffins,2910,2901,0,0,yes
QZWUY2400047,Trailer Trash,Adam Chaffins,Adam Chaffins,4204,4193,2,5200,yes
USUG12501660,Whiskey In Reverse,Morgan Wallen,Michael Hardy,3127,3127,3,8400,yes
USUG12501627,Whiskey In Reverse,Morgan Wallen,Michael Hardy,41929448,39395766,3,8400,yes
USUG12502313,Miami,HARDY,Michael Hardy,4945327,4907174,4142,3479200,yes
USUG12501669,Miami,Morgan Wallen,Michael Hardy,1153,1153,4142,3479200,yes
USUG12501663,Miami,Morgan Wallen,Michael Hardy,2898,2898,4142,3479200,yes
USUG12501630,Miami,Morgan Wallen,Michael Hardy,74574585,71192825,4142,3479200,yes
USUG12501655,Leaving’s The Least I Can Do,Morgan Wallen,Michael Hardy,3536,3536,0,0,yes
USUG12501621,Leaving’s The Least I Can Do,Morgan Wallen,Michael Hardy,50931178,43804119,0,0,yes
USUG12501635,I Got Better,Morgan Wallen,Michael Hardy,10567,10567,355033,1014124700,yes
USUG12501599,I Got Better,Morgan Wallen,Michael Hardy,563586025,491958401,355033,1014124700,yes
USUG12501616,If You Were Mine,Morgan Wallen,David Garcia,89887644,69713172,1,2800,yes
QZWUY2400052,Dive Bar Moses,Adam Chaffins,"Adam Chaffins,Bobby Hamrick",7472,7084,0,0,yes
USWB12500371,Think About Me,Tyler Braden,Adam Wood,623162,493181,0,0,yes
DES232500180,Watching Over You,Nu Aspect,Melodie Wagner,1327249,1325698,0,0,yes
USUMV2501742,Whiskey In Reverse,Morgan Wallen,Michael Hardy,858,858,3,8400,yes
USUMV2501830,Miami,Morgan Wallen,Michael Hardy,0,0,4142,3479200,yes
USUMV2501745,Miami,Morgan Wallen,Michael Hardy,2249,2249,4142,3479200,yes
USUMV2501737,Leaving’s The Least I Can Do,Morgan Wallen,Michael Hardy,561,561,0,0,yes
USUMV2501818,I Got Better,Morgan Wallen,Michael Hardy,0,0,355033,1014124700,yes
USUMV2501717,I Got Better,Morgan Wallen,Michael Hardy,2329,2329,355033,1014124700,yes
USQX92502247,Bottle Rockets (Hold My Hand),Scotty McCreery,"Bobby Hamrick,Brent Anderson,Derek George,Frank Rogers,Jeremy Bussey,Monty Criswell",137770593,109108938,265404,666010000,yes
USQX92306509,No Country For Old Men,Scotty McCreery,"Brent Anderson,Derek George,Frank Rogers,Monty Criswell",455377,387182,0,0,yes
QM6N22566115,Choose Love,KC Lights,Melodie Wagner,245902,242624,2,4500,yes
QZS7J2518810,Suzette,Nami,Hamish,88787,87531,0,0,yes
QZQAY2549630,Northstar,Nami,Hamish,15629,15484,0,0,yes
QZQAY2558944,Need You Around,Nami,Hamish,28934,28908,0,0,yes
QZQAY2535160,Hues,Nami,Hamish,42276,42248,0,0,yes
QZQAY2504267,Forever,Nami,Hamish,26169,26124,0,0,yes
DEXC82500052,Connoisseur,Nami,Hamish,27077,25867,0,0,yes
QZQAY2545710,Connoisseur,Nami,Hamish,137409,136822,0,0,yes
QZDA42565723,Save A Dance For Me,Tristan Roberson,Jessica Cayne,109791,109731,0,0,yes
QZDA42565727,She Still Calls Me,Tristan Roberson,"Jessica Cayne,Matthew Morrisey",48035,48022,0,0,yes
USSM12501020,More To Lose,Miley Cyrus,Autumn Rowe,4289072,3891904,1,1100,yes
QZSY62100216,Like A River,Desure,Joe Janiak,1055,1055,0,0,yes
QMRSZ2500171,Let Him In Anyway,Blake Shelton,Michael Hardy,9803462,8885816,97988,194487200,yes
QZWUY2500058,She Would've Loved This,Brooke Lee,"Brooke Lee,Justin Richards",29722,29263,0,0,yes
GBARL2500634,Somebody Else,e.motion,Nick Gale,2636,2617,0,0,yes
QZRD92507116,Love Me Anyway,LECADE,LECADE,3,3,0,0,yes
USUM72500504,Drunk Girls in Bathrooms,Maddie & Tae,"Jamie Moore,Ryan Beaver",310809,296127,389,0,yes
GBAHS2501560,tears & wishes,Sawyer Utah,Sawyer Utah,318509,317236,0,0,yes
USUG12502839,Luckiest Man Alive,HARDY,Michael Hardy,529,529,497,1073300,yes
USUG12502842,Girl With A Gun,HARDY,Michael Hardy,262,262,80,163900,yes
USUG12502838,Girl With A Gun,HARDY,Michael Hardy,335,335,80,163900,yes
USUG12502840,Favorite Country Song,HARDY,Michael Hardy,1096,1096,0,0,yes
USUG12502841,Buck On The Wall,HARDY,Michael Hardy,245,245,1,3300,yes
USUG12502836,Buck On The Wall,HARDY,Michael Hardy,355,355,0,0,yes
SGB502505428,Rocky Mountain,Bryce Vine,Jessica Cayne,344609,333428,0,0,yes
QMRSZ2500344,Giddy Up,Brooke Eden,Brock Westover,76375,72153,0,0,yes
USWB12500732,I Need A Truck,Maddox Baston,David Garcia,1419998,1372147,0,0,yes
USUYG1721867,Category 6,Dawson Anderson,Connor McCutcheon,898555,885311,0,0,yes
QMRSZ2500588,Rainbow Rodeo,Brooke Eden,Brock Westover,27543,27341,0,0,yes
GBARL2500545,Somebody Else,e.motion,Nick Gale,8609,8609,0,0,yes
QZTRX2565129,Do Whatever Feels Right,First Time Thieves,"Cale Dodds,Justin Halpin",364,364,0,0,yes
QMX232518320,Favorite Country Song,HARDY,Michael Hardy,,,,,yes
QMX232518318,Buck On The Wall,HARDY,Michael Hardy,,,,,yes
QMX232518319,Wait In The Truck,HARDY,Michael Hardy,,,,,yes
GBAHS2500216,Muse,Essosa,Melodie Wagner,440601,440003,0,0,yes
QMRSZ2402136,Still Dancing,Billy Idol,Joe Janiak,416434,367484,132,455300,yes
QMRSZ2402135,I'm Your Hero,Billy Idol,Joe Janiak,54741,52006,0,0,yes
QMRSZ2402134,Gimme The Weight,Billy Idol,Joe Janiak,55471,51220,0,0,yes
QMRSZ2402127,Dream Into It,Billy Idol,Joe Janiak,83115,80562,0,0,yes
QM6N22513501,Switchblade,Gable Bradley,"Mike Fiorentino,Nathan Barlowe",917,888,0,0,yes
QM6N22513477,Nothing At All,Gable Bradley,"Mike Fiorentino,Nathan Barlowe",2503,2492,0,0,yes
QZQAY2552080,Rain In The Desert,Grace Asbury,Jessica Cayne,46425,46289,0,0,yes
QZWDD2458042,Settling In,Grace Asbury,"Jessica Cayne,Justin Richards",31520,31465,0,0,yes
QZSYP2568753,Where The Wind Blows,Grace Asbury,Jessica Cayne,4401,4401,0,0,yes
QZEQU2500660,Love On The Radio,Clayton Mullen,Matthew Morrisey,915114,899019,0,0,yes
QZ9H32500036,Conversation Overtime,Mustard Service,"Marco Ochoa,Leonardo Cattani,Adam Perez",544193,543159,0,0,yes
QZZVQ2500120,Country in the Clouds,Dylan Marlowe,Brent Anderson,2572526,2562025,4,9500,yes
QM6MZ2578141,Scares Me To Death,Juno James,Jordan Cosmo,8115,8061,0,0,yes
QZEQU2500663,Miss Wannabe,Jenna Davis,Shane Stevens,1588738,1524916,0,0,yes
GBWUL2597716,ETITOY,Cale Dodds,Cale Dodds,6941,6642,0,0,yes
QZEQU2500496,Heaven Has A Grand Ole Opry,Smithfield,Adam Wood,46877,40784,0,0,yes
QZTRX2528348,Nobody Wins,Riley Taylor,Justin Halpin,4096,4094,0,0,yes
GBARL2500497,Somebody Else,e.motion,Nick Gale,15122,15112,0,0,yes
QZEQU2500547,Fightin' Words,Hayden Coffman,Connor McCutcheon,437787,369223,0,0,yes
USAT22402718,Praise The Lord,Breland,"David Garcia,Michael Hardy",85883,80185,105,280800,yes
GBWUL2556915,Rosary on the Rearview,Joe Bryson,Joe Bryson,16312,16307,0,0,yes
QZK6N2524860,Built to Last,Bobby McClendon,Joe Bryson,889,872,0,0,yes
QZK6N2535799,Into Words,Kala'e Parish,Bobby Hamrick,14200,14200,0,0,yes
GBWUL2540349,Higher,Toby Lightman,Shane Stevens,14869,14774,0,0,yes
QZYG82300117,Placeholder,Julia Minichiello,"Brock Westover,Jessica Cayne",17683,17482,0,0,yes
GBARL2500414,Somebody Else,e.motion,Nick Gale,5827,5821,0,0,yes
QZWUY2500055,So Beautiful,Brooke Lee,Brooke Lee,633650,628880,0,0,yes
GBWUL2575458,Time's A Thief,First Time Thieves,"Cale Dodds,Justin Halpin",123,123,0,0,yes
GBARL2500404,Somebody Else,e.motion,Nick Gale,5838,5833,0,0,yes
BEHP42500003,Dance In The Sunlight,Lost Frequencies,Nick Gale,1409373,1329482,0,0,yes
USRC12500367,More,Tele,Ben Samama,10408,10218,0,0,yes
QZWUY2400051,Living Till My Dying Day,Adam Chaffins,Adam Chaffins,6855,4880,0,0,yes
US5ED2406836,Not As I've Done,Kasey Tyndall,"Adam Wood,Justin Richards",386315,332200,3,0,yes
QZRD92506905,Hope It Kills Me,LECADE,LECADE,,,,,yes
QZXF32500001,180,mxrgan,Sawyer Utah,19888,19888,0,0,yes
QZEQU2500407,Can't Make That Up,McCoy Moore,Brinley Addington,226999,223471,0,0,yes
USUM72501444,Yard Sale,Priscilla Block,David Garcia,3241560,2671691,68,7200,yes
QZRD92406394,California 1972,Ryan Hurd,Ryan Beaver,62313,60755,0,0,yes
QZWUY2400045,Two Beers,Connor McCutcheon,"Brent Anderson,Connor McCutcheon",6904,6766,0,0,yes
QZWUY2500050,Move On Together,Connor McCutcheon,Connor McCutcheon,40696,40447,0,0,yes
QM24S2500703,Diesel,Sam Stoane,Jessica Cayne,94805,94803,0,0,yes
QZ9H32500035,Big Time,Mustard Service,"Marco Ochoa,Adam Perez,Leonardo Cattani",1375772,1374466,0,0,yes
USUMV2501140,Jim Bob,HARDY,"David Garcia,Michael Hardy",,,,,yes
USUG12502344,Psycho,HARDY,Michael Hardy,11119,11020,1524,1054100,yes
USUG12502343,Psycho,HARDY,Michael Hardy,176284,170569,1524,1054100,yes
USUG12502234,Psycho,HARDY,Michael Hardy,0,0,1524,1054100,yes
QZWUY2400049,Candy Cigarettes,Luna Halo,"Derek George,Monty Criswell,Nathan Barlowe",1309,1294,0,0,yes
QZEQU2500406,Ride It Out,Alli Walker,"Brinley Addington,Dave Cohen",239320,227049,0,0,yes
QMRSZ2500240,Serious Face,Austin & Colin,Bobby Hamrick,3150,3055,0,0,yes
USLD91773007,Villain,Fordo,Hunter Madrid,1973818,1966744,0,0,yes
QM4TW2568267,City of the Angels,Juno James,Jordan Cosmo,21121,21047,0,0,yes
QM4TX2533306,Silk and Sandpaper,"Brooke Lee,Gabe Bradley","Brooke Lee,Mike Fiorentino",36433,36401,0,0,yes
USLZJ2551838,What We Do Best,First Time Thieves,"Brock Westover,Cale Dodds,Justin Halpin",369,369,0,0,yes
USUM72500753,That'd Be You,Timothy Wayne,Jamie Moore,46686,45917,6,17800,yes
USA2P2507757,Breath on Me,Capri Everitt,Timothy Prater,225,225,0,0,yes
USA2P2507756,Unbreak Me,Capri Everitt,Timothy Prater,444,444,0,0,yes
USA2P2507758,Starlight,Capri Everitt,Timothy Prater,1107,1082,0,0,yes
USA2P2507755,Dancing With Your Shadow,Capri Everitt,Timothy Prater,486,486,0,0,yes
USA2P2474729,Spiders,Capri Everitt,Timothy Prater,1312,1298,0,0,yes
USA2P2507616,Oops,Fraser Churchill,Brock Westover,14958,14957,0,0,yes
QM4TW2515713,Root Down,Noah Guthrie,"Bobby Hamrick,Joy Williams",8953,7895,0,0,yes
USA2P2468416,High Hopes,Kip Moore,David Garcia,478566,434277,0,0,yes
USUMV2500807,Nonchalant,Sikarus,Michael Hardy,0,0,0,0,yes
QM4TW2539855,I Can't Quit,"Shane Stevens,Sara Evans",Shane Stevens,26336,25778,0,0,yes
QZWUY2500048,Call Me Pretty,Brooke Lee,"Brooke Lee,Matthew Morrisey",142367,138746,0,0,yes
GBARL2500214,Somebody Else,e.motion,Nick Gale,250651,250210,0,0,yes
USRC12500196,IYKTYK,Eem Triplin,Ely Rise,17328,17073,0,0,yes
USRC12500193,If We Being Honest,Eem Triplin,Ely Rise,14985,14930,0,0,yes
USRC12500197,Feyonce,Eem Triplin,Ely Rise,14802,14721,0,0,yes
USRC12500192,Came In It,Eem Triplin,Ely Rise,32806,32023,0,0,yes
USM1C2400017,I Apologize,Sidewalk Prophets,Justin Richards,547734,208382,0,0,yes
TCAJG2501132,Broken Condoms,Danae Hayes,Jessica Cayne,69297,69045,0,0,yes
QZWUY2400044,I Don't Miss You At All,Connor McCutcheon,"Brent Anderson,Connor McCutcheon",12057,11992,0,0,yes
USM1C2400006,Power Of A Tender Heart,Sidewalk Prophets,Justin Richards,144555,131432,0,0,yes
USUMV2500558,Jim Bob,HARDY,"David Garcia,Michael Hardy",49555,49555,4335,2317400,yes
USUG12501098,Psycho,HARDY,Michael Hardy,188192,185897,1524,1054100,yes
USUG12501093,Wait In The Truck,HARDY,Michael Hardy,936996,924099,7269,28775700,yes
USUG12501087,One Beer,HARDY,Michael Hardy,222249,220737,4080,7979100,yes
USQX92500205,Red Letter Blueprint,"Scotty McCreery ,Jason Crabb","Brent Anderson,Derek George,Jeremy Bussey,Monty Criswell",1087800,544049,25,29500,yes
QZRD92406492,Liquor & Cigarettes,LECADE,LECADE,137029,134080,0,0,yes
USWB12405148,I Don't Like You Anymore,Maddox Baston,David Garcia,4775951,4485858,3,2500,yes
QZ5FN2505998,Everything Changed,First Time Thieves,"Justin Halpin,Cale Dodds",102,102,0,0,yes
ES75E2500279,Mala Fama,Marc Tinez,"Chizzy,Marc Tinez",756,723,0,0,yes
BEIW12500028,Tears On My Piano,Joel Corry,Melodie Wagner,88126,81822,0,0,yes
USWB12405417,Mine Tomorrow,Hudson Westbrook,Ryan Beaver,24587699,22242110,0,0,yes
CA74P2400009,The Life For Me,Jess Moskaluke,"Jessica Cayne,Matthew Morrisey",23093,20180,0,0,yes
USUG12409347,Those Kind Of Women,Lauren Alaina,"Derek George,Monty Criswell",3552291,2099907,174,60500,yes
USUG12500506,Slow Motion,Marshmello,Nick Gale,62997357,39008209,2284,582600,yes
QZXF32400015,Sundress Cigarette,mxrgan,Sawyer Utah,196172,196167,0,0,yes
QMFME2478639,Shyne 4 Me,Knock2,Hamish,290002,289676,0,0,yes
QMFME2478555,Shake The City,Knock2,Hamish,1591206,1585579,418,253200,yes
QMFME2478670,Fast N Slow,Knock2,Hamish,298790,296876,0,0,yes
QZSY62100225,Damn Those City Lights,Desure,Joe Janiak,2251,2251,0,0,yes
USUG12500103,Jim Bob,HARDY,"David Garcia,Michael Hardy",28905,27286,4335,2317400,yes
USUG12500102,Jim Bob,HARDY,"David Garcia,Michael Hardy",33,33,4335,2317400,yes
USUG12500101,Jim Bob,HARDY,"David Garcia,Michael Hardy",985581,571493,4335,2317400,yes
QT3F42463160,World Burns Down,Jasper Charles,Joe Bryson,62222,62174,0,0,yes
USA5W2400055,Real Love,Ryan Ellis,Shane Stevens,429788,408412,0,0,yes
CA74P2400010,That's More Like It,Savannah Jade,Cale Dodds,15331,15193,0,0,yes
QZWUY2400042,Motel Livin',Brooke Lee,Brooke Lee,59426,58742,0,0,yes
QZWUY2400043,Devil On My Shoulder,Connor McCutcheon,"Brent Anderson,Connor McCutcheon",7923,7840,0,0,yes
QZYG82300097,Pray Your Name,Hudson Westbrook,Ryan Beaver,17783766,15168314,0,0,yes
QZW9K2494728,Live To Die,Tommy Lyon,Jordan Cosmo,49231,49149,0,0,yes
USM1C2400015,Father Let It Be,Sidewalk Prophets,Justin Richards,13046452,2560287,20140,42820900,yes
USWB12404149,Can A Heart Take,Warren Zeiders,Ryan Beaver,15555832,11711684,0,0,yes
QMRSZ2402158,Boom Boom Sauce,Austin & Colin,Bobby Hamrick,24614,24240,0,0,yes
QZZEB2462872,Change Is A Beautiful Thing,First Time Thieves,"Cale Dodds,Justin Halpin",548,548,0,0,yes
QZW9L2499382,She Went LA (Without Her Passport),Zach Loizou,Jordan Cosmo,4639,4637,0,0,yes
USAR12400565,Simple Life,Zach Hood,Sawyer Utah,472774,303677,0,0,yes
QZZ7M2425596,24/7,Brooke Daye,Patrick Ridgen,39554,39553,0,0,yes
QMDA62472896,Cosmic Superhighways,Peacemode,Joe Janiak,2572,2565,0,0,yes
QMBZ92445448,Ladder of Love,Peacemode,Joe Janiak,1196,1188,0,0,yes
QMDA62470637,Wild Ones,Peacemode,Joe Janiak,2363,2354,0,0,yes
QM7282430602,Sweet Anjali,Peacemode,Joe Janiak,2143,2135,0,0,yes
QZZ772463855,Hand in Hand,Koda Kids,Autumn Rowe,209,209,0,0,yes
QZWUY2300005,Look At Me Now,First Time Thieves,"Cale Dodds,Justin Halpin",210,209,0,0,yes
QMRSZ2401893,Big Bad Frog,Austin & Colin,"Bobby Hamrick,Shane Stevens",347559,346623,0,0,yes
QZS7J2471444,Dangerous Game,"""Stellar, Camylio""",Camylio,474429,464482,0,0,yes
QZEQU2402058,Dear Santa,Jenna Davis,Shane Stevens,328645,174190,0,0,yes
QT2JK2400024,Flame/Downfall,Graham Bright,Sawyer Utah,2491,2491,0,0,yes
QZZ8A2496216,WWJGTD,Joe Bryson,Joe Bryson,40092,40090,0,0,yes
QZZ8A2496212,More Days Like Today,Joe Bryson,Joe Bryson,17154,17154,0,0,yes
QZZ8A2496222,Lighter,Joe Bryson,Joe Bryson,2579,2577,0,0,yes
USA2P2469410,Tops,VITA,Hamish,10626,10584,0,0,yes
USA2P2469406,Reload,VITA,Hamish,3891,3875,0,0,yes
USA2P2469405,Island,VITA,Hamish,2203,2190,0,0,yes
USA2P2469404,Fade,VITA,Hamish,21804,19453,0,0,yes
USA2P2469407,Alive,VITA,Hamish,3602,3590,0,0,yes
QZVEM1827524,Sweet Pea,Mira Housey,Mira Housey,608,608,0,0,yes
QZVEM1827523,If It's The End,Mira Housey,Mira Housey,36389,36354,0,0,yes
QZVEM1827522,Mia,Mira Housey,Mira Housey,3979,3978,0,0,yes
QMBZ92444770,Inside Your Love,Silverlites,Rich Robinson,302,302,0,0,yes
QMBZ92444761,Still Don't Know You,Silverlites,Rich Robinson,906,906,0,0,yes
QMBZ92444760,No One To Follow,Silverlites,Rich Robinson,1223,1219,0,0,yes
QMBZ92444759,Forever And A Day,Silverlites,Rich Robinson,928,928,0,0,yes
QMBZ92444763,When You're Around,Silverlites,Rich Robinson,635,635,0,0,yes
QMBZ92444764,Need to Fly,Silverlites,Rich Robinson,1726,1712,0,0,yes
QMBZ92444768,Lifted,Silverlites,Rich Robinson,372,372,0,0,yes
QMBZ92444767,Looking For A Friend,Silverlites,Rich Robinson,414,414,0,0,yes
QMBZ92444765,No Time,Silverlites,Rich Robinson,482,482,0,0,yes
QMBZ92444769,No More,Silverlites,Rich Robinson,249,247,0,0,yes
USAR12400420,Hole In My Pocket,Zach Hood,"Camylio,Sawyer Utah",147944,138929,0,0,yes
QZAKB2432395,Worry About You,Remy,Remy Gautreau,9067,9065,0,0,yes
US38Y2426651,Mistake,Keni Titus,Jason Vance Harris,218346,217553,0,0,yes
QZEQU2402090,Slow Motion,Michael Rotundo,Patrick Ridgen,28523,27404,0,0,yes
QZZ8A2461741,When The Sun Goes Down,First Time Thieves,"Cale Dodds,Justin Halpin",177,170,0,0,yes
QT2JK2400012,Grid,Sophia Sheth,Remy Gautreau,1208,1208,0,0,yes
USUYG1578144,Wings,Camo,Hunter Madrid,25515,25514,0,0,yes
USUYG1578143,Waterfalls,Camo,Hunter Madrid,27911,27887,0,0,yes
QMBZ92444766,Dark and Magic Sky,Silverlites,Rich Robinson,743,743,0,0,yes
QZAKB2432769,Cinematic,David Alexander,Sawyer Utah,16659,16658,0,0,yes
QZWFQ2436849,Call It,Cat Flint,Joe Bryson,1062,1062,0,0,yes
QMRSZ2500543,Move It,Austin & Colin,Bobby Hamrick,26637,26616,0,0,yes
QMRSZ2401767,Move It,Austin & Colin,Bobby Hamrick,300929,299773,0,0,yes
QZEQU2401958,Really Bad Kisser,Jenna Davis,Shane Stevens,353685,331443,0,0,yes
QZRD92406170,Liquor & Cigarettes,LECADE,LECADE,1631120,1516978,0,0,yes
AEA3A2314337,Boy Like You,Fiaa Hamilton,Jordan Cosmo,185,185,0,0,yes
QZWFL2425896,Ready for the Worst,Bobby McClendon,Joe Bryson,754,737,0,0,yes
QZWH32400551,I Hate Cowboys,Chase Rice,Michael Hardy,13491,13478,0,0,yes
QZRD92406128,This Party Sucks,Ryan Hurd,"Brinley Addington,David Garcia,Ryan Beaver",196132,193611,0,0,yes
GBUM72402504,Sweetness,Elmiene,Ely Rise,1979071,1916669,2,300,yes
QZTVM2459712,Naughty Boys,Zach Loizou,Jordan Cosmo,5465,5465,0,0,yes
USA2P2454522,Butterflies,VITA,Hamish,48048,47512,0,0,yes
USA2P2464437,Savior,VITA,Hamish,85289,84708,0,0,yes
QT2JK2400020,Wrestling With God,Graham Bright,Remy Gautreau,1665,1665,0,0,yes
QZAKB2418142,All That Matters,Remy,Remy Gautreau,2972,2970,0,0,yes
QZWFN2481386,Perfect,9rofit,"Patrick Ridgen,RYON",20,20,0,0,yes
QZW9K2407152,Hate.Ur.Happy,Liam Coleman,Joe Bryson,7258,7257,0,0,yes
QMBZ92444762,"Don't Go, Don't Stay",Silverlites,Rich Robinson,2787,2783,25,26100,yes
QT2VB2430871,Nobody Knows My Name,Mira Housey,Mira Housey,4069,4068,0,0,yes
QZWV32473266,Wild Magnolia,Joe Bryson,Joe Bryson,247133,247087,0,0,yes
GXD7V2301213,Something That You're Not,Bryce Vine,Erik Belz,611117,410451,0,0,yes
QM24S2406224,Hands Up,Backpack Jones,RYON,14,14,0,0,yes
USAR12400371,Happy Ever After,Zach Hood,Sawyer Utah,484697,457297,0,0,yes
QZQAY2454452,I Got It,Jules Halpern,Autumn Rowe,264,264,0,0,yes
USHR12448596,Magic,Andy Grammer,Autumn Rowe,3792544,2634331,587,0,yes
QZWUY2400027,Justified,Connor McCutcheon,"Connor McCutcheon,Mike Fiorentino,Sawyer Utah",3549,3526,0,0,yes
QMBZ92460557,san fran (feat. mxrgan),Sawyer Utah,Sawyer Utah,49158,49114,0,0,yes
QZZVQ2400211,Hungover In A Deer Stand,Dylan Marlowe,"David Garcia,Ryan Beaver",580967,557488,0,0,yes
USAT22408756,Damn Good Life,Brittney Spencer,Autumn Rowe,3226,3127,0,0,yes
DGA0L2420157,Off My Mind,Delf,blckatom,317,317,0,0,yes
DGA0L2420156,Delicious,Delf,blckatom,299,299,0,0,yes
AEA3A2426038,Rivers In The Night,Fiaa Hamilton,Jordan Cosmo,166,166,0,0,yes
QZAKB2418140,Pool With Our Clothes On,Remy,Remy Gautreau,10571,10551,0,0,yes
QM7YK2300250,El Diablo,Neon Trees,Joe Janiak,171058,166995,0,0,yes
USUM72409508,Game Show,GIna Alice,Joe Janiak,358,357,0,0,yes
USUM72409506,Lonely In Paris,GIna Alice,Joe Janiak,424,424,0,0,yes
TCAIR2464793,Let's Get Rollin,Gowa Gibbs,Dave Cohen,5050,5049,0,0,yes
USC4R2441697,Vienna (Everything's Fine),Vienna Vienna,Joe Janiak,520144,517567,1,0,yes
USUYG1569703,I Could See It,Jordana Bryant,Matthew Morrisey,47720,45750,0,0,yes
QZEQU2401669,College Town Taught Me,Grant Gilbert,Matthew Morrisey,94536,92561,0,0,yes
USQX92401584,Fall of Summer,Scotty McCreery,"Brent Anderson,Derek George,Frank Rogers,Monty Criswell",155793,155531,3894,13645400,yes
QZWV32444786,Feel Some Kinda Way,First Time Thieves,"Cale Dodds,Justin Halpin",126,124,0,0,yes
QZXDB2300109,Universe,David Kushner,Nick Gale,1252392,1009184,0,0,yes
TLVEM2484877,Fall Apart,Mira Housey,Mira Housey,890,890,0,0,yes
FRZ042400306,Joy,Angelique Kidjo,Autumn Rowe,100989,98826,7,59000,yes
QZTAW2428962,Montana Mustang,Clay Cormier,Joe Bryson,3205,3205,0,0,yes
QM24S2404551,Sadder Day,Craig Campbell,Brinley Addington,168310,167120,0,0,yes
USUM72409932,Train Of Thought,Vincent Mason,Ryan Beaver,4521072,4471332,4,13200,yes
USA2P2434266,Sayless,VITA,Hamish,36513,35902,0,0,yes
QZQAY2439343,Man Down!,Marino.,Patrick Ridgen,44,44,0,0,yes
QZAKB2416372,Finding My People,Remy,Remy Gautreau,47252,47242,0,0,yes
QZWUY2400024,Heart Starts Healing,Brooke Lee,Brooke Lee,4124,4114,0,0,yes
USUM72407249,I'm Pretty,KATSEYE,Nick Gale,25645250,24896309,1,0,yes
QZS7J2382811,Dopamine,Mathes,Hamish,275,275,0,0,yes
QZFZ42403365,Cut Me Open,JaeyBxrd,Remy Gautreau,172259,172222,0,0,yes
QT2JK2400004,Good Bad & Ugly,JaeyBxrd,Remy Gautreau,891309,890556,0,0,yes
QZNMU2422298,Spin The Town,Richie Allen,Chizzy,48299,41914,0,0,yes
QM7282455531,"Holding On, Holding Out",Adam Chaffins,Adam Chaffins,4910,4886,0,0,yes
CBE5Q2400004,You,Nathalie King,Joseph of Mercury,8,8,0,0,yes
QZTAX2494466,Fragile,Ellee Duke,Mira Housey,6642,6618,0,0,yes
QZQAY2400222,The Way I Lose,John Daly,"Jeremy Bussey,Tyler Reeve",2403,2403,0,0,yes
QZSYP2469089,Wasted Prayers,John Daly,Tyler Reeve,4164,4164,0,0,yes
USAT22402899,Pilot,Ravyn Lenae,Ely Rise,2157268,2132198,0,0,yes
USAT22402900,Days,Ravyn Lenae,Ely Rise,3772146,3753644,0,0,yes
USAT22402896,Candy,Ravyn Lenae,Ely Rise,768463,765177,0,0,yes
USRC12402532,FIJI,Eem Triplin,Ely Rise,69431,69306,2,0,yes
USRC12402530,FIJI,Eem Triplin,Ely Rise,3178639,3172209,2,0,yes
QZNJY2437801,This Skin,MILCK,Autumn Rowe,13385,13305,0,0,yes
USUM72408817,DMPB,Yung Gravy,"Patrick Ridgen,RYON",689019,680796,0,0,yes
USUM72408819,DMPB,Yung Gravy,"Patrick Ridgen,RYON",64320,58989,0,0,yes
QZWDE2432007,Good Day,Cale Dodds,Cale Dodds,6064,5957,0,0,yes
USA2P2444866,Where Are You Tonight?,Gryffin,Melodie Wagner,674910,576670,1025,182300,yes
QZWDE2429149,What It Looks Like,First Time Thieves,"Cale Dodds,Justin Halpin",8009,7772,0,0,yes
QM6P42480093,With You Now,Navos,Melodie Wagner,66950,66910,0,0,yes
QZWUY2400023,Heart Starts Healing,Brooke Lee,Brooke Lee,56267,54049,0,0,yes
USAT22402894,One Wish,Ravyn Lenae,Ely Rise,6132319,6113554,374,95100,yes
QZTAU2423118,222,blckatom,blckatom,92,92,0,0,yes
USUMV2402419,Time To Be Dead,HARDY,"David Garcia,Michael Hardy",3,3,0,0,yes
USUMV2500633,Psycho,HARDY,Michael Hardy,,,,,yes
USUMV2402424,Jim Bob,HARDY,"David Garcia,Michael Hardy",91,91,4335,2317400,yes
USWB12402977,Fight Like Hell,Warren Zeiders,Ryan Beaver,5940046,5595791,0,0,yes
USA5W2300669,Still Waters,Leanna Crawford,Justin Richards,62291488,56827456,43404,110567400,yes
USRC12402293,We Are God,Childish Gambino,Ely Rise,407900,405317,0,0,yes
GBUM72403865,Sweetness,Elmiene,Ely Rise,91174,85043,2,300,yes
USRC12402302,Survive Feat. Chloe,Childish Gambino,Ely Rise,1799975,1775842,9,37300,yes
USRC12402337,Steps Beach,Childish Gambino,Ely Rise,0,0,16,14000,yes
USRC12402298,Steps Beach,Childish Gambino,Ely Rise,2811274,2755324,16,14000,yes
USRC12402303,No Excuses,Childish Gambino,Ely Rise,1207796,1189548,7,26200,yes
USRC12402186,In The Night,Childish Gambino,Ely Rise,3003003,2991451,290,127800,yes
USRC12402339,Got To Be,Childish Gambino,Ely Rise,0,0,8,26900,yes
USRC12402297,Got To Be,Childish Gambino,Ely Rise,1011026,1003988,8,26900,yes
USRC12402299,Cruisin',Childish Gambino,Ely Rise,1460449,1453713,0,0,yes
USUMV2402172,Psycho,HARDY,Michael Hardy,7030,7030,1524,1054100,yes
QZTAT2440740,Impress Me,Angel Delrae,Angel Delrae,17,17,0,0,yes
QZTAS2483518,Don't Act Like That,Angel Delrae,Angel Delrae,18,18,0,0,yes
USQX92403339,Levels,Chenayder,Remy Gautreau,58802,57962,0,0,yes
QZQAY2415766,Guess Who,Black Caviar,Remy Gautreau,1269,1243,0,0,yes
QM6P42452809,Nights Like This,Sawyer Utah,Sawyer Utah,2433,2432,0,0,yes
USUG12402783,Time To Be Dead,HARDY,"David Garcia,Michael Hardy",53,53,0,0,yes
USUG12402764,Time To Be Dead,HARDY,"David Garcia,Michael Hardy",888868,855724,0,0,yes
USUG12402791,Psycho,HARDY,Michael Hardy,68,68,1524,1054100,yes
USUG12402790,Psycho,HARDY,Michael Hardy,491,491,1524,1054100,yes
USUG12402771,Psycho,HARDY,Michael Hardy,25486189,20381587,1524,1054100,yes
USUG12402760,Psycho,HARDY,Michael Hardy,1187907,1121245,1524,1054100,yes
USUG12402786,Jim Bob,HARDY,"David Garcia,Michael Hardy",161,161,4335,2317400,yes
USUG12402762,Jim Bob,HARDY,"David Garcia,Michael Hardy",25175609,23490088,4335,2317400,yes
QZTAS2423469,The One Who Got Away,Angel Delrae,Angel Delrae,24,24,0,0,yes
QMRSZ2400720,Ashes,Tim Montana,"Mike Fiorentino,Tim Montana",106569,96080,1,400,yes
QMRSZ2400726,Ain't Coming Down,Tim Montana,"Mike Fiorentino,Tim Montana",35118,33009,0,0,yes
QMRSZ2400728,Day By Day,Tim Montana,"Mike Fiorentino,Tim Montana",29689,27602,0,0,yes
QMRSZ2400724,Get You Some,Tim Montana,"Mike Fiorentino,Tim Montana",279554,132567,8,11600,yes
QMRSZ2400727,Lovely,Tim Montana,"Mike Fiorentino,Tim Montana",20839,20292,0,0,yes
QMRSZ2400723,Right Again,Tim Montana,"Jessica Cayne,Tim Montana",41625,39984,0,0,yes
USUG12402759,I Don't Miss,HARDY,David Garcia,1868105,1474212,0,0,yes
USUG12402758,Good Girl Phase,HARDY,David Garcia,1729177,1551617,0,0,yes
USUG12402767,Orphan,HARDY,David Garcia,1197479,1104841,0,0,yes
QZRD92405476,Tennessee Dream,Avery Roberson,Matthew Morrisey,387504,103008,0,0,yes
QZNWX2486094,Sensitive,Kyra Fields,Mira Housey,21472,21370,0,0,yes
USUMV2402258,Time To Be Dead,HARDY,"David Garcia,Michael Hardy",,,,,yes
USUMV2402416,Psycho,HARDY,Michael Hardy,40,40,1524,1054100,yes
USUG12403166,Dusk Till Dawn,Camylio,Camylio,602607,581600,0,0,yes
TCAIJ2481563,Last American Outlaw,Trey Gallman,Joe Bryson,5190,5176,0,0,yes
QZWDD2422686,Confetti,First Time Thieves,"Cale Dodds,Justin Halpin",245,244,0,0,yes
NLRD52406262,Can't Complain,Chase Behar,Shane Stevens,15930,15809,0,0,yes
QZEQU2401006,Good Again,Ryan Kinder,Cale Dodds,38949,35945,0,0,yes
US23A1580813,Let's Go Let's Go,Lenny Pey,"Cale Dodds,Joy Williams",6727,6725,0,0,yes
US23A1580811,Big Feelings,High Valley,Cale Dodds,30376,30359,0,0,yes
US23A1580808,Dream Up,Jaden Michaels,"Bobby Hamrick,Shane Stevens",11111,11050,0,0,yes
QM6N22468531,A Very Special Way,Peacemode,Joe Janiak,720,720,0,0,yes
QM6N22469305,Good Old Days,Peacemode,Joe Janiak,3012,3012,0,0,yes
QM4TX2410227,My Love (Is Like A Waterfall),Peacemode,Joe Janiak,213137,212707,0,0,yes
QM6MZ2408446,"Oh, You Pretty People!",Peacemode,Joe Janiak,11680,10952,0,0,yes
USAT22402895,Dream Girl,Ravyn Lenae,Ely Rise,2127717,2114318,0,0,yes
QZQAY2487382,Red,Kiah Victoria,Autumn Rowe,3424,3411,0,0,yes
QZNWY2451558,Famous (Look Back At It),Angel Delrae,Angel Delrae,20,20,0,0,yes
QZNWX2489845,Sicka Love,Angel Delrae,Angel Delrae,17,17,0,0,yes
QM6N22471458,Texas,Sawyer Utah,Sawyer Utah,41460,41353,0,0,yes
QZWH32400202,He Carries Me,Halle Kearns,"Jessica Cayne,Justin Richards",2149,2136,0,0,yes
USUM72405724,Bad Guy,Priscilla Block,David Garcia,2273629,1718991,4,3000,yes
USUM72405723,Hell Out Of A Hometown,Priscilla Block,David Garcia,461976,324674,0,0,yes
QZNB82404673,Dive Bar Baby,Ashlie Amber,"Jessica Cayne,Shane Stevens",1282,1277,0,0,yes
QMRSZ2400722,Shut Me Out,Tim Montana,Tim Montana,393751,215875,0,0,yes
QZNJV2403351,Love Letter,Connor McCutcheon,Connor McCutcheon,20082,19842,0,0,yes
USUYG1548663,Liquor Talkin',Don Louis,Cale Dodds,6338988,6089080,0,0,yes
QZNJV2403352,Top Of The Hill,Connor McCutcheon,"Brent Anderson,Connor McCutcheon",7664,7519,0,0,yes
QZNJV2403350,Whiskey's Already Workin',Connor McCutcheon,"Brent Anderson,Connor McCutcheon",9440,9390,0,0,yes
GXD7G2390633,Barcelona,Alan Walker,Nick Gale,1636722,1412960,0,0,yes
QZMEP2497725,Bitter Taste,Luca Lowe,Timothy Prater,455,455,0,0,yes
USUMV2402031,Psycho,HARDY,Michael Hardy,,,,,yes
DES232400210,Sleep Talking,Beyond,Melodie Wagner,454013,451992,0,0,yes
CA5KR2463706,Don't Speak,Marshmello,Nick Gale,590138,577526,0,0,yes
QZTRX2458477,Look So Easy,First Time Thieves,"Cale Dodds,Justin Halpin",149,148,0,0,yes
USUYG1546294,Wildflowers,SOPHIA SCOTT,Shane Stevens,218455,104502,3,500,yes
DEE862400819,Ride Or Die,Declan J Donovan,Jordan Cosmo,143296,137474,0,0,yes
QZRD92405212,You Get Me,LECADE,LECADE,2144286,1735607,0,0,yes
QMRSZ2400903,Pour Decisions,Ryan and Rory,Remy Gautreau,630387,301380,3,200,yes
USUM72405382,Take Too Much,Vincent Mason,Bobby Hamrick,1062662,1009133,0,0,yes
QZEQU2400657,Overdoing Getting Over Me,Smithfield,Adam Wood,20654,20373,0,0,yes
QZEQU2400656,Last Call Summer,Smithfield,Adam Wood,10698,10447,0,0,yes
QZEQU2400655,Hell's A Heartbreak,Smithfield,Adam Wood,13666,13536,0,0,yes
USA2P2403322,On The Fence,Gowa Gibbs,"Jessica Cayne,Matthew Morrisey",495580,481724,0,0,yes
GBUM72402512,Sweetness,Elmiene,Ely Rise,9551010,6970305,2,300,yes
QZTLA2448573,Turquoise,Joseph of Mercury,Joseph of Mercury,1071,1037,0,0,yes
GBUM72401588,1:05,CHINCHILLA,Jordan Cosmo,1223652,1177708,0,0,yes
USUMV2401752,Psycho,HARDY,Michael Hardy,28278,28278,1524,1054100,yes
SGW502497634,Love War,Fiaa Hamilton,Jordan Cosmo,1062,1061,0,0,yes
GBUM72402507,Mountains,Jonas Blue,Jordan Cosmo,1496228,1460272,0,0,yes
QM24S2402476,Interlude / The Light,The Ready Set,RYON,7070,7026,0,0,yes
USQX92304263,Cab In A Solo,Scotty McCreery,"Brent Anderson,Frank Rogers",14785733,12591403,11938,20148100,yes
QZRD92303067,See You Next Summer,Brian Kelley,"David Garcia,Michael Hardy",3,3,177,120500,yes
QZRD92302981,See You Next Summer,Brian Kelley,"David Garcia,Michael Hardy",2023811,1815509,177,120500,yes
QZTRX2453744,Hey Hey Mama,Joe Bryson,Joe Bryson,63070,63057,0,0,yes
QZEQU2400825,Family Tree,Ryan Kinder,"Cale Dodds,Justin Halpin",18221,16568,0,0,yes
USUM72403823,Somebody's Child,Blessing Offor,Joy Williams,813115,726710,15,86400,yes
QZMZ92414742,Slow It Down,Dan Smalley,"Frank Rogers,Tyler Reeve",5595,5501,0,0,yes
USQX92306500,Little More Gone,Scotty McCreery,"Bobby Hamrick,Brent Anderson,Derek George,Frank Rogers,Jeremy Bussey,Monty Criswell",172399,155444,1,2300,yes
USQX92306497,Fall of Summer,Scotty McCreery,"Brent Anderson,Derek George,Frank Rogers,Monty Criswell",5110696,4248120,3894,13645400,yes
USQX92306507,Lonely Ain't Lonely,Scotty McCreery,"Bobby Hamrick,Brent Anderson,Derek George,Frank Rogers,Jeremy Bussey,Monty Criswell",155694,147886,2,4100,yes
USQX92306503,Can't Pass The Bar,Scotty McCreery,"Brent Anderson,Cale Dodds,Frank Rogers",1329904,686953,61,22600,yes
USUG12401826,Runnin' Out Of Time,Sidewalk Prophets,David Garcia,626364,596568,0,0,yes
QZPEW2428032,Thrill,Sydney Ross Mitchell,Hunter Madrid,173216,173083,0,0,yes
QZMEN2445011,Let Them Horses Run,The Kruse Brothers,"Jessica Cayne,Matthew Morrisey",61545,60817,0,0,yes
QZZVQ2400059,Miles On It,Marshmello,Nick Gale,171263636,132654697,152367,345471100,yes
GBJAJ2400531,I Choose You,Chaney,Jordan Cosmo,152203,146878,0,0,yes
USUM72403433,Radio Silent,August Ponthier,Remy Gautreau,20686,20359,0,0,yes
DKUM72400183,Cheat Code,Lukas Graham,"Autumn Rowe,Shane Stevens",294211,281109,320,36500,yes
USCRB2400022,Burn My Summer,Kelsey Hart,Ryan Beaver,1333963,810335,0,0,yes
QZMZ92400970,Hangover,Connor McCutcheon,"Bobby Hamrick,Brent Anderson,Connor McCutcheon",4733,4620,0,0,yes
GBWUL2447492,Sound Of The Spotlight,First Time Thieves,"Cale Dodds,Erik Belz,Justin Halpin,Patrick Ridgen",158,156,0,0,yes
QZK6Q2412960,Cuidado,Sophia Treadway,Autumn Rowe,335,335,0,0,yes
ES75E2404085,If You Don't Mind - Acoustic Version - Slowed Down,Marc Tinez,Marc Tinez,3,3,0,0,yes
ES75E2404083,If You Don't Mind - Sped Up,Marc Tinez,Marc Tinez,0,0,0,0,yes
ES75E2404086,If You Don't Mind - Acoustic Version,Marc Tinez,Marc Tinez,0,0,0,0,yes
ES75E2404084,If You Don't Mind,Marc Tinez,Marc Tinez,0,0,0,0,yes
UKW8X2400004,All The Time,Natalie Shay,Jordan Cosmo,564,563,0,0,yes
QZK6L2407965,Minutes With You,Jake Clark,Mira Housey,161491,161379,0,0,yes
QZHNA2461016,Gutter,Sarah Cothran,Jessica Cayne,38865,38538,0,0,yes
QZPEW2433690,Break Season,Mira Housey,Mira Housey,24161,24160,0,0,yes
USA2B2400127,Breathe,Blunt Chunks,Joseph of Mercury,522,522,0,0,yes
QZUCN2201638,Oh Lord,Chapter & Verse,Autumn Rowe,496,487,0,0,yes
QZEQU2400433,Nobody's Favorite,Brinley Addington,"Brinley Addington,Ryan Beaver",2740,2317,0,0,yes
QMRSZ2302766,215634,Elvie Shane,Adam Wood,41121,32895,0,0,yes
QMRSZ2302768,First Place,Elvie Shane,Adam Wood,80233,72874,0,0,yes
GBWUL2404622,Hands Are Tied,Steele Fountain,Jessica Cayne,93,93,0,0,yes
QZGLM2423501,Two Truths And A Lie,Connor McCutcheon,"Brent Anderson,Connor McCutcheon,Jeremy Bussey",5279,5218,0,0,yes
USUYG1537761,Tequila on the Rocks,Chase Bryant,Ryan Beaver,1365,1363,0,0,yes
US38Y2406408,Waiting For You,See You Next Year,Hamish,10963,10910,0,0,yes
US38Y2406403,I Tried,See You Next Year,Hamish,7918,7902,0,0,yes
US38Y2406400,Cesspool,See You Next Year,Hamish,9879,9877,0,0,yes
US38Y2406404,Cannot Forget,See You Next Year,Hamish,33932,33928,0,0,yes
US38Y2406388,Bob Dylan Bus,See You Next Year,Hamish,86703,86697,0,0,yes
QZGLS2499850,Make You Look,DEE/MA,Remy Gautreau,4195,4195,0,0,yes
CA5KR2440516,Price Going Up,Black Caviar,Remy Gautreau,25078,25059,0,0,yes
CA5KR2432467,Ramen Noodles,Black Caviar,Remy Gautreau,3418,3363,0,0,yes
GBRKQ2451994,Better Everyday,First Time Thieves,"Cale Dodds,Justin Halpin",490,490,0,0,yes
USQX92306506,Red Letter Blueprint,Scotty McCreery,"Brent Anderson,Derek George,Jeremy Bussey,Monty Criswell",812504,734099,25,29500,yes
USWB12306453,Take Her Home,Kenny Chesney,Michael Hardy,8319751,6962508,11238,28144400,yes
QZQAY2461361,Sugar,Joseph of Mercury,"JJ Scheff,Joseph of Mercury",4601,752,0,0,yes
QZHN72480872,Last Laugh,Angel Delrae,Angel Delrae,17,17,0,0,yes
USME32300509,Kindred Friend,The Black Crowes,"Chris Robinson,Rich Robinson",61308,59841,5,8000,yes
USME32300508,Follow The Moon,The Black Crowes,"Chris Robinson,Rich Robinson",296379,159092,2,6400,yes
USME32300507,Flesh Wound,The Black Crowes,"Chris Robinson,Rich Robinson",74613,73008,2,7400,yes
USME32300506,Bleed It Dry,The Black Crowes,"Chris Robinson,Rich Robinson",101451,92303,7,15300,yes
USME32300505,Dirty Cold Sun,The Black Crowes,"Chris Robinson,Rich Robinson",133643,117928,13,56100,yes
USME32300504,Wilted Rose (feat. Lainey Wilson),The Black Crowes,"Chris Robinson,Rich Robinson",308402,296603,129,110700,yes
USME32300502,Cross Your Fingers,The Black Crowes,"Chris Robinson,Rich Robinson",156700,150803,3,19100,yes
USME32300501,Rats and Clowns,The Black Crowes,"Chris Robinson,Rich Robinson",164413,157952,3,18700,yes
USME32300500,Bedside Manners,The Black Crowes,"Chris Robinson,Rich Robinson",141268,137508,17,30000,yes
GBRKQ2451913,It's Time,First Time Thieves,"Cale Dodds,Justin Halpin",5517,1543,0,0,yes
USUM72311168,Shame,Dahi,Ely Rise,571686,524481,0,0,yes
KRMIM2420154,I'm Ready,Chung Ha,Nick Gale,1072027,1053193,0,0,yes
USUM72400066,What Angels Do,Luke Grimes,Ryan Beaver,301469,278970,0,0,yes
QZ5AB2469336,Just Like That,Connor McCutcheon,"Cale Dodds,Chizzy,Connor McCutcheon",5469,5307,0,0,yes
USUMV2400748,I Wrote The Book,Morgan Wallen,Michael Hardy,96,96,144,165500,yes
GBARL2400085,Nicotine Patch,Tim Gallagher,"Joy Williams,Matthew Morrisey",41289,39623,0,0,yes
QZVX62400001,Slow Dance,Scotty McCreery,"Brent Anderson,Derek George,Monty Criswell",20933,20422,0,0,yes
QZFZ72401561,Waiting My Whole Life For This,Black Caviar,Remy Gautreau,52592,52574,0,0,yes
QZPEW2405441,Talk Too Much,Mira Housey,Mira Housey,1182,1182,0,0,yes
QZPEW2405862,Superblue,Sydney Ross Mitchell,Hunter Madrid,552196,551811,0,0,yes
NLZ542400071,Obsessed,Millean.,Melodie Wagner,9303,9301,2,400,yes
CA5KR2420427,Stick Up,Black Caviar,Remy Gautreau,2078,2064,0,0,yes
USWB12400602,Happy Hurts Sometimes,Warren Zeiders,Ryan Beaver,5111284,4407874,0,0,yes
USUM72401058,Good On You,Priscilla Block,David Garcia,5103404,4208001,145,178600,yes
QZFZ72462095,Don't Break Itself,Clayton Mullen,"Cale Dodds,Justin Halpin",77215,74266,0,0,yes
TCAHX2453085,Hold Your Horses,Michael Rotundo,Cale Dodds,74911,74482,0,0,yes
USCGH2488207,If It Ain't You,Joe Wodarek & 51 South,Josh Dunne,91,91,0,0,yes
USCGH2488206,Alright Right Now,Joe Wodarek & 51 South,Josh Dunne,332,332,0,0,yes
GBARL2400043,Life Story,Prinz,Nick Gale,379541,365204,0,0,yes
UKN8A2400001,Red Handed,Loud Liars,Jordan Cosmo,713,713,0,0,yes
QZFZ42435590,One Last Time,Sawyer Utah,Sawyer Utah,137950,137905,0,0,yes
QZFZ42490093,You Left Me,Riley Taylor,Justin Halpin,13971,13887,0,0,yes
QZQAY2436257,True Love,Joseph of Mercury,Joseph of Mercury,1052,1052,0,0,yes
ES75E2400268,Nube,Marc Tinez,Marc Tinez,13,13,0,0,yes
USRN12000044,Double Down,Chris Young,"Derek George,Monty Criswell,Tyler Reeve",195014,179614,1,0,yes
USAT22400334,Praise The Lord,Breland,"David Garcia,Michael Hardy",11300,11272,105,280800,yes
DGA0M2353745,Unplug the Jug,Josh Abbott Band,Ryan Beaver,20053,17068,0,0,yes
QZRD92304373,Bed We Made,LECADE,LECADE,1347020,1086588,2,200,yes
QZTLA2475963,Reaper,Joseph of Mercury,Joseph of Mercury,1228,1228,0,0,yes
QZS632234149,Halo,Remedy Club,Melodie Wagner,12392,12370,0,0,yes
USAR12300480,Dopamine,Zach Hood,Camylio,343242,337222,0,0,yes
ES75E2308547,Nada Me Vale,Marc Tinez,Marc Tinez,183,183,0,0,yes
USME32300503,Wanting and Waiting,The Black Crowes,"Chris Robinson,Rich Robinson",1203753,1006519,2517,9635100,yes
QZWFN2341353,Nice Things,SZNS,Chizzy,3076,3076,0,0,yes
TCAHQ2331088,Heaven Is A Small Town,Emily Faith,Justin Richards,47967,47704,5,15000,yes
QMMF72300002,Y'all All Nighters,Kyle Park,"Brinley Addington,Ryan Beaver",70755,26226,0,0,yes
KRA252400050,Back In Love,Sam Ryder,Nick Gale,25898,25815,0,0,yes
QZFYZ2423515,Nobody Else,Angel Delrae,Angel Delrae,0,0,0,0,yes
UK54A2300242,Come Back As A Country Boy,The Cat and Owl,Michael Hardy,430,430,0,0,yes
ES75E2307122,Under Your Control,Marc Tinez,Marc Tinez,202,202,0,0,yes
QMX232348316,Praise The Lord,Breland,"David Garcia,Michael Hardy",,,,,yes
USUM72312769,Desire,Timbaland,Hamish,34298,33232,0,0,yes
QZWUY2300016,Act Like You've Been Here Before,Brooke Lee,"Adam Wood,Bobby Hamrick,Brooke Lee,Derek George",32082,31730,0,0,yes
QZWUY2300015,Praying In Bars,Brooke Lee,"Brinley Addington,Brooke Lee",26000,25022,0,0,yes
CA74P2300049,Good Nights,Jess Moskaluke,"Cale Dodds,Justin Halpin",8580,8410,0,0,yes
ITB002301343,Off My Face,Maneskin,Nick Gale,5718190,4883597,0,0,yes
USRC12302939,Fancy Like Christmas,Walker Hayes,Shane Stevens,5012936,4529624,0,0,yes
BEIW12300474,Let You Go,Syn Cole,Jordan Cosmo,11033,11016,0,0,yes
QMDA62390338,For My Good,Maverick City Music,Melodie Wagner,6097043,5174261,2,0,yes
USUG12208658,Stockholm,sunnytheduo,Melodie Wagner,9562,9294,0,0,yes
QZWUY2300014,I've Been Thinking,Brooke Lee,"Brinley Addington,Brooke Lee",123122,121851,0,0,yes
QM24S2307063,Rain,Jesse Boykins III,Hamish,9084,8986,0,0,yes
USQX92305047,Feel Like The Holidays,Scotty McCreery,"Bobby Hamrick,Derek George,Frank Rogers,Jeremy Bussey,Monty Criswell",2314237,1197655,885,2432100,yes
QZTB42308753,Close To You,Marley Moon,Hamish,38,38,0,0,yes
QZTB42308752,Sister,Marley Moon,Hamish,27,27,0,0,yes
QZRD92304031,See You Next Summer,Brian Kelley,"David Garcia,Michael Hardy",384,384,177,120500,yes
QZWUY2300013,To Know You,Brooke Lee,Brooke Lee,29799,28968,0,0,yes
USUG12307030,Better Love,Camylio,Camylio,177542,115554,0,0,yes
GBAHS2301133,S.I.N.G.L.E,Say Now,Nick Gale,602691,546857,0,0,yes
QZA7T1700199,18,Jordana Bryant,Matthew Morrisey,28852,27644,0,0,yes
QZYG82300029,Looking at Her,Old Hickory,Ryan Beaver,12700,12620,0,0,yes
QZRD92303982,See You Next Summer,Brian Kelley,"David Garcia,Michael Hardy",0,0,177,120500,yes
QZWDE2357271,Loved You Most,Joe Bryson,Joe Bryson,1934,1934,0,0,yes
QZWDE2357119,Gettin' By on Gettin' By,Joe Bryson,Joe Bryson,1748,1745,0,0,yes
USQX92401543,The Whiskey's Gone,Alli Walker,Jessica Cayne,279235,270164,0,0,yes
QZD5H2000471,I Thought U Were Different,Amindi,Hamish,14894,13714,0,0,yes
QZD5H2000464,Dopamine,Amindi,Hamish,35956,35820,0,0,yes
QZRD92303879,See You Next Summer,Brian Kelley,"David Garcia,Michael Hardy",,,,,yes
QMK2P2000002,At The Party,Rosey,David Ryan Harris,73,72,0,0,yes
UKN8A2300001,Taking Control,Loud Liars,Jordan Cosmo,4011,4011,0,0,yes
USQX92305154,Other Boys,Marshmello,Nick Gale,4683216,2556228,0,0,yes
USUG12307215,Back Then Right Now,Tyler Hubbard,David Garcia,23971061,20295226,59333,113091200,yes
USB762302543,You Made Your Bed,Erin Gibney,Mike Fiorentino,14254,14244,0,0,yes
OZWUY2300011,Head In The Clouds,Brooke Lee,"Brooke Lee,Jessica Cayne",115661,110742,0,0,yes
OZWUY2300010,Match Made In Hell,Brooke Lee,"Brooke Lee,Dave Cohen,Tyler Reeve",14638,14291,0,0,yes
QZ22S2300154,Two Beer Plan,Larry Fleet,Ryan Beaver,473010,392216,0,0,yes
QMRSZ2301186,Devil You Know,Tim Montana,"Mike Fiorentino,Tim Montana",1435756,1231655,502,838400,yes
QZS7J2366590,'Til She's Gone,Tayler Holder,Connor McCutcheon,174895,162369,0,0,yes
DGA072316491,Let Go,Here At Last,Jordan Cosmo,9383,9140,0,0,yes
QZNJX2398691,Keep These Flowers,Connor McCutcheon,Connor McCutcheon,6915,6914,0,0,yes
NLE712300462,Light On,Markus Schulz,Jordan Cosmo,9683,9681,0,0,yes
USWB12301529,Cowboys Ride Away,Warren Zeiders,Ryan Beaver,635696,588659,0,0,yes
USWB12301523,Black and Blue,Warren Zeiders,Ryan Beaver,767149,723110,0,0,yes
CBA7F2300015,11 Beers,The Reklaws,Michael Hardy,1116,1055,0,0,yes
USUG12306306,Heartache Blues,Midwxst,Hunter Madrid,6,6,0,0,yes
USUG12306315,Heartache Blues,Midwxst,Hunter Madrid,0,0,0,0,yes
USUG12305046,Heartache Blues,Midwxst,Hunter Madrid,103715,102862,0,0,yes
USUG12305055,Heartache Blues,Midwxst,Hunter Madrid,2128,2125,0,0,yes
USUMV2302232,Something Real,Dierks Bentley,Michael Hardy,1165,1165,34,7100,yes
QZTRX2324492,You Go FIrst,Alex Angelo,Sawyer Utah,8141,8141,0,0,yes
USQX92303738,Sunday,347aidan,Hamish,183707,174267,0,0,yes
CA5KR2354377,Violet Sky,Codeko,Jordan Cosmo,67388,66986,0,0,yes
USUM72309224,Heart They Didn't Break,Maddie & Tae,Ryan Beaver,5153686,3767963,106,27500,yes
QM6P42354207,Tell It To The Whiskey,Chris Colston,Josh Dunne,8371,8123,0,0,yes
US23A1564477,This Is My Home,Mickey Guyton,Cale Dodds,28245,27687,0,0,yes
US23A1564476,I'm So Happy,Cale Dodds,Cale Dodds,9898,9869,0,0,yes
QZPEW2452914,Strangers,Daniel Munozz,Hunter Madrid,449596,449460,0,0,yes
QZWUY2300008,Live For Days,Cale Dodds,"Cale Dodds,Mike Fiorentino",2402,2349,0,0,yes
US23A1564475,Shake Ya Boots,RaeLynn,"Bobby Hamrick,Joy Williams",16425,16424,0,0,yes
QMRSZ2300364,Church,Jelly Roll,"David Garcia,Michael Hardy",3337659,3229995,4,52400,yes
QMRSZ2301045,Church,Jelly Roll,"David Garcia,Michael Hardy",102,102,4,52400,yes
QMRSZ2300352,Church,Jelly Roll,"David Garcia,Michael Hardy",5599692,4148748,4,52400,yes
QZRD92303220,See You Next Summer,Brian Kelley,"David Garcia,Michael Hardy",92,92,177,120500,yes
QZEQU2300558,Gave It Up,LECADE,LECADE,2578168,2523418,0,0,yes
QM24S2302841,Same,Troy Cartwright,"Derek George,Monty Criswell",40619,40299,0,0,yes
QZMZ92328577,Hamms In A Glass,Winona Fighter,Justin Richards,110319,110171,11,13000,yes
US6XF2200576,Mine For The Summer,Jameson Rodgers,Brent Anderson,493861,408485,3,0,yes
QMRSZ2202737,I Hate Cowboys,Chase Rice,Michael Hardy,89365,88682,0,0,yes
QMX232319730,Hate My Heart,Carrie Underwood,"David Garcia,Michael Hardy",,,,,yes
QZ9H32300016,Delusional World Champion,Jean Dawson,Hamish,416720,415717,2,8300,yes
GX3Q92390765,B.O.O.T.Y,Digital Farm Animals,Nick Gale,2234,2197,0,0,yes
USWB12200179,Stereotype,Cole Swindell,Michael Hardy,4696727,3052172,109,0,yes
USWB12001284,Single Saturday Night,Cole Swindell,Michael Hardy,30134861,21978140,62231,146020600,yes
USWB12200187,Girl Goes Crazy,Cole Swindell,Michael Hardy,479433,405520,0,0,yes
USWB12200180,Every Beer,Cole Swindell,Michael Hardy,358424,325951,0,0,yes
USWB12300061,Drinkaby,Cole Swindell,Michael Hardy,11829640,9622375,2935,4483100,yes
USWB12200184,Down To The Bar,Cole Swindell,Michael Hardy,867387,854784,1,0,yes
QZRD92303099,Heaven By Then,Brantley Gilbert,Michael Hardy,5249,5249,455,894800,yes
QZN882321504,The Rounds,Angelo Mota,Hamish,4953,4953,0,0,yes
GBGLW2300286,Little Girl Gone,CHINCHILLA,Jordan Cosmo,35379942,33744728,0,0,yes
QZRD92201249,Rolex On A Redneck,Brantley Gilbert,Michael Hardy,27054020,18396554,2,2800,yes
QZRD92202226,Heaven By Then,Brantley Gilbert,Michael Hardy,99,99,455,894800,yes
QMX232316306,Praise The Lord,Breland,"David Garcia,Michael Hardy",,,,,yes
QZRD92100492,Always Gonna Love You,Florida Georgia Line,Michael Hardy,128898,128600,0,0,yes
USUM72305098,Curious,Shenseea,Angel Delrae,530352,493604,2,11600,yes
QM6MZ2289640,Magic,Carolina Story,Adam Chaffins,1079,1047,0,0,yes
USUMV2301336,Hate My Heart,Carrie Underwood,"David Garcia,Michael Hardy",535,535,359,169600,yes
SGB502334289,One More Party,Lex Gibbon,Jordan Cosmo,1199,1199,0,0,yes
USLZJ2328242,Down to the Filter,Joe Bryson,Joe Bryson,104007,103864,0,0,yes
USAT22304489,One & Only,Oliver Tree,Nick Gale,7548000,7229021,0,0,yes
DEUM72300559,Number 1,Nico Santos,"Nick Gale,Sara Boe",58941,55254,0,0,yes
USUG12209214,Tennessee Fan,Morgan Wallen,Michael Hardy,29764475,27517296,261,505800,yes
USUG12209217,Tennessee Fan,Morgan Wallen,Michael Hardy,807,807,261,505800,yes
USUG12300838,Born With A Beer In My Hand,Morgan Wallen,Michael Hardy,505,505,10,58400,yes
USUG12300801,Born With A Beer In My Hand,Morgan Wallen,Michael Hardy,16777683,16235893,10,58400,yes
USUMV2300864,Born With A Beer In My Hand,Morgan Wallen,Michael Hardy,1300,1300,10,58400,yes
QZ22S2300014,Wait In The Truck,HARDY,Michael Hardy,486652,486652,7269,28775700,yes
USUG12207654,Something Real,Dierks Bentley,Michael Hardy,1407491,1205232,34,7100,yes
USUG12300461,Something Real,Dierks Bentley,Michael Hardy,10,10,34,7100,yes
USAT22302031,If I Had,Don Tolliver,Ely Rise,821,821,83,6800,yes
USAT22301694,If I Had,Don Tolliver,Ely Rise,131007,130636,83,6800,yes
USAT22301681,If I Had,Don Tolliver,Ely Rise,4739663,4720382,83,6800,yes
USAT22301685,Encouragement,Don Tolliver,Ely Rise,1998292,1988878,0,0,yes
USUMV2300748,Something Real,Dierks Bentley,Michael Hardy,2,2,34,7100,yes
US6XF2200575,Holding Me Back,Jameson Rodgers,Brent Anderson,51782,47596,0,0,yes
USAN22200066,Better Boy,Nate Smith,Michael Hardy,4430804,2686468,102,0,yes
USRN12300021,Better Boy,Nate Smith,Michael Hardy,16268,16268,102,0,yes
USUV72300551,Hate My Heart,Carrie Underwood,"David Garcia,Michael Hardy",11,11,359,169600,yes
QZFZ32393353,You Ain't Gotta,Albert Posis,Hamish,66837,66837,0,0,yes
QZVMS2200006,If You Don't Wanna Love Me,Brit Taylor,Adam Chaffins,1427,1256,0,0,yes
USUMV2300604,I Wrote The Book,Morgan Wallen,Michael Hardy,0,0,144,165500,yes
USUG12300808,I Wrote The Book,Morgan Wallen,Michael Hardy,73871716,54928990,144,165500,yes
USUMV2300605,I Wrote The Book,Morgan Wallen,Michael Hardy,0,0,144,165500,yes
FR10S2316778,Favour,LILO,Honi,39440,39438,0,0,yes
USRN12200195,All Dogs Go To Heaven,Chris Young,Cale Dodds,736081,578599,102,250100,yes
QZW9L2388502,Dear Taylor,Here At Last,Jordan Cosmo,117597,116167,0,0,yes
QMRSZ2202749,I Hate Cowboys,Chase Rice,Michael Hardy,110578,109936,0,0,yes
QMRSZ2202786,I Hate Cowboys,Chase Rice,Michael Hardy,5,5,0,0,yes
QZURR2300006,Boots On,Annie Bosko,Derek George,17917,13524,0,0,yes
QM24S2206558,WW 1958. (Alt Version Of Without Words),Joseph of Mercury,Joseph of Mercury,869,841,0,0,yes
QZW9L2248135,Everything I Love,Bela Pierce,"Patrick Ridgen,RYON",1399,1399,0,0,yes
QZTV32229637,Hampton Dreaming,Jennie Harluk,Joseph of Mercury,36,36,0,0,yes
QM24S2205833,Nikki,Joseph of Mercury,Joseph of Mercury,9061,8760,0,0,yes
QZRD92304048,The Worst Country Song Of All Time,Brantley Gilbert,Michael Hardy,9050,9010,19,40700,yes
QZRD92100060,The Worst Country Song Of All Time,Brantley Gilbert,Michael Hardy,2003744,1955627,19,40700,yes
QZRD92202229,The Worst Country Song Of All Time,Brantley Gilbert,Michael Hardy,43,43,19,40700,yes
QZRD92202334,So Help Me God,Brantley Gilbert,Michael Hardy,298,298,2,0,yes
QZRD92202324,So Help Me God,Brantley Gilbert,Michael Hardy,81,81,2,0,yes
QZRD92304053,So Help Me God,Brantley Gilbert,Michael Hardy,7906,7878,2,0,yes
QZRD92202231,So Help Me God,Brantley Gilbert,Michael Hardy,30,30,2,0,yes
QZRD92202198,So Help Me God,Brantley Gilbert,Michael Hardy,683548,570953,2,0,yes
QZRD92304045,Rolex On A Redneck,Brantley Gilbert,Michael Hardy,10656,10435,2,2800,yes
QZRD92202331,Heaven By Then,Brantley Gilbert,Michael Hardy,203,203,455,894800,yes
QZRD92202332,Heaven By Then,Brantley Gilbert,Michael Hardy,625,625,455,894800,yes
QZRD92202194,Heaven By Then,Brantley Gilbert,Michael Hardy,4854276,3903909,455,894800,yes
QZRD92304044,Heaven By Then,Brantley Gilbert,Michael Hardy,8995,8845,0,0,yes
USRC12203519,Slip N Slide,Wizkid,Angel Delrae,884491,827454,0,0,yes
USUV72204807,Hate My Heart,Carrie Underwood,"David Garcia,Michael Hardy",10081,10081,359,169600,yes
CBA7F2200005,11 Beers,The Reklaws,Michael Hardy,615801,549859,0,0,yes
TCAGN2290414,The Letter,Caleb Lee Hutchinson,Adam Chaffins,2437,2358,0,0,yes
USUG12207837,Amnesia,Camylio,Camylio,759562,671919,0,0,yes
USUYG1448653,Brand New Day,Th3dstream,Autumn Rowe,11707,11689,0,0,yes
USUYG1446210,I C U,Th3dstream,Autumn Rowe,691,691,0,0,yes
QZNWY2262437,Void Song,Marley Moon,Hamish,369,369,0,0,yes
QZNWY2262434,Time Machine,Marley Moon,Hamish,120,120,0,0,yes
QZNWU2251863,Sister,Marley Moon,Hamish,378,378,0,0,yes
QZNWY2262429,I Wanna Feel Alive,Marley Moon,Hamish,1019,1019,0,0,yes
QZNWY2262430,Doors,Marley Moon,Hamish,148,148,0,0,yes
QZNWY2262436,Close To You,Marley Moon,Hamish,402,402,0,0,yes
QZNWY2262432,Can't Help Myself,Marley Moon,Hamish,214,214,0,0,yes
USWB12205812,Holy Water,Michael Ray,Michael Hardy,20327,20166,167,207600,yes
US2762202528,'Til It's Gone,Joe Bryson,Joe Bryson,16432,16429,0,0,yes
GBKPL2214131,Without Me,MIYA MIYA,Jordan Cosmo,547,544,0,0,yes
QM24S2204810,Snake 13,Joseph of Mercury,"JJ Scheff,Joseph of Mercury",702,700,0,0,yes
ES75E2205324,Alma De Chico,Marc Tinez,Marc Tinez,406,402,0,0,yes
GBKPL2210637,Jealous,Lindita,Angel Delrae,1540,1540,0,0,yes
ES71G2229823,Flexin',Marc Tinez,Marc Tinez,0,0,0,0,yes
USSM12206060,Imposter Syndrome,AG Club,Hunter Madrid,3618,3616,0,0,yes
USSM12206062,Candice,AG Club,Hunter Madrid,6887,6887,0,0,yes
USSM12206053,Adam Sandler,AG Club,Hunter Madrid,33994,33984,0,0,yes
QZNWS2225499,I'm Right,Marley Moon,Hamish,880,880,0,0,yes
USAT22201618,Praise The Lord,Breland,"David Garcia,Michael Hardy",3471180,3078303,105,280800,yes
QZ22S2200068,Wait In The Truck,HARDY,Michael Hardy,103691024,83929603,7269,28775700,yes
QMRSZ2201523,Storm's Coming,Kolby Cooper,Michael Hardy,240373,230385,0,0,yes
USA2P2234602,Girl From The Bar,The Boat Boys,Cale Dodds,7344,7300,0,0,yes
USCRB2100091,Static,Dylan Scott,Michael Hardy,869457,787391,0,0,yes
USWB12203033,Picture,Michael Ray,"David Garcia,Michael Hardy",4634,4374,0,0,yes
CA5KR2266745,Broken Roads,Arc North,Jordan Cosmo,49348,49236,0,0,yes
QMX232231306,Praise The Lord,Breland,"David Garcia,Michael Hardy",,,,,yes
USRC12202292,Give You The World,Steve Lacy,Ely Rise,21033540,20911425,14,26500,yes
USRC12203022,Mercury,Steve Lacy,Ely Rise,504328,500323,0,0,yes
USRC12203024,Give You The World,Steve Lacy,Ely Rise,385795,382725,14,26500,yes
USRC12202287,Buttons,Steve Lacy,Ely Rise,7508354,7455840,3,11200,yes
GBKPL2202101,H8 Me 2,MIYA MIYA,Jordan Cosmo,480,476,0,0,yes
QZK6L2212843,Supaman,Jake Banfield,Cale Dodds,26254,26130,0,0,yes
TCAGG2266931,We Won't Go Back,MILCK,Autumn Rowe,72573,72501,0,0,yes
QMX232227304,Hot Beer,Dillon Carmichael,Michael Hardy,,,,,yes
USRC12201878,Show It,Chris Brown,"Chizzy,blckatom",2341221,2252754,21,28900,yes
USWB12202075,Holy Water,Michael Ray,Michael Hardy,49055,38613,167,207600,yes
USWB12102369,Holy Water,Michael Ray,Michael Hardy,6888922,5793927,167,207600,yes
USRC12201526,Mercury,Steve Lacy,Ely Rise,17042823,16938378,0,0,yes
USUG12204072,I'd Be You,Lily Rose,Michael Hardy,67,67,0,0,yes
USUG12204071,I'd Be You,Lily Rose,Michael Hardy,751622,708871,0,0,yes
USUM72204766,Hate My Heart,Carrie Underwood,"David Garcia,Michael Hardy",2186238,1965637,359,169600,yes
USUM72207366,Hate My Heart,Carrie Underwood,"David Garcia,Michael Hardy",81,81,359,169600,yes
QZHNB1911066,Sugar,blckatom,blckatom,81,81,0,0,yes
USUMV2201580,I'd Be You,Lily Rose,Michael Hardy,170,170,0,0,yes
USUMV2201524,I'd Be You,Lily Rose,Michael Hardy,34,34,0,0,yes
USUV72202290,Hate My Heart,Carrie Underwood,"David Garcia,Michael Hardy",0,0,359,169600,yes
USUM72209377,Count Me Out,Kendrick Lamar,Ely Rise,1614,1614,327,17700,yes
USUM72209116,Count Me Out,Kendrick Lamar,Ely Rise,7194,7194,0,0,yes
USUM72208983,Count Me Out,Kendrick Lamar,Ely Rise,4006242,3988732,327,17700,yes
USUM72208980,Count Me Out,Kendrick Lamar,Ely Rise,41301691,40062105,327,17700,yes
USUM72300930,This Is,Ella Mai,Angel Delrae,78106979,58472949,2609,9478400,yes
QZRD92201320,Rolex On A Redneck,Brantley Gilbert,Michael Hardy,396,396,2,2800,yes
QZRD92201453,Rolex On A Redneck,Brantley Gilbert,Michael Hardy,5209,5209,2,2800,yes
SE6HN2216933,Gunslinger,Joe Bryson,Joe Bryson,19674,19671,0,0,yes
QM4TX2209958,Almost Missed You,Bobby McClendon,Joe Bryson,1285,1270,0,0,yes
QMX232212716,Praise The Lord,Breland,"David Garcia,Michael Hardy",,,,,yes
NL5WB2200006,Psycho,Player 1,Jordan Cosmo,1251,1251,0,0,yes
USUM72205218,Back Words,Jon Langston,Michael Hardy,0,0,4,1200,yes
USUV72200621,Back Words,Jon Langston,Michael Hardy,0,0,4,1200,yes
USUV72200275,Back Words,Jon Langston,Michael Hardy,147,147,4,1200,yes
USUM72201701,Back Words,Jon Langston,Michael Hardy,0,0,4,1200,yes
USUM72204772,Back Words,Jon Langston,Michael Hardy,7,7,4,1200,yes
USUM72200993,Back Words,Jon Langston,Michael Hardy,375975,322942,4,1200,yes
SE5752205835,Good Actor,Joe Bryson,Joe Bryson,3285,3284,0,0,yes
USQX92200577,Bad Kids,347aidan,Hamish,494863,441326,0,0,yes
QZFYY2265782,Take Our Time,Tyrus Turner,Angel Delrae,622,621,0,0,yes
GBKPL2209722,#GMFU,Lindita,Angel Delrae,239,239,0,0,yes
ES75E2102979,Queen Of The Party,Marc Tinez,Marc Tinez,4,4,0,0,yes
SE5BU2200584,Fine By Me,Joe Bryson,Joe Bryson,0,0,0,0,yes
QZHCR2100239,Back To Life,Excision,Jordan Cosmo,177149,170722,0,0,yes
USWB12103405,Come Back As A Country Boy,Blake Shelton,Michael Hardy,5995527,5311938,762,639000,yes
GBKPL2171143,Cool,MIYA MIYA,Jordan Cosmo,2558,2496,0,0,yes
USAT22400337,Beers On Me,Dierks Bentley,Michael Hardy,10022,9847,5,8200,yes
QZRD92202327,The Worst Country Song Of All Time,Brantley Gilbert,Michael Hardy,3713,3713,19,40700,yes
USUMV2103216,Beers On Me,Dierks Bentley,Michael Hardy,0,0,7454,15382100,yes
QM3E22002355,Always Gonna Love You,Florida Georgia Line,Michael Hardy,2626388,2189262,0,0,yes
USUG12105230,Bones,Camylio,Camylio,120760,109058,0,0,yes
USUG12105226,Black and White,Camylio,Camylio,295789,282248,0,0,yes
NLT2H2100851,Anyway,Cymo,Camylio,2268,2268,0,0,yes
USUMV2102210,Beers On Me,Dierks Bentley,Michael Hardy,24309,24309,7454,15382100,yes
USL4Q2106476,Fool,Jennie Harluk,Joseph of Mercury,891,891,0,0,yes
QMX232143313,Hot Beer,Dillon Carmichael,Michael Hardy,,,,,yes
QMRSZ2102452,Storm's Coming,Kolby Cooper,Michael Hardy,0,0,0,0,yes
QMRSZ2102451,Storm's Coming,Kolby Cooper,Michael Hardy,343492,233001,0,0,yes
USAN22100016,Pass It On,Ryan Hurd,Michael Hardy,244965,242922,29,17400,yes
USAN22100058,Pass It On,Ryan Hurd,Michael Hardy,0,0,29,17400,yes
QMX232141317,That Ain't Me No More,Matt Stell,Michael Hardy,,,,,yes
QZRD92100729,Always Gonna Love You,Florida Georgia Line,Michael Hardy,0,0,0,0,yes
QM3E22102404,Always Gonna Love You,Florida Georgia Line,Michael Hardy,3978,3978,0,0,yes
US6XF1800326,To Us It Did,Mitchell Tenpenny,Michael Hardy,2220446,1863365,2,5400,yes
USUMV2102776,Beers On Me,Dierks Bentley,Michael Hardy,0,0,7454,15382100,yes
US6XF2000328,I Can't Love You Any More,Mitchell Tenpenny,Michael Hardy,695277,528654,0,0,yes
QZRD92100551,The Worst Country Song Of All Time,Brantley Gilbert,Michael Hardy,0,0,19,40700,yes
USQX92103010,Someone Somewhere,Nelly,Michael Hardy,1439751,869336,0,0,yes
USWB12101103,Picture,Michael Ray,"David Garcia,Michael Hardy",143202,130567,0,0,yes
USCJY2194001,Two Shots,Wanda Jackson,David Ryan Harris,66402,36873,3,3100,yes
QZRD92100469,The Worst Country Song Of All Time,Brantley Gilbert,Michael Hardy,12505,12505,19,40700,yes
GX2D42100010,Made Of Stone,Richard Durand,Jordan Cosmo,21829,19522,0,0,yes
GBKPL2157587,Rules,MIYA MIYA,Jordan Cosmo,267,260,0,0,yes
USUMV2102212,Beers On Me,Dierks Bentley,Michael Hardy,1239,1239,7454,15382100,yes
USUMV2102211,Beers On Me,Dierks Bentley,Michael Hardy,17,17,7454,15382100,yes
USUG12103427,Beers On Me,Dierks Bentley,Michael Hardy,1167398,144,7454,15382100,yes
USUG12103276,Beers On Me,Dierks Bentley,Michael Hardy,27956860,24551318,7454,15382100,yes
QMX232131305,That Ain't Me No More,Matt Stell,Michael Hardy,,,,,yes
QMFME2128722,Hot Beer,Dillon Carmichael,Michael Hardy,29,29,49,87200,yes
QZHNB2120942,Head in the Clouds,Johnny Cochran,Joe Bryson,7,7,0,0,yes
QZHNB2120941,Head in the Clouds,Johnny Cochran,Joe Bryson,18,18,0,0,yes
CA5KR2170273,Dream,KAIVON,Jordan Cosmo,167979,162525,0,0,yes
QZRD92100159,The Worst Country Song Of All Time,Brantley Gilbert,Michael Hardy,1427,1427,19,40700,yes
ES47E2005004,Desde Que Me Fui,Marc Tinez,Marc Tinez,10,10,0,0,yes
QZA7T1700107,Hot Beer,Dillon Carmichael,Michael Hardy,7791,4932,49,87200,yes
NLUM72100278,Faking Love,Daniel Gloven,Jordan Cosmo,46,46,0,0,yes
GBKPL2152694,Want You,MIYA MIYA,Jordan Cosmo,851,843,0,0,yes
QZA7T1700085,Hot Beer,Dillon Carmichael,Michael Hardy,1713248,1431245,49,87200,yes
QM6P42150694,Hot Beer,Dillon Carmichael,Michael Hardy,1548,1548,49,87200,yes
GBUM72102776,Hear Me Say,Jonas Blue,Jordan Cosmo,1466213,1272055,21,9000,yes
SE6I32156973,Medication,Joe Bryson,Joe Bryson,4857,4857,0,0,yes
QM24S2102576,Black Cat,Joseph of Mercury,Joseph of Mercury,1118,1059,0,0,yes
ES47E2004266,Wa$abi,Marc Tinez,Marc Tinez,4,4,0,0,yes
USG7D2023014,One Beer,Piano Dreamers,Michael Hardy,2272,2269,0,0,yes
QMX232118305,To Us It Did,Mitchell Tenpenny,Michael Hardy,,,,,yes
QM24S2101705,Pretty Blonde Boy,Joseph of Mercury,Joseph of Mercury,2359,2338,0,0,yes
ES47E2003136,Slow Motion,Marc Tinez,Marc Tinez,8,8,0,0,yes
QZRD92100859,Always Gonna Love You,Florida Georgia Line,Michael Hardy,25,25,0,0,yes
QZRD92201219,Eyes Closed,Florida Georgia Line,Michael Hardy,3478,3470,0,0,yes
QZRD92201212,Always Gonna Love You,Florida Georgia Line,Michael Hardy,3673,3665,0,0,yes
QZRD92100866,Eyes Closed,Florida Georgia Line,Michael Hardy,36,36,0,0,yes
QM3E22002360,Eyes Closed,Florida Georgia Line,Michael Hardy,1985808,1063834,0,0,yes
QM3E22102398,Eyes Closed,Florida Georgia Line,Michael Hardy,14,14,0,0,yes
QM3E22102395,Always Gonna Love You,Florida Georgia Line,Michael Hardy,1,1,0,0,yes
ES47E2003828,Mami Ven,Marc Tinez,Marc Tinez,7,7,0,0,yes
US6XF2100014,That Ain't Me No More,Matt Stell,Michael Hardy,2360957,2177201,463,1068900,yes
ES47E2001361,Dime Que No,Marc Tinez,Marc Tinez,94,94,0,0,yes
QM24S2007098,I Wanna Live (I Want To Live),Joseph of Mercury,Joseph of Mercury,819,793,0,0,yes
ES47E2000847,Cuando El Diablo,Marc Tinez,Marc Tinez,7,7,0,0,yes
USG7D2024029,One Beer,Guitar Tribute Players,Michael Hardy,2789,2783,0,0,yes
ES47E2000175,Focused,Marc Tinez,Marc Tinez,5,5,0,0,yes
QZNWT2001371,Act Right,Angel Delrae,Angel Delrae,0,0,0,0,yes
TCAFE2040753,Time Out,AJ Wander,Jordan Cosmo,4526,4526,0,0,yes
QZ22S1800075,One Beer,HARDY,Michael Hardy,54779051,49140562,4080,7979100,yes
NLF712007252,Satellites,Luke Bond,Jordan Cosmo,2497,2497,0,0,yes
ESA012077983,De 0 A 100,Groove 2070,Marc Tinez,70,70,0,0,yes
QM6P42061981,Single Saturday Night,Workout Remix Factory,Michael Hardy,204,204,0,0,yes
GBKPL2097695,Cold Blood,MIYA MIYA,Jordan Cosmo,175,169,0,0,yes
GBKPL2097694,Wolves,MIYA MIYA,Jordan Cosmo,83,77,0,0,yes
GBKPL2097693,On My Mind,MIYA MIYA,Jordan Cosmo,118,115,0,0,yes
DEUM72003808,Wildfire,EGZOD,Jordan Cosmo,42880,36778,0,0,yes
SE6I32031831,If I Loved You Then,Joe Bryson,Joe Bryson,2717,2716,0,0,yes
QZHN52007526,Supernasty,Marc Tinez,Marc Tinez,2,2,0,0,yes
TCAEX2058398,Isolation Love,Joseph of Mercury,Joseph of Mercury,1944,1944,0,0,yes
USG7D2020204,Single Saturday Night,Piano Dreamers,Michael Hardy,2205,2205,0,0,yes
QM24S2005102,Kyr 1960 (Alt Version Of Keep You Around),Joseph of Mercury,Joseph of Mercury,1027,990,0,0,yes
USSM12001410,Hometown,Diplo,Michael Hardy,778525,708661,0,0,yes
QZES62035444,Sex Tour,Marc Tinez,Marc Tinez,5,5,0,0,yes
QZES62035445,Paso A Recogerte,Marc Tinez,Marc Tinez,9,9,0,0,yes
QZES62035443,Obsesionao,Marc Tinez,Marc Tinez,7,7,0,0,yes
GBKPL2097696,Hometown,MIYA MIYA,Jordan Cosmo,111,107,0,0,yes
NL1AP2021049,Shadows,CHINCHILLA,Jordan Cosmo,278110,277464,0,0,yes
GBKPL1980040,Thinking About It,LIIMO,Jordan Cosmo,18641,8885,0,0,yes
QZK6Q1956155,All We Could Have Been,Alex Sampson,David Ryan Harris,819676,797842,0,0,yes
GBKPL1976617,Old School,LIIMO,Jordan Cosmo,6904,6893,0,0,yes
USUS12100721,Never Surrender,Adventure Club,Jordan Cosmo,128259,117549,0,0,yes
GBUM71905793,All Night Long,Jonas Blue,Jordan Cosmo,125637,122825,0,0,yes
USUMV2500622,One Beer,HARDY,Michael Hardy,,,,,yes
QM24S1923345,MVA,Joseph of Mercury,Joseph of Mercury,1253,1185,0,0,yes
QM24S1922317,Out My Mind,Joseph of Mercury,Joseph of Mercury,1186,1116,0,0,yes
ESA011939625,Te Entiendo,Marc Tinez,Marc Tinez,2,2,0,0,yes
QM24S1921007,Pretenders,Joseph of Mercury,Joseph of Mercury,53139,48902,0,0,yes
QZES91937143,Cuando Lo Mueves,Marc Tinez,Marc Tinez,0,0,0,0,yes
QM24S1913937,Dta (Don't Trust Anyone),Joseph of Mercury,Joseph of Mercury,1611,1598,0,0,yes
QM24S1910672,Keep You Around,Joseph of Mercury,Joseph of Mercury,2885,2821,0,0,yes
QZDA81985057,Quizás,Marc Tinez,Marc Tinez,10,10,0,0,yes
QM24S1906027,Stop,Joseph of Mercury,Joseph of Mercury,3209,3139,0,0,yes
QM6DC1909549,Disappear,Myris,Jordan Cosmo,245,244,0,0,yes
QM24S1901399,Can't Take Your Love,Joseph of Mercury,Joseph of Mercury,1940,1886,0,0,yes
NL1AP1969381,Cold Water,CHINCHILLA,Jordan Cosmo,547118,536422,0,0,yes
QM24S1844235,Over & Over,Joseph of Mercury,Joseph of Mercury,1523,1509,0,0,yes
QM24S1838898,Reluctant Love,Joseph of Mercury,Joseph of Mercury,2175,2154,0,0,yes
SE5BU1886639,Til the Sand Ran Out,Joe Bryson,Joe Bryson,4413,4413,0,0,yes
SE5BU1783493,She Don't Really Miss Me,Joe Bryson,Joe Bryson,43016,42888,0,0,yes
GBKPL1785425,Tarot,Joseph of Mercury,Joseph of Mercury,6114,6040,0,0,yes
GBKPL1785426,Do You Remember,Joseph of Mercury,Joseph of Mercury,2452,2376,0,0,yes
GBKPL1785348,Angel,Joseph of Mercury,Joseph of Mercury,10789,10702,0,0,yes
GBKPL1782350,Darling Come With Me,David Ryan Harris,David Ryan Harris,21485,21226,0,0,yes
GBKPL1782298,Young Thing,Joseph of Mercury,Joseph of Mercury,7545,7463,0,0,yes
GBKPL1779599,Find You Inside,Joseph of Mercury,Joseph of Mercury,43242,43084,0,0,yes
GBKPL1777447,Without Words,Joseph of Mercury,Joseph of Mercury,12624,12393,0,0,yes
US92U1609001,All The Way,Jacksepticeye,David Ryan Harris,1449122,1429031,0,0,yes
USWB11515062,Something About You,Majid Jordan,Joseph of Mercury,29,26,0,0,yes
USA2P1568576,Force Of Nature,Fritz Helder,Joseph of Mercury,550,550,0,0,yes
TCACJ1538850,Which Way Home,David Ryan Harris,David Ryan Harris,9175,9173,0,0,yes
TCACJ1538858,Things That You Are,David Ryan Harris,David Ryan Harris,3918,3913,0,0,yes
TCACJ1538856,Sunshine,David Ryan Harris,David Ryan Harris,2125,2077,0,0,yes
TCACJ1538860,Still Be Loving You,David Ryan Harris,David Ryan Harris,4376,4335,0,0,yes
TCACJ1538857,So Is Mine,David Ryan Harris,David Ryan Harris,2220,2219,0,0,yes
TCACJ1538853,Shelter,David Ryan Harris,David Ryan Harris,11916,11831,0,0,yes
TCACJ1538849,Our Day,David Ryan Harris,David Ryan Harris,7225,7224,0,0,yes
TCACJ1538859,The One You Love,David Ryan Harris,David Ryan Harris,1375,1373,0,0,yes
TCACJ1538851,Junkie,David Ryan Harris,David Ryan Harris,12222,12221,0,0,yes
TCACJ1538855,I Can't Wait To Meet You,David Ryan Harris,David Ryan Harris,14419,14389,0,0,yes
USUM71209200,Pool Mashup: Just The Way You Are/Just A Dream,Various (The Barden Bellas),David Ryan Harris,4726709,3852580,0,0,yes
USCGH1460819,Monster,Atlien Workshop,Chizzy,457,457,0,0,yes
AUBM01200186,Battlescars,Guy Sebastian,David Ryan Harris,14489606,12239493,0,0,yes
USKO11200098,3 Words,Elliott Yamin,David Ryan Harris,33190,29839,0,0,yes
USCGJ1104627,Worst Enemy,David Ryan Harris,David Ryan Harris,174531,96783,0,0,yes
USUM71113259,Yoy,Trombone Shorty,David Ryan Harris,4767,4767,0,0,yes
USUM71118070,Trapeze,Dia Frampton,David Ryan Harris,138244,134119,0,0,yes
AUBM00900190,I Like It Like That,Guy Sebastian,David Ryan Harris,61403,60813,0,0,yes
USTC10735800,Hold My Fire,David Ryan Harris,David Ryan Harris,6072,6047,0,0,yes
USTC10735803,Strong Enough,David Ryan Harris,David Ryan Harris,12406,12306,0,0,yes
USTC10735793,Forever More,David Ryan Harris,David Ryan Harris,51223,47344,0,0,yes
USTC10735795,All I Need,David Ryan Harris,David Ryan Harris,7454,7163,0,0,yes
USTC10671624,Used To This,David Ryan Harris,David Ryan Harris,9492,9488,0,0,yes
USTC10671626,Pretty Girl,David Ryan Harris,David Ryan Harris,4498,4467,0,0,yes
USTC10671632,Good Thing,David Ryan Harris,David Ryan Harris,1616,1611,0,0,yes
USTC10671631,Do What You Want,David Ryan Harris,David Ryan Harris,804,799,0,0,yes
USEE10100169,Blacksun,Brand New Immortals,David Ryan Harris,935,932,0,0,yes
QZWFK2336283,You Ain't Gotta,Jesse Barrera,Hamish,4163,4163,0,0,yes
